ID,Tipo,SKU,"GTIN, UPC, EAN o ISBN",Nombre,Publicado,¿Está destacado?,Visibilidad en el catálogo,Descripción corta,Descripción,Día en que empieza el precio rebajado,Día en que termina el precio rebajado,Estado del impuesto,Clase de impuesto,¿Existencias?,Inventario,Cantidad de bajo inventario,¿Permitir reservas de productos agotados?,¿Vendido individualmente?,Peso (g),Longitud (cm),Anchura (cm),Altura (cm),¿Permitir valoraciones de clientes?,Nota de compra,Precio rebajado,Precio normal,Categorías,Etiquetas,Clase de envío,Imágenes,Límite de descargas,Días de caducidad de la descarga,Superior,Productos agrupados,Ventas dirigidas,Ventas cruzadas,URL externa,Texto del botón,Posición,EAN,Marcas,Marca,Nombre del atributo 1,Valor(es) del atributo 1,Atributo visible 1,Atributo global 1,Atributo por defecto 1
18532,variation,WFS1000RMA-BLK36,,Botas De Agua Bajas Original Para Mujer Negro - 36,1,0,visible,,,,,taxable,parent,0,0,,0,0,1.9,20,,10,0,,72594,120990,,,,,,,WFS1000RMA-BLK,,,,,,0,5013441352664,Hunter,,Talla,36,,1,
18533,variation,WFS1000RMA-BLK37,,Botas De Agua Bajas Original Para Mujer Negro - 37,1,0,visible,,,,,taxable,parent,0,0,,0,0,1.9,20,,10,0,,72594,120990,,,,,,,WFS1000RMA-BLK,,,,,,0,5013441352671,Hunter,,Talla,37,,1,
18534,variation,WFS1000RMA-BLK38,,Botas De Agua Bajas Original Para Mujer Negro - 38,1,0,visible,,,,,taxable,parent,0,0,,0,0,1.9,20,,10,0,,72594,120990,,,,,,,WFS1000RMA-BLK,,,,,,0,5013441352688,Hunter,,Talla,38,,1,
18535,variation,WFS1000RMA-BLK39,,Botas De Agua Bajas Original Para Mujer Negro - 39,1,0,visible,,,,,taxable,parent,0,0,,0,0,1.9,20,,10,0,,72594,120990,,,,,,,WFS1000RMA-BLK,,,,,,0,5013441352695,Hunter,,Talla,39,,1,
18536,variation,WFS1000RMA-BLK40/41,,Botas De Agua Bajas Original Para Mujer Negro - 40/41,1,0,visible,,,,,taxable,parent,0,0,,0,0,1.9,20,,10,0,,72594,120990,,,,,,,WFS1000RMA-BLK,,,,,,0,5013441352701,Hunter,,Talla,40/41,,1,
18537,variation,WFS1000RMA-BLK42,,Botas De Agua Bajas Original Para Mujer Negro - 42,1,0,visible,,,,,taxable,parent,0,0,,0,0,1.9,20,,10,0,,72594,120990,,,,,,,WFS1000RMA-BLK,,,,,,0,5013441352718,Hunter,,Talla,42,,1,
18543,variation,WFS1000RMA-DOV42,,Botas De Agua Bajas Original Para Mujer Verde Oliva - 42,1,0,visible,,,,,taxable,parent,0,0,,0,0,1.9,20,,10,0,,72594,120990,,,,,,,WFS1000RMA-DOV,,,"UAH3031WXA-GZB, UBP1152KBM-DOV",,,0,5013441406510,Hunter,,Talla,42,,1,
18544,variation,WFS2006RMA-BLK36,,Botas Chelsea Original Para Mujer Negro 2 - 36,1,0,visible,,,,,taxable,parent,0,0,,0,0,1.5,26,,11,0,,70194,116990,,,,,,,WFS2006RMA-BLK,,,,,,0,5054916291347,Hunter,,Talla,36,,1,
18545,variation,WFS2006RMA-BLK37,,Botas Chelsea Original Para Mujer Negro 2 - 37,1,0,visible,,,,,taxable,parent,0,0,,0,0,1.5,26,,11,0,,70194,116990,,,,,,,WFS2006RMA-BLK,,,,,,0,5054916291354,Hunter,,Talla,37,,1,
18546,variation,WFS2006RMA-BLK38,,Botas Chelsea Original Para Mujer Negro 2 - 38,1,0,visible,,,,,taxable,parent,0,0,,0,0,1.5,26,,11,0,,70194,116990,,,,,,,WFS2006RMA-BLK,,,,,,0,5054916291361,Hunter,,Talla,38,,1,
18547,variation,WFS2006RMA-BLK39,,Botas Chelsea Original Para Mujer Negro 2 - 39,1,0,visible,,,,,taxable,parent,0,0,,0,0,1.5,26,,11,0,,70194,116990,,,,,,,WFS2006RMA-BLK,,,,,,0,5054916291378,Hunter,,Talla,39,,1,
18548,variation,WFS2006RMA-BLK40/41,,Botas Chelsea Original Para Mujer Negro 2 - 40/41,1,0,visible,,,,,taxable,parent,0,0,,0,0,1.5,26,,11,0,,70194,116990,,,,,,,WFS2006RMA-BLK,,,,,,0,5054916291385,Hunter,,Talla,40/41,,1,
18549,variation,WFS2006RMA-BLK42,,Botas Chelsea Original Para Mujer Negro 2 - 42,1,0,visible,,,,,taxable,parent,0,0,,0,0,1.5,26,,11,0,,70194,116990,,,,,,,WFS2006RMA-BLK,,,,,,0,5054916291392,Hunter,,Talla,42,,1,
18574,variation,WFS2080RMA-BHE36,,Botas De Agua Aislantes Bajas Original Para Mujer BHE - 36,1,0,visible,,,,,taxable,parent,0,0,,0,0,1.5,32,,12,0,,92994,154990,,,,,,,WFS2080RMA-BHE,,,,,,0,5054916651189,Hunter,,Talla,36,,1,
18575,variation,WFS2080RMA-BHE37,,Botas De Agua Aislantes Bajas Original Para Mujer BHE - 37,1,0,visible,,,,,taxable,parent,0,0,,0,0,1.5,32,,12,0,,92994,154990,,,,,,,WFS2080RMA-BHE,,,,,,0,5054916651196,Hunter,,Talla,37,,1,
18576,variation,WFS2080RMA-BHE38,,Botas De Agua Aislantes Bajas Original Para Mujer BHE - 38,1,0,visible,,,,,taxable,parent,0,0,,0,0,1.5,32,,12,0,,92994,154990,,,,,,,WFS2080RMA-BHE,,,,,,0,5054916651202,Hunter,,Talla,38,,1,
18577,variation,WFS2080RMA-BHE39,,Botas De Agua Aislantes Bajas Original Para Mujer BHE - 39,1,0,visible,,,,,taxable,parent,0,0,,0,0,1.5,32,,12,0,,92994,154990,,,,,,,WFS2080RMA-BHE,,,,,,0,5054916651219,Hunter,,Talla,39,,1,
18578,variation,WFS2080RMA-BHE40/41,,Botas De Agua Aislantes Bajas Original Para Mujer BHE - 40/41,1,0,visible,,,,,taxable,parent,0,0,,0,0,1.5,32,,12,0,,92994,154990,,,,,,,WFS2080RMA-BHE,,,,,,0,5054916651226,Hunter,,Talla,40/41,,1,
18579,variation,WFS2080RMA-BHE42,,Botas De Agua Aislantes Bajas Original Para Mujer BHE - 42,1,0,visible,,,,,taxable,parent,0,0,,0,0,1.5,32,,12,0,,92994,154990,,,,,,,WFS2080RMA-BHE,,,,,,0,5054916651233,Hunter,,Talla,42,,1,
18598,variation,WFT1000RGL-DOV40/41,,Botas Altas Y Brillantes Original Para Mujer Verde Oliva - 40/41,1,0,visible,,,,,taxable,parent,0,0,,0,0,2,35,,12,0,,77994,129990,,,,,,,WFT1000RGL-DOV,,,,,,0,5054916098496,Hunter,,Talla,40/41,,1,
18616,variation,WFT1000RMA-DOV40/41,,Botas De Agua Altas Original Para Mujer Verde Oliva - 40/41,1,0,visible,,,,,taxable,parent,0,0,,0,0,2,32,,11,0,,77994,129990,,,,,,,WFT1000RMA-DOV,,,,,,0,5013441352978,Hunter,,Talla,40/41,,1,
19028,variation,JFT6000RMA-CAC33,,Botas De Agua Original Para Niños Verde Cactus - 33,1,0,visible,,,,,taxable,parent,0,0,,0,0,1.7,32,,14,0,,41994,69990,,,,,,,JFT6000RMA-CAC,,,,,,0,5054916121477,Hunter,,Talla,33,,1,
19029,variation,JFT6000RMA-CAC34/35,,Botas De Agua Original Para Niños Verde Cactus - 34/35,1,0,visible,,,,,taxable,parent,0,0,,0,0,1.7,32,,14,0,,41994,69990,,,,,,,JFT6000RMA-CAC,,,,,,0,5054916121507,Hunter,,Talla,34/35,,1,
19030,variation,JFT6000RMA-CAC36,,Botas De Agua Original Para Niños Verde Cactus - 36,1,0,visible,,,,,taxable,parent,0,0,,0,0,1.7,32,,14,0,,41994,69990,,,,,,,JFT6000RMA-CAC,,,,,,0,5054916121514,Hunter,,Talla,36,,1,
19031,variation,JFT6000RMA-CAC37,,Botas De Agua Original Para Niños Verde Cactus - 37,1,0,visible,,,,,taxable,parent,0,0,,0,0,1.7,32,,14,0,,41994,69990,,,,,,,JFT6000RMA-CAC,,,,,,0,5054916121521,Hunter,,Talla,37,,1,
19045,variation,MFT9000RMA-HGR45/46,,Botas De Agua Altas Original Para Hombre Verde - 45/46,1,0,visible,,,,,taxable,parent,0,0,,0,0,2,28,,13,0,,89994,149990,,,,,,,MFT9000RMA-HGR,,,,,,0,5013441733067,Hunter,,Talla,45/46,,1,
19063,variation,WFF1077NRE-BLK36,,ZAP SHERPA NEGRO - 36,1,0,visible,,,,,taxable,parent,0,0,,0,0,0.4,15,,7,0,,53994,89990,,,,,,,WFF1077NRE-BLK,,,,,,0,5054916542654,Hunter,Hunter,Talla,36,,1,
19064,variation,WFF1077NRE-BLK37,,ZAP SHERPA NEGRO - 37,1,0,visible,,,,,taxable,parent,0,0,,0,0,0.4,15,,7,0,,53994,89990,,,,,,,WFF1077NRE-BLK,,,,,,0,5054916542661,Hunter,Hunter,Talla,37,,1,
19065,variation,WFF1077NRE-BLK38,,ZAP SHERPA NEGRO - 38,1,0,visible,,,,,taxable,parent,0,0,,0,0,0.4,15,,7,0,,53994,89990,,,,,,,WFF1077NRE-BLK,,,,,,0,5054916542678,Hunter,Hunter,Talla,38,,1,
19066,variation,WFF1077NRE-BLK39,,ZAP SHERPA NEGRO - 39,1,0,visible,,,,,taxable,parent,0,0,,0,0,0.4,15,,7,0,,53994,89990,,,,,,,WFF1077NRE-BLK,,,,,,0,5054916542685,Hunter,Hunter,Talla,39,,1,
19067,variation,WFF1077NRE-BLK40/41,,ZAP SHERPA NEGRO - 40/41,1,0,visible,,,,,taxable,parent,0,0,,0,0,0.4,15,,7,0,,53994,89990,,,,,,,WFF1077NRE-BLK,,,,,,0,5054916542692,Hunter,Hunter,Talla,40/41,,1,
19068,variation,WFF1077NRE-BLK42,,ZAP SHERPA NEGRO - 42,1,0,visible,,,,,taxable,parent,0,0,,0,0,0.4,15,,7,0,,53994,89990,,,,,,,WFF1077NRE-BLK,,,,,,0,5054916542708,Hunter,Hunter,Talla,42,,1,
19075,variation,WFS1043RMA-BLK36,,Botas Chelsea Original Para Mujer Negro 1 - 36,1,0,visible,,,,,taxable,parent,0,0,,0,0,1.5,26,,11,0,,70194,116990,,,,,,,WFS1043RMA-BLK,,,,,,0,5013441949505,Hunter,,Talla,36,,1,
19076,variation,WFS1043RMA-BLK37,,Botas Chelsea Original Para Mujer Negro 1 - 37,1,0,visible,,,,,taxable,parent,0,0,,0,0,1.5,26,,11,0,,70194,116990,,,,,,,WFS1043RMA-BLK,,,,,,0,5013441949512,Hunter,,Talla,37,,1,
19077,variation,WFS1043RMA-BLK38,,Botas Chelsea Original Para Mujer Negro 1 - 38,1,0,visible,,,,,taxable,parent,0,0,,0,0,1.5,26,,11,0,,70194,116990,,,,,,,WFS1043RMA-BLK,,,,,,0,5013441949529,Hunter,,Talla,38,,1,
19078,variation,WFS1043RMA-BLK39,,Botas Chelsea Original Para Mujer Negro 1 - 39,1,0,visible,,,,,taxable,parent,0,0,,0,0,1.5,26,,11,0,,70194,116990,,,,,,,WFS1043RMA-BLK,,,,,,0,5013441949536,Hunter,,Talla,39,,1,
19079,variation,WFS1043RMA-BLK40/41,,Botas Chelsea Original Para Mujer Negro 1 - 40/41,1,0,visible,,,,,taxable,parent,0,0,,0,0,1.5,26,,11,0,,70194,116990,,,,,,,WFS1043RMA-BLK,,,,,,0,5013441949543,Hunter,,Talla,40/41,,1,
19080,variation,WFS1043RMA-BLK42,,Botas Chelsea Original Para Mujer Negro 1 - 42,1,0,visible,,,,,taxable,parent,0,0,,0,0,1.5,26,,11,0,,70194,116990,,,,,,,WFS1043RMA-BLK,,,,,,0,5013441949550,Hunter,,Talla,42,,1,
19081,variation,WFS1043RMA-MLR36,,Botas Chelsea Original Para Mujer Rojo Militar - 36,1,0,visible,,,,,taxable,parent,0,0,,0,0,1.5,26,,11,0,,70194,116990,,,,,,,WFS1043RMA-MLR,,,,,,0,5013441949642,Hunter,,Talla,36,,1,
19082,variation,WFS1043RMA-MLR37,,Botas Chelsea Original Para Mujer Rojo Militar - 37,1,0,visible,,,,,taxable,parent,0,0,,0,0,1.5,26,,11,0,,70194,116990,,,,,,,WFS1043RMA-MLR,,,,,,0,5013441949659,Hunter,,Talla,37,,1,
19083,variation,WFS1043RMA-MLR38,,Botas Chelsea Original Para Mujer Rojo Militar - 38,1,0,visible,,,,,taxable,parent,0,0,,0,0,1.5,26,,11,0,,70194,116990,,,,,,,WFS1043RMA-MLR,,,,,,0,5013441949666,Hunter,,Talla,38,,1,
19084,variation,WFS1043RMA-MLR39,,Botas Chelsea Original Para Mujer Rojo Militar - 39,1,0,visible,,,,,taxable,parent,0,0,,0,0,1.5,26,,11,0,,70194,116990,,,,,,,WFS1043RMA-MLR,,,,,,0,5013441949673,Hunter,,Talla,39,,1,
19085,variation,WFS1043RMA-MLR40/41,,Botas Chelsea Original Para Mujer Rojo Militar - 40/41,1,0,visible,,,,,taxable,parent,0,0,,0,0,1.5,26,,11,0,,70194,116990,,,,,,,WFS1043RMA-MLR,,,,,,0,5013441949680,Hunter,,Talla,40/41,,1,
19086,variation,WFS1043RMA-MLR42,,Botas Chelsea Original Para Mujer Rojo Militar - 42,1,0,visible,,,,,taxable,parent,0,0,,0,0,1.5,26,,11,0,,70194,116990,,,,,,,WFS1043RMA-MLR,,,,,,0,5013441949697,Hunter,,Talla,42,,1,
19093,variation,WFS1071RMA-NYG36,,BOTINES HUNTER WFS1071R AZUL 4 - 36,1,0,visible,,,,,taxable,parent,0,0,,0,0,1.5,,,,0,,77994,129990,,,,,,,WFS1071RMA-NYG,,,,,,0,5054916279222,Hunter,,Talla,36,,1,
19094,variation,WFS1071RMA-NYG37,,BOTINES HUNTER WFS1071R AZUL 4 - 37,1,0,visible,,,,,taxable,parent,0,0,,0,0,1.5,,,,0,,77994,129990,,,,,,,WFS1071RMA-NYG,,,,,,0,5054916279239,Hunter,,Talla,37,,1,
19095,variation,WFS1071RMA-NYG38,,BOTINES HUNTER WFS1071R AZUL 4 - 38,1,0,visible,,,,,taxable,parent,0,0,,0,0,1.5,,,,0,,77994,129990,,,,,,,WFS1071RMA-NYG,,,,,,0,5054916279246,Hunter,,Talla,38,,1,
19096,variation,WFS1071RMA-NYG39,,BOTINES HUNTER WFS1071R AZUL 4 - 39,1,0,visible,,,,,taxable,parent,0,0,,0,0,1.5,,,,0,,77994,129990,,,,,,,WFS1071RMA-NYG,,,,,,0,5054916279253,Hunter,,Talla,39,,1,
19097,variation,WFS1071RMA-NYG40/41,,BOTINES HUNTER WFS1071R AZUL 4 - 40/41,1,0,visible,,,,,taxable,parent,0,0,,0,0,1.5,,,,0,,77994,129990,,,,,,,WFS1071RMA-NYG,,,,,,0,5054916279260,Hunter,,Talla,40/41,,1,
19098,variation,WFS1071RMA-NYG42,,BOTINES HUNTER WFS1071R AZUL 4 - 42,1,0,visible,,,,,taxable,parent,0,0,,0,0,1.5,,,,0,,77994,129990,,,,,,,WFS1071RMA-NYG,,,,,,0,5054916279277,Hunter,,Talla,42,,1,
19099,variation,WFS1071RMA-RDG36,,BOTINES HUNTER WFS1071R ROJO 6 - 36,1,0,visible,,,,,taxable,parent,0,0,,0,0,1.5,,,,0,,77994,129990,,,,,,,WFS1071RMA-RDG,,,,,,0,5054916279369,Hunter,,Talla,36,,1,
19100,variation,WFS1071RMA-RDG37,,BOTINES HUNTER WFS1071R ROJO 6 - 37,1,0,visible,,,,,taxable,parent,0,0,,0,0,1.5,,,,0,,77994,129990,,,,,,,WFS1071RMA-RDG,,,,,,0,5054916279376,Hunter,,Talla,37,,1,
19101,variation,WFS1071RMA-RDG38,,BOTINES HUNTER WFS1071R ROJO 6 - 38,1,0,visible,,,,,taxable,parent,0,0,,0,0,1.5,,,,0,,77994,129990,,,,,,,WFS1071RMA-RDG,,,,,,0,5054916279383,Hunter,,Talla,38,,1,
19102,variation,WFS1071RMA-RDG39,,BOTINES HUNTER WFS1071R ROJO 6 - 39,1,0,visible,,,,,taxable,parent,0,0,,0,0,1.5,,,,0,,77994,129990,,,,,,,WFS1071RMA-RDG,,,,,,0,5054916279390,Hunter,,Talla,39,,1,
19103,variation,WFS1071RMA-RDG40/41,,BOTINES HUNTER WFS1071R ROJO 6 - 40/41,1,0,visible,,,,,taxable,parent,0,0,,0,0,1.5,,,,0,,77994,129990,,,,,,,WFS1071RMA-RDG,,,,,,0,5054916279406,Hunter,,Talla,40/41,,1,
19104,variation,WFS1071RMA-RDG42,,BOTINES HUNTER WFS1071R ROJO 6 - 42,1,0,visible,,,,,taxable,parent,0,0,,0,0,1.5,,,,0,,77994,129990,,,,,,,WFS1071RMA-RDG,,,,,,0,5054916279413,Hunter,,Talla,42,,1,
19127,variation,WFT1000RGL-RVI40/41,,Botas Altas Y Brillantes Original Para Mujer Morada - 40/41,1,0,visible,,,,,taxable,parent,0,0,,0,0,2,32,,11,0,,77994,129990,,,,,,,WFT1000RGL-RVI,,,,,,0,5054916097932,Hunter,,Talla,40/41,,1,
19141,variation,WFT1071RGL-BLK36,,Botas Original Refined y Brillante Para Mujer Negro - 36,1,0,visible,,,,,taxable,parent,0,0,,0,0,2,35,,12,0,,98994,164990,,,,,,,WFT1071RGL-BLK,,,,,,0,5013441936475,Hunter,,Talla,36,,1,
19142,variation,WFT1071RGL-BLK37,,Botas Original Refined y Brillante Para Mujer Negro - 37,1,0,visible,,,,,taxable,parent,0,0,,0,0,2,35,,12,0,,98994,164990,,,,,,,WFT1071RGL-BLK,,,,,,0,5013441936482,Hunter,,Talla,37,,1,
19143,variation,WFT1071RGL-BLK38,,Botas Original Refined y Brillante Para Mujer Negro - 38,1,0,visible,,,,,taxable,parent,0,0,,0,0,2,35,,12,0,,98994,164990,,,,,,,WFT1071RGL-BLK,,,,,,0,5013441936499,Hunter,,Talla,38,,1,
19144,variation,WFT1071RGL-BLK39,,Botas Original Refined y Brillante Para Mujer Negro - 39,1,0,visible,,,,,taxable,parent,0,0,,0,0,2,32,,11,0,,98994,164990,,,,,,,WFT1071RGL-BLK,,,,,,0,5013441936505,Hunter,,Talla,39,,1,
19145,variation,WFT1071RGL-BLK40/41,,Botas Original Refined y Brillante Para Mujer Negro - 40/41,1,0,visible,,,,,taxable,parent,0,0,,0,0,2,32,,11,0,,98994,164990,,,,,,,WFT1071RGL-BLK,,,,,,0,5013441936512,Hunter,,Talla,40/41,,1,
19156,variation,WFT2007EXL-OEX40/41,,Botas Altas Original Play Con Logotipo Ampliado Para Mujer - 40/41,1,0,visible,,,,,taxable,parent,0,0,,0,0,2,32,,13,0,,65400,109000,,,,,,,WFT2007EXL-OEX,,,,,,0,5054916630115,Hunter,,Talla,40/41,,1,
19168,variation,WFT2007RMA-LIH40/41,,Botas De Agua Altas Original Play Para Mujer LIH - 40/41,1,0,visible,,,,,taxable,parent,0,0,,0,0,2,32,,13,0,,53994,89990,,,,,,,WFT2007RMA-LIH,,,,,,0,5054916450232,Hunter,,Talla,40/41,,1,
19194,variation,WFT2052NRE-NVY37,,Botas Estilo Sherpa Con Parte Superior Enrollable Original Azul Marino - 37,1,0,visible,,,,,taxable,parent,0,0,,0,0,2,32,,13,0,,71400,119000,,,,,,,WFT2052NRE-NVY,,,,,,0,5054916615433,Hunter,,Talla,37,,1,
19195,variation,WFT2052NRE-NVY38,,Botas Estilo Sherpa Con Parte Superior Enrollable Original Azul Marino - 38,1,0,visible,,,,,taxable,parent,0,0,,0,0,2,32,,13,0,,71400,119000,,,,,,,WFT2052NRE-NVY,,,,,,0,5054916615440,Hunter,,Talla,38,,1,
19196,variation,WFT2052NRE-NVY39,,Botas Estilo Sherpa Con Parte Superior Enrollable Original Azul Marino - 39,1,0,visible,,,,,taxable,parent,0,0,,0,0,2,32,,13,0,,71400,119000,,,,,,,WFT2052NRE-NVY,,,,,,0,5054916615457,Hunter,,Talla,39,,1,
19197,variation,WFT2052NRE-NVY40/41,,Botas Estilo Sherpa Con Parte Superior Enrollable Original Azul Marino - 40/41,1,0,visible,,,,,taxable,parent,0,0,,0,0,2,32,,13,0,,71400,119000,,,,,,,WFT2052NRE-NVY,,,,,,0,5054916615464,Hunter,,Talla,40/41,,1,
19198,variation,WFT2052NRE-NVY42,,Botas Estilo Sherpa Con Parte Superior Enrollable Original Azul Marino - 42,1,0,visible,,,,,taxable,parent,0,0,,0,0,2,32,,13,0,,71400,119000,,,,,,,WFT2052NRE-NVY,,,,,,0,5054916615471,Hunter,,Talla,42,,1,
19199,variation,WFT2052NRE-NVY36,,Botas Estilo Sherpa Con Parte Superior Enrollable Original Azul Marino - 36,1,0,visible,,,,,taxable,parent,0,0,,0,0,2,32,,13,0,,71400,119000,,,,,,,WFT2052NRE-NVY,,,,,,0,5054916615426,Hunter,,Talla,36,,1,
19329,variation,KFT5003RMA-NVY21,,Primeras Botas De Agua Clásicas Original Para Niños: - 21,1,0,visible,,,,,taxable,parent,0,0,,0,0,1.7,32,,14,0,,28194,46990,,,,,,,KFT5003RMA-NVY,,,,,,0,5013441365909,Hunter,,Talla,21,,1,
19330,variation,KFT5003RMA-NVY22,,Primeras Botas De Agua Clásicas Original Para Niños: - 22,1,0,visible,,,,,taxable,parent,0,0,,0,0,1.7,32,,14,0,,28194,46990,,,,,,,KFT5003RMA-NVY,,,,,,0,5013441365916,Hunter,,Talla,22,,1,
19331,variation,KFT5003RMA-NVY23,,Primeras Botas De Agua Clásicas Original Para Niños: - 23,1,0,visible,,,,,taxable,parent,0,0,,0,0,1.7,32,,14,0,,28194,46990,,,,,,,KFT5003RMA-NVY,,,,,,0,5013441365923,Hunter,,Talla,23,,1,
19332,variation,KFT5003RMA-NVY24,,Primeras Botas De Agua Clásicas Original Para Niños: - 24,1,0,visible,,,,,taxable,parent,0,0,,0,0,1.7,32,,14,0,,28194,46990,,,,,,,KFT5003RMA-NVY,,,,,,0,5013441365930,Hunter,,Talla,24,,1,
19333,variation,KFT5003RMA-NVY26,,Primeras Botas De Agua Clásicas Original Para Niños: - 26,1,0,visible,,,,,taxable,parent,0,0,,0,0,1.7,32,,14,0,,28194,46990,,,,,,,KFT5003RMA-NVY,,,,,,0,5013441573502,Hunter,,Talla,26,,1,
19334,variation,KFT5003RMA-NVY27,,Primeras Botas De Agua Clásicas Original Para Niños: - 27,1,0,visible,,,,,taxable,parent,0,0,,0,0,1.7,32,,14,0,,28194,46990,,,,,,,KFT5003RMA-NVY,,,,,,0,5013441573519,Hunter,,Talla,27,,1,
19335,variation,KFT5003RMA-NVY28,,Primeras Botas De Agua Clásicas Original Para Niños: - 28,1,0,visible,,,,,taxable,parent,0,0,,0,0,1.7,32,,14,0,,28194,46990,,,,,,,KFT5003RMA-NVY,,,,,,0,5013441573526,Hunter,,Talla,28,,1,
19336,variation,KFT5003RMA-NVY29,,Primeras Botas De Agua Clásicas Original Para Niños: - 29,1,0,visible,,,,,taxable,parent,0,0,,0,0,1.7,32,,14,0,,28194,46990,,,,,,,KFT5003RMA-NVY,,,,,,0,5013441573533,Hunter,,Talla,29,,1,
19337,variation,KFT5003RMA-NVY31,,Primeras Botas De Agua Clásicas Original Para Niños: - 31,1,0,visible,,,,,taxable,parent,0,0,,0,0,1.7,32,,14,0,,28194,46990,,,,,,,KFT5003RMA-NVY,,,,,,0,5013441573540,Hunter,,Talla,31,,1,
19338,variation,KFT5003RMA-NVY32,,Primeras Botas De Agua Clásicas Original Para Niños: - 32,1,0,visible,,,,,taxable,parent,0,0,,0,0,1.7,32,,14,0,,28194,46990,,,,,,,KFT5003RMA-NVY,,,,,,0,5013441573557,Hunter,,Talla,32,,1,
19339,variation,KFT5003RMA-LIP21,,Primeras Botas De Agua Clásicas Original Para Niños: - 21,1,0,visible,,,,,taxable,parent,0,0,,0,0,1.7,32,,14,0,,28194,46990,,,,,,,KFT5003RMA-LIP,,,,,,0,5013441365862,Hunter,,Talla,21,,1,
19340,variation,KFT5003RMA-LIP22,,Primeras Botas De Agua Clásicas Original Para Niños: - 22,1,0,visible,,,,,taxable,parent,0,0,,0,0,1.7,32,,14,0,,28194,46990,,,,,,,KFT5003RMA-LIP,,,,,,0,5013441365879,Hunter,,Talla,22,,1,
19341,variation,KFT5003RMA-LIP23,,Primeras Botas De Agua Clásicas Original Para Niños: - 23,1,0,visible,,,,,taxable,parent,0,0,,0,0,1.7,32,,14,0,,28194,46990,,,,,,,KFT5003RMA-LIP,,,,,,0,5013441365886,Hunter,,Talla,23,,1,
19342,variation,KFT5003RMA-LIP24,,Primeras Botas De Agua Clásicas Original Para Niños: - 24,1,0,visible,,,,,taxable,parent,0,0,,0,0,1.7,32,,14,0,,28194,46990,,,,,,,KFT5003RMA-LIP,,,,,,0,5013441365893,Hunter,,Talla,24,,1,
19343,variation,KFT5003RMA-LIP26,,Primeras Botas De Agua Clásicas Original Para Niños: - 26,1,0,visible,,,,,taxable,parent,0,0,,0,0,1.7,32,,14,0,,28194,46990,,,,,,,KFT5003RMA-LIP,,,,,,0,5013441573434,Hunter,,Talla,26,,1,
19344,variation,KFT5003RMA-LIP27,,Primeras Botas De Agua Clásicas Original Para Niños: - 27,1,0,visible,,,,,taxable,parent,0,0,,0,0,1.7,32,,14,0,,28194,46990,,,,,,,KFT5003RMA-LIP,,,,,,0,5013441573441,Hunter,,Talla,27,,1,
19345,variation,KFT5003RMA-LIP28,,Primeras Botas De Agua Clásicas Original Para Niños: - 28,1,0,visible,,,,,taxable,parent,0,0,,0,0,1.7,32,,14,0,,28194,46990,,,,,,,KFT5003RMA-LIP,,,,,,0,5013441573458,Hunter,,Talla,28,,1,
19346,variation,KFT5003RMA-LIP29,,Primeras Botas De Agua Clásicas Original Para Niños: - 29,1,0,visible,,,,,taxable,parent,0,0,,0,0,1.7,32,,14,0,,28194,46990,,,,,,,KFT5003RMA-LIP,,,,,,0,5013441573465,Hunter,,Talla,29,,1,
19347,variation,KFT5003RMA-LIP31,,Primeras Botas De Agua Clásicas Original Para Niños: - 31,1,0,visible,,,,,taxable,parent,0,0,,0,0,1.7,32,,14,0,,28194,46990,,,,,,,KFT5003RMA-LIP,,,,,,0,5013441573472,Hunter,,Talla,31,,1,
19348,variation,KFT5003RMA-LIP32,,Primeras Botas De Agua Clásicas Original Para Niños: - 32,1,0,visible,,,,,taxable,parent,0,0,,0,0,1.7,32,,14,0,,28194,46990,,,,,,,KFT5003RMA-LIP,,,,,,0,5013441573489,Hunter,,Talla,32,,1,
19473,variation,SON-5,,DAD - 40/41,1,0,visible,,,,,taxable,parent,0,0,,0,0,1.9,20,,10,0,,,11000,,,,,,,DAD,,,,,,0,5013441352800,,,Talla,40/41,,1,
19482,variation,WFT1009NRE-BLK 38,,Bota Ecuestre de Neopreno elástico - 38,1,0,visible,,,,,taxable,parent,0,0,,0,0,,,,,0,,83994,139990,,,,,,,WFT1009NRE-BLK,,,"UAH3031WXA-GZB, UBP7020KBM-BTB",,,0,,Hunter,Hunter,Talla,38,,1,
19483,variation,WFT1009NRE-BLK 39,,Bota Ecuestre de Neopreno elástico - 39,1,0,visible,,,,,taxable,parent,0,0,,0,0,,,,,0,,83994,139990,,,,,,,WFT1009NRE-BLK,,,"UAH3031WXA-GZB, UBP7020KBM-BTB",,,0,,Hunter,Hunter,Talla,39,,1,
19484,variation,WFT1009NRE-BLK 40/41,,Bota Ecuestre de Neopreno elástico - 40/41,1,0,visible,,,,,taxable,parent,0,0,,0,0,,,,,0,,83994,139990,,,,,,,WFT1009NRE-BLK,,,"UAH3031WXA-GZB, UBP7020KBM-BTB",,,0,,Hunter,Hunter,Talla,40/41,,1,
20192,variation,MFS9000CNV-ATM43,,Botas Commando Desert Hombre Verde Musgo - 43,1,0,visible,,,,,taxable,parent,1,24,,0,0,,,,,0,,83994,139990,,,,,,,MFS9000CNV-ATM,,,,,,0,5054916895941,Hunter,Hunter,Talla,43,,1,
20193,variation,MFS9000CNV-ATM44,,Botas Commando Desert Hombre Verde Musgo - 44,1,0,visible,,,,,taxable,parent,1,12,,0,0,,,,,0,,83994,139990,,,,,,,MFS9000CNV-ATM,,,,,,0,5054916895880,Hunter,Hunter,Talla,44,,1,
20194,variation,MFS9000CNV-ATM45,,Botas Commando Desert Hombre Verde Musgo - 45/46,1,0,visible,,,,,taxable,parent,1,12,,0,0,,,,,0,,83994,139990,,,,,,,MFS9000CNV-ATM,,,,,,0,5054916895897,Hunter,Hunter,Talla,45/46,,1,
20293,variable,WFT2052NRE-DOV,,Botas Estilo Sherpa Con Parte Superior Enrollable Para Mujer Verde Oliva,1,0,visible,,"Enfréntate al frío con piernas y pies cómodos con estas cómodas botas Sherpa. Combinando dos materiales técnicos, estas botas están hechas a mano con caucho natural y neopreno aislante. Una novedad para Hunter, la bota Sherpa con parte superior enrollable para mujer, 100 % impermeable, está equipada con un agarre firme perfecto para los resbaladizos días de invierno. Con forro polar Sherpa, plantilla Ortholite y suela con aislamiento térmico, se pueden usar en temperaturas de hasta 23 °F. Disponible en un elegante combo negro y se puede usar de varias maneras, enróllalos hacia arriba o hacia abajo en tu próxima salida helada o paseo matutino con el perro.\n<div class=""copy trim-stacked-margins has-inner-html product-page-description__features"">\n<ul>\n 	<li>vegano certificado</li>\n 	<li>Parte inferior impermeable</li>\n 	<li>Hecho a mano</li>\n 	<li>Estilo superior enrollable</li>\n 	<li>El forro sherpa ayuda a eliminar la humedad</li>\n 	<li>Plantilla Ortholite</li>\n 	<li>Plantilla con aislamiento térmico</li>\n 	<li>Se puede usar en temperaturas tan bajas como 23 °F (-5 °C)</li>\n</ul>\n</div>",,,taxable,,1,,,0,0,,,,,0,,,,"Tipo de producto > Botas, Género, Género > Mujer, Tipo de producto","Impermeables, Sherpa, Verde, Ofertas",,"https://trendseeker.cl/wp-content/uploads/2023/11/WFT2052NRE-DOV.jpg, https://trendseeker.cl/wp-content/uploads/2023/07/Botas-estilo-sherpa-enrollable-mujer-Hunter-1.png, https://trendseeker.cl/wp-content/uploads/2022/11/PROD-AW21-ORG-WFT2052NRE-DOV-1-scaled-1.jpg, https://trendseeker.cl/wp-content/uploads/2022/11/PROD-AW21-ORG-WFT2052NRE-DOV-3-scaled-1.jpg, https://trendseeker.cl/wp-content/uploads/2022/11/PROD-AW21-ORG-WFT2052NRE-DOV-4-scaled-1.jpg, https://trendseeker.cl/wp-content/uploads/2022/11/PROD-AW21-ORG-WFT2052NRE-DOV-5-scaled-1.jpg",,,,,,"UAH3031WXA-GZB, UBB1204KBM-BLK, UAU1004UPM-BLK",,,275,,Hunter,Hunter,Talla,"36, 37, 38, 39, 40/41",1,1,
34892,variation,60060-025-1008,,"Bedrock Wading Boot - Felta, Anchor - 8",1,0,visible,,,,,taxable,parent,1,4,,0,0,,,,,0,,,249990,,,,,,,60060-025,,,,,,0,840316331913,,,Talla,8,,1,
34893,variation,60060-025-1009,,"Bedrock Wading Boot - Felta, Anchor - 9",1,0,visible,,,,,taxable,parent,1,4,,0,0,,,,,0,,,249990,,,,,,,60060-025,,,,,,0,840316331920,,,Talla,9,,1,
34894,variation,60060-025-1010,,"Bedrock Wading Boot - Felta, Anchor - 10",1,0,visible,,,,,taxable,parent,1,6,,0,0,,,,,0,,,249990,,,,,,,60060-025,,,,,,0,840316331937,,,Talla,10,,1,
34895,variation,60060-025-1011,,"Bedrock Wading Boot - Felta, Anchor - 11",1,0,visible,,,,,taxable,parent,1,6,,0,0,,,,,0,,,249990,,,,,,,60060-025,,,,,,0,840316331944,,,Talla,11,,1,
34896,variation,60060-025-1012,,"Bedrock Wading Boot - Felta, Anchor - 12",1,0,visible,,,,,taxable,parent,1,,,0,0,,,,,0,,,249990,,,,,,,60060-025,,,,,,0,840316331951,,,Talla,12,,1,
18530,variation,WFS1000RGL-BLK40/41,,Botas De Agua Bajas Y Brillantes Original Para Mujer Negro - 40/41,1,0,visible,,,,,taxable,parent,0,0,,0,0,1.9,20,,10,0,,72594,120990,,,,,,,WFS1000RGL-BLK,,,,,,1,5013441352800,Hunter,Hunter,Talla,40/41,,1,
18538,variation,WFS1000RMA-DOV36,,Botas De Agua Bajas Original Para Mujer Verde Oliva - 36,1,0,visible,,,,,taxable,parent,0,0,,0,0,1.9,20,,10,0,,72594,120990,,,,,,,WFS1000RMA-DOV,,,"UAH3031WXA-GZB, UBP1152KBM-DOV",,,1,5013441406466,Hunter,Hunter,Talla,36,,1,
18550,variation,WFS2020RMA-BLK36,,Botas De Agua Bajas Play Mujer Negro - 36,1,0,visible,,,,,taxable,parent,0,0,,0,0,1.5,32,,12,0,,59994,99990,,,,,,,WFS2020RMA-BLK,,,,,,1,5054916381147,Hunter,Hunter,Talla,36,,1,
18562,variation,WFS2020RMA-LRD36,,Botas de Agua Bajas Play para Mujer Rojo - 36,1,0,visible,,,,,taxable,parent,0,0,,0,0,1.5,32,,12,0,,65994,109990,,,,,,,WFS2020RMA-LRD,,,,,,1,5054916560481,Hunter,Hunter,Talla,36,,1,
18568,variation,WFS2048RMA-BLK36,,Botas De Agua Aislantes Bajas Original Para Mujer BLK - 36,1,0,visible,,,,,taxable,parent,0,0,,0,0,1.5,32,,12,0,,83994,139990,,,,,,,WFS2048RMA-BLK,,,"UAH3031WXA-GZB, UBB6017ACD-BTB",,,1,5054916540049,Hunter,Hunter,Talla,36,,1,
18580,variation,WFT1000RGL-BLK36,,Botas Altas Y Brillantes Original Para Mujer Negro - 36,1,0,visible,,,,2026-07-19 23:59:59,taxable,parent,0,0,,0,0,2,35,,12,0,,101994,169990,,,,,,,WFT1000RGL-BLK,,,"UAH3031WXA-GZB, UAS3036AAB-BLK",,,1,5013441353234,Hunter,Hunter,Talla,36,,1,
18594,variation,WFT1000RGL-DOV36,,Botas Altas Y Brillantes Original Para Mujer Verde Oliva - 36,1,0,visible,,,,,taxable,parent,0,0,,0,0,2,32,,11,0,,77994,129990,,,,,,,WFT1000RGL-DOV,,,,,,1,5054916098458,Hunter,Hunter,Talla,36,,1,
18602,variation,WFT1000RGL-GRA38,,Botas Altas Y Brillantes Original Para Mujer Grafito - 38,1,0,visible,,,,,taxable,parent,0,0,,0,0,2,35,,12,0,,101994,169990,,,,,,,WFT1000RGL-GRA,,,"AC1SI, UAH3031WXA-GZB",,,1,5013441353326,Hunter,Hunter,Talla,38,,1,
18611,variation,WFT1000RGL-MLR42,,Botas Altas Y Brillantes Original Para Mujer Rojo Militar - 42,1,0,visible,,,,2026-07-19 23:59:59,taxable,parent,0,0,,0,0,2,,,,0,,101994,169990,,,,,,,WFT1000RGL-MLR,,,"UZC3011XXX-CLR, UBB1210KBM-DOV, UZF3003LSK-NTR",,,1,5013441413228,Hunter,Hunter,Talla,42,,1,
18612,variation,WFT1000RMA-DOV36,,Botas De Agua Altas Original Para Mujer Verde Oliva - 36,1,0,visible,,,,,taxable,parent,0,0,,0,0,2,35,,12,0,,77994,129990,,,,,,,WFT1000RMA-DOV,,,,,,1,5013441352930,Hunter,Hunter,Talla,36,,1,
18627,variation,WFT1000RMA-HGR39,,Botas De Agua Altas Original Para Mujer Verde - 39,1,0,visible,,,,,taxable,parent,1,8,,0,0,2,32,,11,0,,101994,169990,,,,,,,WFT1000RMA-HGR,,,"UAS3036AAB-HWT, UZF3003LSK-NTR",,,1,5013441579023,Hunter,Hunter,Talla,39,,1,
18636,variation,JFT6000RMA-RBP31,,Botas De Agua Original Para Niños Rosado Brillante - 31,1,0,visible,,,,,taxable,parent,1,1,,0,0,1.7,32,,14,0,,47994,79990,,,,,,,JFT6000RMA-RBP,,,,,,1,5054916210973,Hunter,Hunter,Talla,31,,1,
18642,variation,JFT6000RMA-DOV31,,Botas De Agua Original Para Niños Verde Oliva - 31,1,0,visible,,,,,taxable,parent,0,0,,0,0,1.7,32,,14,0,,47994,79990,,,,,,,JFT6000RMA-DOV,,,,,,1,5054916210911,Hunter,Hunter,Talla,31,,1,
18674,variation,WFT1000RMA-MLR36,,Botas de Agua Altas para Mujer Rojo Militar - 36,1,0,visible,,,,,taxable,parent,0,0,,0,0,2,35,,12,0,,101994,169990,,,,,,,WFT1000RMA-MLR,,,"UAH3031WXA-MRG, UAS3036AAB-GRG",,,1,5013441415857,Hunter,Hunter,Talla,36,,1,
18685,variation,WFT1000RMA-RYL36,,Botas De Agua Altas Original Para Mujer Amarillo - 36,1,0,visible,,,,,taxable,parent,0,0,,0,0,2,35,,12,0,,89994,149990,,,,,,,WFT1000RMA-RYL,,,"UAH3031WXA-MRG, UBB6017ACD-BLK",,,1,5054916097475,Hunter,Hunter,Talla,36,,1,
18695,variation,WFT1000RMA-SIL40/41,,Botas De Agua Altas Original Para Mujer Plateado - 40/41,1,0,visible,,,,,taxable,parent,0,0,,0,0,2,32,,11,0,,89994,149990,,,,,,,WFT1000RMA-SIL,,,,,,1,5054916097796,Hunter,Hunter,Talla,40/41,,1,
19032,variation,JFT6000RMA-FUS33,,Botas De Agua Original Para Niños Fucsia - 33,1,0,visible,,,,,taxable,parent,0,0,,0,0,1.7,32,,14,0,,47994,79990,,,,,,,JFT6000RMA-FUS,,,,,,1,5013441356051,Hunter,Hunter,Talla,33,,1,
19040,variation,MFT9000RMA-HGR39,,Botas De Agua Altas Original Para Hombre Verde - 39,1,0,visible,,,,,taxable,parent,0,0,,0,0,2,28,,13,0,,89994,149990,,,,,,,MFT9000RMA-HGR,,,,,,1,5013441733012,Hunter,Hunter,Talla,39,,1,
19074,variation,WFS1000RGL-MLR40/41,,Botas De Agua Bajas Y Brillantes Original Para Mujer Rojo Militar - 40/41,1,0,visible,,,,,taxable,parent,0,0,,0,0,1.9,20,,10,0,,72594,120990,,,,,,,WFS1000RGL-MLR,,,"D62SI, UAH3031WXA-MRG",,,1,5013441405094,Hunter,Hunter,Talla,40/41,,1,
19088,variation,WFS1043RMA-SUG37,,Botas Chelsea Original Para Mujer Verde Suculenta - 37,1,0,visible,,,,,taxable,parent,0,0,,0,0,1.5,26,,11,0,,70194,116990,,,,,,,WFS1043RMA-SUG,,,"UBB6017ACD-DOV, UBP1152KBM-BLK",,,1,5054916117944,Hunter,Hunter,Talla,37,,1,
19111,variation,WFS2020RMA-ZNC36,,Botas De Agua Bajas Original Play Para Mujer ZNC - 36,1,0,visible,,,,,taxable,parent,0,0,,0,0,1.5,32,,12,0,,59994,99990,,,,,,,WFS2020RMA-ZNC,,,,,,1,5054916381284,Hunter,Hunter,Talla,36,,1,
19122,variation,WFT1000RGL-NVY40/41,,Botas Altas Y Brillantes Original Para Mujer Azul Marino - 40/41,1,0,visible,,,,,taxable,parent,0,0,,0,0,2,32,,11,0,,77994,129990,,,,,,,WFT1000RGL-NVY,,,"UBB6017ACD-BTB, UBP7020KBM-NVY",,,1,5013441413358,Hunter,Hunter,Talla,40/41,,1,
19123,variation,WFT1000RGL-RVI36,,Botas Altas Y Brillantes Original Para Mujer Morada - 36,1,0,visible,,,,,taxable,parent,0,0,,0,0,2,35,,12,0,,77994,129990,,,,,,,WFT1000RGL-RVI,,,,,,1,5054916097895,Hunter,Hunter,Talla,36,,1,
19133,variation,WFT1001RGL-BLK40/41,,Botas De Agua Altas Y Ajustables Por Detrás Para Mujer Negro - 40/41,1,0,visible,,,,,taxable,parent,0,0,,0,0,2,32,,11,0,,107994,179990,,,,,,,WFT1001RGL-BLK,,,"UZC3011XXX-CLR, UAS3036AAB-GRG, UZF3003LSK-NTR",,,1,5013441419466,Hunter,Hunter,Talla,40/41,,1,
19140,variation,WFT1001RMA-BLK42,,Botas De Agua Altas Y Ajustables Por Detrás Original Para Mujer Negro - 42,1,0,visible,,,,,taxable,parent,0,0,,0,0,2,32,,11,0,,107994,179990,,,,,,,WFT1001RMA-BLK,,,"UAS3036AAB-HWT, AC1SI, UAH3031WXA-GZB, UZF3003LSK-NTR",,,1,5013441579115,Hunter,Hunter,Talla,42,,1,
19147,variation,WFT1071RMA-BLK37,,Botas Original Refined Para Mujer Negro - 37,1,0,visible,,,,,taxable,parent,1,1,,0,0,2,35,,12,0,,101994,169990,,,,,,,WFT1071RMA-BLK,,,"D62SI, UAH3031WXA-GZB",,,1,5054916020251,Hunter,Hunter,Talla,37,,1,
19152,variation,WFT2007EXL-OEX36,,Botas Altas Original Play Con Logotipo Ampliado Para Mujer - 36,1,0,visible,,,,,taxable,parent,0,0,,0,0,2,32,,13,0,,65400,109000,,,,,,,WFT2007EXL-OEX,,,,,,1,5054916630078,Hunter,Hunter,Talla,36,,1,
19158,variation,WFT2007RMA-BLK36,,Botas De Agua Altas Original Play Para Mujer BLK - 36,1,0,visible,,,,,taxable,parent,0,0,,0,0,2,32,,13,0,,65994,109990,,,,,,,WFT2007RMA-BLK,,,,,,1,5054916380584,Hunter,Hunter,Talla,36,,1,
19164,variation,WFT2007RMA-LIH36,,Botas De Agua Altas Original Play Para Mujer LIH - 36,1,0,visible,,,,,taxable,parent,0,0,,0,0,2,32,,13,0,,53994,89990,,,,,,,WFT2007RMA-LIH,,,,,,1,5054916450195,Hunter,Hunter,Talla,36,,1,
19170,variation,WFT2007RMA-LRD36,,Botas De Agua Altas Original Play Para Mujer LRD - 36,1,0,visible,,,,,taxable,parent,0,0,,0,0,2,32,,13,0,,65994,109990,,,,,,,WFT2007RMA-LRD,,,,,,1,5054916633901,Hunter,Hunter,Talla,36,,1,
19181,variation,WFT2007RMA-ZNC42,,Botas De Agua Altas Original Play Para Mujer ZNC - 42,1,0,visible,,,,,taxable,parent,0,0,,0,0,2,32,,13,0,,65994,109990,,,,,,,WFT2007RMA-ZNC,,,,,,1,5054916380775,Hunter,Hunter,Talla,42,,1,
19186,variation,WFT2041RMA-BLK40/41,,Botas Altas Aislantes Original Para Mujer BLK - 40/41,1,0,visible,,,,,taxable,parent,0,0,,0,0,2,32,,13,0,,107994,179990,,,,,,,WFT2041RMA-BLK,,,"UAH3031WXA-GZB, UBP1152KBM-MLR",,,1,5054916540292,Hunter,Hunter,Talla,40/41,,1,
19192,variation,WFT2052NRE-BLK40/41,,Botas Estilo Sherpa Con Parte Superior Enrollable Para Mujer Negro - 40/41,1,0,visible,,,,,taxable,parent,0,0,,0,0,2,32,,13,0,,86994,144990,,,,,,,WFT2052NRE-BLK,,,"UAH3031WXA-MRG, UBB6017ACD-MLR",,,1,5054916540711,Hunter,Hunter,Talla,40/41,,1,
19204,variation,WFT2078RMA-BHE40/41,,Botas Altas Calendar Original Para Mujer - 40/41,1,0,visible,,,,,taxable,parent,0,0,,0,0,2,32,,13,0,,92994,154990,,,,,,,WFT2078RMA-BHE,,,"UAH3031WXA-MRG, UBP7020KBM-NVY",,,1,5054916633802,Hunter,Hunter,Talla,40/41,,1,
19328,variable,MFT9000RMA-BLK,,Botas De Agua Altas Original Para Hombre Negra,0,0,visible,,"Diseñada para proteger de los elementos, esta bota de agua alta Original ha sido la esencia de la marca Hunter Original desde su presentación en 1956. Elaborado con caucho natural, cada par está formado por 28 piezas cortadas a mano y se ensambla durante tres días sobre una horma de aluminio realizada a medida para Hunter, antes de someterse al proceso de vulcanizado para ofrecer mayor protección. Con el dibujo de Hunter Original y un cómodo forro de poliéster, esta bota impermeable para hombre con un clásico acabado mate es un accesorio imprescindible para los días de lluvia. Recomendamos utilizar calcetines con todas las botas Hunter para proteger la piel del contacto con el caucho. Todos los calcetines para botas Hunter están especialmente diseñados para su uso con nuestra gama de botas e incluyen una vuelta en la parte superior que permite cubrir el caucho y el nailon del borde de la bota, evitando así cualquier roce durante el uso.\n\n- Completamente impermeables\n\n- Elaboradas a mano a partir de 28 piezas\n\n- Ajuste normal\n\n- Forro de poliéster\n\n- Suela de goma con dibujo de Hunter Original\n\n- Confeccionadas en caucho vulcanizado natural con acabado mate",,,taxable,,0,,,0,0,,,,,0,,,,"Tipo de producto > Botas, Género, Género > Hombre, Tipo de producto","Impermeables, Invierno, Ofertas",,"https://trendseeker.cl/wp-content/uploads/2022/11/JFT6000RMA-HGR.jpg, https://trendseeker.cl/wp-content/uploads/2023/07/Botas-largas-hombre-Hunter-1.png, https://trendseeker.cl/wp-content/uploads/2023/07/MFT9000RMA-BLK-2.jpg, https://trendseeker.cl/wp-content/uploads/2023/07/WFT1000RMA-BLK-3-1.jpg, https://trendseeker.cl/wp-content/uploads/2023/07/WFT1000RMA-BLK-4-1.jpg",,,,,,"UAS3036AAB-HWT, UZC3011XXX-CLR, UAS3036AAB-BLK",,,1,,Hunter,Hunter,Talla,"39, 40/41, 42, 43, 44, 45/46",1,1,
19351,variation,MFT9000RMA-BLK39,,Botas De Agua Altas Original Para Hombre Negra - 39,1,0,visible,,,,,taxable,parent,0,0,,0,0,2,28,,13,0,,95994,159990,,,,,,,MFT9000RMA-BLK,,,"UAS3036AAB-HWT, UZC3011XXX-CLR, UAS3036AAB-BLK",,,1,5013441371016,Hunter,Hunter,Talla,39,,1,
19363,variation,MFT9000RMA-DOV47,,Botas De Agua Altas Original Para Hombre Verde Oliva - 47,1,0,visible,,,,,taxable,parent,0,0,,0,0,2,28,,13,0,,95994,159990,,,,,,,MFT9000RMA-DOV,,,,,,1,5013441371214,Hunter,Hunter,Talla,47,,1,
19364,variation,WFT1000RMA-BLK36,,Botas De Agua Altas Original Para Mujer - 36,1,0,visible,,,,,taxable,parent,0,0,,0,0,2,35,,12,0,,101994,169990,,,,,,,WFT1000RMA-BLK,,,"UAS3036AAB-GZB, UAS3036AAB-BLK, UAS3036AAB-GRG",,,1,5013441352831,Hunter,Hunter,Talla,36,,1,
19481,variation,WFT1009NRE-BLK 37,,Bota Ecuestre de Neopreno elástico - 37,1,0,visible,,,,,taxable,parent,0,0,,0,0,,,,,0,,83994,139990,,,,,,,WFT1009NRE-BLK,,,"UAH3031WXA-GZB, UBP7020KBM-BTB",,,1,,Hunter,Hunter,Talla,37,,1,
19485,variation,JFT6000RMA-NVY31,,Botas De Agua Original Para Niños Azul Marino - 31,1,0,visible,,,,,taxable,parent,1,8,,0,0,1.7,32,,14,0,,47994,79990,,,,,,,JFT6000RMA-NVY,,,,,,1,5013441356570,Hunter,Hunter,Talla,31,,1,
19487,variation,JFT6000RMA-BLK 31,,Botas De Agua Original Para Niños - 31,1,0,visible,,,,,taxable,parent,1,11,,0,0,1.7,32,,14,0,,47994,79990,,,,,,,JFT6000RMA-BLK,,,,,,1,5013441355672,Hunter,Hunter,Talla,31,,1,
19497,variation,WFS1051RMA-BLK36,,BOTA ANKLE BLACK - 36,1,0,visible,,,,,taxable,parent,0,0,,0,0,,,,,0,,80994,134990,,,,,,,WFS1051RMA-BLK,,,"W14SI, UBB6017ACD-MLR",,,1,,Hunter,Hunter,Talla,36,,1,
19518,variation,WFS2020RMA-BBO36,,Botas De Agua Bajas Original Play Para Mujer Celeste - 36,1,0,visible,,,,,taxable,parent,0,0,,0,0,,,,,0,,65994,109990,,,,,,,WFS2020RMA-BBO,,,"UAH3031WXA-MRG, UBP7020KBM-NVY",,,1,5054916618779,Hunter,Hunter,Talla,36,,1,
19648,variation,WFF1088RMA-DOC36,,Zueco de Jardin para Mujer Verde Oliva - 36,1,0,visible,,,,,taxable,parent,1,12,,0,0,,,,,0,,53994,89990,,,,,,,WFF1088RMA-DOC,,,,,,1,5054916827782,Hunter,Hunter,Talla,36,,1,
19863,variation,WFS2018RMA-DOC36,,Bota Corta de Jardinera - 36,1,0,visible,,,,,taxable,parent,1,12,,0,0,,,,,0,,68994,114990,,,,,,,WFS2018RMA-DOC,,,,,,1,5054916802444,Hunter,Hunter,Talla,36,,1,
19991,variation,WFT2200RMA-BLK36,,BOTAS DE AGUA LARGAS PARA MUJER SLIM FIT (ajustadas) - 36,1,0,visible,,,,,taxable,parent,0,0,,0,0,,,,,0,,95994,159990,,,,,,,WFT2200RMA-BLK,,,"UAS3036AAB-HWT, UZF3003LSK-NTR",,,1,5054916809429,Hunter,Hunter,Talla,36,,1,
19996,variation,WFS2200RMA-BLK36,,BOTAS REFINED CORTAS PARA MUJER NEGRO - 36,1,0,visible,,,,,taxable,parent,0,0,,0,0,,,,,0,,89994,149990,,,,,,,WFS2200RMA-BLK,,,,,,1,5054916809283,Hunter,Hunter,Talla,36,,1,
20002,variation,WFS2106WWU-BLK36,,Bota Nieve Negra - 36,1,0,visible,,,,2026-07-19 23:59:59,taxable,parent,0,0,,0,0,,,,,0,,83994,139990,,,,,,,WFS2106WWU-BLK,,,,,,1,5054916732246,Hunter,Hunter,Talla,36,,1,
20171,variation,WFS2010CNV-BLK36,,Botas Commando Desert Mujer Negras - 36,1,0,visible,,,,,taxable,parent,0,0,,0,0,,,,,0,,83994,139990,,,,,,,WFS2010CNV-BLK,,,,,,1,5054916895538,Hunter,Hunter,Talla,36,,1,
20184,variation,WFS2010CNV-ATM40,,Botas Commando Desert Mujer Verde Musgo - 40/41,1,0,visible,,,,,taxable,parent,0,0,,0,0,,,,,0,,83994,139990,,,,,,,WFS2010CNV-ATM,,,,,,1,5054916895712,Hunter,Hunter,Talla,40/41,,1,
20189,variation,MFS9000CNV-ATM39,,Botas Commando Desert Hombre Verde Musgo - 39,1,0,visible,,,,,taxable,parent,1,12,,0,0,,,,,0,,83994,139990,,,,,,,MFS9000CNV-ATM,,,,,,1,5054916895910,Hunter,Hunter,Talla,39,,1,
20203,variation,WFS1018RMA-DOV37,,Bota Commando Chelsea Verde Militar - 37,1,0,visible,,,,,taxable,parent,0,0,,0,0,,,,,0,,86994,144990,,,,,,,WFS1018RMA-DOV,,,,,,1,5054916897280,Hunter,Hunter,Talla,37,,1,
20215,variation,WFS1018RMA-BLK40,,Bota Commando Chelsea Negro - 40/41,1,0,visible,,,,,taxable,parent,0,0,,0,0,,,,,0,,86994,144990,,,,,,,WFS1018RMA-BLK,,,,,,1,,Hunter,Hunter,Talla,40/41,,1,
20220,variation,WFS1000RMA-OVL36,,Botas de Agua Bajas para Mujer Hoja de Olivo - 36,1,0,visible,,,,,taxable,parent,0,0,,0,0,,,,,0,,72594,120990,,,,,,,WFS1000RMA-OVL,,,"WAS1017AAC-WHT, WAS1017AAC-WHTL, WAS1017AAC-BLK",,,1,5054916916899,Hunter,Hunter,Talla,36,,1,
20228,variation,MFS9000CNV-BLK39,,Botas Commando Desert Hombre Negras - 39,1,0,visible,,,,,taxable,parent,0,0,,0,0,,,,,0,,83994,139990,,,,,,,MFS9000CNV-BLK,,,,,,1,,Hunter,Hunter,Talla,39,,1,
20235,variation,WFS1013RMA-GSC36,,Botas De Agua Baja y Ajustables Por Detrás Para Mujer Rosado Oscuro - 36,1,0,visible,,,,,taxable,parent,0,0,,0,0,,,,,0,,86994,144990,,,,,,,WFS1013RMA-GSC,,,,,,1,5054916887687,Hunter,Hunter,Talla,36,,1,
20243,variation,WFT1000RMA-OVL36,,Botas de Agua Altas para Mujer Hoja de Olivo - 36,1,0,visible,,,,2026-07-19 23:59:59,taxable,parent,0,0,,0,0,,,,,0,,101994,169990,,,,,,,WFT1000RMA-OVL,,,"UAS3036AAB-GZB, UAS3036AAB-GRG, UAS3000AAA-HWT, UZF3003LSK-NTR",,,1,5054916916967,Hunter,Hunter,Talla,36,,1,
20253,variation,WFT1000RMA-SWG36,,Botas de Agua Altas para Mujer Verde Sweet Gale - 36,1,0,visible,,,,2026-07-19 23:59:59,taxable,parent,0,0,,0,0,,,,,0,,101994,169990,,,,,,,WFT1000RMA-SWG,,,"UAS3036AAB-BLK, UAS3036AAB-GRG, UZF3003LSK-NTR",,,1,5054916888660,Hunter,Hunter,Talla,36,,1,
20261,variation,WFT1001RMA-GSC36,,Botas De Agua Altas Y Ajustables Por Detrás Para Mujer Glenmore Rosa - 36,1,0,visible,,,,2026-07-19 23:59:59,taxable,parent,0,0,,0,0,,,,,0,,107994,179990,,,,,,,WFT1001RMA-GSC,,,"UAS3036AAB-BLK, UZC4007XXX-CLR, UZF3003LSK-NTR",,,1,5054916888875,Hunter,Hunter,Talla,36,,1,
20274,variation,WFS1000RMA-MLR36,,Botas de Agua Bajas para Mujer Rojo Militar - 36,1,0,visible,,,,,taxable,parent,1,11,,0,0,,,,,0,,80994,134990,,,,,,,WFS1000RMA-MLR,,,"WAS1017AAC-WHT, UZC3011XXX-CLR, UBB1210KBM-BLK",,,1,5013441406824,Hunter,Hunter,Talla,36,,1,
20283,variation,WFT2007RMA-ATM36,,Botas De Agua Altas Original Play Para Mujer Verde Musgo - 36,1,0,visible,,,,2026-07-19 23:59:59,taxable,parent,0,0,,0,0,1,32,,13,0,,65994,109990,,,,,,,WFT2007RMA-ATM,,,"UAS3036AAB-HWT, UZF3003LSK-NTR",,,1,5054916857475,Hunter,Hunter,Talla,36,,1,
20307,variation,,,Botas De Agua Altas Original Para Mujer - Brillante / Gloss - 38,1,0,visible,,,,,taxable,parent,0,0,,0,0,,,,,0,,77994,129990,,,,,,,WFT1000RGL-BCE,,,,,,1,,Hunter,Hunter,Talla,38,,1,
20313,variation,WFS1020RMA-ATM36,,Botas de Agua Bajas Play Neopreno Verde Musgo Mujer - 36,1,0,visible,,,,,taxable,parent,0,0,,0,0,,,,,0,,65994,109990,,,,,,,WFS1020RMA-ATM,,,"WFS2048RMA-BLK, UAH3345WXA-BLK",,,1,,Hunter,Hunter,Talla,36,,1,
20324,variation,WFS1020RMA-BLK36,,Botas de Agua Bajas Play Neopreno Black Mujer - 36,1,0,visible,,,,,taxable,parent,0,0,,0,0,,,,,0,,65994,109990,,,,,,,WFS1020RMA-BLK,,,"WFS2006RMA-BLK, UAH3031WXA-MRG, UBB2004KBM-DOV",,,1,,Hunter,Hunter,Talla,36,,1,
20334,variation,WFT2007RMA-KOM36,,Botas De Agua Altas Original Play Para Mujer Kombu - 36,1,0,visible,,,,,taxable,parent,0,0,,0,0,,,,,0,,65994,109990,,,,,,,WFT2007RMA-KOM,,,"UAH3345WXA-BLK, UAS3036AAB-GZB, UBP7012KBM-BLK, UZF3003LSK-NTR",,,1,5054916619127,Hunter,Hunter,Talla,36,,1,
20347,variation,WFT2052NRE-DOV37,,Botas Estilo Sherpa Con Parte Superior Enrollable Para Mujer Verde Oliva - 37,1,0,visible,,,,,taxable,parent,1,63,,0,0,,,,,0,,86994,144990,,,,,,,WFT2052NRE-DOV,,,"UAH3031WXA-GZB, UBB1204KBM-BLK, UAU1004UPM-BLK",,,1,5054916744706,Hunter,Hunter,Talla,37,,1,
20355,variation,JFT6000RMA-HGR31,,Botas De Agua Original Para Niños Verde - 31,1,0,visible,,,,,taxable,parent,1,9,,0,0,1.7,32,,14,0,,47994,79990,,,,,,,JFT6000RMA-HGR,,,"JBB1119KBM-NVY, JBB1119KBM-RBP",,,1,5013441725833,Hunter,Hunter,Talla,31,,1,
20434,variation,WFS2236NYL-BLK36,,Botas Commando Explorer Aislantes Para Mujer Negro - 36,1,0,visible,,,2026-06-12 0:00:00,2026-07-19 23:59:59,taxable,parent,0,0,,0,0,,,,,0,,119994,199990,,,,,,,WFS2236NYL-BLK,,,"WFS1018RMA-DOV, WFS2010CNV-BLK, WFS2010CNV-ATM",,,1,5054916951272,Hunter,Hunter,Talla,36,,1,
20444,variation,WFS2236NYL-MRF36,,Botas Commando Explorer Aislantes Para Mujer Berry - 36,1,0,visible,,,,,taxable,parent,0,0,,0,0,,,,,0,,119994,199990,,,,,,,WFS2236NYL-MRF,,,"WFS1018RMA-BLK, WFS2010CNV-BLK, WFS2236NYL-BLK",,,1,5054916951340,Hunter,Hunter,Talla,36,,1,
20507,variation,UFF1102EVA-BLK43,,Zueco In & Out Espuma de Alga Negro - 43,1,0,visible,,,,,taxable,parent,1,12,,0,0,,,,,0,,29994,49990,,,,,,,UFF1102EVA-BLK,,,,,,1,5052956015862,Hunter,Hunter,Talla,43,,1,
20672,variation,MFS2335LNR-BLK44,,Botas Commando de Piel Con Cordones Urban Explorer Para Hombre - 44,1,0,visible,,,,,taxable,parent,1,6,,0,0,,,,,0,,137994,229990,,,,,,,MFS2335LNR-BLK,,,"MFS9000CNV-ATM, MFT9000RMA-DOV, MRO4245WAP-BLK",,,1,,Hunter,Hunter,Talla,44,,1,
21203,variation,WFS2336REN-BLK-36,,Botas Commando Travel Explorer Black - Mujer - 36,1,0,visible,,,,,taxable,parent,0,0,,0,0,,,,,0,,119994,199990,,,,,,,WFS2336REN-BLK,,,"WFS1018RMA-BLK, WFS2010CNV-BLK, WFS2010CNV-ATM",,,1,5052956048631,Hunter,Hunter,Talla,36,,1,
21210,variation,WFS2336REN-SED-36,,Botas Commando Travel Explorer White - Mujer - 36,1,0,visible,,,,,taxable,parent,1,1,,0,0,,,,,0,,119994,199990,,,,,,,WFS2336REN-SED,,,,,,1,5052956040710,Hunter,Hunter,Talla,36,,1,
21224,variation,WFT2235RMA-BLK-36,,Botas Play Alta Aislante Con Forro De Shearling Black Para Mujer - 36,1,0,visible,,,,2026-07-19 23:59:59,taxable,parent,0,0,,0,0,,,,,0,,83994,139990,,,,,,,WFT2235RMA-BLK,,,"WFS2020RMA-BBO, WFS2020RMA-BLK, WFS2020RMA-LRD",,,1,5054916957205,Hunter,Hunter,Talla,36,,1,
21235,variation,WFT2235RMA-WHW-36,,Botas Play Altas Aislante Con Forro - Shearling White - Mujer - 36,1,0,visible,,,,,taxable,parent,1,9,,0,0,,,,,0,,83994,139990,,,,,,,WFT2235RMA-WHW,,,"WFS2020RMA-BBO, WFS2020RMA-BLK, WFS2020RMA-LRD",,,1,5054916957410,Hunter,Hunter,Talla,36,,1,
21839,variation,WFS1018RGL-BLK36,,Botas Chelsea Commando Negras Brillantes Para Mujer - 36,1,0,visible,,,,,taxable,parent,0,0,,0,0,,,,,0,,89994,149990,,,,,,,WFS1018RGL-BLK,,,"WFS2006RMA-BLK, WFS1043RMA-MLR, WFS1043RMA-SUG",,,1,5054916921480,Hunter,Hunter,size,36,,1,
21850,variable,WFS1018RMA-CAS,,Botas Chelsea Commando Para Mujer Gris Pálido,1,0,visible,,"La Bota Chelsea Militar con certificación FSC® ha sido elaborada utilizando caucho natural de los bosques auditado de forma independiente según los estándares de Forest Stewardship Council® Estas botas 100% waterproof han sido hechas a mano a partir de estándares estrictos para proteger los bosques, así como los animales y las comunidades que dependen de ellos.\n\nElaboradas a partir de caucho vegano con certificado FSC®, las Botas Militares Chelsea 100% impermeables son una nueva adición a nuestra icónica colección Original. Conservando todas las características queridas de la bota Chelsea Original, como el fuelle flexible y el agarre Hunter, esta nueva silueta tiene un perfil más alto, llegando 15 mm más arriba en la pierna. Este estilo Chelsea híbrido militares de mujer también cuenta con un forro y plantilla de poliéster reciclado actualizado.\n<div class=""copy trim-stacked-margins has-inner-html product-page-description__features"">\n<ul>\n 	<li>Vegano certificado</li>\n 	<li>Waterproof</li>\n 	<li>Hecho a mano</li>\n 	<li>Plantilla y forro de poliéster reciclado</li>\n 	<li>Suela de caucho moldeada con patrón de Hunter Original</li>\n 	<li>Fuelles laterales elásticos y lengüeta de nylon para facilitar la entrada del pie</li>\n 	<li>Elaboradas a partir de caucho natural vulcanizado de una plantación con certificado FSC®</li>\n</ul>\n</div>",,,taxable,,1,,,0,0,,,,,0,,,,"Tipo de producto > Botas, Género, Género > Mujer, Tipo de producto","Botas, Gris, Hunter, Impermeables, Vegano, Ofertas",,"https://trendseeker.cl/wp-content/uploads/2023/11/WFS1018RMA-CAS1.png, https://trendseeker.cl/wp-content/uploads/2023/07/Botas-chelsea-cortas-mujer-Hunter-6.png, https://trendseeker.cl/wp-content/uploads/2023/05/WFS1018RMA-CAS2.png, https://trendseeker.cl/wp-content/uploads/2023/05/WFS1018RMA-CAS3.png, https://trendseeker.cl/wp-content/uploads/2023/05/WFS1018RMA-CAS4.png",,,,,,"WFS1018RMA-BLK, WFS2006RMA-BLK",,,223,,Hunter,Hunter,size,"36, 37, 38, 39, 40/41",1,1,
21851,variation,WFS1018RMA-CAS36,,Botas Chelsea Commando Para Mujer Gris Pálido - 36,1,0,visible,,,,,taxable,parent,0,0,,0,0,,,,,0,,89994,149990,,,,,,,WFS1018RMA-CAS,,,"WFS1018RMA-BLK, WFS2006RMA-BLK",,,1,5054916901390,Hunter,Hunter,size,36,,1,
21877,variation,WFS2240NRE-BWI36,,Bota Enrollable - Sherpa Vegano - Mujeres - Negro con Blanco - 36,1,0,visible,,,,,taxable,parent,0,0,,0,0,,,,,0,,92994,154990,,,,,,,WFS2240NRE-BWI,,,"WFT2041RMA-BLK, WFT2052NRE-NVY",,,1,5054916964104,Hunter,Hunter,size,36,,1,
21887,variation,WFT2007RMA-APL36,,Botas De Agua Play Altas Para Mujer Rosadas - 36,1,0,visible,,,,,taxable,parent,0,0,,0,0,,,,,0,,65994,109990,,,,,,,WFT2007RMA-APL,,,"WFS2020RMA-BBO, WFS2020RMA-BLK, WFS2020RMA-LRD, UAS3036AAB-HWT, UZF3003LSK-NTR",,,1,5054916889018,Hunter,Hunter,size,36,,1,
21893,variation,WFS2020RMA-APL36,,Botas De Agua Play Cortas Para Mujer Rosada - 36,1,0,visible,,,,,taxable,parent,0,0,,0,0,,,,,0,,59994,99990,,,,,,,WFS2020RMA-APL,,,"WFS2020RMA-BBO, WFS2020RMA-BLK, WFS2020RMA-LRD",,,1,5054916887892,Hunter,Hunter,size,36,,1,
24322,variation,UFF1102EVA-PER43,,Zueco In & Out Espuma de Alga Rosado - 43,1,0,visible,,,,,taxable,parent,1,9,,0,0,,,,,0,,29994,49990,,,,,,,UFF1102EVA-PER,,,,,,1,5052956016166,Hunter,Hunter,Talla,43,,1,
30366,variation,60008-001-1008,840106437504,Botas Deck-Boss Ankle Boot - Black - 8,1,0,visible,,,,,taxable,parent,0,0,,0,0,,,,,0,,,119990,,,,,,,60011-019,,,,,,1,7332525240153,Grundéns,Grundens,Talla,8,,1,
30373,variation,60008-215-1008,,Botas Deck-Boss Ankle Boot - Dark Brown - 8,1,0,visible,,,,,taxable,parent,0,0,,0,0,,,,,0,,,119990,,,,,,,60008-215,,,,,,1,840106466986,Grundéns,Grundens,Talla,8,,1,
30379,variation,60008-355-1008,,Deck-Boss Ankle Boot - Otter - 8,1,0,visible,,,,,taxable,parent,0,0,,0,0,,,,,0,,,119990,,,,,,,60008-355,,,,,,1,840316307147,Grundéns,Grundens,Talla,8,,1,
30388,variation,60011-019-1005,,Botas Deck Boss Ankle Boot Mujer - Iron Gate - 5,1,0,visible,,,,,taxable,parent,0,0,,0,0,,,,,0,,,119990,,,,,,,60011019,,,,,,1,840106467266,Grundéns,Grundens,Talla,5,,1,
30395,variation,60011-355-1006,,Botas Deck Boss Ankle Boot Mujer - Otter - 6,1,0,visible,,,,,taxable,parent,1,1,,0,0,,,,,0,,,119990,,,,,,,60011-355,,,,,,1,840106482177,Grundéns,Grundens,Talla,6,,1,
32836,variation,60043-001-1008,,Deviation Sherpa Ankle Boot Black - 8,1,0,visible,,,,,taxable,parent,1,2,,0,0,,,,,0,,,169990,,,,,,,60043-001,,,,,,1,840316302029,Grundéns,Grundens,Talla,8,,1,
32850,variation,60043-225-1008,,Deviation Sherpa Ankle Boot Silt - 8,1,0,visible,,,,,taxable,parent,1,2,,0,0,,,,,0,,,169990,,,,,,,60043-225,,,,,,1,840316302098,Grundéns,Grundens,Talla,8,,1,
32993,variation,60047-001-1006,,Women's - Deviation Sherpa Ankle Boot Black - Mujer - 6,1,0,visible,,,,,taxable,parent,0,0,,0,0,,,,,0,,,169990,,,,,,,60047-001,,,,,,1,840316302395,Grundéns,Grundens,Talla,6,,1,
32998,variation,60047-225-1006,,Women´s - Deviation Sherpa Ankle Boot Slit - Mujer - 6,1,0,visible,,,,,taxable,parent,0,0,,0,0,,,,,0,,,169990,,,,,,,60047-225,,,,,,1,840316302463,Grundéns,Grundens,Talla,6,,1,
33985,variation,60102-355-1100,,Bankside Wading Boot - Vibram - 10,1,0,visible,,,,,taxable,parent,1,4,,0,0,,,,,0,,,319990,,,,,,,60102-355,,,,,,1,7332525303261,Grundéns,Grundens,Talla,10,,1,
18527,variation,WFS1000RGL-BLK37,,Botas De Agua Bajas Y Brillantes Original Para Mujer Negro - 37,1,0,visible,,,,,taxable,parent,0,0,,0,0,1.9,20,,10,0,,72594,120990,,,,,,,WFS1000RGL-BLK,,,,,,2,5013441352770,Hunter,Hunter,Talla,37,,1,
18539,variation,WFS1000RMA-DOV37,,Botas De Agua Bajas Original Para Mujer Verde Oliva - 37,1,0,visible,,,,,taxable,parent,0,0,,0,0,1.9,20,,10,0,,72594,120990,,,,,,,WFS1000RMA-DOV,,,"UAH3031WXA-GZB, UBP1152KBM-DOV",,,2,5013441406473,Hunter,Hunter,Talla,37,,1,
18557,variation,WFS2020RMA-BLK37,,Botas De Agua Bajas Play Mujer Negro - 37,1,0,visible,,,,,taxable,parent,0,0,,0,0,1.5,32,,12,0,,59994,99990,,,,,,,WFS2020RMA-BLK,,,,,,2,5054916381154,Hunter,Hunter,Talla,37,,1,
18563,variation,WFS2020RMA-LRD37,,Botas de Agua Bajas Play para Mujer Rojo - 37,1,0,visible,,,,,taxable,parent,1,6,,0,0,1.5,32,,12,0,,65994,109990,,,,,,,WFS2020RMA-LRD,,,,,,2,5054916560498,Hunter,Hunter,Talla,37,,1,
18569,variation,WFS2048RMA-BLK37,,Botas De Agua Aislantes Bajas Original Para Mujer BLK - 37,1,0,visible,,,,,taxable,parent,0,0,,0,0,1.5,32,,12,0,,83994,139990,,,,,,,WFS2048RMA-BLK,,,"UAH3031WXA-GZB, UBB6017ACD-BTB",,,2,5054916540056,Hunter,Hunter,Talla,37,,1,
18581,variation,WFT1000RGL-BLK37,,Botas Altas Y Brillantes Original Para Mujer Negro - 37,1,0,visible,,,,2026-07-19 23:59:59,taxable,parent,0,0,,0,0,2,35,,12,0,,101994,169990,,,,,,,WFT1000RGL-BLK,,,"UAH3031WXA-GZB, UAS3036AAB-BLK",,,2,5013441353241,Hunter,Hunter,Talla,37,,1,
18595,variation,WFT1000RGL-DOV37,,Botas Altas Y Brillantes Original Para Mujer Verde Oliva - 37,1,0,visible,,,,,taxable,parent,0,0,,0,0,2,32,,11,0,,77994,129990,,,,,,,WFT1000RGL-DOV,,,,,,2,5054916098465,Hunter,Hunter,Talla,37,,1,
18610,variation,WFT1000RGL-MLR40/41,,Botas Altas Y Brillantes Original Para Mujer Rojo Militar - 40/41,1,0,visible,,,,2026-07-19 23:59:59,taxable,parent,0,0,,0,0,2,32,,11,0,,101994,169990,,,,,,,WFT1000RGL-MLR,,,"UZC3011XXX-CLR, UBB1210KBM-DOV, UZF3003LSK-NTR",,,2,5013441413211,Hunter,Hunter,Talla,40/41,,1,
18613,variation,WFT1000RMA-DOV37,,Botas De Agua Altas Original Para Mujer Verde Oliva - 37,1,0,visible,,,,,taxable,parent,0,0,,0,0,2,35,,12,0,,77994,129990,,,,,,,WFT1000RMA-DOV,,,,,,2,5013441352947,Hunter,Hunter,Talla,37,,1,
18624,variation,WFT1000RMA-HGR36,,Botas De Agua Altas Original Para Mujer Verde - 36,1,0,visible,,,,,taxable,parent,0,0,,0,0,2,35,,12,0,,101994,169990,,,,,,,WFT1000RMA-HGR,,,"UAS3036AAB-HWT, UZF3003LSK-NTR",,,2,5013441578996,Hunter,Hunter,Talla,36,,1,
18637,variation,JFT6000RMA-RBP32,,Botas De Agua Original Para Niños Rosado Brillante - 32,1,0,visible,,,,,taxable,parent,1,13,,0,0,1.7,32,,14,0,,47994,79990,,,,,,,JFT6000RMA-RBP,,,,,,2,5054916210980,Hunter,Hunter,Talla,32,,1,
18643,variation,JFT6000RMA-DOV32,,Botas De Agua Original Para Niños Verde Oliva - 32,1,0,visible,,,,,taxable,parent,1,2,,0,0,1.7,32,,14,0,,47994,79990,,,,,,,JFT6000RMA-DOV,,,,,,2,5054916210928,Hunter,Hunter,Talla,32,,1,
18675,variation,WFT1000RMA-MLR37,,Botas de Agua Altas para Mujer Rojo Militar - 37,1,0,visible,,,,,taxable,parent,0,0,,0,0,2,35,,12,0,,101994,169990,,,,,,,WFT1000RMA-MLR,,,"UAH3031WXA-MRG, UAS3036AAB-GRG",,,2,5013441415864,Hunter,Hunter,Talla,37,,1,
18686,variation,WFT1000RMA-RYL37,,Botas De Agua Altas Original Para Mujer Amarillo - 37,1,0,visible,,,,,taxable,parent,0,0,,0,0,2,35,,12,0,,89994,149990,,,,,,,WFT1000RMA-RYL,,,"UAH3031WXA-MRG, UBB6017ACD-BLK",,,2,5054916097482,Hunter,Hunter,Talla,37,,1,
18691,variation,WFT1000RMA-SIL36,,Botas De Agua Altas Original Para Mujer Plateado - 36,1,0,visible,,,,,taxable,parent,0,0,,0,0,2,35,,12,0,,89994,149990,,,,,,,WFT1000RMA-SIL,,,,,,2,5054916097758,Hunter,Hunter,Talla,36,,1,
19033,variation,JFT6000RMA-FUS34/35,,Botas De Agua Original Para Niños Fucsia - 34/35,1,0,visible,,,,,taxable,parent,0,0,,0,0,1.7,32,,14,0,,47994,79990,,,,,,,JFT6000RMA-FUS,,,,,,2,5013441356068,Hunter,Hunter,Talla,34/35,,1,
19041,variation,MFT9000RMA-HGR40/41,,Botas De Agua Altas Original Para Hombre Verde - 40/41,1,0,visible,,,,,taxable,parent,0,0,,0,0,2,28,,13,0,,89994,149990,,,,,,,MFT9000RMA-HGR,,,,,,2,5013441733029,Hunter,Hunter,Talla,40/41,,1,
19070,variation,WFS1000RGL-MLR36,,Botas De Agua Bajas Y Brillantes Original Para Mujer Rojo Militar - 36,1,0,visible,,,,,taxable,parent,0,0,,0,0,1.9,20,,10,0,,72594,120990,,,,,,,WFS1000RGL-MLR,,,"D62SI, UAH3031WXA-MRG",,,2,5013441405056,Hunter,Hunter,Talla,36,,1,
19091,variation,WFS1043RMA-SUG40/41,,Botas Chelsea Original Para Mujer Verde Suculenta - 40/41,1,0,visible,,,,,taxable,parent,0,0,,0,0,1.5,26,,11,0,,70194,116990,,,,,,,WFS1043RMA-SUG,,,"UBB6017ACD-DOV, UBP1152KBM-BLK",,,2,5054916117975,Hunter,Hunter,Talla,40/41,,1,
19105,variation,WFS2020RMA-LIH36,,Botas De Agua Bajas Original Play Para Mujer LIH - 36,1,0,visible,,,,,taxable,parent,0,0,,0,0,1.5,32,,12,0,,44994,74990,,,,,,,WFS2020RMA-LIH,,,,,,2,5054916449915,Hunter,Hunter,Talla,36,,1,
19112,variation,WFS2020RMA-ZNC37,,Botas De Agua Bajas Original Play Para Mujer ZNC - 37,1,0,visible,,,,,taxable,parent,0,0,,0,0,1.5,32,,12,0,,59994,99990,,,,,,,WFS2020RMA-ZNC,,,,,,2,5054916381291,Hunter,Hunter,Talla,37,,1,
19117,variation,WFT1000RGL-NVY42,,Botas Altas Y Brillantes Original Para Mujer Azul Marino - 42,1,0,visible,,,,,taxable,parent,0,0,,0,0,2,32,,11,0,,77994,129990,,,,,,,WFT1000RGL-NVY,,,"UBB6017ACD-BTB, UBP7020KBM-NVY",,,2,5013441413365,Hunter,Hunter,Talla,42,,1,
19124,variation,WFT1000RGL-RVI37,,Botas Altas Y Brillantes Original Para Mujer Morada - 37,1,0,visible,,,,,taxable,parent,0,0,,0,0,2,35,,12,0,,77994,129990,,,,,,,WFT1000RGL-RVI,,,,,,2,5054916097901,Hunter,Hunter,Talla,37,,1,
19129,variation,WFT1001RGL-BLK36,,Botas De Agua Altas Y Ajustables Por Detrás Para Mujer Negro - 36,1,0,visible,,,,,taxable,parent,0,0,,0,0,2,35,,12,0,,107994,179990,,,,,,,WFT1001RGL-BLK,,,"UZC3011XXX-CLR, UAS3036AAB-GRG, UZF3003LSK-NTR",,,2,5013441419428,Hunter,Hunter,Talla,36,,1,
19139,variation,WFT1001RMA-BLK40/41,,Botas De Agua Altas Y Ajustables Por Detrás Original Para Mujer Negro - 40/41,1,0,visible,,,,,taxable,parent,0,0,,0,0,2,32,,11,0,,107994,179990,,,,,,,WFT1001RMA-BLK,,,"UAS3036AAB-HWT, AC1SI, UAH3031WXA-GZB, UZF3003LSK-NTR",,,2,5013441579108,Hunter,Hunter,Talla,40/41,,1,
19146,variation,WFT1071RMA-BLK36,,Botas Original Refined Para Mujer Negro - 36,1,0,visible,,,,,taxable,parent,0,0,,0,0,2,35,,12,0,,80994,134990,,,,,,,WFT1071RMA-BLK,,,"D62SI, UAH3031WXA-GZB",,,2,5054916020244,Hunter,Hunter,Talla,36,,1,
19153,variation,WFT2007EXL-OEX37,,Botas Altas Original Play Con Logotipo Ampliado Para Mujer - 37,1,0,visible,,,,,taxable,parent,0,0,,0,0,2,32,,13,0,,65400,109000,,,,,,,WFT2007EXL-OEX,,,,,,2,5054916630085,Hunter,Hunter,Talla,37,,1,
19159,variation,WFT2007RMA-BLK37,,Botas De Agua Altas Original Play Para Mujer BLK - 37,1,0,visible,,,,,taxable,parent,0,0,,0,0,2,32,,13,0,,65994,109990,,,,,,,WFT2007RMA-BLK,,,,,,2,5054916380591,Hunter,Hunter,Talla,37,,1,
19165,variation,WFT2007RMA-LIH37,,Botas De Agua Altas Original Play Para Mujer LIH - 37,1,0,visible,,,,,taxable,parent,0,0,,0,0,2,32,,13,0,,53994,89990,,,,,,,WFT2007RMA-LIH,,,,,,2,5054916450201,Hunter,Hunter,Talla,37,,1,
19171,variation,WFT2007RMA-LRD37,,Botas De Agua Altas Original Play Para Mujer LRD - 37,1,0,visible,,,,,taxable,parent,0,0,,0,0,2,32,,13,0,,65994,109990,,,,,,,WFT2007RMA-LRD,,,,,,2,5054916633918,Hunter,Hunter,Talla,37,,1,
19180,variation,WFT2007RMA-ZNC40/41,,Botas De Agua Altas Original Play Para Mujer ZNC - 40/41,1,0,visible,,,,,taxable,parent,0,0,,0,0,2,32,,13,0,,65994,109990,,,,,,,WFT2007RMA-ZNC,,,,,,2,5054916380768,Hunter,Hunter,Talla,40/41,,1,
19182,variation,WFT2041RMA-BLK36,,Botas Altas Aislantes Original Para Mujer BLK - 36,1,0,visible,,,,,taxable,parent,0,0,,0,0,2,32,,13,0,,107994,179990,,,,,,,WFT2041RMA-BLK,,,"UAH3031WXA-GZB, UBP1152KBM-MLR",,,2,5054916540254,Hunter,Hunter,Talla,36,,1,
19188,variation,WFT2052NRE-BLK36,,Botas Estilo Sherpa Con Parte Superior Enrollable Para Mujer Negro - 36,1,0,visible,,,,,taxable,parent,0,0,,0,0,2,32,,13,0,,86994,144990,,,,,,,WFT2052NRE-BLK,,,"UAH3031WXA-MRG, UBB6017ACD-MLR",,,2,5054916540674,Hunter,Hunter,Talla,36,,1,
19200,variation,WFT2078RMA-BHE36,,Botas Altas Calendar Original Para Mujer - 36,1,0,visible,,,,,taxable,parent,0,0,,0,0,2,32,,13,0,,92994,154990,,,,,,,WFT2078RMA-BHE,,,"UAH3031WXA-MRG, UBP7020KBM-NVY",,,2,5054916633765,Hunter,Hunter,Talla,36,,1,
19352,variation,MFT9000RMA-BLK40/41,,Botas De Agua Altas Original Para Hombre Negra - 40/41,1,0,visible,,,,,taxable,parent,0,0,,0,0,2,28,,13,0,,95994,159990,,,,,,,MFT9000RMA-BLK,,,"UAS3036AAB-HWT, UZC3011XXX-CLR, UAS3036AAB-BLK",,,2,5013441371023,Hunter,Hunter,Talla,40/41,,1,
19362,variation,MFT9000RMA-DOV45/46,,Botas De Agua Altas Original Para Hombre Verde Oliva - 45/46,1,0,visible,,,,,taxable,parent,1,14,,0,0,2,28,,13,0,,95994,159990,,,,,,,MFT9000RMA-DOV,,,,,,2,5013441371207,Hunter,Hunter,Talla,45/46,,1,
19365,variation,WFT1000RMA-BLK37,,Botas De Agua Altas Original Para Mujer - 37,1,0,visible,,,,,taxable,parent,0,0,,0,0,2,35,,12,0,,101994,169990,,,,,,,WFT1000RMA-BLK,,,"UAS3036AAB-GZB, UAS3036AAB-BLK, UAS3036AAB-GRG",,,2,5013441352848,Hunter,Hunter,Talla,37,,1,
19470,variation,SON-2,,DAD - 37,1,0,visible,,,,,taxable,parent,1,4,,0,0,1.9,20,,10,0,,,3000,,,,,,,DAD,,,,,,2,5013441352770,,,Talla,37,,1,
19486,variation,JFT6000RMA-NVY32,,Botas De Agua Original Para Niños Azul Marino - 32,1,0,visible,,,,,taxable,parent,1,32,,0,0,1.7,32,,14,0,,47994,79990,,,,,,,JFT6000RMA-NVY,,,,,,2,5013441356587,Hunter,Hunter,Talla,32,,1,
19488,variation,JFT6000RMA-BLK-32,,Botas De Agua Original Para Niños - 32,1,0,visible,,,,,taxable,parent,1,25,,0,0,1.7,32,,14,0,,47994,79990,,,,,,,JFT6000RMA-BLK,,,,,,2,5013441355689,Hunter,Hunter,Talla,32,,1,
19498,variation,WFS1051RMA-BLK37,,BOTA ANKLE BLACK - 37,1,0,visible,,,,,taxable,parent,0,0,,0,0,,,,,0,,80994,134990,,,,,,,WFS1051RMA-BLK,,,"W14SI, UBB6017ACD-MLR",,,2,,Hunter,Hunter,Talla,37,,1,
19519,variation,WFS2020RMA-BBO37,,Botas De Agua Bajas Original Play Para Mujer Celeste - 37,1,0,visible,,,,,taxable,parent,1,11,,0,0,,,,,0,,65994,109990,,,,,,,WFS2020RMA-BBO,,,"UAH3031WXA-MRG, UBP7020KBM-NVY",,,2,5054916618786,Hunter,Hunter,Talla,37,,1,
19649,variation,WFF1088RMA-DOC37,,Zueco de Jardin para Mujer Verde Oliva - 37,1,0,visible,,,,,taxable,parent,1,15,,0,0,,,,,0,,53994,89990,,,,,,,WFF1088RMA-DOC,,,,,,2,5054916827799,Hunter,Hunter,Talla,37,,1,
19864,variation,WFS2018RMA-DOC37,,Bota Corta de Jardinera - 37,1,0,visible,,,,,taxable,parent,1,20,,0,0,,,,,0,,68994,114990,,,,,,,WFS2018RMA-DOC,,,,,,2,5054916802451,Hunter,Hunter,Talla,37,,1,
19992,variation,WFT2200RMA-BLK37,,BOTAS DE AGUA LARGAS PARA MUJER SLIM FIT (ajustadas) - 37,1,0,visible,,,,,taxable,parent,0,0,,0,0,,,,,0,,95994,159990,,,,,,,WFT2200RMA-BLK,,,"UAS3036AAB-HWT, UZF3003LSK-NTR",,,2,5054916809436,Hunter,Hunter,Talla,37,,1,
19997,variation,WFS2200RMA-BLK37,,BOTAS REFINED CORTAS PARA MUJER NEGRO - 37,1,0,visible,,,,,taxable,parent,0,0,,0,0,,,,,0,,89994,149990,,,,,,,WFS2200RMA-BLK,,,,,,2,5054916809290,Hunter,Hunter,Talla,37,,1,
20003,variation,WFS2106WWU-BLK37,,Bota Nieve Negra - 37,1,0,visible,,,,2026-07-19 23:59:59,taxable,parent,0,0,,0,0,,,,,0,,83994,139990,,,,,,,WFS2106WWU-BLK,,,,,,2,5054916732253,Hunter,Hunter,Talla,37,,1,
20158,variable,WFS1018RMA-DOV,,Bota Commando Chelsea Verde Militar,0,0,visible,,"La bota Commando Chelsea con certificación FSC® se elaboró ​​con caucho natural de bosques auditados de forma independiente según los estándares del Forest Stewardship Council®. Estas botas 100% impermeables están hechas a mano con estrictos estándares para proteger los bosques, así como a los animales y las comunidades que dependen de ellos.\n\nFabricado con caucho natural vegano certificado por FSC®, el Commando Chelsea 100% impermeable es una nueva incorporación a nuestra icónica colección Original. Manteniendo todas las características queridas de la bota Chelsea original, como el refuerzo flexible y el agarre Hunter, esta nueva silueta tiene un perfil más alto, alcanzando 15 mm (0,59"") más arriba de la pierna. Este estilo híbrido de comando Chelsea negro para mujer también presenta un reciclado reciclado Forro y plantilla de poliéster.\n<div class=""copy trim-stacked-margins has-inner-html product-page-description__features"">\n<ul>\n 	<li>vegano certificado</li>\n 	<li>Impermeable</li>\n 	<li>Hecho a mano</li>\n 	<li>Forro y plantilla de poliéster reciclado</li>\n 	<li>Suela exterior de goma moldeada con dibujo original de la banda de rodadura de Hunter</li>\n 	<li>Refuerzos laterales elásticos y lengüeta de nailon para facilitar la entrada del pie</li>\n 	<li>Elaborado a partir de caucho vulcanizado natural procedente de una plantación con certificación FSC®</li>\n</ul>\n</div>",,,taxable,,1,144,2,0,0,,,,,0,,,,"Tipo de producto > Botas, Género, Género > Mujer, Tipo de producto","Invierno, Vegano, Verde, Ofertas",,"https://trendseeker.cl/wp-content/uploads/2023/11/WFS1018RMA-DOV-1.jpg, https://trendseeker.cl/wp-content/uploads/2023/07/Botas-chelsea-cortas-mujer-Hunter-4.png, https://trendseeker.cl/wp-content/uploads/2022/11/WFS1018RMA-DOV-2.jpg, https://trendseeker.cl/wp-content/uploads/2022/11/WFS1018RMA-DOV-3.jpg, https://trendseeker.cl/wp-content/uploads/2022/11/WFS1018RMA-DOV-4.jpg",,,,,,,,,2,,Hunter,Hunter,Talla,"36, 37, 38, 39, 40/41",1,1,
20172,variation,WFS2010CNV-BLK37,,Botas Commando Desert Mujer Negras - 37,1,0,visible,,,,,taxable,parent,0,0,,0,0,,,,,0,,83994,139990,,,,,,,WFS2010CNV-BLK,,,,,,2,5054916895545,Hunter,Hunter,Talla,37,,1,
20183,variation,WFS2010CNV-ATM39,,Botas Commando Desert Mujer Verde Musgo - 39,1,0,visible,,,,,taxable,parent,0,0,,0,0,,,,,0,,83994,139990,,,,,,,WFS2010CNV-ATM,,,,,,2,5054916895705,Hunter,Hunter,Talla,39,,1,
20190,variation,MFS9000CNV-ATM40,,Botas Commando Desert Hombre Verde Musgo - 40/41,1,0,visible,,,,,taxable,parent,1,48,,0,0,,,,,0,,83994,139990,,,,,,,MFS9000CNV-ATM,,,,,,2,5054916895927,Hunter,Hunter,Talla,40/41,,1,
20204,variation,WFS1018RMA-DOV38,,Bota Commando Chelsea Verde Militar - 38,1,0,visible,,,,,taxable,parent,0,0,,0,0,,,,,0,,86994,144990,,,,,,,WFS1018RMA-DOV,,,,,,2,5054916897297,Hunter,Hunter,Talla,38,,1,
20212,variation,WFS1018RMA-BLK37,,Bota Commando Chelsea Negro - 37,1,0,visible,,,,,taxable,parent,0,0,,0,0,,,,,0,,86994,144990,,,,,,,WFS1018RMA-BLK,,,,,,2,,Hunter,Hunter,Talla,37,,1,
20223,variation,WFS1000RMA-OVL37,,Botas de Agua Bajas para Mujer Hoja de Olivo - 37,1,0,visible,,,,,taxable,parent,0,0,,0,0,,,,,0,,72594,120990,,,,,,,WFS1000RMA-OVL,,,"WAS1017AAC-WHT, WAS1017AAC-WHTL, WAS1017AAC-BLK",,,2,5054916916905,Hunter,Hunter,Talla,37,,1,
20227,variation,MFS9000CNV-BLK40,,Botas Commando Desert Hombre Negras - 40/41,1,0,visible,,,,,taxable,parent,0,0,,0,0,,,,,0,,83994,139990,,,,,,,MFS9000CNV-BLK,,,,,,2,,Hunter,Hunter,Talla,40/41,,1,
20236,variation,WFS1013RMA-GSC37,,Botas De Agua Baja y Ajustables Por Detrás Para Mujer Rosado Oscuro - 37,1,0,visible,,,,,taxable,parent,0,0,,0,0,,,,,0,,86994,144990,,,,,,,WFS1013RMA-GSC,,,,,,2,5054916887694,Hunter,Hunter,Talla,37,,1,
20244,variation,WFT1000RMA-OVL37,,Botas de Agua Altas para Mujer Hoja de Olivo - 37,1,0,visible,,,,2026-07-19 23:59:59,taxable,parent,0,0,,0,0,,,,,0,,101994,169990,,,,,,,WFT1000RMA-OVL,,,"UAS3036AAB-GZB, UAS3036AAB-GRG, UAS3000AAA-HWT, UZF3003LSK-NTR",,,2,5054916916974,Hunter,Hunter,Talla,37,,1,
20251,variable,WFS1000RMA-MLR,,Botas de Agua Bajas para Mujer Rojo Militar,1,0,visible,,"Perfecta para los días de lluvia, esta bota de agua para mujer es una versión más baja de la clásica bota alta de Hunter Original. Elaborada con caucho natural, cada bota se confecciona y monta de manera artesanal durante tres días antes de someterse al proceso de vulcanizado para ofrecer una mayor protección. Con el dibujo de Hunter Original y un cómodo forro de poliéster, esta bota impermeable de color verde oscuro es un accesorio imprescindible para los días de lluvia.\n\nRecomendamos utilizar calcetines con todas las botas Hunter para proteger la piel del contacto con el caucho. Todos los calcetines para botas Hunter están especialmente diseñados para su uso con nuestra gama de botas e incluyen una vuelta en la parte superior que permite cubrir el caucho y el nailon del borde de la bota, evitando así cualquier roce durante el uso.\n<div class=""copy trim-stacked-margins has-inner-html product-page-description__features"">\n<ul>\n 	<li>Completamente impermeables</li>\n 	<li>Elaboradas a mano a partir de 28 piezas</li>\n 	<li>Ajuste normal</li>\n 	<li>Forro de poliéster</li>\n 	<li>Suela de goma con dibujo de Hunter Original</li>\n 	<li>Confeccionadas en caucho vulcanizado natural con acabado mate</li>\n</ul>\n</div>",,,taxable,,1,192,,0,0,,,,,0,,,,"Tipo de producto > Botas, Género, Género > Mujer, Tipo de producto","Impermeables, Invierno, Ofertas",,"https://trendseeker.cl/wp-content/uploads/2022/11/WFS1000RMA-MLR.jpg, https://trendseeker.cl/wp-content/uploads/2022/11/Botas-cortas-mujer-Hunter.png, https://trendseeker.cl/wp-content/uploads/2022/11/WFS1000RMA-MLR-2.png, https://trendseeker.cl/wp-content/uploads/2022/11/WFS1000RMA-MLR-3.png, https://trendseeker.cl/wp-content/uploads/2022/11/WFS1000RMA-MLR-4.png, https://trendseeker.cl/wp-content/uploads/2022/11/WFS1000RMA-MLR-5.png",,,,,,"WAS1017AAC-WHT, UZC3011XXX-CLR, UBB1210KBM-BLK",,,32,,Hunter,Hunter,Talla,"36, 37, 38, 39, 40/41",1,1,
20254,variation,WFT1000RMA-SWG37,,Botas de Agua Altas para Mujer Verde Sweet Gale - 37,1,0,visible,,,,2026-07-19 23:59:59,taxable,parent,0,0,,0,0,,,,,0,,101994,169990,,,,,,,WFT1000RMA-SWG,,,"UAS3036AAB-BLK, UAS3036AAB-GRG, UZF3003LSK-NTR",,,2,5054916888677,Hunter,Hunter,Talla,37,,1,
20262,variation,WFT1001RMA-GSC37,,Botas De Agua Altas Y Ajustables Por Detrás Para Mujer Glenmore Rosa - 37,1,0,visible,,,,2026-07-19 23:59:59,taxable,parent,0,0,,0,0,,,,,0,,107994,179990,,,,,,,WFT1001RMA-GSC,,,"UAS3036AAB-BLK, UZC4007XXX-CLR, UZF3003LSK-NTR",,,2,5054916888882,Hunter,Hunter,Talla,37,,1,
20284,variation,WFT2007RMA-ATM37,,Botas De Agua Altas Original Play Para Mujer Verde Musgo - 37,1,0,visible,,,,2026-07-19 23:59:59,taxable,parent,0,0,,0,0,2,32,,13,0,,65994,109990,,,,,,,WFT2007RMA-ATM,,,"UAS3036AAB-HWT, UZF3003LSK-NTR",,,2,5054916857482,Hunter,Hunter,Talla,37,,1,
20287,variation,WFS1000RMA-MLR37,,Botas de Agua Bajas para Mujer Rojo Militar - 37,1,0,visible,,,,,taxable,parent,0,0,,0,0,,,,,0,,80994,134990,,,,,,,WFS1000RMA-MLR,,,"WAS1017AAC-WHT, UZC3011XXX-CLR, UBB1210KBM-BLK",,,2,5013441406831,Hunter,Hunter,Talla,37,,1,
20306,variation,,,Botas De Agua Altas Original Para Mujer - Brillante / Gloss - 37,1,0,visible,,,,,taxable,parent,0,0,,0,0,,,,,0,,77994,129990,,,,,,,WFT1000RGL-BCE,,,,,,2,,Hunter,Hunter,Talla,37,,1,
20314,variation,WFS1020RMA-ATM37,,Botas de Agua Bajas Play Neopreno Verde Musgo Mujer - 37,1,0,visible,,,,,taxable,parent,0,0,,0,0,,,,,0,,65994,109990,,,,,,,WFS1020RMA-ATM,,,"WFS2048RMA-BLK, UAH3345WXA-BLK",,,2,,Hunter,Hunter,Talla,37,,1,
20325,variation,WFS1020RMA-BLK37,,Botas de Agua Bajas Play Neopreno Black Mujer - 37,1,0,visible,,,,,taxable,parent,0,0,,0,0,,,,,0,,65994,109990,,,,,,,WFS1020RMA-BLK,,,"WFS2006RMA-BLK, UAH3031WXA-MRG, UBB2004KBM-DOV",,,2,,Hunter,Hunter,Talla,37,,1,
20335,variation,WFT2007RMA-KOM37,,Botas De Agua Altas Original Play Para Mujer Kombu - 37,1,0,visible,,,,,taxable,parent,0,0,,0,0,,,,,0,,65994,109990,,,,,,,WFT2007RMA-KOM,,,"UAH3345WXA-BLK, UAS3036AAB-GZB, UBP7012KBM-BLK, UZF3003LSK-NTR",,,2,5054916619134,Hunter,Hunter,Talla,37,,1,
20349,variation,WFT2052NRE-DOV39,,Botas Estilo Sherpa Con Parte Superior Enrollable Para Mujer Verde Oliva - 39,1,0,visible,,,,,taxable,parent,1,52,,0,0,,,,,0,,86994,144990,,,,,,,WFT2052NRE-DOV,,,"UAH3031WXA-GZB, UBB1204KBM-BLK, UAU1004UPM-BLK",,,2,5054916744720,Hunter,Hunter,Talla,39,,1,
20356,variation,JFT6000RMA-HGR32,,Botas De Agua Original Para Niños Verde - 32,1,0,visible,,,,,taxable,parent,1,22,,0,0,1.7,32,,14,0,,47994,79990,,,,,,,JFT6000RMA-HGR,,,"JBB1119KBM-NVY, JBB1119KBM-RBP",,,2,5013441725840,Hunter,Hunter,Talla,32,,1,
20435,variation,WFS2236NYL-BLK37,,Botas Commando Explorer Aislantes Para Mujer Negro - 37,1,0,visible,,,2026-06-12 0:00:00,2026-07-19 23:59:59,taxable,parent,0,0,,0,0,,,,,0,,119994,199990,,,,,,,WFS2236NYL-BLK,,,"WFS1018RMA-DOV, WFS2010CNV-BLK, WFS2010CNV-ATM",,,2,5054916951289,Hunter,Hunter,Talla,37,,1,
20445,variation,WFS2236NYL-MRF37,,Botas Commando Explorer Aislantes Para Mujer Berry - 37,1,0,visible,,,,,taxable,parent,0,0,,0,0,,,,,0,,119994,199990,,,,,,,WFS2236NYL-MRF,,,"WFS1018RMA-BLK, WFS2010CNV-BLK, WFS2236NYL-BLK",,,2,5054916951357,Hunter,Hunter,Talla,37,,1,
20508,variation,UFF1102EVA-BLK44,,Zueco In & Out Espuma de Alga Negro - 44,1,0,visible,,,,,taxable,parent,1,12,,0,0,,,,,0,,29994,49990,,,,,,,UFF1102EVA-BLK,,,,,,2,5052956015794,Hunter,Hunter,Talla,44,,1,
20673,variation,MFS2335LNR-BLK45,,Botas Commando de Piel Con Cordones Urban Explorer Para Hombre - 45/46,1,0,visible,,,,,taxable,parent,1,12,,0,0,,,,,0,,137994,229990,,,,,,,MFS2335LNR-BLK,,,"MFS9000CNV-ATM, MFT9000RMA-DOV, MRO4245WAP-BLK",,,2,,Hunter,Hunter,Talla,45/46,,1,
21204,variation,WFS2336REN-BLK-37,,Botas Commando Travel Explorer Black - Mujer - 37,1,0,visible,,,,,taxable,parent,0,0,,0,0,,,,,0,,119994,199990,,,,,,,WFS2336REN-BLK,,,"WFS1018RMA-BLK, WFS2010CNV-BLK, WFS2010CNV-ATM",,,2,5052956048648,Hunter,Hunter,Talla,37,,1,
21211,variation,WFS2336REN-SED-37,,Botas Commando Travel Explorer White - Mujer - 37,1,0,visible,,,,,taxable,parent,0,0,,0,0,,,,,0,,119994,199990,,,,,,,WFS2336REN-SED,,,,,,2,5052956040727,Hunter,Hunter,Talla,37,,1,
21225,variation,WFT2235RMA-BLK-37,,Botas Play Alta Aislante Con Forro De Shearling Black Para Mujer - 37,1,0,visible,,,,2026-07-19 23:59:59,taxable,parent,0,0,,0,0,,,,,0,,83994,139990,,,,,,,WFT2235RMA-BLK,,,"WFS2020RMA-BBO, WFS2020RMA-BLK, WFS2020RMA-LRD",,,2,5054916957212,Hunter,Hunter,Talla,37,,1,
21236,variation,WFT2235RMA-WHW-37,,Botas Play Altas Aislante Con Forro - Shearling White - Mujer - 37,1,0,visible,,,,,taxable,parent,1,28,,0,0,,,,,0,,83994,139990,,,,,,,WFT2235RMA-WHW,,,"WFS2020RMA-BBO, WFS2020RMA-BLK, WFS2020RMA-LRD",,,2,5054916957427,Hunter,Hunter,Talla,37,,1,
21841,variation,WFS1018RGL-BLK37,,Botas Chelsea Commando Negras Brillantes Para Mujer - 37,1,0,visible,,,,,taxable,parent,1,13,,0,0,,,,,0,,89994,149990,,,,,,,WFS1018RGL-BLK,,,"WFS2006RMA-BLK, WFS1043RMA-MLR, WFS1043RMA-SUG",,,2,5054916921497,Hunter,Hunter,size,37,,1,
21852,variation,WFS1018RMA-CAS37,,Botas Chelsea Commando Para Mujer Gris Pálido - 37,1,0,visible,,,,,taxable,parent,1,4,,0,0,,,,,0,,89994,149990,,,,,,,WFS1018RMA-CAS,,,"WFS1018RMA-BLK, WFS2006RMA-BLK",,,2,5054916901406,Hunter,Hunter,size,37,,1,
21878,variation,WFS2240NRE-BWI37,,Bota Enrollable - Sherpa Vegano - Mujeres - Negro con Blanco - 37,1,0,visible,,,,,taxable,parent,0,0,,0,0,,,,,0,,92994,154990,,,,,,,WFS2240NRE-BWI,,,"WFT2041RMA-BLK, WFT2052NRE-NVY",,,2,5054916964111,Hunter,Hunter,size,37,,1,
21888,variation,WFT2007RMA-APL37,,Botas De Agua Play Altas Para Mujer Rosadas - 37,1,0,visible,,,,,taxable,parent,0,0,,0,0,,,,,0,,65994,109990,,,,,,,WFT2007RMA-APL,,,"WFS2020RMA-BBO, WFS2020RMA-BLK, WFS2020RMA-LRD, UAS3036AAB-HWT, UZF3003LSK-NTR",,,2,5054916889025,Hunter,Hunter,size,37,,1,
21895,variation,WFS2020RMA-APL38,,Botas De Agua Play Cortas Para Mujer Rosada - 38,1,0,visible,,,,,taxable,parent,0,0,,0,0,,,,,0,,59994,99990,,,,,,,WFS2020RMA-APL,,,"WFS2020RMA-BBO, WFS2020RMA-BLK, WFS2020RMA-LRD",,,2,5054916887915,Hunter,Hunter,size,38,,1,
24323,variation,UFF1102EVA-PER44,,Zueco In & Out Espuma de Alga Rosado - 44,1,0,visible,,,,,taxable,parent,1,12,,0,0,,,,,0,,29994,49990,,,,,,,UFF1102EVA-PER,,,,,,2,5052956016098,Hunter,Hunter,Talla,44,,1,
30367,variation,60008-001-1009,840106437511,Botas Deck-Boss Ankle Boot - Black - 9,1,0,visible,,,,,taxable,parent,0,0,,0,0,,,,,0,,,119990,,,,,,,60011-019,,,,,,2,7332525240160,Grundéns,Grundens,Talla,9,,1,
30374,variation,60008-215-1009,,Botas Deck-Boss Ankle Boot - Dark Brown - 9,1,0,visible,,,,,taxable,parent,0,0,,0,0,,,,,0,,,119990,,,,,,,60008-215,,,,,,2,840106466993,Grundéns,Grundens,Talla,9,,1,
30380,variation,60008-355-1009,,Deck-Boss Ankle Boot - Otter - 9,1,0,visible,,,,,taxable,parent,1,2,,0,0,,,,,0,,,119990,,,,,,,60008-355,,,,,,2,840316307154,Grundéns,Grundens,Talla,9,,1,
30389,variation,60011-019-1006,,Botas Deck Boss Ankle Boot Mujer - Iron Gate - 6,1,0,visible,,,,,taxable,parent,0,0,,0,0,,,,,0,,,119990,,,,,,,60011019,,,,,,2,840106467273,Grundéns,Grundens,Talla,6,,1,
31190,variation,60011-355-1007,,Botas Deck Boss Ankle Boot Mujer - Otter - 7,1,0,visible,,,,,taxable,parent,1,2,,0,0,,,,,0,,,119990,,,,,,,60011-355,,,,,,2,840106482184,Grundéns,Grundens,Talla,7,,1,
32837,variation,60043-001-1009,,Deviation Sherpa Ankle Boot Black - 9,1,0,visible,,,,,taxable,parent,1,6,,0,0,,,,,0,,,169990,,,,,,,60043-001,,,,,,2,840316302036,Grundéns,Grundens,Talla,9,,1,
32851,variation,60043-225-1009,,Deviation Sherpa Ankle Boot Silt - 9,1,0,visible,,,,,taxable,parent,1,4,,0,0,,,,,0,,,169990,,,,,,,60043-225,,,,,,2,840316302104,Grundéns,Grundens,Talla,9,,1,
32994,variation,60047-001-1007,,Women's - Deviation Sherpa Ankle Boot Black - Mujer - 7,1,0,visible,,,,,taxable,parent,1,3,,0,0,,,,,0,,,169990,,,,,,,60047-001,,,,,,2,840316302401,Grundéns,Grundens,Talla,7,,1,
32999,variation,60047-225-1007,,Women´s - Deviation Sherpa Ankle Boot Slit - Mujer - 7,1,0,visible,,,,,taxable,parent,1,2,,0,0,,,,,0,,,169990,,,,,,,60047-225,,,,,,2,840316302470,Grundéns,Grundens,Talla,7,,1,
33986,variation,60102-355-1110,,Bankside Wading Boot - Vibram - 11,1,0,visible,,,,,taxable,parent,1,5,,0,0,,,,,0,,,319990,,,,,,,60102-355,,,,,,2,7332525303278,Grundéns,Grundens,Talla,11,,1,
18528,variation,WFS1000RGL-BLK38,,Botas De Agua Bajas Y Brillantes Original Para Mujer Negro - 38,1,0,visible,,,,,taxable,parent,0,0,,0,0,1.9,20,,10,0,,72594,120990,,,,,,,WFS1000RGL-BLK,,,,,,3,5013441352787,Hunter,Hunter,Talla,38,,1,
18540,variation,WFS1000RMA-DOV38,,Botas De Agua Bajas Original Para Mujer Verde Oliva - 38,1,0,visible,,,,,taxable,parent,0,0,,0,0,1.9,20,,10,0,,72594,120990,,,,,,,WFS1000RMA-DOV,,,"UAH3031WXA-GZB, UBP1152KBM-DOV",,,3,5013441406480,Hunter,Hunter,Talla,38,,1,
18558,variation,WFS2020RMA-BLK38,,Botas De Agua Bajas Play Mujer Negro - 38,1,0,visible,,,,,taxable,parent,0,0,,0,0,1.5,32,,12,0,,59994,99990,,,,,,,WFS2020RMA-BLK,,,,,,3,5054916381161,Hunter,Hunter,Talla,38,,1,
18564,variation,WFS2020RMA-LRD38,,Botas de Agua Bajas Play para Mujer Rojo - 38,1,0,visible,,,,,taxable,parent,1,10,,0,0,1.5,32,,12,0,,65994,109990,,,,,,,WFS2020RMA-LRD,,,,,,3,5054916560504,Hunter,Hunter,Talla,38,,1,
18570,variation,WFS2048RMA-BLK38,,Botas De Agua Aislantes Bajas Original Para Mujer BLK - 38,1,0,visible,,,,,taxable,parent,0,0,,0,0,1.5,32,,12,0,,83994,139990,,,,,,,WFS2048RMA-BLK,,,"UAH3031WXA-GZB, UBB6017ACD-BTB",,,3,5054916540063,Hunter,Hunter,Talla,38,,1,
18582,variation,WFT1000RGL-BLK38,,Botas Altas Y Brillantes Original Para Mujer Negro - 38,1,0,visible,,,,2026-07-19 23:59:59,taxable,parent,0,0,,0,0,2,35,,12,0,,101994,169990,,,,,,,WFT1000RGL-BLK,,,"UAH3031WXA-GZB, UAS3036AAB-BLK",,,3,5013441353258,Hunter,Hunter,Talla,38,,1,
18596,variation,WFT1000RGL-DOV38,,Botas Altas Y Brillantes Original Para Mujer Verde Oliva - 38,1,0,visible,,,,,taxable,parent,0,0,,0,0,2,32,,11,0,,77994,129990,,,,,,,WFT1000RGL-DOV,,,,,,3,5054916098472,Hunter,Hunter,Talla,38,,1,
18609,variation,WFT1000RGL-MLR39,,Botas Altas Y Brillantes Original Para Mujer Rojo Militar - 39,1,0,visible,,,,2026-07-19 23:59:59,taxable,parent,0,0,,0,0,2,32,,11,0,,101994,169990,,,,,,,WFT1000RGL-MLR,,,"UZC3011XXX-CLR, UBB1210KBM-DOV, UZF3003LSK-NTR",,,3,5013441413204,Hunter,Hunter,Talla,39,,1,
18614,variation,WFT1000RMA-DOV38,,Botas De Agua Altas Original Para Mujer Verde Oliva - 38,1,0,visible,,,,,taxable,parent,0,0,,0,0,2,35,,12,0,,77994,129990,,,,,,,WFT1000RMA-DOV,,,,,,3,5013441352954,Hunter,Hunter,Talla,38,,1,
18625,variation,WFT1000RMA-HGR37,,Botas De Agua Altas Original Para Mujer Verde - 37,1,0,visible,,,,,taxable,parent,0,0,,0,0,2,35,,12,0,,101994,169990,,,,,,,WFT1000RMA-HGR,,,"UAS3036AAB-HWT, UZF3003LSK-NTR",,,3,5013441579009,Hunter,Hunter,Talla,37,,1,
18638,variation,JFT6000RMA-RBP33,,Botas De Agua Original Para Niños Rosado Brillante - 33,1,0,visible,,,,,taxable,parent,1,11,,0,0,1.7,32,,14,0,,47994,79990,,,,,,,JFT6000RMA-RBP,,,,,,3,5054916210966,Hunter,Hunter,Talla,33,,1,
18644,variation,JFT6000RMA-DOV33,,Botas De Agua Original Para Niños Verde Oliva - 33,1,0,visible,,,,,taxable,parent,0,0,,0,0,1.7,32,,14,0,,47994,79990,,,,,,,JFT6000RMA-DOV,,,,,,3,5054916210904,Hunter,Hunter,Talla,33,,1,
18655,variation,JFT6000RMA-BLK33,,Botas De Agua Original Para Niños - 33,1,0,visible,,,,,taxable,parent,1,2,,0,0,1.7,32,,14,0,,47994,79990,,,,,,,JFT6000RMA-BLK,,,,,,3,5013441355696,Hunter,Hunter,Talla,33,,1,
18676,variation,WFT1000RMA-MLR38,,Botas de Agua Altas para Mujer Rojo Militar - 38,1,0,visible,,,,,taxable,parent,0,0,,0,0,2,35,,12,0,,101994,169990,,,,,,,WFT1000RMA-MLR,,,"UAH3031WXA-MRG, UAS3036AAB-GRG",,,3,5013441415871,Hunter,Hunter,Talla,38,,1,
18687,variation,WFT1000RMA-RYL38,,Botas De Agua Altas Original Para Mujer Amarillo - 38,1,0,visible,,,,,taxable,parent,0,0,,0,0,2,35,,12,0,,89994,149990,,,,,,,WFT1000RMA-RYL,,,"UAH3031WXA-MRG, UBB6017ACD-BLK",,,3,5054916097499,Hunter,Hunter,Talla,38,,1,
18692,variation,WFT1000RMA-SIL37,,Botas De Agua Altas Original Para Mujer Plateado - 37,1,0,visible,,,,,taxable,parent,0,0,,0,0,2,35,,12,0,,89994,149990,,,,,,,WFT1000RMA-SIL,,,,,,3,5054916097765,Hunter,Hunter,Talla,37,,1,
19034,variation,JFT6000RMA-FUS36,,Botas De Agua Original Para Niños Fucsia - 36,1,0,visible,,,,,taxable,parent,0,0,,0,0,1.7,32,,14,0,,47994,79990,,,,,,,JFT6000RMA-FUS,,,,,,3,5013441356075,Hunter,Hunter,Talla,36,,1,
19036,variation,JFT6000RMA-NVY33,,Botas De Agua Original Para Niños Azul Marino - 33,1,0,visible,,,,,taxable,parent,1,18,,0,0,1.7,32,,14,0,,47994,79990,,,,,,,JFT6000RMA-NVY,,,,,,3,5013441356594,Hunter,Hunter,Talla,33,,1,
19042,variation,MFT9000RMA-HGR42,,Botas De Agua Altas Original Para Hombre Verde - 42,1,0,visible,,,,,taxable,parent,0,0,,0,0,2,28,,13,0,,89994,149990,,,,,,,MFT9000RMA-HGR,,,,,,3,5013441733036,Hunter,Hunter,Talla,42,,1,
19072,variation,WFS1000RGL-MLR38,,Botas De Agua Bajas Y Brillantes Original Para Mujer Rojo Militar - 38,1,0,visible,,,,,taxable,parent,0,0,,0,0,1.9,20,,10,0,,72594,120990,,,,,,,WFS1000RGL-MLR,,,"D62SI, UAH3031WXA-MRG",,,3,5013441405070,Hunter,Hunter,Talla,38,,1,
19089,variation,WFS1043RMA-SUG38,,Botas Chelsea Original Para Mujer Verde Suculenta - 38,1,0,visible,,,,,taxable,parent,0,0,,0,0,1.5,26,,11,0,,70194,116990,,,,,,,WFS1043RMA-SUG,,,"UBB6017ACD-DOV, UBP1152KBM-BLK",,,3,5054916117951,Hunter,Hunter,Talla,38,,1,
19106,variation,WFS2020RMA-LIH37,,Botas De Agua Bajas Original Play Para Mujer LIH - 37,1,0,visible,,,,,taxable,parent,0,0,,0,0,1.5,32,,12,0,,44994,74990,,,,,,,WFS2020RMA-LIH,,,,,,3,5054916449922,Hunter,Hunter,Talla,37,,1,
19113,variation,WFS2020RMA-ZNC38,,Botas De Agua Bajas Original Play Para Mujer ZNC - 38,1,0,visible,,,,,taxable,parent,0,0,,0,0,1.5,32,,12,0,,59994,99990,,,,,,,WFS2020RMA-ZNC,,,,,,3,5054916381307,Hunter,Hunter,Talla,38,,1,
19118,variation,WFT1000RGL-NVY36,,Botas Altas Y Brillantes Original Para Mujer Azul Marino - 36,1,0,visible,,,,,taxable,parent,0,0,,0,0,2,35,,12,0,,77994,129990,,,,,,,WFT1000RGL-NVY,,,"UBB6017ACD-BTB, UBP7020KBM-NVY",,,3,5013441413310,Hunter,Hunter,Talla,36,,1,
19119,variation,WFT1000RGL-NVY37,,Botas Altas Y Brillantes Original Para Mujer Azul Marino - 37,1,0,visible,,,,,taxable,parent,0,0,,0,0,2,35,,12,0,,77994,129990,,,,,,,WFT1000RGL-NVY,,,"UBB6017ACD-BTB, UBP7020KBM-NVY",,,3,5013441413327,Hunter,Hunter,Talla,37,,1,
19125,variation,WFT1000RGL-RVI38,,Botas Altas Y Brillantes Original Para Mujer Morada - 38,1,0,visible,,,,,taxable,parent,0,0,,0,0,2,35,,12,0,,77994,129990,,,,,,,WFT1000RGL-RVI,,,,,,3,5054916097918,Hunter,Hunter,Talla,38,,1,
19130,variation,WFT1001RGL-BLK37,,Botas De Agua Altas Y Ajustables Por Detrás Para Mujer Negro - 37,1,0,visible,,,,,taxable,parent,1,2,,0,0,2,35,,12,0,,107994,179990,,,,,,,WFT1001RGL-BLK,,,"UZC3011XXX-CLR, UAS3036AAB-GRG, UZF3003LSK-NTR",,,3,5013441419435,Hunter,Hunter,Talla,37,,1,
19138,variation,WFT1001RMA-BLK39,,Botas De Agua Altas Y Ajustables Por Detrás Original Para Mujer Negro - 39,1,0,visible,,,,,taxable,parent,0,0,,0,0,2,32,,11,0,,107994,179990,,,,,,,WFT1001RMA-BLK,,,"UAS3036AAB-HWT, AC1SI, UAH3031WXA-GZB, UZF3003LSK-NTR",,,3,5013441579092,Hunter,Hunter,Talla,39,,1,
19148,variation,WFT1071RMA-BLK38,,Botas Original Refined Para Mujer Negro - 38,1,0,visible,,,,,taxable,parent,0,0,,0,0,2,35,,12,0,,80994,134990,,,,,,,WFT1071RMA-BLK,,,"D62SI, UAH3031WXA-GZB",,,3,5054916020268,Hunter,Hunter,Talla,38,,1,
19154,variation,WFT2007EXL-OEX38,,Botas Altas Original Play Con Logotipo Ampliado Para Mujer - 38,1,0,visible,,,,,taxable,parent,0,0,,0,0,2,32,,13,0,,65400,109000,,,,,,,WFT2007EXL-OEX,,,,,,3,5054916630092,Hunter,Hunter,Talla,38,,1,
19160,variation,WFT2007RMA-BLK38,,Botas De Agua Altas Original Play Para Mujer BLK - 38,1,0,visible,,,,,taxable,parent,0,0,,0,0,2,32,,13,0,,65994,109990,,,,,,,WFT2007RMA-BLK,,,,,,3,5054916380607,Hunter,Hunter,Talla,38,,1,
19166,variation,WFT2007RMA-LIH38,,Botas De Agua Altas Original Play Para Mujer LIH - 38,1,0,visible,,,,,taxable,parent,0,0,,0,0,2,32,,13,0,,53994,89990,,,,,,,WFT2007RMA-LIH,,,,,,3,5054916450218,Hunter,Hunter,Talla,38,,1,
19172,variation,WFT2007RMA-LRD38,,Botas De Agua Altas Original Play Para Mujer LRD - 38,1,0,visible,,,,,taxable,parent,0,0,,0,0,2,32,,13,0,,65994,109990,,,,,,,WFT2007RMA-LRD,,,,,,3,5054916633925,Hunter,Hunter,Talla,38,,1,
19179,variation,WFT2007RMA-ZNC39,,Botas De Agua Altas Original Play Para Mujer ZNC - 39,1,0,visible,,,,,taxable,parent,0,0,,0,0,2,32,,13,0,,65994,109990,,,,,,,WFT2007RMA-ZNC,,,,,,3,5054916380751,Hunter,Hunter,Talla,39,,1,
19183,variation,WFT2041RMA-BLK37,,Botas Altas Aislantes Original Para Mujer BLK - 37,1,0,visible,,,,,taxable,parent,0,0,,0,0,2,32,,13,0,,107994,179990,,,,,,,WFT2041RMA-BLK,,,"UAH3031WXA-GZB, UBP1152KBM-MLR",,,3,5054916540261,Hunter,Hunter,Talla,37,,1,
19189,variation,WFT2052NRE-BLK37,,Botas Estilo Sherpa Con Parte Superior Enrollable Para Mujer Negro - 37,1,0,visible,,,,,taxable,parent,0,0,,0,0,2,32,,13,0,,86994,144990,,,,,,,WFT2052NRE-BLK,,,"UAH3031WXA-MRG, UBB6017ACD-MLR",,,3,5054916540681,Hunter,Hunter,Talla,37,,1,
19201,variation,WFT2078RMA-BHE37,,Botas Altas Calendar Original Para Mujer - 37,1,0,visible,,,,,taxable,parent,0,0,,0,0,2,32,,13,0,,92994,154990,,,,,,,WFT2078RMA-BHE,,,"UAH3031WXA-MRG, UBP7020KBM-NVY",,,3,5054916633772,Hunter,Hunter,Talla,37,,1,
19353,variation,MFT9000RMA-BLK42,,Botas De Agua Altas Original Para Hombre Negra - 42,1,0,visible,,,,,taxable,parent,0,0,,0,0,2,28,,13,0,,95994,159990,,,,,,,MFT9000RMA-BLK,,,"UAS3036AAB-HWT, UZC3011XXX-CLR, UAS3036AAB-BLK",,,3,5013441371030,Hunter,Hunter,Talla,42,,1,
19361,variation,MFT9000RMA-DOV44,,Botas De Agua Altas Original Para Hombre Verde Oliva - 44,1,0,visible,,,,,taxable,parent,1,21,,0,0,2,28,,13,0,,95994,159990,,,,,,,MFT9000RMA-DOV,,,,,,3,5013441371191,Hunter,Hunter,Talla,44,,1,
19366,variation,WFT1000RMA-BLK38,,Botas De Agua Altas Original Para Mujer - 38,1,0,visible,,,,,taxable,parent,0,0,,0,0,2,35,,12,0,,101994,169990,,,,,,,WFT1000RMA-BLK,,,"UAS3036AAB-GZB, UAS3036AAB-BLK, UAS3036AAB-GRG",,,3,5013441352855,Hunter,Hunter,Talla,38,,1,
19471,variation,SON-3,,DAD - 38,1,0,visible,,,,,taxable,parent,1,5,,0,0,1.9,20,,10,0,,,4000,,,,,,,DAD,,,,,,3,5013441352787,,,Talla,38,,1,
19499,variation,WFS1051RMA-BLK38,,BOTA ANKLE BLACK - 38,1,0,visible,,,,,taxable,parent,0,0,,0,0,,,,,0,,80994,134990,,,,,,,WFS1051RMA-BLK,,,"W14SI, UBB6017ACD-MLR",,,3,,Hunter,Hunter,Talla,38,,1,
19520,variation,WFS2020RMA-BBO38,,Botas De Agua Bajas Original Play Para Mujer Celeste - 38,1,0,visible,,,,,taxable,parent,1,2,,0,0,,,,,0,,65994,109990,,,,,,,WFS2020RMA-BBO,,,"UAH3031WXA-MRG, UBP7020KBM-NVY",,,3,5054916618793,Hunter,Hunter,Talla,38,,1,
19650,variation,WFF1088RMA-DOC38,,Zueco de Jardin para Mujer Verde Oliva - 38,1,0,visible,,,,,taxable,parent,1,24,,0,0,,,,,0,,53994,89990,,,,,,,WFF1088RMA-DOC,,,,,,3,5054916827805,Hunter,Hunter,Talla,38,,1,
19865,variation,WFS2018RMA-DOC38,,Bota Corta de Jardinera - 38,1,0,visible,,,,,taxable,parent,1,31,,0,0,,,,,0,,68994,114990,,,,,,,WFS2018RMA-DOC,,,,,,3,5054916802468,Hunter,Hunter,Talla,38,,1,
19993,variation,WFT2200RMA-BLK38,,BOTAS DE AGUA LARGAS PARA MUJER SLIM FIT (ajustadas) - 38,1,0,visible,,,,,taxable,parent,0,0,,0,0,,,,,0,,95994,159990,,,,,,,WFT2200RMA-BLK,,,"UAS3036AAB-HWT, UZF3003LSK-NTR",,,3,5054916809443,Hunter,Hunter,Talla,38,,1,
19998,variation,WFS2200RMA-BLK38,,BOTAS REFINED CORTAS PARA MUJER NEGRO - 38,1,0,visible,,,,,taxable,parent,0,0,,0,0,,,,,0,,89994,149990,,,,,,,WFS2200RMA-BLK,,,,,,3,5054916809306,Hunter,Hunter,Talla,38,,1,
20004,variation,WFS2106WWU-BLK38,,Bota Nieve Negra - 38,1,0,visible,,,,2026-07-19 23:59:59,taxable,parent,0,0,,0,0,,,,,0,,83994,139990,,,,,,,WFS2106WWU-BLK,,,,,,3,5054916732260,Hunter,Hunter,Talla,38,,1,
20173,variation,WFS2010CNV-BLK38,,Botas Commando Desert Mujer Negras - 38,1,0,visible,,,,,taxable,parent,0,0,,0,0,,,,,0,,83994,139990,,,,,,,WFS2010CNV-BLK,,,,,,3,5054916895552,Hunter,Hunter,Talla,38,,1,
20182,variation,WFS2010CNV-ATM38,,Botas Commando Desert Mujer Verde Musgo - 38,1,0,visible,,,,,taxable,parent,0,0,,0,0,,,,,0,,83994,139990,,,,,,,WFS2010CNV-ATM,,,,,,3,5054916895699,Hunter,Hunter,Talla,38,,1,
20191,variation,MFS9000CNV-ATM42,,Botas Commando Desert Hombre Verde Musgo - 42,1,0,visible,,,,,taxable,parent,1,36,,0,0,,,,,0,,83994,139990,,,,,,,MFS9000CNV-ATM,,,,,,3,5054916895934,Hunter,Hunter,Talla,42,,1,
20205,variation,WFS1018RMA-DOV39,,Bota Commando Chelsea Verde Militar - 39,1,0,visible,,,,,taxable,parent,0,0,,0,0,,,,,0,,86994,144990,,,,,,,WFS1018RMA-DOV,,,,,,3,5054916897303,Hunter,Hunter,Talla,39,,1,
20213,variation,WFS1018RMA-BLK38,,Bota Commando Chelsea Negro - 38,1,0,visible,,,,,taxable,parent,0,0,,0,0,,,,,0,,86994,144990,,,,,,,WFS1018RMA-BLK,,,,,,3,,Hunter,Hunter,Talla,38,,1,
20224,variation,WFS1000RMA-OVL38,,Botas de Agua Bajas para Mujer Hoja de Olivo - 38,1,0,visible,,,,,taxable,parent,0,0,,0,0,,,,,0,,72594,120990,,,,,,,WFS1000RMA-OVL,,,"WAS1017AAC-WHT, WAS1017AAC-WHTL, WAS1017AAC-BLK",,,3,5054916916912,Hunter,Hunter,Talla,38,,1,
20229,variation,MFS9000CNV-BLK42,,Botas Commando Desert Hombre Negras - 42,1,0,visible,,,,,taxable,parent,0,0,,0,0,,,,,0,,83994,139990,,,,,,,MFS9000CNV-BLK,,,,,,3,,Hunter,Hunter,Talla,42,,1,
20240,variation,WFS1013RMA-GSC42,,Botas De Agua Baja y Ajustables Por Detrás Para Mujer Rosado Oscuro - 42,1,0,visible,,,,,taxable,parent,1,12,,0,0,,,,,0,,86994,144990,,,,,,,WFS1013RMA-GSC,,,,,,3,,Hunter,Hunter,Talla,42,,1,
20245,variation,WFT1000RMA-OVL38,,Botas de Agua Altas para Mujer Hoja de Olivo - 38,1,0,visible,,,,2026-07-19 23:59:59,taxable,parent,0,0,,0,0,,,,,0,,101994,169990,,,,,,,WFT1000RMA-OVL,,,"UAS3036AAB-GZB, UAS3036AAB-GRG, UAS3000AAA-HWT, UZF3003LSK-NTR",,,3,5054916916981,Hunter,Hunter,Talla,38,,1,
20255,variation,WFT1000RMA-SWG38,,Botas de Agua Altas para Mujer Verde Sweet Gale - 38,1,0,visible,,,,2026-07-19 23:59:59,taxable,parent,0,0,,0,0,,,,,0,,101994,169990,,,,,,,WFT1000RMA-SWG,,,"UAS3036AAB-BLK, UAS3036AAB-GRG, UZF3003LSK-NTR",,,3,5054916888684,Hunter,Hunter,Talla,38,,1,
20263,variation,WFT1001RMA-GSC38,,Botas De Agua Altas Y Ajustables Por Detrás Para Mujer Glenmore Rosa - 38,1,0,visible,,,,,taxable,parent,0,0,,0,0,,,,,0,,107994,179990,,,,,,,WFT1001RMA-GSC,,,"UAS3036AAB-BLK, UZC4007XXX-CLR, UZF3003LSK-NTR",,,3,5054916888899,Hunter,Hunter,Talla,38,,1,
20275,variation,WFS1000RMA-MLR38,,Botas de Agua Bajas para Mujer Rojo Militar - 38,1,0,visible,,,,,taxable,parent,1,16,,0,0,,,,,0,,80994,134990,,,,,,,WFS1000RMA-MLR,,,"WAS1017AAC-WHT, UZC3011XXX-CLR, UBB1210KBM-BLK",,,3,5013441406848,Hunter,Hunter,Talla,38,,1,
20285,variation,WFT2007RMA-ATM38,,Botas De Agua Altas Original Play Para Mujer Verde Musgo - 38,1,0,visible,,,,2026-07-19 23:59:59,taxable,parent,0,0,,0,0,2,32,,13,0,,65994,109990,,,,,,,WFT2007RMA-ATM,,,"UAS3036AAB-HWT, UZF3003LSK-NTR",,,3,5054916857499,Hunter,Hunter,Talla,38,,1,
20315,variation,WFS1020RMA-ATM38,,Botas de Agua Bajas Play Neopreno Verde Musgo Mujer - 38,1,0,visible,,,,,taxable,parent,0,0,,0,0,,,,,0,,65994,109990,,,,,,,WFS1020RMA-ATM,,,"WFS2048RMA-BLK, UAH3345WXA-BLK",,,3,,Hunter,Hunter,Talla,38,,1,
20326,variation,WFS1020RMA-BLK38,,Botas de Agua Bajas Play Neopreno Black Mujer - 38,1,0,visible,,,,,taxable,parent,0,0,,0,0,,,,,0,,65994,109990,,,,,,,WFS1020RMA-BLK,,,"WFS2006RMA-BLK, UAH3031WXA-MRG, UBB2004KBM-DOV",,,3,,Hunter,Hunter,Talla,38,,1,
20338,variation,WFT2007RMA-KOM38,,Botas De Agua Altas Original Play Para Mujer Kombu - 38,1,0,visible,,,,,taxable,parent,0,0,,0,0,,,,,0,,65994,109990,,,,,,,WFT2007RMA-KOM,,,"UAH3345WXA-BLK, UAS3036AAB-GZB, UBP7012KBM-BLK, UZF3003LSK-NTR",,,3,5054916619141,Hunter,Hunter,Talla,38,,1,
20346,variation,WFT2052NRE-DOV36,,Botas Estilo Sherpa Con Parte Superior Enrollable Para Mujer Verde Oliva - 36,1,0,visible,,,,,taxable,parent,1,32,,0,0,,,,,0,,86994,144990,,,,,,,WFT2052NRE-DOV,,,"UAH3031WXA-GZB, UBB1204KBM-BLK, UAU1004UPM-BLK",,,3,5054916744690,Hunter,Hunter,Talla,36,,1,
20357,variation,JFT6000RMA-HGR33,,Botas De Agua Original Para Niños Verde - 33,1,0,visible,,,,,taxable,parent,1,35,,0,0,1.7,32,,14,0,,47994,79990,,,,,,,JFT6000RMA-HGR,,,"JBB1119KBM-NVY, JBB1119KBM-RBP",,,3,5013441725857,Hunter,Hunter,Talla,33,,1,
20436,variation,WFS2236NYL-BLK38,,Botas Commando Explorer Aislantes Para Mujer Negro - 38,1,0,visible,,,2026-06-12 0:00:00,2026-07-19 23:59:59,taxable,parent,0,0,,0,0,,,,,0,,119994,199990,,,,,,,WFS2236NYL-BLK,,,"WFS1018RMA-DOV, WFS2010CNV-BLK, WFS2010CNV-ATM",,,3,5054916951296,Hunter,Hunter,Talla,38,,1,
20446,variation,WFS2236NYL-MRF38,,Botas Commando Explorer Aislantes Para Mujer Berry - 38,1,0,visible,,,,,taxable,parent,1,11,,0,0,,,,,0,,119994,199990,,,,,,,WFS2236NYL-MRF,,,"WFS1018RMA-BLK, WFS2010CNV-BLK, WFS2236NYL-BLK",,,3,5054916951364,Hunter,Hunter,Talla,38,,1,
20509,variation,UFF1102EVA-BLK45,,Zueco In & Out Espuma de Alga Negro - 45/46,1,0,visible,,,,,taxable,parent,1,12,,0,0,,,,,0,,29994,49990,,,,,,,UFF1102EVA-BLK,,,,,,3,5052956015879,Hunter,Hunter,Talla,45/46,,1,
20668,variation,MFS2335LNR-BLK39,,Botas Commando de Piel Con Cordones Urban Explorer Para Hombre - 39,1,0,visible,,,,,taxable,parent,1,6,,0,0,,,,,0,,137994,229990,,,,,,,MFS2335LNR-BLK,,,"MFS9000CNV-ATM, MFT9000RMA-DOV, MRO4245WAP-BLK",,,3,,Hunter,Hunter,Talla,39,,1,
21205,variation,WFS2336REN-BLK-38,,Botas Commando Travel Explorer Black - Mujer - 38,1,0,visible,,,,,taxable,parent,0,0,,0,0,,,,,0,,119994,199990,,,,,,,WFS2336REN-BLK,,,"WFS1018RMA-BLK, WFS2010CNV-BLK, WFS2010CNV-ATM",,,3,5052956048655,Hunter,Hunter,Talla,38,,1,
21212,variation,WFS2336REN-SED-38,,Botas Commando Travel Explorer White - Mujer - 38,1,0,visible,,,,,taxable,parent,1,18,,0,0,,,,,0,,119994,199990,,,,,,,WFS2336REN-SED,,,,,,3,5052956040734,Hunter,Hunter,Talla,38,,1,
21226,variation,WFT2235RMA-BLK-38,,Botas Play Alta Aislante Con Forro De Shearling Black Para Mujer - 38,1,0,visible,,,,2026-07-19 23:59:59,taxable,parent,0,0,,0,0,,,,,0,,83994,139990,,,,,,,WFT2235RMA-BLK,,,"WFS2020RMA-BBO, WFS2020RMA-BLK, WFS2020RMA-LRD",,,3,5054916957229,Hunter,Hunter,Talla,38,,1,
21234,variable,WFT2235RMA-WHW,,Botas Play Altas Aislante Con Forro - Shearling White - Mujer,1,0,visible,,"Salta al clima más frío con la nueva bota Alta Aislada Play, que ofrece una silueta dinámica con una suela de plataforma más plana para una máxima comodidad y versatilidad. Fabricadas con caucho natural de la más alta calidad y con una acogedora capa interior de borrego vegano, estas botas están aisladas para soportar temperaturas de hasta -5°C (23°F).\n\n\n\nRecomendamos que todas las botas Hunter sean llevadas con calcetines para proteger las pieles más sensibles del contacto con el caucho.\n\n<div class=""copy trim-stacked-margins has-inner-html product-page-description__features"">\n\n<ul>\n\n 	<li>Vegano certificado</li>\n\n 	<li>Impermeable</li>\n\n 	<li>Hecho a mano</li>\n\n 	<li>Forro de piel sintética de poliéster</li>\n\n 	<li>Lengüeta para facilitar la entrada del pie</li>\n\n 	<li>Plantilla de aislamiento térmico para extra aislamiento</li>\n\n 	<li>Suela más plana para mayor comodidad</li>\n\n 	<li>Puede llevarse a temperaturas de hasta -5°C</li>\n\n</ul>\n\n</div>",2025-09-28 0:00:00,2025-09-28 23:59:59,taxable,,1,163,,0,0,,,,,0,,,,"Tipo de producto > Botas, Género, Género > Mujer, Tipo de producto","Botas, Bototos, Hunter, Impermeables, Mujer, Negra, Sherpa, Ofertas",,"https://trendseeker.cl/wp-content/uploads/2022/12/TS-PRODUCTO-FOTOS-4.png, https://trendseeker.cl/wp-content/uploads/2023/07/Botas-play-largas-mujer-Hunter-7.png, https://trendseeker.cl/wp-content/uploads/2023/02/WFT2235RMA-WHW-2.png, https://trendseeker.cl/wp-content/uploads/2023/02/WFT2235RMA-WHW-3.png, https://trendseeker.cl/wp-content/uploads/2023/02/WFT2235RMA-WHW-4.png, https://trendseeker.cl/wp-content/uploads/2023/02/WFT2235RMA-WHW-5.png",,,,,,"WFS2020RMA-BBO, WFS2020RMA-BLK, WFS2020RMA-LRD",,,50,,Hunter,Hunter,Talla,"36, 37, 38, 39, 40/41",1,1,
21237,variation,WFT2235RMA-WHW-38,,Botas Play Altas Aislante Con Forro - Shearling White - Mujer - 38,1,0,visible,,,,,taxable,parent,1,54,,0,0,,,,,0,,83994,139990,,,,,,,WFT2235RMA-WHW,,,"WFS2020RMA-BBO, WFS2020RMA-BLK, WFS2020RMA-LRD",,,3,5054916957434,Hunter,Hunter,Talla,38,,1,
21842,variation,WFS1018RGL-BLK38,,Botas Chelsea Commando Negras Brillantes Para Mujer - 38,1,0,visible,,,,,taxable,parent,1,20,,0,0,,,,,0,,89994,149990,,,,,,,WFS1018RGL-BLK,,,"WFS2006RMA-BLK, WFS1043RMA-MLR, WFS1043RMA-SUG",,,3,5054916921503,Hunter,Hunter,size,38,,1,
21853,variation,WFS1018RMA-CAS38,,Botas Chelsea Commando Para Mujer Gris Pálido - 38,1,0,visible,,,,,taxable,parent,1,7,,0,0,,,,,0,,89994,149990,,,,,,,WFS1018RMA-CAS,,,"WFS1018RMA-BLK, WFS2006RMA-BLK",,,3,5054916901413,Hunter,Hunter,size,38,,1,
21879,variation,WFS2240NRE-BWI38,,Bota Enrollable - Sherpa Vegano - Mujeres - Negro con Blanco - 38,1,0,visible,,,,,taxable,parent,0,0,,0,0,,,,,0,,92994,154990,,,,,,,WFS2240NRE-BWI,,,"WFT2041RMA-BLK, WFT2052NRE-NVY",,,3,5054916964128,Hunter,Hunter,size,38,,1,
21889,variation,WFT2007RMA-APL38,,Botas De Agua Play Altas Para Mujer Rosadas - 38,1,0,visible,,,,,taxable,parent,0,0,,0,0,,,,,0,,65994,109990,,,,,,,WFT2007RMA-APL,,,"WFS2020RMA-BBO, WFS2020RMA-BLK, WFS2020RMA-LRD, UAS3036AAB-HWT, UZF3003LSK-NTR",,,3,5054916889032,Hunter,Hunter,size,38,,1,
21894,variation,WFS2020RMA-APL37,,Botas De Agua Play Cortas Para Mujer Rosada - 37,1,0,visible,,,,,taxable,parent,0,0,,0,0,,,,,0,,59994,99990,,,,,,,WFS2020RMA-APL,,,"WFS2020RMA-BBO, WFS2020RMA-BLK, WFS2020RMA-LRD",,,3,5054916887908,Hunter,Hunter,size,37,,1,
24324,variation,UFF1102EVA-PER45,,Zueco In & Out Espuma de Alga Rosado - 45/46,1,0,visible,,,,,taxable,parent,1,12,,0,0,,,,,0,,29994,49990,,,,,,,UFF1102EVA-PER,,,,,,3,5052956016173,Hunter,Hunter,Talla,45/46,,1,
30368,variation,60008-001-1010,840106437528,Botas Deck-Boss Ankle Boot - Black - 10,1,0,visible,,,,,taxable,parent,0,0,,0,0,,,,,0,,,119990,,,,,,,60011-019,,,,,,3,7332525240177,Grundéns,Grundens,Talla,10,,1,
30375,variation,60008-215-1010,,Botas Deck-Boss Ankle Boot - Dark Brown - 10,1,0,visible,,,,,taxable,parent,0,0,,0,0,,,,,0,,,119990,,,,,,,60008-215,,,,,,3,840106467006,Grundéns,Grundens,Talla,10,,1,
30381,variation,60008-355-1010,,Deck-Boss Ankle Boot - Otter - 10,1,0,visible,,,,,taxable,parent,1,1,,0,0,,,,,0,,,119990,,,,,,,60008-355,,,,,,3,840316307161,Grundéns,Grundens,Talla,10,,1,
30390,variation,60011-019-1007,,Botas Deck Boss Ankle Boot Mujer - Iron Gate - 7,1,0,visible,,,,,taxable,parent,0,0,,0,0,,,,,0,,,119990,,,,,,,60011019,,,,,,3,840106467280,Grundéns,Grundens,Talla,7,,1,
31191,variation,60011-355-1008,,Botas Deck Boss Ankle Boot Mujer - Otter - 8,1,0,visible,,,,,taxable,parent,0,0,,0,0,,,,,0,,,119990,,,,,,,60011-355,,,,,,3,840106482191,Grundéns,Grundens,Talla,8,,1,
32838,variation,60043-001-1010,,Deviation Sherpa Ankle Boot Black - 10,1,0,visible,,,,,taxable,parent,1,3,,0,0,,,,,0,,,169990,,,,,,,60043-001,,,,,,3,840316302043,Grundéns,Grundens,Talla,10,,1,
32852,variation,60043-225-1011,,Deviation Sherpa Ankle Boot Silt - 11,1,0,visible,,,,,taxable,parent,1,1,,0,0,,,,,0,,,169990,,,,,,,60043-225,,,,,,3,840316302128,Grundéns,Grundens,Talla,11,,1,
32995,variation,60047-001-1008,,Women's - Deviation Sherpa Ankle Boot Black - Mujer - 8,1,0,visible,,,,,taxable,parent,1,3,,0,0,,,,,0,,,169990,,,,,,,60047-001,,,,,,3,840316302418,Grundéns,Grundens,Talla,8,,1,
33000,variation,60047-225-1008,,Women´s - Deviation Sherpa Ankle Boot Slit - Mujer - 8,1,0,visible,,,,,taxable,parent,1,11,,0,0,,,,,0,,,169990,,,,,,,60047-225,,,,,,3,840316302487,Grundéns,Grundens,Talla,8,,1,
33987,variation,60102-355-1080,,Bankside Wading Boot - Vibram - 8,1,0,visible,,,,,taxable,parent,1,2,,0,0,,,,,0,,,319990,,,,,,,60102-355,,,,,,3,7332525303247,Grundéns,Grundens,Talla,8,,1,
18529,variation,WFS1000RGL-BLK39,,Botas De Agua Bajas Y Brillantes Original Para Mujer Negro - 39,1,0,visible,,,,,taxable,parent,0,0,,0,0,1.9,20,,10,0,,72594,120990,,,,,,,WFS1000RGL-BLK,,,,,,4,5013441352794,Hunter,Hunter,Talla,39,,1,
18541,variation,WFS1000RMA-DOV39,,Botas De Agua Bajas Original Para Mujer Verde Oliva - 39,1,0,visible,,,,,taxable,parent,0,0,,0,0,1.9,20,,10,0,,72594,120990,,,,,,,WFS1000RMA-DOV,,,"UAH3031WXA-GZB, UBP1152KBM-DOV",,,4,5013441406497,Hunter,Hunter,Talla,39,,1,
18559,variation,WFS2020RMA-BLK39,,Botas De Agua Bajas Play Mujer Negro - 39,1,0,visible,,,,,taxable,parent,0,0,,0,0,1.5,32,,12,0,,59994,99990,,,,,,,WFS2020RMA-BLK,,,,,,4,5054916381178,Hunter,Hunter,Talla,39,,1,
18565,variation,WFS2020RMA-LRD39,,Botas de Agua Bajas Play para Mujer Rojo - 39,1,0,visible,,,,,taxable,parent,1,5,,0,0,1.5,32,,12,0,,65994,109990,,,,,,,WFS2020RMA-LRD,,,,,,4,5054916560511,Hunter,Hunter,Talla,39,,1,
18571,variation,WFS2048RMA-BLK39,,Botas De Agua Aislantes Bajas Original Para Mujer BLK - 39,1,0,visible,,,,,taxable,parent,0,0,,0,0,1.5,32,,12,0,,83994,139990,,,,,,,WFS2048RMA-BLK,,,"UAH3031WXA-GZB, UBB6017ACD-BTB",,,4,5054916540070,Hunter,Hunter,Talla,39,,1,
18591,variation,WFT1000RGL-BLK39,,Botas Altas Y Brillantes Original Para Mujer Negro - 39,1,0,visible,,,,2026-07-19 23:59:59,taxable,parent,0,0,,0,0,0,32,,11,0,,101994,169990,,,,,,,WFT1000RGL-BLK,,,"UAH3031WXA-GZB, UAS3036AAB-BLK",,,4,5013441353265,Hunter,Hunter,Talla,39,,1,
18597,variation,WFT1000RGL-DOV39,,Botas Altas Y Brillantes Original Para Mujer Verde Oliva - 39,1,0,visible,,,,,taxable,parent,0,0,,0,0,2,35,,12,0,,77994,129990,,,,,,,WFT1000RGL-DOV,,,,,,4,5054916098489,Hunter,Hunter,Talla,39,,1,
18608,variation,WFT1000RGL-MLR38,,Botas Altas Y Brillantes Original Para Mujer Rojo Militar - 38,1,0,visible,,,,2026-07-19 23:59:59,taxable,parent,0,0,,0,0,2,35,,12,0,,101994,169990,,,,,,,WFT1000RGL-MLR,,,"UZC3011XXX-CLR, UBB1210KBM-DOV, UZF3003LSK-NTR",,,4,5013441413198,Hunter,Hunter,Talla,38,,1,
18615,variation,WFT1000RMA-DOV39,,Botas De Agua Altas Original Para Mujer Verde Oliva - 39,1,0,visible,,,,,taxable,parent,0,0,,0,0,2,32,,11,0,,77994,129990,,,,,,,WFT1000RMA-DOV,,,,,,4,5013441352961,Hunter,Hunter,Talla,39,,1,
18626,variation,WFT1000RMA-HGR38,,Botas De Agua Altas Original Para Mujer Verde - 38,1,0,visible,,,,,taxable,parent,0,0,,0,0,2,35,,12,0,,101994,169990,,,,,,,WFT1000RMA-HGR,,,"UAS3036AAB-HWT, UZF3003LSK-NTR",,,4,5013441579016,Hunter,Hunter,Talla,38,,1,
18639,variation,JFT6000RMA-RBP34/35,,Botas De Agua Original Para Niños Rosado Brillante - 34/35,1,0,visible,,,,,taxable,parent,1,1,,0,0,1.7,32,,14,0,,47994,79990,,,,,,,JFT6000RMA-RBP,,,,,,4,5054916210997,Hunter,Hunter,Talla,34/35,,1,
18645,variation,JFT6000RMA-DOV34/35,,Botas De Agua Original Para Niños Verde Oliva - 34/35,1,0,visible,,,,,taxable,parent,0,0,,0,0,1.7,32,,14,0,,47994,79990,,,,,,,JFT6000RMA-DOV,,,,,,4,5054916210935,Hunter,Hunter,Talla,34/35,,1,
18656,variation,JFT6000RMA-BLK34/35,,Botas De Agua Original Para Niños - 34/35,1,0,visible,,,,,taxable,parent,0,0,,0,0,1.7,32,,14,0,,47994,79990,,,,,,,JFT6000RMA-BLK,,,,,,4,5013441355702,Hunter,Hunter,Talla,34/35,,1,
18677,variation,WFT1000RMA-MLR39,,Botas de Agua Altas para Mujer Rojo Militar - 39,1,0,visible,,,,,taxable,parent,0,0,,0,0,2,32,,11,0,,101994,169990,,,,,,,WFT1000RMA-MLR,,,"UAH3031WXA-MRG, UAS3036AAB-GRG",,,4,5013441415888,Hunter,Hunter,Talla,39,,1,
18688,variation,WFT1000RMA-RYL39,,Botas De Agua Altas Original Para Mujer Amarillo - 39,1,0,visible,,,,,taxable,parent,0,0,,0,0,2,32,,11,0,,89994,149990,,,,,,,WFT1000RMA-RYL,,,"UAH3031WXA-MRG, UBB6017ACD-BLK",,,4,5054916097505,Hunter,Hunter,Talla,39,,1,
18693,variation,WFT1000RMA-SIL38,,Botas De Agua Altas Original Para Mujer Plateado - 38,1,0,visible,,,,,taxable,parent,0,0,,0,0,2,35,,12,0,,89994,149990,,,,,,,WFT1000RMA-SIL,,,,,,4,5054916097772,Hunter,Hunter,Talla,38,,1,
19035,variation,JFT6000RMA-FUS37,,Botas De Agua Original Para Niños Fucsia - 37,1,0,visible,,,,,taxable,parent,0,0,,0,0,1.7,32,,14,0,,47994,79990,,,,,,,JFT6000RMA-FUS,,,,,,4,5013441356082,Hunter,Hunter,Talla,37,,1,
19037,variation,JFT6000RMA-NVY34/35,,Botas De Agua Original Para Niños Azul Marino - 34/35,1,0,visible,,,,,taxable,parent,0,0,,0,0,1.7,32,,14,0,,47994,79990,,,,,,,JFT6000RMA-NVY,,,,,,4,5013441356600,Hunter,Hunter,Talla,34/35,,1,
19043,variation,MFT9000RMA-HGR43,,Botas De Agua Altas Original Para Hombre Verde - 43,1,0,visible,,,,,taxable,parent,0,0,,0,0,2,28,,13,0,,89994,149990,,,,,,,MFT9000RMA-HGR,,,,,,4,5013441733043,Hunter,Hunter,Talla,43,,1,
19073,variation,WFS1000RGL-MLR39,,Botas De Agua Bajas Y Brillantes Original Para Mujer Rojo Militar - 39,1,0,visible,,,,,taxable,parent,0,0,,0,0,1.9,20,,10,0,,72594,120990,,,,,,,WFS1000RGL-MLR,,,"D62SI, UAH3031WXA-MRG",,,4,5013441405087,Hunter,Hunter,Talla,39,,1,
19090,variation,WFS1043RMA-SUG39,,Botas Chelsea Original Para Mujer Verde Suculenta - 39,1,0,visible,,,,,taxable,parent,0,0,,0,0,1.5,26,,11,0,,70194,116990,,,,,,,WFS1043RMA-SUG,,,"UBB6017ACD-DOV, UBP1152KBM-BLK",,,4,5054916117968,Hunter,Hunter,Talla,39,,1,
19107,variation,WFS2020RMA-LIH38,,Botas De Agua Bajas Original Play Para Mujer LIH - 38,1,0,visible,,,,,taxable,parent,0,0,,0,0,1.5,32,,12,0,,44994,74990,,,,,,,WFS2020RMA-LIH,,,,,,4,5054916449939,Hunter,Hunter,Talla,38,,1,
19114,variation,WFS2020RMA-ZNC39,,Botas De Agua Bajas Original Play Para Mujer ZNC - 39,1,0,visible,,,,,taxable,parent,1,2,,0,0,1.5,32,,12,0,,59994,99990,,,,,,,WFS2020RMA-ZNC,,,,,,4,5054916381314,Hunter,Hunter,Talla,39,,1,
19126,variation,WFT1000RGL-RVI39,,Botas Altas Y Brillantes Original Para Mujer Morada - 39,1,0,visible,,,,,taxable,parent,0,0,,0,0,2,32,,11,0,,77994,129990,,,,,,,WFT1000RGL-RVI,,,,,,4,5054916097925,Hunter,Hunter,Talla,39,,1,
19131,variation,WFT1001RGL-BLK38,,Botas De Agua Altas Y Ajustables Por Detrás Para Mujer Negro - 38,1,0,visible,,,,,taxable,parent,0,0,,0,0,2,35,,12,0,,107994,179990,,,,,,,WFT1001RGL-BLK,,,"UZC3011XXX-CLR, UAS3036AAB-GRG, UZF3003LSK-NTR",,,4,5013441419442,Hunter,Hunter,Talla,38,,1,
19137,variation,WFT1001RMA-BLK38,,Botas De Agua Altas Y Ajustables Por Detrás Original Para Mujer Negro - 38,1,0,visible,,,,,taxable,parent,0,0,,0,0,2,35,,12,0,,107994,179990,,,,,,,WFT1001RMA-BLK,,,"UAS3036AAB-HWT, AC1SI, UAH3031WXA-GZB, UZF3003LSK-NTR",,,4,5013441579085,Hunter,Hunter,Talla,38,,1,
19149,variation,WFT1071RMA-BLK39,,Botas Original Refined Para Mujer Negro - 39,1,0,visible,,,,,taxable,parent,0,0,,0,0,2,32,,11,0,,80994,134990,,,,,,,WFT1071RMA-BLK,,,"D62SI, UAH3031WXA-GZB",,,4,5054916020275,Hunter,Hunter,Talla,39,,1,
19155,variation,WFT2007EXL-OEX39,,Botas Altas Original Play Con Logotipo Ampliado Para Mujer - 39,1,0,visible,,,,,taxable,parent,0,0,,0,0,2,32,,13,0,,65400,109000,,,,,,,WFT2007EXL-OEX,,,,,,4,5054916630108,Hunter,Hunter,Talla,39,,1,
19161,variation,WFT2007RMA-BLK39,,Botas De Agua Altas Original Play Para Mujer BLK - 39,1,0,visible,,,,,taxable,parent,0,0,,0,0,2,32,,13,0,,65994,109990,,,,,,,WFT2007RMA-BLK,,,,,,4,5054916380614,Hunter,Hunter,Talla,39,,1,
19167,variation,WFT2007RMA-LIH39,,Botas De Agua Altas Original Play Para Mujer LIH - 39,1,0,visible,,,,,taxable,parent,0,0,,0,0,2,32,,13,0,,53994,89990,,,,,,,WFT2007RMA-LIH,,,,,,4,5054916450225,Hunter,Hunter,Talla,39,,1,
19173,variation,WFT2007RMA-LRD39,,Botas De Agua Altas Original Play Para Mujer LRD - 39,1,0,visible,,,,,taxable,parent,0,0,,0,0,2,32,,13,0,,65994,109990,,,,,,,WFT2007RMA-LRD,,,,,,4,5054916633932,Hunter,Hunter,Talla,39,,1,
19178,variation,WFT2007RMA-ZNC38,,Botas De Agua Altas Original Play Para Mujer ZNC - 38,1,0,visible,,,,,taxable,parent,0,0,,0,0,2,32,,13,0,,65994,109990,,,,,,,WFT2007RMA-ZNC,,,,,,4,5054916380744,Hunter,Hunter,Talla,38,,1,
19184,variation,WFT2041RMA-BLK38,,Botas Altas Aislantes Original Para Mujer BLK - 38,1,0,visible,,,,,taxable,parent,0,0,,0,0,2,32,,13,0,,107994,179990,,,,,,,WFT2041RMA-BLK,,,"UAH3031WXA-GZB, UBP1152KBM-MLR",,,4,5054916540278,Hunter,Hunter,Talla,38,,1,
19190,variation,WFT2052NRE-BLK38,,Botas Estilo Sherpa Con Parte Superior Enrollable Para Mujer Negro - 38,1,0,visible,,,,,taxable,parent,0,0,,0,0,2,32,,13,0,,86994,144990,,,,,,,WFT2052NRE-BLK,,,"UAH3031WXA-MRG, UBB6017ACD-MLR",,,4,5054916540698,Hunter,Hunter,Talla,38,,1,
19202,variation,WFT2078RMA-BHE38,,Botas Altas Calendar Original Para Mujer - 38,1,0,visible,,,,,taxable,parent,0,0,,0,0,2,32,,13,0,,92994,154990,,,,,,,WFT2078RMA-BHE,,,"UAH3031WXA-MRG, UBP7020KBM-NVY",,,4,5054916633789,Hunter,Hunter,Talla,38,,1,
19354,variation,MFT9000RMA-BLK43,,Botas De Agua Altas Original Para Hombre Negra - 43,1,0,visible,,,,,taxable,parent,0,0,,0,0,2,28,,13,0,,95994,159990,,,,,,,MFT9000RMA-BLK,,,"UAS3036AAB-HWT, UZC3011XXX-CLR, UAS3036AAB-BLK",,,4,5013441371047,Hunter,Hunter,Talla,43,,1,
19360,variation,MFT9000RMA-DOV43,,Botas De Agua Altas Original Para Hombre Verde Oliva - 43,1,0,visible,,,,,taxable,parent,1,23,,0,0,2,28,,13,0,,95994,159990,,,,,,,MFT9000RMA-DOV,,,,,,4,5013441371184,Hunter,Hunter,Talla,43,,1,
19367,variation,WFT1000RMA-BLK39,,Botas De Agua Altas Original Para Mujer - 39,1,0,visible,,,,,taxable,parent,0,0,,0,0,2,32,,11,0,,101994,169990,,,,,,,WFT1000RMA-BLK,,,"UAS3036AAB-GZB, UAS3036AAB-BLK, UAS3036AAB-GRG",,,4,5013441352862,Hunter,Hunter,Talla,39,,1,
19472,variation,SON-4,,DAD - 39,1,0,visible,,,,,taxable,parent,1,5,,0,0,1.9,20,,10,0,,,10000,,,,,,,DAD,,,,,,4,5013441352794,,,Talla,39,,1,
19500,variation,WFS1051RMA-BLK39,,BOTA ANKLE BLACK - 39,1,0,visible,,,,,taxable,parent,0,0,,0,0,,,,,0,,80994,134990,,,,,,,WFS1051RMA-BLK,,,"W14SI, UBB6017ACD-MLR",,,4,,Hunter,Hunter,Talla,39,,1,
19521,variation,WFS2020RMA-BBO39,,Botas De Agua Bajas Original Play Para Mujer Celeste - 39,1,0,visible,,,,,taxable,parent,0,0,,0,0,,,,,0,,65994,109990,,,,,,,WFS2020RMA-BBO,,,"UAH3031WXA-MRG, UBP7020KBM-NVY",,,4,5054916618809,Hunter,Hunter,Talla,39,,1,
19651,variation,WFF1088RMA-DOC39,,Zueco de Jardin para Mujer Verde Oliva - 39,1,0,visible,,,,,taxable,parent,1,13,,0,0,,,,,0,,53994,89990,,,,,,,WFF1088RMA-DOC,,,,,,4,5054916827812,Hunter,Hunter,Talla,39,,1,
19868,variation,WFS2018RMA-DOC39,,Bota Corta de Jardinera - 39,1,0,visible,,,,,taxable,parent,1,12,,0,0,,,,,0,,68994,114990,,,,,,,WFS2018RMA-DOC,,,,,,4,5054916802475,Hunter,Hunter,Talla,39,,1,
19994,variation,WFT2200RMA-BLK39,,BOTAS DE AGUA LARGAS PARA MUJER SLIM FIT (ajustadas) - 39,1,0,visible,,,,,taxable,parent,0,0,,0,0,,,,,0,,95994,159990,,,,,,,WFT2200RMA-BLK,,,"UAS3036AAB-HWT, UZF3003LSK-NTR",,,4,5054916809450,Hunter,Hunter,Talla,39,,1,
19999,variation,WFS2200RMA-BLK39,,BOTAS REFINED CORTAS PARA MUJER NEGRO - 39,1,0,visible,,,,,taxable,parent,0,0,,0,0,,,,,0,,89994,149990,,,,,,,WFS2200RMA-BLK,,,,,,4,5054916809313,Hunter,Hunter,Talla,39,,1,
20005,variation,WFS2106WWU-BLK39,,Bota Nieve Negra - 39,1,0,visible,,,,2026-07-19 23:59:59,taxable,parent,0,0,,0,0,,,,,0,,83994,139990,,,,,,,WFS2106WWU-BLK,,,,,,4,5054916732277,Hunter,Hunter,Talla,39,,1,
20159,variable,WFS1018RMA-BLK,,Bota Commando Chelsea Negro,1,0,visible,,"La bota Commando Chelsea con certificación FSC® se elaboró ​​con caucho natural de bosques auditados de forma independiente según los estándares del Forest Stewardship Council®. Estas botas 100% impermeables están hechas a mano con estrictos estándares para proteger los bosques, así como a los animales y las comunidades que dependen de ellos.\n\nFabricado con caucho natural vegano certificado por FSC®, el Commando Chelsea 100% impermeable es una nueva incorporación a nuestra icónica colección Original. Manteniendo todas las características queridas de la bota Chelsea original, como el refuerzo flexible y el agarre Hunter, esta nueva silueta tiene un perfil más alto, alcanzando 15 mm (0,59"") más arriba de la pierna. Este estilo híbrido de comando Chelsea negro para mujer también presenta un reciclado reciclado Forro y plantilla de poliéster.\n<ul>\n 	<li>vegano certificado</li>\n 	<li>Impermeable</li>\n 	<li>Hecho a mano</li>\n 	<li>Forro y plantilla de poliéster reciclado</li>\n 	<li>Suela exterior de goma moldeada con dibujo original de la banda de rodadura de Hunter</li>\n 	<li>Refuerzos laterales elásticos y lengüeta de nailon para facilitar la entrada del pie</li>\n 	<li>Elaborado a partir de caucho vulcanizado natural procedente de una plantación con certificación FSC®</li>\n</ul>",,,taxable,,1,144,2,0,0,,,,,0,,,,"Tipo de producto > Botas, Género, Género > Mujer, Tipo de producto","Impermeables, Invierno, Ofertas",,"https://trendseeker.cl/wp-content/uploads/2023/11/WFS1018RMA-BLK-1.jpg, https://trendseeker.cl/wp-content/uploads/2022/11/Botas-chelsea-cortas-mujer-Hunter.png, https://trendseeker.cl/wp-content/uploads/2022/11/WFS1018RMA-BLK-2.jpg, https://trendseeker.cl/wp-content/uploads/2022/11/WFS1018RMA-BLK-3.jpg, https://trendseeker.cl/wp-content/uploads/2022/11/WFS1018RMA-BLK-4.jpg",,,,,,,,,224,50054500,Hunter,Hunter,Talla,"36, 37, 38, 39, 40/41",1,1,
20174,variation,WFS2010CNV-BLK39,,Botas Commando Desert Mujer Negras - 39,1,0,visible,,,,,taxable,parent,0,0,,0,0,,,,,0,,83994,139990,,,,,,,WFS2010CNV-BLK,,,,,,4,5054916895569,Hunter,Hunter,Talla,39,,1,
20181,variation,WFS2010CNV-ATM37,,Botas Commando Desert Mujer Verde Musgo - 37,1,0,visible,,,,,taxable,parent,0,0,,0,0,,,,,0,,83994,139990,,,,,,,WFS2010CNV-ATM,,,,,,4,5054916895682,Hunter,Hunter,Talla,37,,1,
20206,variation,WFS1018RMA-DOV40,,Bota Commando Chelsea Verde Militar - 40/41,1,0,visible,,,,,taxable,parent,0,0,,0,0,,,,,0,,86994,144990,,,,,,,WFS1018RMA-DOV,,,,,,4,5054916897310,Hunter,Hunter,Talla,40/41,,1,
20214,variation,WFS1018RMA-BLK39,,Bota Commando Chelsea Negro - 39,1,0,visible,,,,,taxable,parent,0,0,,0,0,,,,,0,,86994,144990,,,,,,,WFS1018RMA-BLK,,,,,,4,,Hunter,Hunter,Talla,39,,1,
20225,variation,WFS1000RMA-OVL39,,Botas de Agua Bajas para Mujer Hoja de Olivo - 39,1,0,visible,,,,,taxable,parent,0,0,,0,0,,,,,0,,72594,120990,,,,,,,WFS1000RMA-OVL,,,"WAS1017AAC-WHT, WAS1017AAC-WHTL, WAS1017AAC-BLK",,,4,5054916916929,Hunter,Hunter,Talla,39,,1,
20230,variation,MFS9000CNV-BLK43,,Botas Commando Desert Hombre Negras - 43,1,0,visible,,,,,taxable,parent,0,0,,0,0,,,,,0,,83994,139990,,,,,,,MFS9000CNV-BLK,,,,,,4,,Hunter,Hunter,Talla,43,,1,
20237,variation,WFS1013RMA-GSC38,,Botas De Agua Baja y Ajustables Por Detrás Para Mujer Rosado Oscuro - 38,1,0,visible,,,,,taxable,parent,0,0,,0,0,,,,,0,,86994,144990,,,,,,,WFS1013RMA-GSC,,,,,,4,5054916887700,Hunter,Hunter,Talla,38,,1,
20246,variation,WFT1000RMA-OVL39,,Botas de Agua Altas para Mujer Hoja de Olivo - 39,1,0,visible,,,,2026-07-19 23:59:59,taxable,parent,0,0,,0,0,,,,,0,,101994,169990,,,,,,,WFT1000RMA-OVL,,,"UAS3036AAB-GZB, UAS3036AAB-GRG, UAS3000AAA-HWT, UZF3003LSK-NTR",,,4,5054916916998,Hunter,Hunter,Talla,39,,1,
20256,variation,WFT1000RMA-SWG39,,Botas de Agua Altas para Mujer Verde Sweet Gale - 39,1,0,visible,,,,2026-07-19 23:59:59,taxable,parent,0,0,,0,0,,,,,0,,101994,169990,,,,,,,WFT1000RMA-SWG,,,"UAS3036AAB-BLK, UAS3036AAB-GRG, UZF3003LSK-NTR",,,4,5054916888691,Hunter,Hunter,Talla,39,,1,
20264,variation,WFT1001RMA-GSC39,,Botas De Agua Altas Y Ajustables Por Detrás Para Mujer Glenmore Rosa - 39,1,0,visible,,,,2026-07-19 23:59:59,taxable,parent,0,0,,0,0,,,,,0,,107994,179990,,,,,,,WFT1001RMA-GSC,,,"UAS3036AAB-BLK, UZC4007XXX-CLR, UZF3003LSK-NTR",,,4,5054916888905,Hunter,Hunter,Talla,39,,1,
20276,variation,WFS1000RMA-MLR39,,Botas de Agua Bajas para Mujer Rojo Militar - 39,1,0,visible,,,,,taxable,parent,0,0,,0,0,,,,,0,,80994,134990,,,,,,,WFS1000RMA-MLR,,,"WAS1017AAC-WHT, UZC3011XXX-CLR, UBB1210KBM-BLK",,,4,5013441406855,Hunter,Hunter,Talla,39,,1,
20286,variation,WFT2007RMA-ATM39,,Botas De Agua Altas Original Play Para Mujer Verde Musgo - 39,1,0,visible,,,,2026-07-19 23:59:59,taxable,parent,0,0,,0,0,2,32,,13,0,,65994,109990,,,,,,,WFT2007RMA-ATM,,,"UAS3036AAB-HWT, UZF3003LSK-NTR",,,4,5054916857505,Hunter,Hunter,Talla,39,,1,
20316,variation,WFS1020RMA-ATM39,,Botas de Agua Bajas Play Neopreno Verde Musgo Mujer - 39,1,0,visible,,,,,taxable,parent,0,0,,0,0,,,,,0,,65994,109990,,,,,,,WFS1020RMA-ATM,,,"WFS2048RMA-BLK, UAH3345WXA-BLK",,,4,,Hunter,Hunter,Talla,39,,1,
20327,variation,WFS1020RMA-BLK39,,Botas de Agua Bajas Play Neopreno Black Mujer - 39,1,0,visible,,,,,taxable,parent,0,0,,0,0,,,,,0,,65994,109990,,,,,,,WFS1020RMA-BLK,,,"WFS2006RMA-BLK, UAH3031WXA-MRG, UBB2004KBM-DOV",,,4,,Hunter,Hunter,Talla,39,,1,
20339,variation,WFT2007RMA-KOM39,,Botas De Agua Altas Original Play Para Mujer Kombu - 39,1,0,visible,,,,,taxable,parent,0,0,,0,0,,,,,0,,65994,109990,,,,,,,WFT2007RMA-KOM,,,"UAH3345WXA-BLK, UAS3036AAB-GZB, UBP7012KBM-BLK, UZF3003LSK-NTR",,,4,5054916619158,Hunter,Hunter,Talla,39,,1,
20348,variation,WFT2052NRE-DOV38,,Botas Estilo Sherpa Con Parte Superior Enrollable Para Mujer Verde Oliva - 38,1,0,visible,,,,,taxable,parent,1,83,,0,0,,,,,0,,86994,144990,,,,,,,WFT2052NRE-DOV,,,"UAH3031WXA-GZB, UBB1204KBM-BLK, UAU1004UPM-BLK",,,4,5054916744713,Hunter,Hunter,Talla,38,,1,
20358,variation,JFT6000RMA-HGR34,,Botas De Agua Original Para Niños Verde - 34/35,1,0,visible,,,,,taxable,parent,1,28,,0,0,1.7,32,,14,0,,47994,79990,,,,,,,JFT6000RMA-HGR,,,"JBB1119KBM-NVY, JBB1119KBM-RBP",,,4,5013441725864,Hunter,Hunter,Talla,34/35,,1,
20437,variation,WFS2236NYL-BLK39,,Botas Commando Explorer Aislantes Para Mujer Negro - 39,1,0,visible,,,2026-06-12 0:00:00,2026-07-19 23:59:59,taxable,parent,0,0,,0,0,,,,,0,,119994,199990,,,,,,,WFS2236NYL-BLK,,,"WFS1018RMA-DOV, WFS2010CNV-BLK, WFS2010CNV-ATM",,,4,5054916951302,Hunter,Hunter,Talla,39,,1,
20447,variation,WFS2236NYL-MRF39,,Botas Commando Explorer Aislantes Para Mujer Berry - 39,1,0,visible,,,,,taxable,parent,0,0,,0,0,,,,,0,,119994,199990,,,,,,,WFS2236NYL-MRF,,,"WFS1018RMA-BLK, WFS2010CNV-BLK, WFS2236NYL-BLK",,,4,5054916951371,Hunter,Hunter,Talla,39,,1,
20491,variation,UFF1102EVA-PER36,,Zueco In & Out Espuma de Alga Rosado - 36,1,0,visible,,,,,taxable,parent,0,0,,0,0,,,,,0,,29994,49990,,,,,,,UFF1102EVA-PER,,,,,,4,5052956016104,Hunter,Hunter,Talla,36,,1,
20501,variation,UFF1102EVA-BLK36,,Zueco In & Out Espuma de Alga Negro - 36,1,0,visible,,,,,taxable,parent,1,12,,0,0,,,,,0,,29994,49990,,,,,,,UFF1102EVA-BLK,,,,,,4,5052956015800,Hunter,Hunter,Talla,36,,1,
20669,variation,MFS2335LNR-BLK40,,Botas Commando de Piel Con Cordones Urban Explorer Para Hombre - 40/41,1,0,visible,,,,,taxable,parent,1,8,,0,0,,,,,0,,137994,229990,,,,,,,MFS2335LNR-BLK,,,"MFS9000CNV-ATM, MFT9000RMA-DOV, MRO4245WAP-BLK",,,4,,Hunter,Hunter,Talla,40/41,,1,
21206,variation,WFS2336REN-BLK-39,,Botas Commando Travel Explorer Black - Mujer - 39,1,0,visible,,,,,taxable,parent,1,6,,0,0,,,,,0,,119994,199990,,,,,,,WFS2336REN-BLK,,,"WFS1018RMA-BLK, WFS2010CNV-BLK, WFS2010CNV-ATM",,,4,5052956048662,Hunter,Hunter,Talla,39,,1,
21213,variation,WFS2336REN-SED-39,,Botas Commando Travel Explorer White - Mujer - 39,1,0,visible,,,,,taxable,parent,1,14,,0,0,,,,,0,,119994,199990,,,,,,,WFS2336REN-SED,,,,,,4,5052956040741,Hunter,Hunter,Talla,39,,1,
21227,variation,WFT2235RMA-BLK-39,,Botas Play Alta Aislante Con Forro De Shearling Black Para Mujer - 39,1,0,visible,,,,2026-07-19 23:59:59,taxable,parent,0,0,,0,0,,,,,0,,83994,139990,,,,,,,WFT2235RMA-BLK,,,"WFS2020RMA-BBO, WFS2020RMA-BLK, WFS2020RMA-LRD",,,4,5054916957236,Hunter,Hunter,Talla,39,,1,
21238,variation,WFT2235RMA-WHW-39,,Botas Play Altas Aislante Con Forro - Shearling White - Mujer - 39,1,0,visible,,,,,taxable,parent,1,40,,0,0,,,,,0,,83994,139990,,,,,,,WFT2235RMA-WHW,,,"WFS2020RMA-BBO, WFS2020RMA-BLK, WFS2020RMA-LRD",,,4,5054916957441,Hunter,Hunter,Talla,39,,1,
21843,variation,WFS1018RGL-BLK39,,Botas Chelsea Commando Negras Brillantes Para Mujer - 39,1,0,visible,,,,,taxable,parent,1,21,,0,0,,,,,0,,89994,149990,,,,,,,WFS1018RGL-BLK,,,"WFS2006RMA-BLK, WFS1043RMA-MLR, WFS1043RMA-SUG",,,4,5054916921510,Hunter,Hunter,size,39,,1,
21854,variation,WFS1018RMA-CAS39,,Botas Chelsea Commando Para Mujer Gris Pálido - 39,1,0,visible,,,,,taxable,parent,1,15,,0,0,,,,,0,,89994,149990,,,,,,,WFS1018RMA-CAS,,,"WFS1018RMA-BLK, WFS2006RMA-BLK",,,4,5054916901420,Hunter,Hunter,size,39,,1,
21880,variation,WFS2240NRE-BWI39,,Bota Enrollable - Sherpa Vegano - Mujeres - Negro con Blanco - 39,1,0,visible,,,,,taxable,parent,0,0,,0,0,,,,,0,,92994,154990,,,,,,,WFS2240NRE-BWI,,,"WFT2041RMA-BLK, WFT2052NRE-NVY",,,4,5054916964135,Hunter,Hunter,size,39,,1,
21890,variation,WFT2007RMA-APL39,,Botas De Agua Play Altas Para Mujer Rosadas - 39,1,0,visible,,,,,taxable,parent,0,0,,0,0,,,,,0,,65994,109990,,,,,,,WFT2007RMA-APL,,,"WFS2020RMA-BBO, WFS2020RMA-BLK, WFS2020RMA-LRD, UAS3036AAB-HWT, UZF3003LSK-NTR",,,4,5054916889049,Hunter,Hunter,size,39,,1,
21896,variation,WFS2020RMA-APL39,,Botas De Agua Play Cortas Para Mujer Rosada - 39,1,0,visible,,,,,taxable,parent,0,0,,0,0,,,,,0,,59994,99990,,,,,,,WFS2020RMA-APL,,,"WFS2020RMA-BBO, WFS2020RMA-BLK, WFS2020RMA-LRD",,,4,5054916887922,Hunter,Hunter,size,39,,1,
30369,variation,60008-001-1011,840106437535,Botas Deck-Boss Ankle Boot - Black - 11,1,0,visible,,,,,taxable,parent,0,0,,0,0,,,,,0,,,119990,,,,,,,60011-019,,,,,,4,7332525240184,,,Talla,11,,1,
30376,variation,60008-215-1011,,Botas Deck-Boss Ankle Boot - Dark Brown - 11,1,0,visible,,,,,taxable,parent,0,0,,0,0,,,,,0,,,119990,,,,,,,60008-215,,,,,,4,840106467013,,,Talla,11,,1,
30382,variation,60008-355-1011,,Deck-Boss Ankle Boot - Otter - 11,1,0,visible,,,,,taxable,parent,0,0,,0,0,,,,,0,,,119990,,,,,,,60008-355,,,,,,4,840316307178,,,Talla,11,,1,
30387,variation,60011-019-1008,,Botas Deck Boss Ankle Boot Mujer - Iron Gate - 8,1,0,visible,,,,,taxable,parent,0,0,,0,0,,,,,0,,,119990,,,,,,,60011019,,,,,,4,840106467297,,,Talla,8,,1,
31194,variation,60011-355-1009,,Botas Deck Boss Ankle Boot Mujer - Otter - 9,1,0,visible,,,,,taxable,parent,0,0,,0,0,,,,,0,,,119990,,,,,,,60011-355,,,,,,4,840106482955,,,Talla,9,,1,
32839,variation,60043-001-1011,,Deviation Sherpa Ankle Boot Black - 11,1,0,visible,,,,,taxable,parent,1,1,,0,0,,,,,0,,,169990,,,,,,,60043-001,,,,,,4,840316302050,,,Talla,11,,1,
32996,variation,60047-001-1009,,Women's - Deviation Sherpa Ankle Boot Black - Mujer - 9,1,0,visible,,,,,taxable,parent,1,3,,0,0,,,,,0,,,169990,,,,,,,60047-001,,,,,,4,840316302425,,,Talla,9,,1,
33001,variation,60047-225-1009,,Women´s - Deviation Sherpa Ankle Boot Slit - Mujer - 9,1,0,visible,,,,,taxable,parent,1,3,,0,0,,,,,0,,,169990,,,,,,,60047-225,,,,,,4,840316302494,,,Talla,9,,1,
33988,variation,60102-355-1090,,Bankside Wading Boot - Vibram - 9,1,0,visible,,,,,taxable,parent,0,0,,0,0,,,,,0,,,319990,,,,,,,60102-355,,,,,,4,7332525303254,,,Talla,9,,1,
18531,variation,WFS1000RGL-BLK42,,Botas De Agua Bajas Y Brillantes Original Para Mujer Negro - 42,1,0,visible,,,,,taxable,parent,0,,,0,0,1.9,20,,10,0,,72594,120990,,,,,,,WFS1000RGL-BLK,,,,,,5,5013441352817,Hunter,Hunter,Talla,42,,1,
18542,variation,WFS1000RMA-DOV40/41,,Botas De Agua Bajas Original Para Mujer Verde Oliva - 40/41,1,0,visible,,,,,taxable,parent,0,0,,0,0,1.9,20,,10,0,,72594,120990,,,,,,,WFS1000RMA-DOV,,,"UAH3031WXA-GZB, UBP1152KBM-DOV",,,5,5013441406503,Hunter,Hunter,Talla,40/41,,1,
18560,variation,WFS2020RMA-BLK40/41,,Botas De Agua Bajas Play Mujer Negro - 40/41,1,0,visible,,,,,taxable,parent,0,0,,0,0,1.5,32,,12,0,,59994,99990,,,,,,,WFS2020RMA-BLK,,,,,,5,5054916381185,Hunter,Hunter,Talla,40/41,,1,
18566,variation,WFS2020RMA-LRD40/41,,Botas de Agua Bajas Play para Mujer Rojo - 40/41,1,0,visible,,,,,taxable,parent,0,0,,0,0,1.5,32,,12,0,,65994,109990,,,,,,,WFS2020RMA-LRD,,,,,,5,5054916560528,Hunter,Hunter,Talla,40/41,,1,
18572,variation,WFS2048RMA-BLK40/41,,Botas De Agua Aislantes Bajas Original Para Mujer BLK - 40/41,1,0,visible,,,,,taxable,parent,0,0,,0,0,1.5,32,,12,0,,83994,139990,,,,,,,WFS2048RMA-BLK,,,"UAH3031WXA-GZB, UBB6017ACD-BTB",,,5,5054916540087,Hunter,Hunter,Talla,40/41,,1,
18592,variation,WFT1000RGL-BLK40/41,,Botas Altas Y Brillantes Original Para Mujer Negro - 40/41,1,0,visible,,,,2026-07-19 23:59:59,taxable,parent,0,0,,0,0,2,,,,0,,101994,169990,,,,,,,WFT1000RGL-BLK,,,"UAH3031WXA-GZB, UAS3036AAB-BLK",,,5,5013441353272,Hunter,Hunter,Talla,40/41,,1,
18607,variation,WFT1000RGL-MLR37,,Botas Altas Y Brillantes Original Para Mujer Rojo Militar - 37,1,0,visible,,,,2026-07-19 23:59:59,taxable,parent,0,0,,0,0,2,35,,12,0,,101994,169990,,,,,,,WFT1000RGL-MLR,,,"UZC3011XXX-CLR, UBB1210KBM-DOV, UZF3003LSK-NTR",,,5,5013441413181,Hunter,Hunter,Talla,37,,1,
18628,variation,WFT1000RMA-HGR40/41,,Botas De Agua Altas Original Para Mujer Verde - 40/41,1,0,visible,,,,,taxable,parent,0,0,,0,0,2,32,,11,0,,101994,169990,,,,,,,WFT1000RMA-HGR,,,"UAS3036AAB-HWT, UZF3003LSK-NTR",,,5,5013441579030,Hunter,Hunter,Talla,40/41,,1,
18640,variation,JFT6000RMA-RBP36,,Botas De Agua Original Para Niños Rosado Brillante - 36,1,0,visible,,,,,taxable,parent,0,0,,0,0,1.7,32,,14,0,,47994,79990,,,,,,,JFT6000RMA-RBP,,,,,,5,5054916211000,Hunter,Hunter,Talla,36,,1,
18653,variation,JFT6000RMA-DOV36,,Botas De Agua Original Para Niños Verde Oliva - 36,1,0,visible,,,,,taxable,parent,0,0,,0,0,1.7,32,,14,0,,47994,79990,,,,,,,JFT6000RMA-DOV,,,,,,5,5054916210942,Hunter,Hunter,Talla,36,,1,
18657,variation,JFT6000RMA-BLK36,,Botas De Agua Original Para Niños - 36,1,0,visible,,,,,taxable,parent,0,0,,0,0,1.7,32,,14,0,,47994,79990,,,,,,,JFT6000RMA-BLK,,,,,,5,5013441355719,Hunter,Hunter,Talla,36,,1,
18678,variation,WFT1000RMA-MLR40/41,,Botas de Agua Altas para Mujer Rojo Militar - 40/41,1,0,visible,,,,,taxable,parent,0,0,,0,0,2,32,,11,0,,101994,169990,,,,,,,WFT1000RMA-MLR,,,"UAH3031WXA-MRG, UAS3036AAB-GRG",,,5,5013441415895,Hunter,Hunter,Talla,40/41,,1,
18689,variation,WFT1000RMA-RYL40/41,,Botas De Agua Altas Original Para Mujer Amarillo - 40/41,1,0,visible,,,,,taxable,parent,0,0,,0,0,2,32,,11,0,,89994,149990,,,,,,,WFT1000RMA-RYL,,,"UAH3031WXA-MRG, UBB6017ACD-BLK",,,5,5054916097512,Hunter,Hunter,Talla,40/41,,1,
18694,variation,WFT1000RMA-SIL39,,Botas De Agua Altas Original Para Mujer Plateado - 39,1,0,visible,,,,,taxable,parent,0,0,,0,0,2,32,,11,0,,89994,149990,,,,,,,WFT1000RMA-SIL,,,,,,5,5054916097789,Hunter,Hunter,Talla,39,,1,
19038,variation,JFT6000RMA-NVY36,,Botas De Agua Original Para Niños Azul Marino - 36,1,0,visible,,,,,taxable,parent,0,0,,0,0,1.7,32,,14,0,,47994,79990,,,,,,,JFT6000RMA-NVY,,,,,,5,5013441356617,Hunter,Hunter,Talla,36,,1,
19044,variation,MFT9000RMA-HGR44,,Botas De Agua Altas Original Para Hombre Verde - 44,1,0,visible,,,,,taxable,parent,0,0,,0,0,2,28,,13,0,,89994,149990,,,,,,,MFT9000RMA-HGR,,,,,,5,5013441733050,Hunter,Hunter,Talla,44,,1,
19069,variation,WFS1000RGL-MLR42,,Botas De Agua Bajas Y Brillantes Original Para Mujer Rojo Militar - 42,1,0,visible,,,,,taxable,parent,0,0,,0,0,1.9,20,,10,0,,72594,120990,,,,,,,WFS1000RGL-MLR,,,"D62SI, UAH3031WXA-MRG",,,5,5013441405100,Hunter,Hunter,Talla,42,,1,
19087,variation,WFS1043RMA-SUG36,,Botas Chelsea Original Para Mujer Verde Suculenta - 36,1,0,visible,,,,,taxable,parent,0,0,,0,0,1.5,26,,11,0,,70194,116990,,,,,,,WFS1043RMA-SUG,,,"UBB6017ACD-DOV, UBP1152KBM-BLK",,,5,5054916117937,Hunter,Hunter,Talla,36,,1,
19108,variation,WFS2020RMA-LIH39,,Botas De Agua Bajas Original Play Para Mujer LIH - 39,1,0,visible,,,,,taxable,parent,0,0,,0,0,1.5,32,,12,0,,44994,74990,,,,,,,WFS2020RMA-LIH,,,,,,5,5054916449946,Hunter,Hunter,Talla,39,,1,
19115,variation,WFS2020RMA-ZNC40/41,,Botas De Agua Bajas Original Play Para Mujer ZNC - 40/41,1,0,visible,,,,,taxable,parent,0,0,,0,0,1.5,32,,12,0,,59994,99990,,,,,,,WFS2020RMA-ZNC,,,,,,5,5054916381321,Hunter,Hunter,Talla,40/41,,1,
19120,variation,WFT1000RGL-NVY38,,Botas Altas Y Brillantes Original Para Mujer Azul Marino - 38,1,0,visible,,,,,taxable,parent,0,0,,0,0,2,35,,12,0,,77994,129990,,,,,,,WFT1000RGL-NVY,,,"UBB6017ACD-BTB, UBP7020KBM-NVY",,,5,5013441413334,Hunter,Hunter,Talla,38,,1,
19132,variation,WFT1001RGL-BLK39,,Botas De Agua Altas Y Ajustables Por Detrás Para Mujer Negro - 39,1,0,visible,,,,,taxable,parent,0,0,,0,0,2,32,,11,0,,107994,179990,,,,,,,WFT1001RGL-BLK,,,"UZC3011XXX-CLR, UAS3036AAB-GRG, UZF3003LSK-NTR",,,5,5013441419459,Hunter,Hunter,Talla,39,,1,
19136,variation,WFT1001RMA-BLK37,,Botas De Agua Altas Y Ajustables Por Detrás Original Para Mujer Negro - 37,1,0,visible,,,,,taxable,parent,0,0,,0,0,2,35,,12,0,,107994,179990,,,,,,,WFT1001RMA-BLK,,,"UAS3036AAB-HWT, AC1SI, UAH3031WXA-GZB, UZF3003LSK-NTR",,,5,5013441579078,Hunter,Hunter,Talla,37,,1,
19150,variation,WFT1071RMA-BLK40/41,,Botas Original Refined Para Mujer Negro - 40/41,1,0,visible,,,,,taxable,parent,0,0,,0,0,2,32,,11,0,,80994,134990,,,,,,,WFT1071RMA-BLK,,,"D62SI, UAH3031WXA-GZB",,,5,5054916020282,Hunter,Hunter,Talla,40/41,,1,
19162,variation,WFT2007RMA-BLK40/41,,Botas De Agua Altas Original Play Para Mujer BLK - 40/41,1,0,visible,,,,,taxable,parent,0,0,,0,0,2,32,20,13,0,,65994,109990,,,,,,,WFT2007RMA-BLK,,,,,,5,5054916380621,Hunter,Hunter,Talla,40/41,,1,
19174,variation,WFT2007RMA-LRD40/41,,Botas De Agua Altas Original Play Para Mujer LRD - 40/41,1,0,visible,,,,,taxable,parent,0,0,,0,0,2,32,,13,0,,65994,109990,,,,,,,WFT2007RMA-LRD,,,,,,5,5054916633949,Hunter,Hunter,Talla,40/41,,1,
19177,variation,WFT2007RMA-ZNC37,,Botas De Agua Altas Original Play Para Mujer ZNC - 37,1,0,visible,,,,,taxable,parent,0,0,,0,0,2,32,,13,0,,65994,109990,,,,,,,WFT2007RMA-ZNC,,,,,,5,5054916380737,Hunter,Hunter,Talla,37,,1,
19185,variation,WFT2041RMA-BLK39,,Botas Altas Aislantes Original Para Mujer BLK - 39,1,0,visible,,,,,taxable,parent,0,0,,0,0,2,32,,13,0,,107994,179990,,,,,,,WFT2041RMA-BLK,,,"UAH3031WXA-GZB, UBP1152KBM-MLR",,,5,5054916540285,Hunter,Hunter,Talla,39,,1,
19191,variation,WFT2052NRE-BLK39,,Botas Estilo Sherpa Con Parte Superior Enrollable Para Mujer Negro - 39,1,0,visible,,,,,taxable,parent,0,0,,0,0,2,32,,13,0,,86994,144990,,,,,,,WFT2052NRE-BLK,,,"UAH3031WXA-MRG, UBB6017ACD-MLR",,,5,5054916540704,Hunter,Hunter,Talla,39,,1,
19203,variation,WFT2078RMA-BHE39,,Botas Altas Calendar Original Para Mujer - 39,1,0,visible,,,,,taxable,parent,0,0,,0,0,2,32,,13,0,,92994,154990,,,,,,,WFT2078RMA-BHE,,,"UAH3031WXA-MRG, UBP7020KBM-NVY",,,5,5054916633796,Hunter,Hunter,Talla,39,,1,
19355,variation,MFT9000RMA-BLK44,,Botas De Agua Altas Original Para Hombre Negra - 44,1,0,visible,,,,,taxable,parent,0,0,,0,0,2,28,,13,0,,95994,159990,,,,,,,MFT9000RMA-BLK,,,"UAS3036AAB-HWT, UZC3011XXX-CLR, UAS3036AAB-BLK",,,5,5013441371054,Hunter,Hunter,Talla,44,,1,
19359,variation,MFT9000RMA-DOV42,,Botas De Agua Altas Original Para Hombre Verde Oliva - 42,1,0,visible,,,,,taxable,parent,1,27,,0,0,2,28,,13,0,,95994,159990,,,,,,,MFT9000RMA-DOV,,,,,,5,5013441371177,Hunter,Hunter,Talla,42,,1,
19368,variation,WFT1000RMA-BLK40/41,,Botas De Agua Altas Original Para Mujer - 40/41,1,0,visible,,,,,taxable,parent,0,0,,0,0,2,32,,11,0,,101994,169990,,,,,,,WFT1000RMA-BLK,,,"UAS3036AAB-GZB, UAS3036AAB-BLK, UAS3036AAB-GRG",,,5,5013441352879,Hunter,Hunter,Talla,40/41,,1,
19474,variation,SON-6,,DAD - 42,1,0,visible,,,,,taxable,parent,0,0,,0,0,1.9,20,,10,0,,,12000,,,,,,,DAD,,,,,,5,5013441352817,,,Talla,42,,1,
19501,variation,WFS1051RMA-BLK40,,BOTA ANKLE BLACK - 40/41,1,0,visible,,,,,taxable,parent,0,0,,0,0,,,,,0,,80994,134990,,,,,,,WFS1051RMA-BLK,,,"W14SI, UBB6017ACD-MLR",,,5,5013441853420,Hunter,Hunter,Talla,40/41,,1,
19522,variation,WFS2020RMA-BBO40,,Botas De Agua Bajas Original Play Para Mujer Celeste - 40/41,1,0,visible,,,,,taxable,parent,0,0,,0,0,,,,,0,,65994,109990,,,,,,,WFS2020RMA-BBO,,,"UAH3031WXA-MRG, UBP7020KBM-NVY",,,5,5054916618816,Hunter,Hunter,Talla,40/41,,1,
19652,variation,WFF1088RMA-DOC40,,Zueco de Jardin para Mujer Verde Oliva - 40,1,0,visible,,,,,taxable,parent,1,2,,0,0,,,,,0,,53994,89990,,,,,,,WFF1088RMA-DOC,,,,,,5,5054916827829,Hunter,Hunter,Talla,40,,1,
19869,variation,WFS2018RMA-DOC40,,Bota Corta de Jardinera - 40/41,1,0,visible,,,,,taxable,parent,0,0,,0,0,,,,,0,,68994,114990,,,,,,,WFS2018RMA-DOC,,,,,,5,5054916802482,Hunter,Hunter,Talla,40/41,,1,
19995,variation,WFT2200RMA-BLK40,,BOTAS DE AGUA LARGAS PARA MUJER SLIM FIT (ajustadas) - 40/41,1,0,visible,,,,,taxable,parent,0,0,,0,0,,,,,0,,95994,159990,,,,,,,WFT2200RMA-BLK,,,"UAS3036AAB-HWT, UZF3003LSK-NTR",,,5,5054916809467,Hunter,Hunter,Talla,40/41,,1,
20000,variation,WFS2200RMA-BLK40,,BOTAS REFINED CORTAS PARA MUJER NEGRO - 40/41,1,0,visible,,,,,taxable,parent,0,0,,0,0,,,,,0,,89994,149990,,,,,,,WFS2200RMA-BLK,,,,,,5,5054916809320,Hunter,Hunter,Talla,40/41,,1,
20006,variation,WFS2106WWU-BLK40,,Bota Nieve Negra - 40,1,0,visible,,,,2026-07-19 23:59:59,taxable,parent,0,0,,0,0,2,,,,0,,83994,139990,,,,,,,WFS2106WWU-BLK,,,,,,5,5054916732284,Hunter,Hunter,Talla,40,,1,
20175,variation,WFS2010CNV-BLK40,,Botas Commando Desert Mujer Negras - 40/41,1,0,visible,,,,,taxable,parent,0,0,,0,0,,,,,0,,83994,139990,,,,,,,WFS2010CNV-BLK,,,,,,5,5054916895576,Hunter,Hunter,Talla,40/41,,1,
20180,variation,WFS2010CNV-ATM36,,Botas Commando Desert Mujer Verde Musgo - 36,1,0,visible,,,,,taxable,parent,1,1,,0,0,,,,,0,,83994,139990,,,,,,,WFS2010CNV-ATM,,,,,,5,5054916895675,Hunter,Hunter,Talla,36,,1,
20202,variation,WFS1018RMA-DOV36,,Bota Commando Chelsea Verde Militar - 36,1,0,visible,,,,,taxable,parent,0,0,,0,0,,,,,0,,86994,144990,,,,,,,WFS1018RMA-DOV,,,,,,5,5054916897273,Hunter,Hunter,Talla,36,,1,
20211,variation,WFS1018RMA-BLK36,,Bota Commando Chelsea Negro - 36,1,0,visible,,,,,taxable,parent,0,0,,0,0,,,,,0,,86994,144990,,,,,,,WFS1018RMA-BLK,,,,,,5,,Hunter,Hunter,Talla,36,,1,
20226,variation,WFS1000RMA-OVL40,,Botas de Agua Bajas para Mujer Hoja de Olivo - 40/41,1,0,visible,,,,,taxable,parent,0,0,,0,0,,,,,0,,72594,120990,,,,,,,WFS1000RMA-OVL,,,"WAS1017AAC-WHT, WAS1017AAC-WHTL, WAS1017AAC-BLK",,,5,5054916916936,Hunter,Hunter,Talla,40/41,,1,
20231,variation,MFS9000CNV-BLK44,,Botas Commando Desert Hombre Negras - 44,1,0,visible,,,,,taxable,parent,0,0,,0,0,,,,,0,,83994,139990,,,,,,,MFS9000CNV-BLK,,,,,,5,,Hunter,Hunter,Talla,44,,1,
20238,variation,WFS1013RMA-GSC39,,Botas De Agua Baja y Ajustables Por Detrás Para Mujer Rosado Oscuro - 39,1,0,visible,,,,,taxable,parent,1,12,,0,0,,,,,0,,86994,144990,,,,,,,WFS1013RMA-GSC,,,,,,5,5054916887717,Hunter,Hunter,Talla,39,,1,
20247,variation,WFT1000RMA-OVL40,,Botas de Agua Altas para Mujer Hoja de Olivo - 40/41,1,0,visible,,,,2026-07-19 23:59:59,taxable,parent,0,0,,0,0,,,,,0,,101994,169990,,,,,,,WFT1000RMA-OVL,,,"UAS3036AAB-GZB, UAS3036AAB-GRG, UAS3000AAA-HWT, UZF3003LSK-NTR",,,5,5054916917001,Hunter,Hunter,Talla,40/41,,1,
20257,variation,WFT1000RMA-SWG40,,Botas de Agua Altas para Mujer Verde Sweet Gale - 40/41,1,0,visible,,,,2026-07-19 23:59:59,taxable,parent,0,0,,0,0,,,,,0,,101994,169990,,,,,,,WFT1000RMA-SWG,,,"UAS3036AAB-BLK, UAS3036AAB-GRG, UZF3003LSK-NTR",,,5,5054916888707,Hunter,Hunter,Talla,40/41,,1,
20265,variation,WFT1001RMA-GSC40,,Botas De Agua Altas Y Ajustables Por Detrás Para Mujer Glenmore Rosa - 40/41,1,0,visible,,,,2026-07-19 23:59:59,taxable,parent,0,0,,0,0,,,,,0,,107994,179990,,,,,,,WFT1001RMA-GSC,,,"UAS3036AAB-BLK, UZC4007XXX-CLR, UZF3003LSK-NTR",,,5,5054916888912,Hunter,Hunter,Talla,40/41,,1,
20277,variation,WFS1000RMA-MLR40,,Botas de Agua Bajas para Mujer Rojo Militar - 40/41,1,0,visible,,,,,taxable,parent,0,0,,0,0,,,,,0,,80994,134990,,,,,,,WFS1000RMA-MLR,,,"WAS1017AAC-WHT, UZC3011XXX-CLR, UBB1210KBM-BLK",,,5,5013441406862,Hunter,Hunter,Talla,40/41,,1,
20282,variation,WFT2007RMA-ATM40,,Botas De Agua Altas Original Play Para Mujer Verde Musgo - 40/41,1,0,visible,,,,2026-07-19 23:59:59,taxable,parent,0,0,,0,0,2,32,,13,0,,65994,109990,,,,,,,WFT2007RMA-ATM,,,"UAS3036AAB-HWT, UZF3003LSK-NTR",,,5,5054916857512,Hunter,Hunter,Talla,40/41,,1,
20317,variation,WFS1020RMA-ATM40,,Botas de Agua Bajas Play Neopreno Verde Musgo Mujer - 40/41,1,0,visible,,,,,taxable,parent,0,0,,0,0,,,,,0,,65994,109990,,,,,,,WFS1020RMA-ATM,,,"WFS2048RMA-BLK, UAH3345WXA-BLK",,,5,,Hunter,Hunter,Talla,40/41,,1,
20328,variation,WFS1020RMA-BLK40,,Botas de Agua Bajas Play Neopreno Black Mujer - 40/41,1,0,visible,,,,,taxable,parent,0,0,,0,0,,,,,0,,65994,109990,,,,,,,WFS1020RMA-BLK,,,"WFS2006RMA-BLK, UAH3031WXA-MRG, UBB2004KBM-DOV",,,5,,Hunter,Hunter,Talla,40/41,,1,
20340,variation,WFT2007RMA-KOM40,,Botas De Agua Altas Original Play Para Mujer Kombu - 40/41,1,0,visible,,,,,taxable,parent,0,0,,0,0,,,,,0,,65994,109990,,,,,,,WFT2007RMA-KOM,,,"UAH3345WXA-BLK, UAS3036AAB-GZB, UBP7012KBM-BLK, UZF3003LSK-NTR",,,5,5054916619165,Hunter,Hunter,Talla,40/41,,1,
20350,variation,WFT2052NRE-DOV40,,Botas Estilo Sherpa Con Parte Superior Enrollable Para Mujer Verde Oliva - 40/41,1,0,visible,,,,,taxable,parent,1,13,,0,0,,,,,0,,86994,144990,,,,,,,WFT2052NRE-DOV,,,"UAH3031WXA-GZB, UBB1204KBM-BLK, UAU1004UPM-BLK",,,5,5054916744737,Hunter,Hunter,Talla,40/41,,1,
20359,variation,JFT6000RMA-HGR36,,Botas De Agua Original Para Niños Verde - 36,1,0,visible,,,,,taxable,parent,0,0,,0,0,1.7,32,,14,0,,47994,79990,,,,,,,JFT6000RMA-HGR,,,"JBB1119KBM-NVY, JBB1119KBM-RBP",,,5,5013441725871,Hunter,Hunter,Talla,36,,1,
20438,variation,WFS2236NYL-BLK40,,Botas Commando Explorer Aislantes Para Mujer Negro - 40/41,1,0,visible,,,2026-06-12 0:00:00,2026-07-19 23:59:59,taxable,parent,0,0,,0,0,,,,,0,,119994,199990,,,,,,,WFS2236NYL-BLK,,,"WFS1018RMA-DOV, WFS2010CNV-BLK, WFS2010CNV-ATM",,,5,5054916951319,Hunter,Hunter,Talla,40/41,,1,
20448,variation,WFS2236NYL-MRF40,,Botas Commando Explorer Aislantes Para Mujer Berry - 40/41,1,0,visible,,,,,taxable,parent,0,0,,0,0,,,,,0,,119994,199990,,,,,,,WFS2236NYL-MRF,,,"WFS1018RMA-BLK, WFS2010CNV-BLK, WFS2236NYL-BLK",,,5,5054916951388,Hunter,Hunter,Talla,40/41,,1,
20492,variation,UFF1102EVA-PER37,,Zueco In & Out Espuma de Alga Rosado - 37,1,0,visible,,,,,taxable,parent,0,0,,0,0,,,,,0,,29994,49990,,,,,,,UFF1102EVA-PER,,,,,,5,5052956016111,Hunter,Hunter,Talla,37,,1,
20502,variation,UFF1102EVA-BLK37,,Zueco In & Out Espuma de Alga Negro - 37,1,0,visible,,,,,taxable,parent,1,12,,0,0,,,,,0,,29994,49990,,,,,,,UFF1102EVA-BLK,,,,,,5,5052956015817,Hunter,Hunter,Talla,37,,1,
20670,variation,MFS2335LNR-BLK42,,Botas Commando de Piel Con Cordones Urban Explorer Para Hombre - 42,1,0,visible,,,,,taxable,parent,1,13,,0,0,,,,,0,,137994,229990,,,,,,,MFS2335LNR-BLK,,,"MFS9000CNV-ATM, MFT9000RMA-DOV, MRO4245WAP-BLK",,,5,,Hunter,Hunter,Talla,42,,1,
21207,variation,WFS2336REN-BLK-40,,Botas Commando Travel Explorer Black - Mujer - 40/41,1,0,visible,,,,,taxable,parent,1,1,,0,0,,,,,0,,119994,199990,,,,,,,WFS2336REN-BLK,,,"WFS1018RMA-BLK, WFS2010CNV-BLK, WFS2010CNV-ATM",,,5,5052956048679,Hunter,Hunter,Talla,40/41,,1,
21214,variation,WFS2336REN-SED-40,,Botas Commando Travel Explorer White - Mujer - 40/41,1,0,visible,,,,,taxable,parent,1,5,,0,0,,,,,0,,119994,199990,,,,,,,WFS2336REN-SED,,,,,,5,5052956040758,Hunter,Hunter,Talla,40/41,,1,
21228,variation,WFT2235RMA-BLK-40,,Botas Play Alta Aislante Con Forro De Shearling Black Para Mujer - 40/41,1,0,visible,,,,2026-07-19 23:59:59,taxable,parent,0,0,,0,0,,,,,0,,83994,139990,,,,,,,WFT2235RMA-BLK,,,"WFS2020RMA-BBO, WFS2020RMA-BLK, WFS2020RMA-LRD",,,5,5054916957243,Hunter,Hunter,Talla,40/41,,1,
21239,variation,WFT2235RMA-WHW-40,,Botas Play Altas Aislante Con Forro - Shearling White - Mujer - 40/41,1,0,visible,,,,,taxable,parent,0,0,,0,0,,,,,0,,83994,139990,,,,,,,WFT2235RMA-WHW,,,"WFS2020RMA-BBO, WFS2020RMA-BLK, WFS2020RMA-LRD",,,5,5054916957458,Hunter,Hunter,Talla,40/41,,1,
21844,variation,WFS1018RGL-BLK40,,Botas Chelsea Commando Negras Brillantes Para Mujer - 40/41,1,0,visible,,,,,taxable,parent,0,0,,0,0,,,,,0,,89994,149990,,,,,,,WFS1018RGL-BLK,,,"WFS2006RMA-BLK, WFS1043RMA-MLR, WFS1043RMA-SUG",,,5,5054916921527,Hunter,Hunter,size,40/41,,1,
21855,variation,WFS1018RMA-CAS40,,Botas Chelsea Commando Para Mujer Gris Pálido - 40/41,1,0,visible,,,,,taxable,parent,1,1,,0,0,,,,,0,,89994,149990,,,,,,,WFS1018RMA-CAS,,,"WFS1018RMA-BLK, WFS2006RMA-BLK",,,5,5054916901437,Hunter,Hunter,size,40/41,,1,
21881,variation,WFS2240NRE-BWI40,,Bota Enrollable - Sherpa Vegano - Mujeres - Negro con Blanco - 40/41,1,0,visible,,,,,taxable,parent,0,0,,0,0,,,,,0,,92994,154990,,,,,,,WFS2240NRE-BWI,,,"WFT2041RMA-BLK, WFT2052NRE-NVY",,,5,5054916964142,Hunter,Hunter,size,40/41,,1,
21891,variation,WFT2007RMA-APL40,,Botas De Agua Play Altas Para Mujer Rosadas - 40/41,1,0,visible,,,,,taxable,parent,0,0,,0,0,,,,,0,,65994,109990,,,,,,,WFT2007RMA-APL,,,"WFS2020RMA-BBO, WFS2020RMA-BLK, WFS2020RMA-LRD, UAS3036AAB-HWT, UZF3003LSK-NTR",,,5,5054916889056,Hunter,Hunter,size,40/41,,1,
21897,variation,WFS2020RMA-APL40,,Botas De Agua Play Cortas Para Mujer Rosada - 40/41,1,0,visible,,,,,taxable,parent,0,0,,0,0,,,,,0,,59994,99990,,,,,,,WFS2020RMA-APL,,,"WFS2020RMA-BBO, WFS2020RMA-BLK, WFS2020RMA-LRD",,,5,5054916887939,Hunter,Hunter,size,40/41,,1,
32997,variation,60047-001-1010,,Women's - Deviation Sherpa Ankle Boot Black - Mujer - 10,1,0,visible,,,,,taxable,parent,1,1,,0,0,,,,,0,,,169990,,,,,,,60047-001,,,,,,5,840316302432,,,Talla,10,,1,
18526,variation,WFS1000RGL-BLK36,,Botas De Agua Bajas Y Brillantes Original Para Mujer Negro - 36,1,0,visible,,,,,taxable,parent,0,0,,0,0,1.9,20,,10,0,,72594,120990,,,,,,,WFS1000RGL-BLK,,,,,,6,5013441352763,Hunter,Hunter,Talla,36,,1,
18561,variation,WFS2020RMA-BLK42,,Botas De Agua Bajas Play Mujer Negro - 42,1,0,visible,,,,,taxable,parent,0,0,,0,0,1.5,32,,12,0,,59994,99990,,,,,,,WFS2020RMA-BLK,,,,,,6,5054916381192,Hunter,Hunter,Talla,42,,1,
18567,variation,WFS2020RMA-LRD42,,Botas de Agua Bajas Play para Mujer Rojo - 42,1,0,visible,,,,,taxable,parent,0,0,,0,0,1.5,32,,12,0,,65994,109990,,,,,,,WFS2020RMA-LRD,,,,,,6,5054916560535,Hunter,Hunter,Talla,42,,1,
18573,variation,WFS2048RMA-BLK42,,Botas De Agua Aislantes Bajas Original Para Mujer BLK - 42,1,0,visible,,,,,taxable,parent,0,0,,0,0,1.5,32,,12,0,,83994,139990,,,,,,,WFS2048RMA-BLK,,,"UAH3031WXA-GZB, UBB6017ACD-BTB",,,6,5054916540094,Hunter,Hunter,Talla,42,,1,
18593,variation,WFT1000RGL-BLK42,,Botas Altas Y Brillantes Original Para Mujer Negro - 42,1,0,visible,,,,2026-07-19 23:59:59,taxable,parent,0,0,,0,0,2,35,,12,0,,101994,169990,,,,,,,WFT1000RGL-BLK,,,"UAH3031WXA-GZB, UAS3036AAB-BLK",,,6,5013441353289,Hunter,Hunter,Talla,42,,1,
18599,variation,WFT1000RGL-DOV42,,Botas Altas Y Brillantes Original Para Mujer Verde Oliva - 42,1,0,visible,,,,,taxable,parent,0,0,,0,0,2,35,,12,0,,77994,129990,,,,,,,WFT1000RGL-DOV,,,,,,6,5054916098502,Hunter,Hunter,Talla,42,,1,
18606,variation,WFT1000RGL-MLR36,,Botas Altas Y Brillantes Original Para Mujer Rojo Militar - 36,1,0,visible,,,,2026-07-19 23:59:59,taxable,parent,0,0,,0,0,2,35,,12,0,,101994,169990,,,,,,,WFT1000RGL-MLR,,,"UZC3011XXX-CLR, UBB1210KBM-DOV, UZF3003LSK-NTR",,,6,5013441413174,Hunter,Hunter,Talla,36,,1,
18623,variation,WFT1000RMA-DOV42,,Botas De Agua Altas Original Para Mujer Verde Oliva - 42,1,0,visible,,,,,taxable,parent,0,0,,0,0,2,32,,11,0,,77994,129990,,,,,,,WFT1000RMA-DOV,,,,,,6,5013441352985,Hunter,Hunter,Talla,42,,1,
18629,variation,WFT1000RMA-HGR42,,Botas De Agua Altas Original Para Mujer Verde - 42,1,0,visible,,,,,taxable,parent,0,0,,0,0,2,32,,11,0,,95994,159990,,,,,,,WFT1000RMA-HGR,,,"UAS3036AAB-HWT, UZF3003LSK-NTR",,,6,5013441579047,Hunter,Hunter,Talla,42,,1,
18641,variation,JFT6000RMA-RBP37,,Botas De Agua Original Para Niños Rosado Brillante - 37,1,0,visible,,,,,taxable,parent,0,0,,0,0,1.7,32,,14,0,,47994,79990,,,,,,,JFT6000RMA-RBP,,,,,,6,5054916211017,Hunter,Hunter,Talla,37,,1,
18654,variation,JFT6000RMA-DOV37,,Botas De Agua Original Para Niños Verde Oliva - 37,1,0,visible,,,,,taxable,parent,0,0,,0,0,1.7,32,,14,0,,47994,79990,,,,,,,JFT6000RMA-DOV,,,,,,6,5054916210959,Hunter,Hunter,Talla,37,,1,
18658,variation,JFT6000RMA-BLK37,,Botas De Agua Original Para Niños - 37,1,0,visible,,,,,taxable,parent,0,0,,0,0,1.7,32,,14,0,,47994,79990,,,,,,,JFT6000RMA-BLK,,,,,,6,5013441355726,Hunter,Hunter,Talla,37,,1,
18684,variation,WFT1000RMA-MLR42,,Botas de Agua Altas para Mujer Rojo Militar - 42,1,0,visible,,,,,taxable,parent,0,0,,0,0,2,32,,11,0,,101994,169990,,,,,,,WFT1000RMA-MLR,,,"UAH3031WXA-MRG, UAS3036AAB-GRG",,,6,5013441415901,Hunter,Hunter,Talla,42,,1,
18690,variation,WFT1000RMA-RYL42,,Botas De Agua Altas Original Para Mujer Amarillo - 42,1,0,visible,,,,,taxable,parent,0,0,,0,0,2,32,,11,0,,89994,149990,,,,,,,WFT1000RMA-RYL,,,"UAH3031WXA-MRG, UBB6017ACD-BLK",,,6,5054916097529,Hunter,Hunter,Talla,42,,1,
18696,variation,WFT1000RMA-SIL42,,Botas De Agua Altas Original Para Mujer Plateado - 42,1,0,visible,,,,,taxable,parent,0,0,,0,0,2,32,,11,0,,89994,149990,,,,,,,WFT1000RMA-SIL,,,,,,6,5054916097802,Hunter,Hunter,Talla,42,,1,
19039,variation,JFT6000RMA-NVY37,,Botas De Agua Original Para Niños Azul Marino - 37,1,0,visible,,,,,taxable,parent,0,0,,0,0,1.7,32,,14,0,,47994,79990,,,,,,,JFT6000RMA-NVY,,,,,,6,5013441356624,Hunter,Hunter,Talla,37,,1,
19071,variation,WFS1000RGL-MLR37,,Botas De Agua Bajas Y Brillantes Original Para Mujer Rojo Militar - 37,1,0,visible,,,,,taxable,parent,0,0,,0,0,1.9,20,,10,0,,72594,120990,,,,,,,WFS1000RGL-MLR,,,"D62SI, UAH3031WXA-MRG",,,6,5013441405063,Hunter,Hunter,Talla,37,,1,
19092,variation,WFS1043RMA-SUG42,,Botas Chelsea Original Para Mujer Verde Suculenta - 42,1,0,visible,,,,,taxable,parent,0,0,,0,0,1.5,26,,11,0,,70194,116990,,,,,,,WFS1043RMA-SUG,,,"UBB6017ACD-DOV, UBP1152KBM-BLK",,,6,5054916117982,Hunter,Hunter,Talla,42,,1,
19109,variation,WFS2020RMA-LIH40/41,,Botas De Agua Bajas Original Play Para Mujer LIH - 40/41,1,0,visible,,,,,taxable,parent,0,0,,0,0,1.5,32,,12,0,,44994,74990,,,,,,,WFS2020RMA-LIH,,,,,,6,5054916449953,Hunter,Hunter,Talla,40/41,,1,
19116,variation,WFS2020RMA-ZNC42,,Botas De Agua Bajas Original Play Para Mujer ZNC - 42,1,0,visible,,,,,taxable,parent,0,0,,0,0,1.5,32,,12,0,,59994,99990,,,,,,,WFS2020RMA-ZNC,,,,,,6,5054916381338,Hunter,Hunter,Talla,42,,1,
19121,variation,WFT1000RGL-NVY39,,Botas Altas Y Brillantes Original Para Mujer Azul Marino - 39,1,0,visible,,,,,taxable,parent,0,0,,0,0,2,32,,11,0,,77994,129990,,,,,,,WFT1000RGL-NVY,,,"UBB6017ACD-BTB, UBP7020KBM-NVY",,,6,5013441413341,Hunter,Hunter,Talla,39,,1,
19128,variation,WFT1000RGL-RVI42,,Botas Altas Y Brillantes Original Para Mujer Morada - 42,1,0,visible,,,,,taxable,parent,0,0,,0,0,2,32,,11,0,,77994,129990,,,,,,,WFT1000RGL-RVI,,,,,,6,5054916097949,Hunter,Hunter,Talla,42,,1,
19134,variation,WFT1001RGL-BLK42,,Botas De Agua Altas Y Ajustables Por Detrás Para Mujer Negro - 42,1,0,visible,,,,,taxable,parent,0,0,,0,0,2,32,,11,0,,107994,179990,,,,,,,WFT1001RGL-BLK,,,"UZC3011XXX-CLR, UAS3036AAB-GRG, UZF3003LSK-NTR",,,6,5013441419473,Hunter,Hunter,Talla,42,,1,
19135,variation,WFT1001RMA-BLK36,,Botas De Agua Altas Y Ajustables Por Detrás Original Para Mujer Negro - 36,1,0,visible,,,,,taxable,parent,0,0,,0,0,2,35,,12,0,,107994,179990,,,,,,,WFT1001RMA-BLK,,,"UAS3036AAB-HWT, AC1SI, UAH3031WXA-GZB, UZF3003LSK-NTR",,,6,5013441579061,Hunter,Hunter,Talla,36,,1,
19151,variation,WFT1071RMA-BLK42,,Botas Original Refined Para Mujer Negro - 42,1,0,visible,,,,,taxable,parent,0,0,,0,0,2,32,,11,0,,80994,134990,,,,,,,WFT1071RMA-BLK,,,"D62SI, UAH3031WXA-GZB",,,6,5054916020299,Hunter,Hunter,Talla,42,,1,
19157,variation,WFT2007EXL-OEX42,,Botas Altas Original Play Con Logotipo Ampliado Para Mujer - 42,1,0,visible,,,,,taxable,parent,0,0,,0,0,2,32,,13,0,,65400,109000,,,,,,,WFT2007EXL-OEX,,,,,,6,5054916630122,Hunter,Hunter,Talla,42,,1,
19163,variation,WFT2007RMA-BLK42,,Botas De Agua Altas Original Play Para Mujer BLK - 42,1,0,visible,,,,,taxable,parent,0,0,,0,0,2,32,,13,0,,65994,109990,,,,,,,WFT2007RMA-BLK,,,,,,6,5054916380638,Hunter,Hunter,Talla,42,,1,
19169,variation,WFT2007RMA-LIH42,,Botas De Agua Altas Original Play Para Mujer LIH - 42,1,0,visible,,,,,taxable,parent,0,0,,0,0,2,32,,13,0,,53994,89990,,,,,,,WFT2007RMA-LIH,,,,,,6,5054916450249,Hunter,Hunter,Talla,42,,1,
19175,variation,WFT2007RMA-LRD42,,Botas De Agua Altas Original Play Para Mujer LRD - 42,1,0,visible,,,,,taxable,parent,0,0,,0,0,2,32,,13,0,,65994,109990,,,,,,,WFT2007RMA-LRD,,,,,,6,5054916633956,Hunter,Hunter,Talla,42,,1,
19176,variation,WFT2007RMA-ZNC36,,Botas De Agua Altas Original Play Para Mujer ZNC - 36,1,0,visible,,,,,taxable,parent,0,0,,0,0,2,32,,13,0,,65994,109990,,,,,,,WFT2007RMA-ZNC,,,,,,6,5054916380720,Hunter,Hunter,Talla,36,,1,
19187,variation,WFT2041RMA-BLK42,,Botas Altas Aislantes Original Para Mujer BLK - 42,1,0,visible,,,,,taxable,parent,0,0,,0,0,2,32,,13,0,,107994,179990,,,,,,,WFT2041RMA-BLK,,,"UAH3031WXA-GZB, UBP1152KBM-MLR",,,6,5054916540308,Hunter,Hunter,Talla,42,,1,
19193,variation,WFT2052NRE-BLK42,,Botas Estilo Sherpa Con Parte Superior Enrollable Para Mujer Negro - 42,1,0,visible,,,,,taxable,parent,0,0,,0,0,2,32,,13,0,,86994,144990,,,,,,,WFT2052NRE-BLK,,,"UAH3031WXA-MRG, UBB6017ACD-MLR",,,6,5054916540728,Hunter,Hunter,Talla,42,,1,
19205,variation,WFT2078RMA-BHE42,,Botas Altas Calendar Original Para Mujer - 42,1,0,visible,,,,,taxable,parent,0,0,,0,0,3,32,,13,0,,92994,154990,,,,,,,WFT2078RMA-BHE,,,"UAH3031WXA-MRG, UBP7020KBM-NVY",,,6,5054916633819,Hunter,Hunter,Talla,42,,1,
19356,variation,MFT9000RMA-BLK45/46,,Botas De Agua Altas Original Para Hombre Negra - 45/46,1,0,visible,,,,,taxable,parent,0,0,,0,0,2,28,,13,0,,95994,159990,,,,,,,MFT9000RMA-BLK,,,"UAS3036AAB-HWT, UZC3011XXX-CLR, UAS3036AAB-BLK",,,6,5013441371061,Hunter,Hunter,Talla,45/46,,1,
19358,variation,MFT9000RMA-DOV40/41,,Botas De Agua Altas Original Para Hombre Verde Oliva - 40/41,1,0,visible,,,,,taxable,parent,1,37,,0,0,2,28,,13,0,,95994,159990,,,,,,,MFT9000RMA-DOV,,,,,,6,5013441371160,Hunter,Hunter,Talla,40/41,,1,
19369,variation,WFT1000RMA-BLK42,,Botas De Agua Altas Original Para Mujer - 42,1,0,visible,,,,,taxable,parent,0,0,,0,0,2,32,,11,0,,101994,169990,,,,,,,WFT1000RMA-BLK,,,"UAS3036AAB-GZB, UAS3036AAB-BLK, UAS3036AAB-GRG",,,6,5013441352886,Hunter,Hunter,Talla,42,,1,
19469,variation,SON-1,,DAD - 36,1,0,visible,,,,,taxable,parent,0,0,,0,0,1.9,20,,10,0,,,2000,,,,,,,DAD,,,,,,6,5013441352763,,,Talla,36,,1,
19502,variation,WFS1051RMA-BLK42,,BOTA ANKLE BLACK - 42,1,0,visible,,,,,taxable,parent,0,0,,0,0,,,,,0,,80994,134990,,,,,,,WFS1051RMA-BLK,,,"W14SI, UBB6017ACD-MLR",,,6,,Hunter,Hunter,Talla,42,,1,
19523,variation,WFS2020RMA-BBO42,,Botas De Agua Bajas Original Play Para Mujer Celeste - 42,1,0,visible,,,,,taxable,parent,1,7,,0,0,,,,,0,,65994,109990,,,,,,,WFS2020RMA-BBO,,,"UAH3031WXA-MRG, UBP7020KBM-NVY",,,6,5054916618823,Hunter,Hunter,Talla,42,,1,
20232,variation,MFS9000CNV-BLK45,,Botas Commando Desert Hombre Negras - 45/46,1,0,visible,,,,,taxable,parent,0,0,,0,0,,,,,0,,83994,139990,,,,,,,MFS9000CNV-BLK,,,,,,6,,Hunter,Hunter,Talla,45/46,,1,
20239,variation,WFS1013RMA-GSC40,,Botas De Agua Baja y Ajustables Por Detrás Para Mujer Rosado Oscuro - 40/41,1,0,visible,,,,,taxable,parent,1,2,,0,0,,,,,0,,86994,144990,,,,,,,WFS1013RMA-GSC,,,,,,6,5054916887724,Hunter,Hunter,Talla,40/41,,1,
20258,variation,WFT1000RMA-SWG42,,Botas de Agua Altas para Mujer Verde Sweet Gale - 42,1,0,visible,,,,2026-07-19 23:59:59,taxable,parent,0,0,,0,0,,,,,0,,101994,169990,,,,,,,WFT1000RMA-SWG,,,"UAS3036AAB-BLK, UAS3036AAB-GRG, UZF3003LSK-NTR",,,6,,Hunter,Hunter,Talla,42,,1,
20266,variation,WFT1001RMA-GSC42,,Botas De Agua Altas Y Ajustables Por Detrás Para Mujer Glenmore Rosa - 42,1,0,visible,,,,2026-07-19 23:59:59,taxable,parent,0,0,,0,0,,,,,0,,107994,179990,,,,,,,WFT1001RMA-GSC,,,"UAS3036AAB-BLK, UZC4007XXX-CLR, UZF3003LSK-NTR",,,6,,Hunter,Hunter,Talla,42,,1,
20360,variation,JFT6000RMA-HGR37,,Botas De Agua Original Para Niños Verde - 37,1,0,visible,,,,,taxable,parent,0,0,,0,0,1.7,32,,14,0,,47994,79990,,,,,,,JFT6000RMA-HGR,,,"JBB1119KBM-NVY, JBB1119KBM-RBP",,,6,5013441725888,Hunter,Hunter,Talla,37,,1,
20493,variation,UFF1102EVA-PER38,,Zueco In & Out Espuma de Alga Rosado - 38,1,0,visible,,,,,taxable,parent,0,0,,0,0,,,,,0,,29994,49990,,,,,,,UFF1102EVA-PER,,,,,,6,5052956016128,Hunter,Hunter,Talla,38,,1,
20503,variation,UFF1102EVA-BLK38,,Zueco In & Out Espuma de Alga Negro - 38,1,0,visible,,,,,taxable,parent,1,12,,0,0,,,,,0,,29994,49990,,,,,,,UFF1102EVA-BLK,,,,,,6,5052956015824,Hunter,Hunter,Talla,38,,1,
20671,variation,MFS2335LNR-BLK43,,Botas Commando de Piel Con Cordones Urban Explorer Para Hombre - 43,1,0,visible,,,,,taxable,parent,1,16,,0,0,,,,,0,,137994,229990,,,,,,,MFS2335LNR-BLK,,,"MFS9000CNV-ATM, MFT9000RMA-DOV, MRO4245WAP-BLK",,,6,,Hunter,Hunter,Talla,43,,1,
19046,variation,MFT9000RMA-HGR47,,Botas De Agua Altas Original Para Hombre Verde - 47,1,0,visible,,,,,taxable,parent,0,0,,0,0,2,28,,13,0,,89994,149990,,,,,,,MFT9000RMA-HGR,,,,,,7,5013441733074,Hunter,Hunter,Talla,47,,1,
19110,variation,WFS2020RMA-LIH42,,Botas De Agua Bajas Original Play Para Mujer LIH - 42,1,0,visible,,,,,taxable,parent,0,0,,0,0,1.5,32,,12,0,,44994,74990,,,,,,,WFS2020RMA-LIH,,,,,,7,5054916449960,Hunter,Hunter,Talla,42,,1,
19357,variation,MFT9000RMA-DOV39,,Botas De Agua Altas Original Para Hombre Verde Oliva - 39,1,0,visible,,,,,taxable,parent,0,0,,0,0,2,28,,13,0,,95994,159990,,,,,,,MFT9000RMA-DOV,,,,,,7,5013441371153,Hunter,Hunter,Talla,39,,1,
20494,variation,UFF1102EVA-PER39,,Zueco In & Out Espuma de Alga Rosado - 39,1,0,visible,,,,,taxable,parent,0,0,,0,0,,,,,0,,29994,49990,,,,,,,UFF1102EVA-PER,,,,,,7,5052956016135,Hunter,Hunter,Talla,39,,1,
20504,variation,UFF1102EVA-BLK39,,Zueco In & Out Espuma de Alga Negro - 39,1,0,visible,,,,,taxable,parent,1,12,,0,0,,,,,0,,29994,49990,,,,,,,UFF1102EVA-BLK,,,,,,7,5052956015831,Hunter,Hunter,Talla,39,,1,
20495,variation,UFF1102EVA-PER40,,Zueco In & Out Espuma de Alga Rosado - 40/41,1,0,visible,,,,,taxable,parent,0,0,,0,0,,,,,0,,29994,49990,,,,,,,UFF1102EVA-PER,,,,,,8,5052956016142,Hunter,Hunter,Talla,40/41,,1,
20505,variation,UFF1102EVA-BLK40,,Zueco In & Out Espuma de Alga Negro - 40/41,1,0,visible,,,,,taxable,parent,1,11,,0,0,,,,,0,,29994,49990,,,,,,,UFF1102EVA-BLK,,,,,,8,5052956015848,Hunter,Hunter,Talla,40/41,,1,
20496,variation,UFF1102EVA-PER42,,Zueco In & Out Espuma de Alga Rosado - 42,1,0,visible,,,,,taxable,parent,0,0,,0,0,,,,,0,,29994,49990,,,,,,,UFF1102EVA-PER,,,,,,9,5052956016159,Hunter,Hunter,Talla,42,,1,
20506,variation,UFF1102EVA-BLK42,,Zueco In & Out Espuma de Alga Negro - 42,1,0,visible,,,,,taxable,parent,1,12,,0,0,,,,,0,,29994,49990,,,,,,,UFF1102EVA-BLK,,,,,,9,5052956015855,Hunter,Hunter,Talla,42,,1,
34891,variable,60060-025,,"Bedrock Wading Boot - Felta, Anchor",1,0,visible,,"<p id=""tw-target-text"" class=""tw-data-text tw-text-large tw-ta"" dir=""ltr"" tabindex=""-1"" role=""text"" data-placeholder=""Traducción"" data-ved=""2ahUKEwic9KDqgoKVAxXLrZUCHTKJFqIQ3ewLegQIDRAV"" aria-label=""Texto traducido: Diseñada para brindar una experiencia superior en el río, la bota de vadeo Bedrock ofrece un ajuste cómodo y características de rendimiento para usarla durante todo el día. Fabricada pensando en la durabilidad, la parte superior sintética resistente al agua, combinada con superposiciones de goma antideslizante en las zonas de mayor desgaste, minimiza el desgaste y la degradación del material, lo que prolonga la vida útil de la bota. La entresuela de EVA moldeada, ultracómoda, proporciona soporte durante todo el día, mientras que las dos opciones de suela exterior ofrecen diferentes capacidades de agarre según las preferencias del usuario: la suela de fieltro es compatible con tacos y destaca en ríos resbaladizos o rocosos, y la suela de caucho natural es compatible con tacos y proporciona una excelente tracción en barro y hierba mojada.""><span class=""Y2IQFc"" lang=""es"">Diseñada para brindar una experiencia superior en el río, la bota de vadeo Bedrock ofrece un ajuste cómodo y características de rendimiento para usarla durante todo el día. Fabricada pensando en la durabilidad, la parte superior sintética resistente al agua, combinada con superposiciones de goma antideslizante en las zonas de mayor desgaste, minimiza el desgaste y la degradación del material, lo que prolonga la vida útil de la bota. La entresuela de EVA moldeada, ultracómoda, proporciona soporte durante todo el día, mientras que las dos opciones de suela exterior ofrecen diferentes capacidades de agarre según las preferencias del usuario: la suela de fieltro es compatible con tacos y destaca en ríos resbaladizos o rocosos, y la suela de caucho natural es compatible con tacos y proporciona una excelente tracción en barro y hierba mojada.</span></p>\n\n\n\n<div id=""tw-container"" class=""nev7se"" data-cp=""1"" data-nnttsvi=""1"" data-sletp=""false"" data-sm=""1"" data-ssbp=""false"" data-sugg-time=""500"" data-sugg-url=""https://clients1.google.com/complete/search"" data-uilc=""es-419"" data-vil="",af,af-ZA,am,am-ET,ar-EG,ar-AE,ar-KW,ar-QA,ar,ar-IL,ar-JO,ar-LB,ar-PS,az,az-AZ,bg,bg-BG,bn,bn-BD,bn-IN,ca,ca-es,cs,cs-CZ,de,de-DE,de-CH,de-AT,de-LI,en,en-US,en-CA,en-AU,en-NZ,en-GB,en-IN,en-KE,en-TZ,en-NG,en-GH,en-PH,en-ZA,es,es-ES,es-AR,es-UY,es-419,es-BO,es-CL,es-CR,es-CO,es-DO,es-EC,es-GT,es-HN,es-NI,es-PA,es-PE,es-PR,es-PY,es-SV,es-VE,es-MX,es-US,eu,eu-ES,fi,fi-FI,fr,fr-FR,fr-CH,fr-BE,gl,gl-ES,gu,gu-IN,he,he-IL,iw,iw-IL,hu,hu-HU,hy,hy-AM,id,id-ID,is,is-IS,it,it-IT,it-CH,ja,ja-JP,jv,jv-ID,ka,ka-GE,km,km-KH,kn,kn-IN,ko,ko-KR,la,lo,lo-LA,lv,lv-LV,ml,ml-IN,mr,mr-IN,ms,ms-MY,nl,nl-NL,nb,nb-NO,ne,ne-NP,pl,pl-PL,pt,pt-BR,pt-PT,ro,ro-RO,ru,ru-RU,si-LK,sk,sk-SK,sr,sr-RS,su,su-ID,sv,sv-SE,sw,sw-TZ,sw-KE,ta,ta-IN,ta-SG,ta-LK,ta-MY,te,te-IN,tr,tr-TR,ur,ur-PK,ur-IN,yue,yue-HK,yue-Hant-HK,zh-HK,zh,zh-CN,zh-cmn,zh-cmn-CN,zh-Hans,zh-Hans-CN,zh-cmn-Hans,zh-cmn-Hans-CN,cmn-CN,cmn-Hans,cmn-Hans-CN,zh-TW,zh-Hant-TW,cmn-TW,cmn-Hant-TW,zh-cmn-TW,zh-cmn-Hant-TW,zu,zu-ZA,hi,hi-IN,tl,tl-PH,pa,pa-IN"">\n\n<div>\n\n<div>\n\n<div id=""tw-ob"" class=""tw-src-ltr"">\n\n<div class=""oSioSc"">\n\n<div id=""tw-target"">\n\n<div id=""kAz1tf"" class=""g9WsWb PZPZlf"" data-attrid=""tw-targetArea"" data-entityname=""Google Translate"">\n\n<div id=""tw-target-text-container"" class=""tw-ta-container tw-nfl"" tabindex=""0"" role=""text"">\n\n<p id=""tw-target-text"" class=""tw-data-text tw-text-large tw-ta"" dir=""ltr"" tabindex=""-1"" role=""text"" data-placeholder=""Traducción"" data-ved=""2ahUKEwic9KDqgoKVAxXLrZUCHTKJFqIQ3ewLegQIDRAV"" aria-label=""Texto traducido: Especificaciones Parte superior de cuero nobuk impermeable Refuerzos impermeables resistentes a los arañazos que ofrecen protección contra las rocas Suela de goma resistente que proporciona una excelente tracción y es compatible con el kit de tacos y tacos Grundéns. Entresuela de EVA con contrafuerte moldeado en el talón que ofrece comodidad durante todo el día y sujeta el pie firmemente en tramos técnicos de vadeo Los ojales están completamente ocultos, eliminando posibles puntos de desgaste en los calcetines de neopreno del vadeador Herrajes resistentes a la corrosión, aptos para agua salada""><span class=""Y2IQFc"" lang=""es"">Especificaciones Parte superior de cuero nobuk impermeable Refuerzos impermeables resistentes a los arañazos que ofrecen protección contra las rocas Suela de goma resistente que proporciona una excelente tracción y es compatible con el kit de tacos y tacos Grundéns. Entresuela de EVA con contrafuerte moldeado en el talón que ofrece comodidad durante todo el día y sujeta el pie firmemente en tramos técnicos de vadeo Los ojales están completamente ocultos, eliminando posibles puntos de desgaste en los calcetines de neopreno del vadeador Herrajes resistentes a la corrosión, aptos para agua salada</span></p>\n\n\n\n</div>\n\n<div id=""tw-target-rmn-container"" class=""tw-target-rmn tw-ta-container tw-nfl"" tabindex=""-1"" role=""text"">\n\n<pre id=""tw-target-rmn"" class=""tw-data-placeholder tw-text-small tw-ta"" dir=""ltr"" tabindex=""-1"" role=""text"" data-placeholder=""""></pre>\n\n</div>\n\n<div class=""iYB33c"">\n\n<div id=""tw-tmenu"" class=""tw-menu""></div>\n\n</div>\n\n</div>\n\n</div>\n\n</div>\n\n</div>\n\n<div id=""tw-images""></div>\n\n<div class=""dURPtb""></div>\n\n<div>\n\n<div data-vpload=""nYCnEd"" data-v="""" data-ne=""1"">\n\n<div id=""tsuid_bCYsapyOC8vb1sQPspLakAo_53""></div>\n\n</div>\n\n</div>\n\n</div>\n\n</div>\n\n</div>\n\n<p class=""KFFQ0c xKf9F""></p>",,,taxable,,1,,,0,0,,,,,0,,,,"Tipo de producto > Botas, Tipo de producto > Zapatos",,,"https://trendseeker.cl/wp-content/uploads/2026/06/bota-lateral-woo.jpg, https://trendseeker.cl/wp-content/uploads/2026/06/bota-frontal-woo.webp, https://trendseeker.cl/wp-content/uploads/2026/06/bota-suela-woo.webp, https://trendseeker.cl/wp-content/uploads/2026/06/bota-posterior-woo.webp, https://trendseeker.cl/wp-content/uploads/2026/06/bota-posterior-woo.jpg, https://trendseeker.cl/wp-content/uploads/2026/06/bota-lateral-woo.jpg",,,,,,,,,0,,Grundéns,Grundens,Talla,"10, 11, 12, 8, 9",1,1,
19976,variable,WFS2106WWU-BLK,,Bota Nieve Negra,0,0,visible,,"<p style=""font-weight: 400;"">Prepárate para los días más fríos en cualquier terreno con la bota baja para la nieve para mujer. Este modelo ofrece la máxima protección y calidez a los exploradores más audaces, incluso en los lugares más difíciles.</p>\nDiseñadas con una clásica combinación de colores con adornos en contraste, podrás salir a caminar por la nieve con estilo y mantener los pies calientes.\n<p style=""font-weight: 400;"">Elaborada a mano con un forro de vellón, la parte superior de nylon acolchado con PU, una membrana impermeable de Hydroguard y una innovadora plantilla Ortholite, te permite realizar excursiones a pie en condiciones gélidas con un confort y un apoyo de confianza.</p>\n<p style=""font-weight: 400;"">Se pueden poner con temperaturas de hasta -22 ºC para mantener calentitos tus pies gracias al cordón ajustable en la parte superior que retiene el calor de manera natural. Específicamente desarrollada para ofrecer un agarre máximo en superficies mojadas, esta bota 100 % impermeable incluye una suela duradera que ofrece mayor tracción y más movilidad para las exploraciones en temperaturas congeladas.</p>\n\n<ul style=""font-weight: 400;"">\n 	<li>Impermeables</li>\n 	<li>De fabricación artesanal</li>\n 	<li>Modelo sin cierre</li>\n 	<li>Botín de neopreno con forro de vellón</li>\n 	<li>Cordón ajustable en la parte superior para retener el calor</li>\n 	<li>Plantilla Ortholite</li>\n 	<li>Espuela en el talón para quitarlas con facilidad</li>\n 	<li>Membrana interna impermeable de Hydroguard para mantener los pies secos</li>\n 	<li>Pueden llevarse en temperaturas de hasta -22 ºC</li>\n</ul>",,,taxable,,0,,,0,0,,,,,0,,,,"Tipo de producto > Botas, Género, Género > Mujer, Tipo de producto","Impermeables, Invierno, Nieve, Ofertas",,"https://trendseeker.cl/wp-content/uploads/2023/07/hunter_3.png, https://trendseeker.cl/wp-content/uploads/2023/07/hunter_4.png, https://trendseeker.cl/wp-content/uploads/2023/07/hunter_2.png, https://trendseeker.cl/wp-content/uploads/2023/07/hunter_1.png, https://trendseeker.cl/wp-content/uploads/2023/07/hunter_5.png",,,,,,,,,18,,Hunter,Hunter,Talla,"36, 37, 38, 39, 40",1,1,
18673,variable,WFS2020RMA-BBO,,Botas De Agua Bajas Original Play Para Mujer Celeste,1,0,visible,,"Simplificando el diseño icónico de la bota Original, la bota Play ofrece una silueta dinámica con una suela de plataforma más plana para aportar el máximo confort y versatilidad. Confeccionada en caucho natural de la más alta calidad, esta bota de agua para mujer es 100 % impermeable. Apenas rozando la parte superior del tobillo, la bota corta cuenta con una elegante altura que complementa la moda urbana, el estilo festivalero y cualquier otro atuendo que te guste para que puedas llevarla a tu manera.",2021-07-11 0:00:00,2021-07-17 23:59:59,taxable,,1,,,0,0,0.5,,,,0,,,,"Tipo de producto > Botas, Género, Género > Mujer, Tipo de producto","Impermeables, Invierno, winter-style, Ofertas",,"https://trendseeker.cl/wp-content/uploads/2023/07/WFS2020RMA-BBO-1-princ.jpg, https://trendseeker.cl/wp-content/uploads/2023/07/Botas-play-cortas-mujer-Hunter-2.png, https://trendseeker.cl/wp-content/uploads/2023/07/WFS2020RMA-BBO-2.jpg, https://trendseeker.cl/wp-content/uploads/2023/07/WFS2020RMA-BBO-3.jpg, https://trendseeker.cl/wp-content/uploads/2023/07/WFS2020RMA-BBO-4.jpg, https://trendseeker.cl/wp-content/uploads/2023/07/WFS2020RMA-BBO-5.jpg",,,,,,"UAH3031WXA-MRG, UBP7020KBM-NVY",,,0,,Hunter,Hunter,Talla,"36, 37, 38, 39, 40/41, 42",1,1,
20472,variable,UFF1102EVA-PER,,Zueco In & Out Espuma de Alga Rosado,1,0,visible,,"El Zueco In &amp; Out Bloom Alga es liviano, fácil de poner y quitar y divertido. Con nuestra nueva plantilla de EVA y flor de algas que garantiza la comodidad, el detalle de corte en el lateral permite la transpirabilidad. Son fáciles de limpiar y de secado rápido, y están disponibles en una gama de colores vibrantes.",,,taxable,,1,72,,0,0,,,,,0,,,,"Tipo de producto, Tipo de producto > Zuecos","Impermeables, Ofertas",,"https://trendseeker.cl/wp-content/uploads/2022/11/UFF1102EVA-PER1-1.png, https://trendseeker.cl/wp-content/uploads/2022/11/UFF1102EVA-PER2.png, https://trendseeker.cl/wp-content/uploads/2022/11/UFF1102EVA-PER3.png, https://trendseeker.cl/wp-content/uploads/2022/11/UFF1102EVA-PER4.png, https://trendseeker.cl/wp-content/uploads/2022/11/UFF1102EVA-PER5.png",,,,,,,,,3,,Hunter,Hunter,Talla,"36, 37, 38, 39, 40/41, 42, 43, 44, 45/46",1,1,
20473,variable,UFF1102EVA-BLK,,Zueco In & Out Espuma de Alga Negro,0,0,visible,,"El Zueco In &amp; Out Bloom Alga es liviano, fácil de poner y quitar y divertido. Con nuestra nueva plantilla de EVA y flor de algas que garantiza la comodidad, el detalle de corte en el lateral permite la transpirabilidad. Son fáciles de limpiar y de secado rápido, y están disponibles en una gama de colores vibrantes.",,,taxable,,1,72,,0,0,,,,,0,,,,"Género, Género > Hombre, Tipo de producto, Tipo de producto > Zuecos","Impermeables, Ofertas",,"https://trendseeker.cl/wp-content/uploads/2022/11/UFF1102EVA-BLK3.png, https://trendseeker.cl/wp-content/uploads/2022/11/UFF1102EVA-BLK2.png, https://trendseeker.cl/wp-content/uploads/2022/11/UFF1102EVA-BLK3-1.png, https://trendseeker.cl/wp-content/uploads/2022/11/UFF1102EVA-BLK4.png",,,,,,,,,26,,Hunter,Hunter,Talla,"36, 37, 38, 39, 40/41, 42, 43, 44, 45/46",1,1,
20292,variable,WFT2007RMA-KOM,,Botas De Agua Altas Original Play Para Mujer Kombu,0,0,visible,,"Simplificando el diseño icónico de la bota alta Original, la bota Play ofrece una silueta dinámica con una suela de plataforma más plana para aportar el máximo confort y versatilidad. Confeccionada en caucho natural de la más alta calidad, esta bota de agua para mujer es 100 % impermeable. Con una elegante altura que llega a media pantorrilla, la bota alta complementa la moda urbana, el estilo festivalero y cualquier otro atuendo que te guste para que puedas llevarla a tu manera.\n\n<ul>\n\n 	<li>Completamente impermeables</li>\n\n 	<li>Confeccionadas artesanalmente con caucho natural</li>\n\n 	<li>Forro de poliéster</li>\n\n 	<li>Rediseñadas para ofrecer una sensación de ligereza</li>\n\n 	<li>Suela moldeada con la marca Hunter</li>\n\n</ul>",,,taxable,,0,,,0,0,,,,,0,,,,"Tipo de producto > Botas, Género, Género > Mujer, Tipo de producto","Destacado, Impermeables, Ofertas",,"https://trendseeker.cl/wp-content/uploads/2022/11/WFT2007RMA-KOM-1.png, https://trendseeker.cl/wp-content/uploads/2023/07/Botas-play-largas-mujer-Hunter-5.png, https://trendseeker.cl/wp-content/uploads/2022/11/WFT2007RMA-KOM-2.png, https://trendseeker.cl/wp-content/uploads/2022/11/WFT2007RMA-KOM-3.png, https://trendseeker.cl/wp-content/uploads/2022/11/WFT2007RMA-KOM-4.png, https://trendseeker.cl/wp-content/uploads/2022/11/WFT2007RMA-KOM-5.png",,,,,,"UAH3345WXA-BLK, UAS3036AAB-GZB, UBP7012KBM-BLK, UZF3003LSK-NTR",,,27,,Hunter,Hunter,Talla,"36, 37, 38, 39, 40/41",1,1,
33984,variable,60102-355,,Bankside Wading Boot - Vibram,1,0,visible,,"<p id=""tw-target-text"" class=""tw-data-text tw-text-large tw-ta"" dir=""ltr"" tabindex=""-1"" role=""text"" data-placeholder=""Traducción"" data-ved=""2ahUKEwiWtKeZwcmRAxXAmpUCHRAlKzcQ3ewLegQIDBAW"" aria-label=""Texto traducido: Diseñada con una exclusiva suela Vibram®Idrogrip™, compatible con nuestro sistema de tacos y calas de aleación HEXAGRIP™, la bota de vadeo Bankside combina una tracción superior en el río con la durabilidad y resistencia que caracterizan a nuestra marca. La parte superior de cuero nobuk impermeable está reforzada con capas de goma antiarañazos para una mayor protección contra las rocas. Diseñada junto con nuestro vadeador Boundary para funcionar como un sistema que mejora la movilidad y la sensación en el río, y compatible con cualquier vadeador de calcetín, la bota de vadeo Bankside te mantiene seguro y seguro en terrenos fluviales húmedos y variados.""><span class=""Y2IQFc"" lang=""es"">Diseñada con una exclusiva suela Vibram®Idrogrip™, compatible con nuestro sistema de tacos y calas de aleación HEXAGRIP™, la bota de vadeo Bankside combina una tracción superior en el río con la durabilidad y resistencia que caracterizan a nuestra marca. La parte superior de cuero nobuk impermeable está reforzada con capas de goma antiarañazos para una mayor protección contra las rocas. Diseñada junto con nuestro vadeador Boundary para funcionar como un sistema que mejora la movilidad y la sensación en el río, y compatible con cualquier vadeador de calcetín, la bota de vadeo Bankside te mantiene seguro y seguro en terrenos fluviales húmedos y variados.</span></p>",,,taxable,,0,,,0,0,,,,,0,,,,"Tipo de producto > Botas, Calzado, Género, Género > Hombre, Jardineras y Waders",,,"https://trendseeker.cl/wp-content/uploads/2025/12/Captura-de-pantalla-2025-12-19-a-las-11.53.37-a.-m.png, https://trendseeker.cl/wp-content/uploads/2025/12/Captura-de-pantalla-2025-12-19-a-las-11.49.45-a.-m.png, https://trendseeker.cl/wp-content/uploads/2025/12/Captura-de-pantalla-2025-12-19-a-las-11.49.51-a.-m.png, https://trendseeker.cl/wp-content/uploads/2025/12/Captura-de-pantalla-2025-12-19-a-las-11.50.03-a.-m.png, https://trendseeker.cl/wp-content/uploads/2025/12/Captura-de-pantalla-2025-12-19-a-las-11.49.22-a.-m.png, https://trendseeker.cl/wp-content/uploads/2025/12/Captura-de-pantalla-2025-12-19-a-las-11.53.37-a.-m.png",,,,,,,,,8,,Grundéns,Grundens,Talla,"10, 11, 8, 9",1,1,
20221,variable,WFT1000RMA-OVL,,Botas de Agua Altas para Mujer Hoja de Olivo,0,0,visible,,"Perfecta para los días de lluvia, esta bota de agua para mujer ha sido la esencia de la marca Hunter Original desde su presentación en 1956. Elaborado con caucho natural, cada par está formado por 28 piezas cortadas a mano y se ensambla durante tres días sobre una horma de aluminio realizada a medida para Hunter, antes de someterse al proceso de vulcanizado para ofrecer mayor protección. Con el dibujo de Hunter Original y un cómodo forro de poliéster, esta bota impermeable de clásico es un accesorio imprescindible para los días de lluvia.\n\n\n\nRecomendamos utilizar calcetines con todas las botas Hunter para proteger la piel del contacto con el caucho. Todos los calcetines para botas Hunter están especialmente diseñados para su uso con nuestra gama de botas e incluyen una vuelta en la parte superior que permite cubrir el caucho y el nailon del borde de la bota, evitando así cualquier roce durante el uso.\n\n<div class=""copy trim-stacked-margins has-inner-html product-page-description__features"">\n\n<ul>\n\n 	<li>Completamente impermeables</li>\n\n 	<li>Elaboradas a mano a partir de 28 piezas</li>\n\n 	<li>Ajuste normal</li>\n\n 	<li>Forro de poliéster</li>\n\n 	<li>Suela de goma con dibujo de Hunter Original</li>\n\n 	<li>Confeccionadas en caucho vulcanizado natural con acabado mate</li>\n\n</ul>\n\n</div>",,,taxable,,0,,,0,0,,,,,0,,,,"Tipo de producto > Botas, Género, Género > Mujer, Tipo de producto","Destacado, Impermeables, Invierno, Verde, Ofertas",,"https://trendseeker.cl/wp-content/uploads/2022/11/PROD-SS22-ORG-WFT1000RMA-OVL-2.jpg, https://trendseeker.cl/wp-content/uploads/2023/07/Botas-largas-mujer-Hunter-14.png, https://trendseeker.cl/wp-content/uploads/2022/11/PROD-SS22-ORG-WFT1000RMA-OVL-1.jpg",,,,,,"UAS3036AAB-GZB, UAS3036AAB-GRG, UAS3000AAA-HWT, UZF3003LSK-NTR",,,31,,Hunter,Hunter,Talla,"36, 37, 38, 39, 40/41, 42",1,1,
19350,variable,WFT1000RMA-BLK,,Botas De Agua Altas Original Para Mujer,0,0,visible,,"Perfecta para los días de lluvia, esta bota de agua para mujer ha sido la esencia de la marca Hunter Original desde su presentación en 1956. Elaborado con caucho natural, cada par está formado por 28 piezas cortadas a mano y se ensambla durante tres días sobre una horma de aluminio realizada a medida para Hunter. Luego se somete al proceso de vulcanizado para ofrecer mayor protección.\n\n\n\nCon el dibujo de Hunter Original y un cómodo forro de poliéster, esta bota impermeable de clásico es un accesorio imprescindible para los días de lluvia.\n\n\n\nRecomendamos utilizar calcetines con todas las botas Hunter para proteger la piel del contacto con el caucho. Todos los calcetines para botas Hunter están especialmente diseñados para su uso con nuestra gama de botas.  Los modelos incluyen una vuelta en la parte superior que permite cubrir el caucho y el nailon del borde de la bota, evitando así cualquier roce durante el uso.\n\n<ul>\n\n 	<li>Completamente impermeables</li>\n\n 	<li>Elaboradas a mano a partir de 28 piezas</li>\n\n 	<li>Ajuste normal</li>\n\n 	<li>Forro de poliéster</li>\n\n 	<li>Suela de goma con dibujo de Hunter Original</li>\n\n</ul>",,,taxable,,1,144,,0,0,,,,,0,,,,"Tipo de producto > Botas, Género, Género > Mujer, Tipo de producto","Impermeables, Invierno, Ofertas",,"https://trendseeker.cl/wp-content/uploads/2023/07/WFT1000RMA-BLK-1-princ.jpg, https://trendseeker.cl/wp-content/uploads/2023/07/Botas-largas-mujer-Hunter-12.png, https://trendseeker.cl/wp-content/uploads/2023/07/WFT1000RMA-BLK-2.jpg, https://trendseeker.cl/wp-content/uploads/2023/07/WFT1000RMA-BLK-3.jpg, https://trendseeker.cl/wp-content/uploads/2023/07/WFT1000RMA-BLK-4.jpg, https://trendseeker.cl/wp-content/uploads/2023/07/WFT1000RMA-BLK-5.jpg",,,,,,"UAS3036AAB-GZB, UAS3036AAB-BLK, UAS3036AAB-GRG",,,35,,Hunter,Hunter,Talla,"36, 37, 38, 39, 40/41, 42",0,1,
19623,variable,WFF1088RMA-DOC,,Zueco de Jardin para Mujer Verde Oliva,1,0,visible,,"<p style=""font-weight: 400;"">Estos estilosos zuecos Hunter son la comodidad que buscabas para las calurosas temporadas de primavera y verano con todo el estilo británico de esta icónica marca. Los zapatos no tienen cierres y son hechos a mano con goma impermeable, diseñados para estar cómodamente y se inspiran en el clásico look británico para la jardinería. El zueco tiene una forma natural y flexible hecha de goma y además cuenta con la firma de Hunter en el dibujo de la suela para un mejor agarre. Forrado de neopreno, protege de los elementos a la vez que proporciona sujeción al pie.</p>\n\n<ul style=""font-weight: 400;"">\n 	<li>100% impermeables</li>\n 	<li>Hechos a mano</li>\n 	<li>Forro de neopreno</li>\n 	<li>Estructura de goma natural con un acabado mate</li>\n 	<li>Suela con logo Hunter</li>\n 	<li>Exterior de caucho natural</li>\n 	<li>Forro de poliéster reciclado</li>\n 	<li>Suela de caucho diseñada para un buen agarre en todo tipo de suelos</li>\n</ul>",,,taxable,,1,,,0,0,,,,,0,,,,"Tipo de producto > Botas, Género, Género > Mujer, Tipo de producto","Impermeables, Invierno, Verde, Ofertas",,"https://trendseeker.cl/wp-content/uploads/2022/11/WFF1088RMA-DOC-1-1.jpg, https://trendseeker.cl/wp-content/uploads/2022/11/WFF1088RMA-DOC-2.jpg, https://trendseeker.cl/wp-content/uploads/2023/07/WFF1088RMA-DOC-3.jpg, https://trendseeker.cl/wp-content/uploads/2022/11/WFF1088RMA-DOC-4.jpg, https://trendseeker.cl/wp-content/uploads/2022/11/WFF1088RMA-DOC-5.jpg",,,,,,,,,22,,Hunter,Hunter,Talla,"36, 37, 38, 39, 40",1,1,
18617,variable,WFT1000RMA-HGR,,Botas De Agua Altas Original Para Mujer Verde,0,0,visible,,"Perfecta para los días de lluvia, esta bota de agua para mujer ha sido la esencia de la marca Hunter Original desde su presentación en 1956. Elaborado con caucho natural, cada par está formado por 28 piezas cortadas a mano y se ensambla durante tres días sobre una horma de aluminio realizada a medida para Hunter, antes de someterse al proceso de vulcanizado para ofrecer mayor protección. Con el dibujo de Hunter Original y un cómodo forro de poliéster, esta bota impermeable de clásico es un accesorio imprescindible para los días de lluvia.\n\n\n\nRecomendamos utilizar calcetines con todas las botas Hunter para proteger la piel del contacto con el caucho. Todos los calcetines para botas Hunter están especialmente diseñados para su uso con nuestra gama de botas e incluyen una vuelta en la parte superior que permite cubrir el caucho y el nailon del borde de la bota, evitando así cualquier roce durante el uso.\n\n\n\n- Completamente impermeables\n\n\n\n- Elaboradas a mano a partir de 28 piezas\n\n\n\n- Ajuste normal\n\n\n\n- Forro de poliéster\n\n\n\n- Suela de goma con dibujo de Hunter Original",,,taxable,,0,,,0,0,,,,,0,,,,"Tipo de producto > Botas, Género, Género > Mujer, Tipo de producto","Impermeables, Invierno, Verde, Ofertas",,"https://trendseeker.cl/wp-content/uploads/2023/07/WFT1000RMA-HGR-1-princ.jpg, https://trendseeker.cl/wp-content/uploads/2023/07/Botas-largas-mujer-Hunter-5.png, https://trendseeker.cl/wp-content/uploads/2023/07/WFT1000RMA-HGR-2.jpg, https://trendseeker.cl/wp-content/uploads/2023/07/WFT1000RMA-HGR-3.jpg, https://trendseeker.cl/wp-content/uploads/2023/07/WFT1000RMA-HGR-4.jpg, https://trendseeker.cl/wp-content/uploads/2023/07/WFT1000RMA-HGR-5.jpg",,,,,,"UAS3036AAB-HWT, UZF3003LSK-NTR",,,44,,Hunter,Hunter,Talla,"36, 37, 38, 39, 40/41, 42",1,1,
18943,variable,WFT1071RMA-BLK,,Botas Original Refined Para Mujer Negro,0,0,visible,,"Con un ajuste más ceñido para la vida urbana, la bota de agua alta Refined incluye un diseño personalizado y una estructura con menos capas de caucho para aportar una sensación de mayor ligereza. Elaborada a mano y completamente impermeable, esta bota de agua para mujer con un clásico acabado mate combina a la perfección funcionalidad y estilo para ofrecer un aspecto elegante en los días de lluvia.\n\n\n\n- Ajuste ceñido\n\n\n\n- Completamente impermeables\n\n\n\n- De fabricación artesanal\n\n\n\n- Forro de poliéster\n\n\n\n- Estructura con menos capas de caucho para una sensación de mayor ligereza\n\n\n\n- Plantilla moldeada para mayor comodidad y apoyo",,,taxable,,0,,,0,0,,,,,0,,,,"Tipo de producto > Botas, Género, Género > Mujer, Tipo de producto","Impermeables, Invierno, Ofertas",,"https://trendseeker.cl/wp-content/uploads/2023/07/WFT1001RMA-BLK-1-princ-1.jpg, https://trendseeker.cl/wp-content/uploads/2023/07/Botas-refined-largas-mujer-Hunter.png, https://trendseeker.cl/wp-content/uploads/2023/07/WFT1001RMA-BLK-2-1.jpg, https://trendseeker.cl/wp-content/uploads/2023/07/WFT1001RMA-BLK-3-1.jpg, https://trendseeker.cl/wp-content/uploads/2023/07/WFT1001RMA-BLK-4-1.jpg, https://trendseeker.cl/wp-content/uploads/2023/07/WFT1001RMA-BLK-5-1.jpg",,,,,,"D62SI, UAH3031WXA-GZB",,,48,,Hunter,Hunter,Talla,"36, 37, 38, 39, 40/41, 42",0,1,
21223,variable,WFT2235RMA-BLK,,Botas Play Alta Aislante Con Forro De Shearling Black Para Mujer,0,0,visible,,"Salta al clima más frío con la nueva bota Alta Aislada Play, que ofrece una silueta dinámica con una suela de plataforma más plana para una máxima comodidad y versatilidad. Fabricadas con caucho natural de la más alta calidad y con una acogedora capa interior de borrego vegano, estas botas están aisladas para soportar temperaturas de hasta -5°C (23°F).\n\nRecomendamos que todas las botas Hunter sean llevadas con calcetines para proteger las pieles más sensibles del contacto con el caucho.\n<div class=""copy trim-stacked-margins has-inner-html product-page-description__features"">\n<ul>\n 	<li>Vegano certificado</li>\n 	<li>Impermeable</li>\n 	<li>Hecho a mano</li>\n 	<li>Forro de piel sintética de poliéster</li>\n 	<li>Lengüeta para facilitar la entrada del pie</li>\n 	<li>Plantilla de aislamiento térmico para extra aislamiento</li>\n 	<li>Suela más plana para mayor comodidad</li>\n 	<li>Puede llevarse a temperaturas de hasta -5°C</li>\n 	<li><strong>Revisar imagen con tabla de medidas por talla </strong></li>\n</ul>\n</div>",,,taxable,,0,,,0,0,,,,,0,,,,"Tipo de producto > Botas, Calzado, Género, Género > Mujer, Tipo de producto, Tipo de producto > Zapatos","Botas, Hunter, Negra, Play, Sherpa, Ofertas",,"https://trendseeker.cl/wp-content/uploads/2023/02/5.png, https://trendseeker.cl/wp-content/uploads/2023/07/Botas-play-largas-mujer-Hunter-6.png, https://trendseeker.cl/wp-content/uploads/2023/02/4.png, https://trendseeker.cl/wp-content/uploads/2023/02/3.png, https://trendseeker.cl/wp-content/uploads/2023/02/2.png, https://trendseeker.cl/wp-content/uploads/2023/02/1.png",,,,,,"WFS2020RMA-BBO, WFS2020RMA-BLK, WFS2020RMA-LRD",,,51,,Hunter,Hunter,Talla,"36, 37, 38, 39, 40/41",1,1,
18680,variable,WFT1000RMA-RYL,,Botas De Agua Altas Original Para Mujer Amarillo,0,0,visible,,"Perfecta para los días de lluvia, esta bota de agua para mujer ha sido la esencia de la marca Hunter Original desde su presentación en 1956. Elaborado con caucho natural, cada par está formado por 28 piezas cortadas a mano y se ensambla durante tres días sobre una horma de aluminio realizada a medida para Hunter, antes de someterse al proceso de vulcanizado para ofrecer mayor protección. Con el dibujo de Hunter Original y un cómodo forro de poliéster, esta bota impermeable de clásico es un accesorio imprescindible para los días de lluvia.\n\n\n\nRecomendamos utilizar calcetines con todas las botas Hunter para proteger la piel del contacto con el caucho. Todos los calcetines para botas Hunter están especialmente diseñados para su uso con nuestra gama de botas e incluyen una vuelta en la parte superior que permite cubrir el caucho y el nailon del borde de la bota, evitando así cualquier roce durante el uso.\n\n\n\n- Completamente impermeables\n\n\n\n- Elaboradas a mano a partir de 28 piezas\n\n\n\n- Ajuste normal\n\n\n\n- Forro de poliéster\n\n\n\n- Suela de goma con dibujo de Hunter Original\n\n\n\n<strong>SIN CAMBIOS NI DEVOLUCIONES</strong>",,,taxable,,0,,,0,0,,,,,0,,,,"Tipo de producto > Botas, Género, Género > Mujer, Tipo de producto","Impermeables, Invierno, Ofertas",,"https://trendseeker.cl/wp-content/uploads/2023/07/WFT1000RMA-RYL-1-princ.jpg, https://trendseeker.cl/wp-content/uploads/2023/07/Botas-largas-mujer-Hunter-7.png, https://trendseeker.cl/wp-content/uploads/2023/07/WFT1000RMA-RYL-2.jpg, https://trendseeker.cl/wp-content/uploads/2023/07/WFT1000RMA-RYL-3.jpg, https://trendseeker.cl/wp-content/uploads/2023/07/WFT1000RMA-RYL-4.jpg, https://trendseeker.cl/wp-content/uploads/2023/07/WFT1000RMA-RYL-5.jpg",,,,,,"UAH3031WXA-MRG, UBB6017ACD-BLK",,,52,,Hunter,Hunter,Talla,"36, 37, 38, 39, 40/41, 42",1,1,
18622,variable,JFT6000RMA-DOV,,Botas De Agua Original Para Niños Verde Oliva,1,0,visible,,"Ya sea para los charcos del patio como para pasear por el bosque, nuestras botas Original para niños son la opción perfecta para niños de 5 a 11 años (talla 31-37).\n\n\n\nLa bota de agua Original para niños es una versión reducida de la icónica bota alta Original y un sueño para los jóvenes exploradores. Esta bota impermeable de color azul marino neutro está elaborada a mano con caucho natural. Diseñadas para vivir aventuras, nuestras botas de agua especiales para niños son sumamente resistentes al desgaste y la abrasión, e incluyen un forro de poliéster para una mayor comodidad. Los parches reflectantes y el dibujo de Hunter Original ofrecen una seguridad añadida que te permite dejar que se enfrenten a los elementos con toda tranquilidad sea cual sea el clima.\n\n\n\n- Completamente impermeables\n\n\n\n- De fabricación artesanal\n\n\n\n- Forro de poliéster\n\n\n\n- Suela de goma con dibujo de Hunter Original\n\n\n\n- Parches reflectantes para una mayor visibilidad",2025-08-28 0:00:00,2025-09-07 23:59:59,taxable,,1,3,,0,0,,,,,0,,,,"Tipo de producto > Botas, Género, Género > Niño, Tipo de producto","Impermeables, Invierno, oferta, Verde",,"https://trendseeker.cl/wp-content/uploads/2023/07/JFT6000RMA-DOV-1-princ.jpg, https://trendseeker.cl/wp-content/uploads/2023/07/JFT6000RMA-DOV-2.jpg, https://trendseeker.cl/wp-content/uploads/2023/07/JFT6000RMA-DOV-3.jpg, https://trendseeker.cl/wp-content/uploads/2023/07/JFT6000RMA-DOV-4.jpg, https://trendseeker.cl/wp-content/uploads/2023/07/JFT6000RMA-DOV-5.jpg, https://trendseeker.cl/wp-content/uploads/2023/07/Botas-infantil-Hunter-1.png",,,,,,,,,42,,Hunter,Hunter,Talla,"31, 32, 33, 34/35, 36, 37",1,1,
18921,variable,JFT6000RMA-NVY,,Botas De Agua Original Para Niños Azul Marino,1,0,visible,,"Ya sea para los charcos del patio como para pasear por el bosque, nuestras botas Original para niños son la opción perfecta para niños de 5 a 11 años (talla 31-37).\n\n\n\nLa bota de agua Original para niños es una versión reducida de la icónica bota alta Original y un sueño para los jóvenes exploradores. Esta bota impermeable de color azul marino neutro está elaborada a mano con caucho natural. Diseñadas para vivir aventuras, nuestras botas de agua especiales para niños son sumamente resistentes al desgaste y la abrasión, e incluyen un forro de poliéster para una mayor comodidad. Los parches reflectantes y el dibujo de Hunter Original ofrecen una seguridad añadida que te permite dejar que se enfrenten a los elementos con toda tranquilidad sea cual sea el clima.\n\n\n\n- Completamente impermeables\n\n\n\n- De fabricación artesanal\n\n\n\n- Forro de poliéster\n\n\n\n- Suela de goma con dibujo de Hunter Original\n\n\n\n- Parches reflectantes para una mayor visibilidad",2025-08-28 0:00:00,2025-09-07 23:59:59,taxable,,1,85,,0,0,,,,,0,,,,"Tipo de producto > Botas, Género, Género > Niño, Tipo de producto","Impermeables, Invierno, Navy, oferta",,"https://trendseeker.cl/wp-content/uploads/2023/07/JFT6000RMA-NVY-1-princ.jpg, https://trendseeker.cl/wp-content/uploads/2023/07/Botas-infantil-Hunter-5.png, https://trendseeker.cl/wp-content/uploads/2023/07/JFT6000RMA-NVY-3.jpg, https://trendseeker.cl/wp-content/uploads/2023/07/JFT6000RMA-NVY-2.jpg",,,,,,,,,43,,Hunter,Hunter,Talla,"31, 32, 33, 34/35, 36, 37",1,1,
18621,variable,JFT6000RMA-RBP,,Botas De Agua Original Para Niños Rosado Brillante,1,0,visible,,"Ya sea para los charcos del patio como para pasear por el bosque, nuestras botas Original para niños son la opción perfecta para niños de 5 a 11 años (talla 31-37).\n\n\n\nLa bota de agua Original para niños es una versión reducida de la icónica bota alta Original y un sueño para los jóvenes exploradores. Esta bota impermeable de color azul marino neutro está elaborada a mano con caucho natural. Diseñadas para vivir aventuras, nuestras botas de agua especiales para niños son sumamente resistentes al desgaste y la abrasión, e incluyen un forro de poliéster para una mayor comodidad. Los parches reflectantes y el dibujo de Hunter Original ofrecen una seguridad añadida que te permite dejar que se enfrenten a los elementos con toda tranquilidad sea cual sea el clima.\n\n\n\n- Completamente impermeables\n\n\n\n- De fabricación artesanal\n\n\n\n- Forro de poliéster\n\n\n\n- Suela de goma con dibujo de Hunter Original\n\n\n\n- Parches reflectantes para una mayor visibilidad",2025-08-28 0:00:00,2025-09-07 23:59:59,taxable,,1,46,,0,0,,,,,0,,,,"Tipo de producto > Botas, Género, Género > Niño, Tipo de producto","Impermeables, Invierno, oferta",,"https://trendseeker.cl/wp-content/uploads/2023/07/JFT6000RMA-RBP-1-princ.jpg, https://trendseeker.cl/wp-content/uploads/2023/07/Botas-infantil-Hunter.png, https://trendseeker.cl/wp-content/uploads/2023/07/JFT6000RMA-RBP-2.jpg, https://trendseeker.cl/wp-content/uploads/2023/07/JFT6000RMA-RBP-3.jpg, https://trendseeker.cl/wp-content/uploads/2023/07/JFT6000RMA-RBP-4.jpg, https://trendseeker.cl/wp-content/uploads/2023/07/JFT6000RMA-RBP-5.jpg",,,,,,,,,44,,Hunter,Hunter,Talla,"31, 32, 33, 34/35, 36, 37",1,1,
18646,variable,JFT6000RMA-BLK,,Botas De Agua Original Para Niños,1,0,visible,,"Ya sea para los charcos del patio como para pasear por el bosque, nuestras botas Original para niños son la opción perfecta para niños de 5 a 11 años (talla 31-37).\n\n\n\nLa bota de agua Original para niños es una versión reducida de la icónica bota alta Original y un sueño para los jóvenes exploradores. Esta bota impermeable de color azul marino neutro está elaborada a mano con caucho natural. Diseñadas para vivir aventuras, nuestras botas de agua especiales para niños son sumamente resistentes al desgaste y la abrasión, e incluyen un forro de poliéster para una mayor comodidad. Los parches reflectantes y el dibujo de Hunter Original ofrecen una seguridad añadida que te permite dejar que se enfrenten a los elementos con toda tranquilidad sea cual sea el clima.\n\n\n\n- Completamente impermeables\n\n\n\n- De fabricación artesanal\n\n\n\n- Forro de poliéster\n\n\n\n- Suela de goma con dibujo de Hunter Original\n\n\n\nParches reflectantes para una mayor visibilidad\n\n\n\n- Confeccionadas en caucho vulcanizado natural con acabado mate",2025-08-28 0:00:00,2025-09-07 23:59:59,taxable,,1,46,,0,0,,,,,0,,,,"Tipo de producto > Botas, Género, Género > Niño, Tipo de producto","Impermeables, Invierno, oferta, winter-style",,"https://trendseeker.cl/wp-content/uploads/2023/07/JFT6000RMA-BLK-1-princ.jpg, https://trendseeker.cl/wp-content/uploads/2023/07/Botas-infantil-Hunter-2.png, https://trendseeker.cl/wp-content/uploads/2023/07/JFT6000RMA-BLK-2.jpg, https://trendseeker.cl/wp-content/uploads/2023/07/JFT6000RMA-BLK-3.jpg, https://trendseeker.cl/wp-content/uploads/2023/07/JFT6000RMA-BLK-4.jpg, https://trendseeker.cl/wp-content/uploads/2023/07/JFT6000RMA-BLK-5.jpg",,,,,,,,,45,,Hunter,Hunter,Talla,"31, 32, 33, 34/35, 36, 37",1,1,
20294,variable,JFT6000RMA-HGR,,Botas De Agua Original Para Niños Verde,1,0,visible,,"Ya sea para los charcos del patio como para pasear por el bosque, nuestras botas Original para niños son la opción perfecta para niños de 5 a 11 años (talla 31-37).\n\nLa bota de agua Original para niños es una versión reducida de la icónica bota alta Original y un sueño para los jóvenes exploradores. Esta bota impermeable de color azul marino neutro está elaborada a mano con caucho natural. Diseñadas para vivir aventuras, nuestras botas de agua especiales para niños son sumamente resistentes al desgaste y la abrasión, e incluyen un forro de poliéster para una mayor comodidad. Los parches reflectantes y el dibujo de Hunter Original ofrecen una seguridad añadida que te permite dejar que se enfrenten a los elementos con toda tranquilidad sea cual sea el clima.\n\n- Completamente impermeables\n\n- De fabricación artesanal\n\n- Forro de poliéster\n\n- Suela de goma con dibujo de Hunter Original\n\n- Parches reflectantes para una mayor visibilidad",2025-08-28 0:00:00,2025-08-28 23:59:59,taxable,,1,134,,0,0,,,,,0,,,,"Tipo de producto > Botas, Género, Género > Niño, Tipo de producto","Impermeables, Invierno, oferta, Verde",,"https://trendseeker.cl/wp-content/uploads/2022/11/JFT6000RMA-HGR2-1.png, https://trendseeker.cl/wp-content/uploads/2022/11/JFT6000RMA-HGR2.png, https://trendseeker.cl/wp-content/uploads/2022/11/Botas-infantil-Hunter.png, https://trendseeker.cl/wp-content/uploads/2022/11/JFT6000RMA-HGR3.png, https://trendseeker.cl/wp-content/uploads/2022/11/JFT6000RMA-HGR4.png",,,,,,"JBB1119KBM-NVY, JBB1119KBM-RBP",,,46,,Hunter,Hunter,Talla,"31, 32, 33, 34/35, 36, 37",1,1,
32991,variable,60047-001,,Women's - Deviation Sherpa Ankle Boot Black - Mujer,1,1,visible,,"La bota Deviation encarna la robusta utilidad, la versatilidad diaria y la comodidad constante que nuestros pescadores buscan, tanto dentro como fuera de la cubierta. Ahora mejorada con un aislamiento de vellón de pelo largo, la bota Deviation Sherpa proporciona protección resistente con la calidez y comodidad de una zapatilla.",,,taxable,,1,12,,0,0,,,,,0,,,,"Tipo de producto > Botas, Calzado, Género, Género > Mujer, Tipo de producto, Tipo de producto > Zapatos",,,"https://trendseeker.cl/wp-content/uploads/2025/07/60047_001_01.webp, https://trendseeker.cl/wp-content/uploads/2025/07/w_deviation_sherpa_alt2.webp, https://trendseeker.cl/wp-content/uploads/2025/07/60047_001_03.webp, https://trendseeker.cl/wp-content/uploads/2025/07/TS-PRODUCTO-FOTOS-9.png, https://trendseeker.cl/wp-content/uploads/2025/07/60047_001_02.webp, https://trendseeker.cl/wp-content/uploads/2025/07/60047_001_04.webp",,,,,,,,,52,,,,Talla,"10, 6, 7, 8, 9",1,1,
32992,variable,60047-225,,Women´s - Deviation Sherpa Ankle Boot Slit - Mujer,1,0,visible,,"La bota Deviation encarna la robusta utilidad, la versatilidad diaria y la comodidad constante que nuestros pescadores buscan, tanto dentro como fuera de la cubierta. Ahora mejorada con un aislamiento de vellón de pelo largo, la bota Deviation Sherpa proporciona protección resistente con la calidez y comodidad de una zapatilla.",,,taxable,,1,19,,0,0,,,,,0,,,,"Tipo de producto > Botas, Calzado, Género, Género > Mujer, Tipo de producto > Zapatos",,,"https://trendseeker.cl/wp-content/uploads/2025/07/60047_225_02.webp, https://trendseeker.cl/wp-content/uploads/2025/07/w_deviation_sherpa_alt3.webp, https://trendseeker.cl/wp-content/uploads/2025/07/TS-PRODUCTO-FOTOS-9.png, https://trendseeker.cl/wp-content/uploads/2025/07/60047_225_04.webp, https://trendseeker.cl/wp-content/uploads/2025/07/60047_225_03.webp, https://trendseeker.cl/wp-content/uploads/2025/07/w_deviation_sherp_alt.webp",,,,,,,,,53,,,,Talla,"6, 7, 8, 9",1,1,
18590,variable,WFT1000RMA-DOV,,Botas De Agua Altas Original Para Mujer Verde Oliva,0,0,visible,,"Perfecta para los días de lluvia, esta bota de agua para mujer ha sido la esencia de la marca Hunter Original desde su presentación en 1956. Elaborado con caucho natural, cada par está formado por 28 piezas cortadas a mano y se ensambla durante tres días sobre una horma de aluminio realizada a medida para Hunter, antes de someterse al proceso de vulcanizado para ofrecer mayor protección. Con el dibujo de Hunter Original y un cómodo forro de poliéster, esta bota impermeable de clásico es un accesorio imprescindible para los días de lluvia.\n\n\n\nRecomendamos utilizar calcetines con todas las botas Hunter para proteger la piel del contacto con el caucho. Todos los calcetines para botas Hunter están especialmente diseñados para su uso con nuestra gama de botas e incluyen una vuelta en la parte superior que permite cubrir el caucho y el nailon del borde de la bota, evitando así cualquier roce durante el uso.\n\n\n\n- Completamente impermeables\n\n\n\n- Elaboradas a mano a partir de 28 piezas\n\n\n\n- Ajuste normal\n\n\n\n- Forro de poliéster\n\n\n\n- Suela de goma con dibujo de Hunter Original",,,taxable,,0,,,0,0,,,,,0,,,,"Tipo de producto > Botas, Género, Género > Mujer, Tipo de producto","Impermeables, Invierno, Verde, Ofertas",,"https://trendseeker.cl/wp-content/uploads/2023/07/WFT1000RMA-DOV-1-princ.jpg, https://trendseeker.cl/wp-content/uploads/2023/07/Botas-largas-mujer-Hunter-4.png, https://trendseeker.cl/wp-content/uploads/2023/07/WFT1000RMA-DOV-2.jpg, https://trendseeker.cl/wp-content/uploads/2023/07/WFT1000RMA-DOV-3.jpg, https://trendseeker.cl/wp-content/uploads/2023/07/WFT1000RMA-DOV-4.jpg, https://trendseeker.cl/wp-content/uploads/2023/07/WFT1000RMA-DOV-5.jpg",,,,,,,,,72,,Hunter,Hunter,Talla,"36, 37, 38, 39, 40/41, 42",1,1,
18681,variable,WFT1000RMA-SIL,,Botas De Agua Altas Original Para Mujer Plateado,0,0,visible,,"Perfecta para los días de lluvia, esta bota de agua para mujer ha sido la esencia de la marca Hunter Original desde su presentación en 1956. Elaborado con caucho natural, cada par está formado por 28 piezas cortadas a mano y se ensambla durante tres días sobre una horma de aluminio realizada a medida para Hunter, antes de someterse al proceso de vulcanizado para ofrecer mayor protección. Con el dibujo de Hunter Original y un cómodo forro de poliéster, esta bota impermeable de clásico es un accesorio imprescindible para los días de lluvia.\n\n\n\nRecomendamos utilizar calcetines con todas las botas Hunter para proteger la piel del contacto con el caucho. Todos los calcetines para botas Hunter están especialmente diseñados para su uso con nuestra gama de botas e incluyen una vuelta en la parte superior que permite cubrir el caucho y el nailon del borde de la bota, evitando así cualquier roce durante el uso.\n\n\n\n- Completamente impermeables\n\n\n\n- Elaboradas a mano a partir de 28 piezas\n\n\n\n- Ajuste normal\n\n\n\n- Forro de poliéster\n\n\n\n- Suela de goma con dibujo de Hunter Original\n\n\n\n<strong>SIN CAMBIOS NI DEVOLUCIONES</strong>",,,taxable,,0,,,0,0,,,,,0,,,,"Tipo de producto > Botas, Género, Género > Mujer, Tipo de producto","Impermeables, Invierno, Ofertas",,"https://trendseeker.cl/wp-content/uploads/2023/07/WFT1000RMA-SIL-1-princ.jpg, https://trendseeker.cl/wp-content/uploads/2023/07/Botas-largas-mujer-Hunter-8.png, https://trendseeker.cl/wp-content/uploads/2023/07/WFT1000RMA-SIL-2.jpg, https://trendseeker.cl/wp-content/uploads/2023/07/WFT1000RMA-SIL-3.jpg, https://trendseeker.cl/wp-content/uploads/2023/07/WFT1000RMA-SIL-4.jpg, https://trendseeker.cl/wp-content/uploads/2023/07/WFT1000RMA-SIL-5.jpg",,,,,,,,,73,,Hunter,Hunter,Talla,"36, 37, 38, 39, 40/41, 42",1,1,
32849,variable,60043-225,,Deviation Sherpa Ankle Boot Silt,1,0,visible,,"La colección Deviation es versátil y te acompaña en tu actividades diarias. Son cómodas, tanto que nuestros pescadores las ocupan dentro y fuera de la cubierta. Ahora mejorada con un aislamiento de vellón de pelo largo, la bota Deviation Sherpa proporciona protección resistente con la calidez y comodidad.",,,taxable,,1,8,,0,0,,,,,0,,,,"Tipo de producto > Botas, Calzado, Género, Género > Mujer, Tipo de producto > Zapatos",,,"https://trendseeker.cl/wp-content/uploads/2025/07/60043_225_02.webp, https://trendseeker.cl/wp-content/uploads/2025/07/60043_225_03.webp, https://trendseeker.cl/wp-content/uploads/2025/07/60043_225_04.webp, https://trendseeker.cl/wp-content/uploads/2025/07/TS-PRODUCTO-FOTOS-9.png",,,,,,,,,61,,,,Talla,"11, 2009, 8, 9",1,1,
32835,variable,60043-001,,Deviation Sherpa Ankle Boot Black,1,0,visible,,"La colección Deviation es versátil y te acompaña en tu actividades diarias. Son cómodas, tanto que nuestros pescadores las ocupan dentro y fuera de la cubierta. Ahora mejorada con un aislamiento de vellón de pelo largo, la bota Deviation Sherpa proporciona protección resistente con la calidez y comodidad.",,,taxable,,1,14,,0,0,,,,,0,,,,"Tipo de producto > Botas, Calzado, Género, Género > Mujer, Tipo de producto > Zapatos",,,"https://trendseeker.cl/wp-content/uploads/2025/07/60043_001_01.webp, https://trendseeker.cl/wp-content/uploads/2025/07/WhatsApp-Image-2025-07-14-at-11.17.15-AM-1.jpeg, https://trendseeker.cl/wp-content/uploads/2025/07/60043_001_02.webp, https://trendseeker.cl/wp-content/uploads/2025/07/TS-PRODUCTO-FOTOS-9.png, https://trendseeker.cl/wp-content/uploads/2025/07/60043_001_03.webp, https://trendseeker.cl/wp-content/uploads/2025/07/60043_001_04.webp",,,,,,,,,62,,,,Talla,"10, 11, 8, 9",1,1,
18939,variable,WFT1000RGL-RVI,,Botas Altas Y Brillantes Original Para Mujer Morada,0,0,visible,,"Perfecta para los días de lluvia, esta bota de agua para mujer ha sido la esencia de la marca Hunter Original desde su presentación en 1956. Elaborado con caucho natural, cada par está formado por 28 piezas cortadas a mano y se ensambla durante tres días sobre una horma de aluminio realizada a medida para Hunter, antes de someterse al proceso de vulcanizado para ofrecer mayor protección. Con el dibujo de Hunter Original y un cómodo forro de poliéster, la bota de agua alta y brillante Original es un accesorio esencial y atemporal para los días de lluvia.\n\n\n\n- Completamente impermeables\n\n\n\n- Elaboradas a mano a partir de 28 piezas\n\n\n\n- Ajuste normal\n\n\n\n- Forro de poliéster\n\n\n\n- Suela de goma con dibujo de Hunter Original\n\n\n\n- Confeccionadas en caucho vulcanizado natural con acabado brillante",,,taxable,,0,,,0,0,,,,,0,,,,"Tipo de producto > Botas, Género, Género > Mujer, Tipo de producto","Impermeables, Invierno, Ofertas",,"https://trendseeker.cl/wp-content/uploads/2023/07/WFT1000RGL-RVI-1-princ.jpg, https://trendseeker.cl/wp-content/uploads/2023/07/Botas-largas-mujer-Hunter-10.png, https://trendseeker.cl/wp-content/uploads/2023/07/WFT1000RGL-RVI-3.jpg, https://trendseeker.cl/wp-content/uploads/2023/07/WFT1000RGL-RVI-4.jpg, https://trendseeker.cl/wp-content/uploads/2023/07/WFT1000RGL-RVI-2.jpg",,,,,,,,,84,,Hunter,Hunter,Talla,"36, 37, 38, 39, 40/41, 42",0,1,
18583,variable,WFT1000RGL-DOV,,Botas Altas Y Brillantes Original Para Mujer Verde Oliva,0,0,visible,,"Perfecta para los días de lluvia, esta bota de agua para mujer ha sido la esencia de la marca Hunter Original desde su presentación en 1956. Elaborado con caucho natural, cada par está formado por 28 piezas cortadas a mano y se ensambla durante tres días sobre una horma de aluminio realizada a medida para Hunter, antes de someterse al proceso de vulcanizado para ofrecer mayor protección. Con el dibujo de Hunter Original y un cómodo forro de poliéster, la bota de agua alta y brillante Original es un accesorio esencial y atemporal para los días de lluvia.\n\n\n\n- Completamente impermeables\n\n\n\n- Elaboradas a mano a partir de 28 piezas\n\n\n\n- Ajuste normal\n\n\n\n- Forro de poliéster\n\n\n\n- Suela de goma con dibujo de Hunter Original\n\n\n\n- Confeccionadas en caucho vulcanizado natural con acabado brillante",,,taxable,,0,,,0,0,,,,,0,,,,"Tipo de producto > Botas, Género, Género > Mujer, Tipo de producto","Impermeables, Invierno, Verde, Ofertas",,"https://trendseeker.cl/wp-content/uploads/2023/07/WFT1000RGL-DOV-1-princ.jpg, https://trendseeker.cl/wp-content/uploads/2023/07/Botas-largas-mujer-Hunter-1.png, https://trendseeker.cl/wp-content/uploads/2023/07/WFT1000RGL-DOV-2.jpg, https://trendseeker.cl/wp-content/uploads/2023/07/WFT1000RGL-DOV-3.jpg, https://trendseeker.cl/wp-content/uploads/2023/07/WFT1000RGL-DOV-4.jpg, https://trendseeker.cl/wp-content/uploads/2023/07/WFT1000RGL-DOV-5.jpg",,,,,,,,,86,,Hunter,Hunter,Talla,"36, 37, 38, 39, 40/41, 42",1,1,
18585,variable,WFT1000RGL-GRA,,Botas Altas Y Brillantes Original Para Mujer Grafito,0,0,visible,,"Perfecta para los días de lluvia, esta bota de agua para mujer ha sido la esencia de la marca Hunter Original desde su presentación en 1956. Elaborado con caucho natural, cada par está formado por 28 piezas cortadas a mano y se ensambla durante tres días sobre una horma de aluminio realizada a medida para Hunter, antes de someterse al proceso de vulcanizado para ofrecer mayor protección. Con el dibujo de Hunter Original y un cómodo forro de poliéster, la bota de agua alta y brillante Original es un accesorio esencial y atemporal para los días de lluvia.\n\n\n\n- Completamente impermeables\n\n\n\n- Elaboradas a mano a partir de 28 piezas\n\n\n\n- Ajuste normal\n\n\n\n- Forro de poliéster\n\n\n\n- Suela de goma con dibujo de Hunter Original\n\n\n\n- Confeccionadas en caucho vulcanizado natural con acabado brillante",,,taxable,,0,,,0,0,,,,,0,,,,"Tipo de producto > Botas, Género, Género > Mujer, Tipo de producto","Impermeables, Invierno, Ofertas",,"https://trendseeker.cl/wp-content/uploads/2023/07/WFT1000RGL-DSL-1-princ.jpg, https://trendseeker.cl/wp-content/uploads/2023/07/Botas-largas-mujer-Hunter-2.png, https://trendseeker.cl/wp-content/uploads/2022/11/Captura-de-pantalla-2025-04-04-a-las-1.04.33 p.-m.png",,,,,,"AC1SI, UAH3031WXA-GZB",,,88,,Hunter,Hunter,Talla,"36, 37, 38, 39, 40/41, 42",1,1,
19489,variable,WFT1000RGL-BCE,,Botas De Agua Altas Original Para Mujer - Brillante / Gloss,0,0,visible,,"Perfecta para los días de lluvia, esta bota de agua para mujer ha sido la esencia de la marca Hunter Original desde su presentación en 1956. Elaborado con caucho natural, cada par está formado por 28 piezas cortadas a mano y se ensambla durante tres días sobre una horma de aluminio realizada a medida para Hunter, antes de someterse al proceso de vulcanizado para ofrecer mayor protección. Con el dibujo de Hunter Original y un cómodo forro de poliéster, esta bota impermeable de clásico es un accesorio imprescindible para los días de lluvia.\n\n\n\nRecomendamos utilizar calcetines con todas las botas Hunter para proteger la piel del contacto con el caucho. Todos los calcetines para botas Hunter están especialmente diseñados para su uso con nuestra gama de botas e incluyen una vuelta en la parte superior que permite cubrir el caucho y el nailon del borde de la bota, evitando así cualquier roce durante el uso.\n\n\n\n- Completamente impermeables\n\n\n\n- Elaboradas a mano a partir de 28 piezas\n\n\n\n- Ajuste normal\n\n\n\n- Forro de poliéster\n\n\n\n- Suela de goma con dibujo de Hunter Original\n\n\n\n- Brillante (Gloss)",2022-05-24 0:00:00,2022-06-01 23:59:59,taxable,,0,,,0,0,,,,,0,,,,"Tipo de producto > Botas, Género, Género > Mujer, Tipo de producto","Impermeables, Invierno, Ofertas",,"https://trendseeker.cl/wp-content/uploads/2023/07/5034071-2-scaled-1.jpg, https://trendseeker.cl/wp-content/uploads/2023/07/5034071-3-scaled-1.jpg, https://trendseeker.cl/wp-content/uploads/2023/07/Botas-largas-mujer-Hunter-13.png",,,,,,,,,91,,Hunter,Hunter,Talla,"37, 38, 40/41, 42",1,1,
18938,variable,WFT1000RGL-NVY,,Botas Altas Y Brillantes Original Para Mujer Azul Marino,0,0,visible,,"Perfecta para los días de lluvia, esta bota de agua para mujer ha sido la esencia de la marca Hunter Original desde su presentación en 1956. Elaborado con caucho natural, cada par está formado por 28 piezas cortadas a mano y se ensambla durante tres días sobre una horma de aluminio realizada a medida para Hunter. Luego se somete al proceso de vulcanizado para ofrecer mayor protección.\n\n\n\nCon el dibujo de Hunter Original y un cómodo forro de poliéster, la bota de agua alta y brillante Original es un accesorio esencial y atemporal para los días de lluvia.\n\n\n\n- Completamente impermeables\n\n\n\n- Elaboradas a mano a partir de 28 piezas\n\n\n\n- Ajuste normal\n\n\n\n- Forro de poliéster\n\n\n\n- Suela de goma con dibujo de Hunter Original\n\n\n\n- Confeccionadas en caucho vulcanizado natural con acabado brillante",,,taxable,,0,,,0,0,,,,,0,,,,"Tipo de producto > Botas, Género, Género > Mujer, Tipo de producto","Impermeables, Invierno, Ofertas",,"https://trendseeker.cl/wp-content/uploads/2023/07/WFT1000RGL-NVY-1-princ.jpg, https://trendseeker.cl/wp-content/uploads/2023/07/Botas-largas-mujer-Hunter-9.png, https://trendseeker.cl/wp-content/uploads/2023/07/WFT1000RGL-NVY-2.jpg, https://trendseeker.cl/wp-content/uploads/2023/07/WFT1000RGL-NVY-3.jpg",,,,,,"UBB6017ACD-BTB, UBP7020KBM-NVY",,,95,,Hunter,Hunter,Talla,"36, 37, 38, 39, 40/41, 42",0,1,
18940,variable,WFT1001RGL-BLK,,Botas De Agua Altas Y Ajustables Por Detrás Para Mujer Negro,0,0,visible,,"Diseñada para ofrecer un ajuste flexible, la bota alta y ajustable Original imita la icónica bota alta Original con la incorporación de un refuerzo extensible en la parte posterior. Perfecta para una pantorrilla más ancha, esta bota de agua brillante permite libertad de movimientos y adapta el ajuste Hunter personalizado tradicional a una forma más relajada cuando el refuerzo se extiende por completo. Elaborada a mano con caucho natural, esta bota ajustable Original es completamente impermeable gracias a su cómodo forro de poliéster y distintivo dibujo de Hunter Original.\n\n<ul>\n\n 	<li>Completamente impermeables</li>\n\n 	<li>De fabricación artesanal</li>\n\n 	<li>Forro de poliéster</li>\n\n 	<li>Refuerzo y hebilla ajustables en la parte posterior para adaptar el ajuste</li>\n\n 	<li>Suela de goma con dibujo Original</li>\n\n 	<li>Confeccionadas en caucho vulcanizado natural con acabado brillante</li>\n\n</ul>",,,taxable,,0,,,0,0,,,,,0,,,,"Tipo de producto > Botas, Género, Género > Mujer, Tipo de producto","Impermeables, Invierno, Ofertas",,"https://trendseeker.cl/wp-content/uploads/2023/07/WFT1001RGL-BLK-1-princ.jpg, https://trendseeker.cl/wp-content/uploads/2023/07/Botas-largas-ajuste-trasero-mujer-Hunter.png, https://trendseeker.cl/wp-content/uploads/2023/07/WFT1001RGL-BLK-2.jpg, https://trendseeker.cl/wp-content/uploads/2023/07/WFT1001RGL-BLK-3.jpg, https://trendseeker.cl/wp-content/uploads/2023/07/WFT1001RGL-BLK-4.jpg, https://trendseeker.cl/wp-content/uploads/2023/07/WFT1001RGL-BLK-5.jpg",,,,,,"UZC3011XXX-CLR, UAS3036AAB-GRG, UZF3003LSK-NTR",,,97,,Hunter,Hunter,Talla,"36, 37, 38, 39, 40/41, 42",0,1,
30393,variable,60011-355,,Botas Deck Boss Ankle Boot Mujer - Otter,1,0,visible,,"La colección DECK-BOSS™ está diseñada para brindarles a los pescadores opciones de calzado cómodo y de alto rendimiento que durarán incluso los días más largos en el agua. Hemos priorizado una plantilla más gruesa para promover una resistencia notable a los impactos, y el forro refrescante antiolor garantizará que deje atrás el típico hedor del calzado. Las ranuras de afeitar incorporadas ayudan a expulsar el agua de debajo del zapato, lo que mejora el agarre en superficies mojadas y, combinadas con una suela exterior de caucho natural, estará de pie en la cubierta todo el día.",,,taxable,,1,5,,0,0,,,,,0,,,,"Tipo de producto > Botas, Calzado, Género, Género > Mujer, Tipo de producto > Zapatos",,,"https://trendseeker.cl/wp-content/uploads/2024/10/botas-grundens-deckboss-ankle-otter-1.jpg, https://trendseeker.cl/wp-content/uploads/2024/10/botas-grundens-deckboss-ankle-otter-2.jpg, https://trendseeker.cl/wp-content/uploads/2024/10/botas-grundens-deckboss-ankle-otter-1.jpg, https://trendseeker.cl/wp-content/uploads/2024/10/tallas-scaled.jpg",,,,,,,,,86,,,,Talla,"5, 6, 7, 8, 9",1,1,
18949,variable,WFT2041RMA-BLK,,Botas Altas Aislantes Original Para Mujer BLK,0,0,visible,,"Diseñada para los climas más fríos, la bota de agua alta Original se ha mejorado con un forro aislante estilo Sherpa para ofrecer mayor protección contra el frío del invierno. Adecuadas para usarse en temperaturas de hasta -5 ºC, mantendrán tus piernas y pies calientes y cómodos. Presentada por primera vez en 1956, la bota alta Original se conoce en todo el mundo como un icono. Elaborada a mano a partir de 28 piezas, cada bota se fabrica con caucho natural, que se ha vulcanizado para lograr un acabado totalmente impermeable y duradero. En un clásico tono mate, sal a la aventura con la confianza de que estarás completamente protegido.\n\n<ul>\n\n 	<li>Ajuste normal</li>\n\n 	<li>Completamente impermeables</li>\n\n 	<li>De fabricación artesanal</li>\n\n 	<li>Pueden llevarse en temperaturas de hasta -5 ºC</li>\n\n 	<li>Forro estilo Sherpa negro para aportar una mayor calidez</li>\n\n 	<li>Suela de goma con dibujo de Hunter Original</li>\n\n</ul>",,,taxable,,0,,,0,0,,,,,0,,,,"Tipo de producto > Botas, Género, Género > Mujer, Tipo de producto","Impermeables, Invierno, Ofertas",,"https://trendseeker.cl/wp-content/uploads/2023/07/WFT2041RMA-BLK-1.jpg, https://trendseeker.cl/wp-content/uploads/2023/07/Botas-largas-mujer-Hunter-11.png, https://trendseeker.cl/wp-content/uploads/2023/07/WFT2041RMA-BLK-2-2.jpg, https://trendseeker.cl/wp-content/uploads/2023/07/WFT2041RMA-BLK-3-2.jpg, https://trendseeker.cl/wp-content/uploads/2023/07/WFT2041RMA-BLK-4-2.jpg, https://trendseeker.cl/wp-content/uploads/2023/07/WFT2041RMA-BLK-5-2.jpg",,,,,,"UAH3031WXA-GZB, UBP1152KBM-MLR",,,101,,Hunter,Hunter,Talla,"36, 37, 38, 39, 40/41, 42",0,1,
30386,variable,60011019,,Botas Deck Boss Ankle Boot Mujer - Iron Gate,1,0,visible,,"La colección DECK-BOSS™ está diseñada para brindarles a los pescadores opciones de calzado cómodo y de alto rendimiento que durarán incluso los días más largos en el agua. Hemos priorizado una plantilla más gruesa para promover una resistencia notable a los impactos, y el forro refrescante antiolor garantizará que deje atrás el típico hedor del calzado. Las ranuras de afeitar incorporadas ayudan a expulsar el agua de debajo del zapato, lo que mejora el agarre en superficies mojadas y, combinadas con una suela exterior de caucho natural, estará de pie en la cubierta todo el día.",,,taxable,,1,4,,0,0,,,,,0,,,,"Tipo de producto > Botas, Calzado, Género > Mujer, Tipo de producto > Zapatos",,,"https://trendseeker.cl/wp-content/uploads/2024/10/botas-grundens-deckboss-ankle-irongate-1.jpg, https://trendseeker.cl/wp-content/uploads/2024/10/botas-grundens-deckboss-ankle-irongate-2.jpg, https://trendseeker.cl/wp-content/uploads/2024/10/botas-grundens-deckboss-ankle-irongate-1.jpg, https://trendseeker.cl/wp-content/uploads/2024/10/tallas-scaled.jpg",,,,,,,,,87,,,,Talla,"5, 6, 7, 8",1,1,
30378,variable,60008-355,,Deck-Boss Ankle Boot - Otter,1,0,visible,,"La colección DECK-BOSS™ está diseñada para brindarles a los pescadores opciones de calzado cómodo y de alto rendimiento que durarán incluso los días más largos en el agua. Hemos priorizado una plantilla más gruesa para promover una resistencia notable a los impactos, y el forro refrescante antiolor garantizará que deje atrás el típico hedor del calzado. Las ranuras de afeitar incorporadas ayudan a expulsar el agua de debajo del zapato, lo que mejora el agarre en superficies mojadas y, combinadas con una suela exterior de caucho natural, estará de pie en la cubierta todo el día.",,,taxable,,1,3,,0,0,,,,,0,,,,"Tipo de producto > Botas, Calzado, Género > Mujer, Tipo de producto > Zapatos",,,"https://trendseeker.cl/wp-content/uploads/2024/10/botas-grundens-deckboss-ankle-brown-1.jpg, https://trendseeker.cl/wp-content/uploads/2024/10/botas-grundens-deckboss-ankle-brown-1.jpg, https://trendseeker.cl/wp-content/uploads/2024/10/botas-grundens-deckboss-ankle-brown-2.jpg, https://trendseeker.cl/wp-content/uploads/2024/10/tallas-scaled.jpg",,,,,,,,,88,,,,Talla,"10, 11, 8, 9",1,1,
30365,variable,60011-019,,Botas Deck-Boss Ankle Boot - Black,1,0,visible,,"La colección DECK-BOSS™ está diseñada para brindarles a los pescadores opciones de calzado cómodo y de alto rendimiento que durarán incluso los días más largos en el agua. Hemos priorizado una plantilla más gruesa para promover una resistencia notable a los impactos, y el forro refrescante antiolor garantizará que deje atrás el típico hedor del calzado. Las ranuras de afeitar incorporadas ayudan a expulsar el agua de debajo del zapato, lo que mejora el agarre en superficies mojadas y, combinadas con una suela exterior de caucho natural, estará de pie en la cubierta todo el día.",,,taxable,,1,4,,0,0,,,,,0,,,,"Tipo de producto > Botas, Calzado, Género > Hombre, Tipo de producto > Zapatos",,,"https://trendseeker.cl/wp-content/uploads/2024/10/botas-grundens-deckboss-ankle-1.jpg, https://trendseeker.cl/wp-content/uploads/2024/10/botas-grundens-deckboss-ankle-2.jpg, https://trendseeker.cl/wp-content/uploads/2024/10/botas-grundens-deckboss-ankle-1.jpg, https://trendseeker.cl/wp-content/uploads/2024/10/tallas-scaled.jpg",,,,,,,,,89,,,,Talla,"10, 11, 8, 9",1,1,
18952,variable,WFT2078RMA-BHE,,Botas Altas Calendar Original Para Mujer,0,0,visible,,"Hemos mejorado la icónica bota de agua alta Original impermeable de Hunter con una nueva suela técnica en zigzag que aporta un agarre excepcional en superficies difíciles. Completamente confeccionadas a mano, estas botas de agua se completan con paneles de textura y una plantilla envolvente. Estas botas totalmente forradas están preparadas para enfrentarse a terrenos complicados. Recomendamos utilizar calcetines con todas las botas Hunter para proteger la piel del contacto con el caucho. Todos los calcetines para botas Hunter están especialmente diseñados para su uso con nuestra gama de botas e incluyen una vuelta en la parte superior que permite cubrir el caucho y el nailon del borde de la bota, evitando así cualquier roce durante el uso.\n\n\n\n- Impermeable\n\n\n\n- De fabricación artesanal\n\n\n\n- Forro de poliéster\n\n\n\n- Suela de goma envolvente con dibujo en zigzag de Hunter Original\n\n\n\n- Confeccionadas en caucho vulcanizado natural con acabado mate y con textura\n\n\n\n- Componentes de la marca Hunter\n\n\n\n<strong>SIN CAMBIOS NI DEVOLUCIONES</strong>",,,taxable,,0,,,0,0,,,,,0,,,,"Tipo de producto > Botas, Género, Género > Mujer, Tipo de producto","Impermeables, Invierno, winter-style, Ofertas",,"https://trendseeker.cl/wp-content/uploads/2023/07/WFT2078RMA-BHE-1-princ.jpg, https://trendseeker.cl/wp-content/uploads/2023/07/WFT2078RMA-BHE-5.jpg, https://trendseeker.cl/wp-content/uploads/2023/07/WFT2078RMA-BHE-6.jpg, https://trendseeker.cl/wp-content/uploads/2023/07/WFT2078RMA-BHE-3.jpg, https://trendseeker.cl/wp-content/uploads/2023/07/WFT2078RMA-BHE-4.jpg",,,,,,"UAH3031WXA-MRG, UBP7020KBM-NVY",,,105,,Hunter,Hunter,Talla,"36, 37, 38, 39, 40/41, 42",0,1,
18947,variable,WFT2007RMA-LRD,,Botas De Agua Altas Original Play Para Mujer LRD,0,0,visible,,"Simplificando el diseño icónico de la bota alta Original, la bota Play ofrece una silueta dinámica con una suela de plataforma más plana para aportar el máximo confort y versatilidad. Confeccionada en caucho natural de la más alta calidad, esta bota de agua para mujer es 100 % impermeable. Con una elegante altura que llega a media pantorrilla, la bota alta complementa la moda urbana, el estilo festivalero y cualquier otro atuendo que te guste para que puedas llevarla a tu manera.\n\n<ul>\n\n 	<li>Completamente impermeables</li>\n\n 	<li>Confeccionadas artesanalmente con caucho natural</li>\n\n 	<li>Forro de poliéster</li>\n\n 	<li>Rediseñadas para ofrecer una sensación de ligereza</li>\n\n 	<li>Suela moldeada con la marca Hunter</li>\n\n</ul>",,,taxable,,0,,,0,0,,,,,0,,,,"Tipo de producto > Botas, Género, Género > Mujer, Tipo de producto","Impermeables, Invierno, Ofertas",,"https://trendseeker.cl/wp-content/uploads/2023/07/WFT2007RMA-LRD-1-princ.jpg, https://trendseeker.cl/wp-content/uploads/2023/07/Botas-play-largas-mujer-Hunter-2.png, https://trendseeker.cl/wp-content/uploads/2023/07/WFT2007RMA-LRD-2.jpg, https://trendseeker.cl/wp-content/uploads/2023/07/WFT2007RMA-LRD-3.jpg, https://trendseeker.cl/wp-content/uploads/2023/07/WFT2007RMA-LRD-4.jpg, https://trendseeker.cl/wp-content/uploads/2023/07/WFT2007RMA-LRD-5.jpg",,,,,,,,,112,,Hunter,Hunter,Talla,"36, 37, 38, 39, 40/41, 42",0,1,
18946,variable,WFT2007RMA-LIH,,Botas De Agua Altas Original Play Para Mujer LIH,0,0,visible,,"Simplificando el diseño icónico de la bota alta Original, la bota Play ofrece una silueta dinámica con una suela de plataforma más plana para aportar el máximo confort y versatilidad. Confeccionada en caucho natural de la más alta calidad, esta bota de agua para mujer es 100 % impermeable. Con una elegante altura que llega a media pantorrilla, la bota alta complementa la moda urbana, el estilo festivalero y cualquier otro atuendo que te guste para que puedas llevarla a tu manera.\n\n\n\n- Completamente impermeables\n\n\n\n- Confeccionadas artesanalmente con caucho natural\n\n\n\n- Forro de poliéster\n\n\n\n- Rediseñadas para ofrecer una sensación de ligereza\n\n\n\n- Suela moldeada con la marca Hunter",,,taxable,,0,,,0,0,,,,,0,,,,"Tipo de producto > Botas, Género, Género > Mujer, Tipo de producto","Impermeables, Invierno, Ofertas",,"https://trendseeker.cl/wp-content/uploads/2023/07/WFT2007RMA-LIH-1-princ.jpg, https://trendseeker.cl/wp-content/uploads/2023/07/Botas-play-largas-mujer-Hunter-1.png",,,,,,,,,120,,Hunter,Hunter,Talla,"36, 37, 38, 39, 40/41, 42",0,1,
18944,variable,WFT2007EXL-OEX,,Botas Altas Original Play Con Logotipo Ampliado Para Mujer,0,0,visible,,"El icónico diseño de la bota Original inspiró nuestra bota alta PLAY, que es más minimalista y tiene una suela de plataforma plana para ofrecer el máximo confort. Hemos mejorado este modelo con el estampado tonal del logotipo ampliado. Esta bota de agua para mujer apenas roza la altura media de la pantorrilla, está confeccionada en caucho natural de la más alta calidad y es 100 % impermeable. Recomendamos utilizar calcetines Play de Hunter con todas las botas Play de Hunter para proteger la piel de quien las lleva del contacto con el caucho.\n\n\n\n- Impermeable\n\n- Confeccionadas artesanalmente con caucho natural\n\n- Forro de poliéster\n\n- Rediseñadas para ofrecer una sensación de ligereza\n\n- Suela moldeada con la marca Hunter\n\n- Lengüeta para facilitar la introducción del pie",,,taxable,,0,,,0,0,,,,,0,,,,"Tipo de producto > Botas, Género, Género > Mujer, Tipo de producto","Impermeables, Invierno, Ofertas",,,,,,,,,,,122,,Hunter,Hunter,Talla,"36, 37, 38, 39, 40/41, 42",0,1,
19974,variable,WFT2200RMA-BLK,,BOTAS DE AGUA LARGAS PARA MUJER SLIM FIT (ajustadas),0,0,visible,,"Con un ajuste más ceñido ideal para la vida en la ciudad, la bota Refined presenta una forma entallada y está construida con menos capas de caucho para una sensación más liviana. Hecha a mano y completamente impermeable, esta bota de agua para mujer con un acabado en negro mate combina a la perfección practicidad y estilo para un estilo chic en clima húmedo.\n\n<div class=""copy trim-stacked-margins has-inner-html product-page-description__features"">\n\n<ul>\n\n 	<li>Impermeable.</li>\n\n 	<li>Hecho a mano.</li>\n\n 	<li>Forro de poliéster.</li>\n\n 	<li>Fabricado con menos capas de goma para una sensación de ligereza.</li>\n\n 	<li>Plantilla moldeada para mayor comodidad y apoyo.</li>\n\n 	<li>Suela exterior de caucho con patrón de huella Hunter Refined.</li>\n\n 	<li>Confeccionado en caucho natural vulcanizado con acabado mate.</li>\n\n 	<li>Con certificado vegano.</li>\n\n</ul>\n\n</div>",,,taxable,,0,,,0,0,,,,,0,,,,"Tipo de producto > Botas, Género, Género > Mujer, Tipo de producto","Impermeables, Invierno, Ofertas",,"https://trendseeker.cl/wp-content/uploads/2023/07/73227_WFT2200RMABLK_womens_refined_tall_black-1.jpg, https://trendseeker.cl/wp-content/uploads/2022/11/Botas-refined-largas-mujer-Hunter.png, https://trendseeker.cl/wp-content/uploads/2023/07/73227_WFT2200RMABLK_womens_refined_tall_black-2.jpg, https://trendseeker.cl/wp-content/uploads/2023/07/73227_WFT2200RMABLK_womens_refined_tall_black-3.jpg, https://trendseeker.cl/wp-content/uploads/2023/07/73227_WFT2200RMABLK_womens_refined_tall_black-4.jpg",,,,,,"UAS3036AAB-HWT, UZF3003LSK-NTR",,,125,,Hunter,Hunter,Talla,"36, 37, 38, 39, 40/41",1,1,
19462,variable,WFT1009NRE-BLK,,Bota Ecuestre de Neopreno elástico,0,0,visible,,"Esta bota que combina el caucho original característico de Hunter y el neopreno ofrece un ajuste perfecto y cómodo para todo tipo de personas.\n\n\n\nEs perfecta para resaltar cualquier tenida, ya que estiliza y combina con todo tipo de prendas y aporta el estilo inigualable de Hunter gracias a su logo y forma inconfundible.\n\n\n\nPerfecta para el clima frío y para días de lluvia es el tipo de calzado que no vas a querer dejar de usar!\n\n\n\n&nbsp;",,,taxable,,0,,,0,0,2.5,60,,60,0,,,,"Tipo de producto > Botas, Género, Género > Mujer, Tipo de producto","Impermeables, Invierno, Ofertas",,"https://trendseeker.cl/wp-content/uploads/2023/07/WFT1009NRE-ECUESTRE_LARGA_NEGRA-1.jpg, https://trendseeker.cl/wp-content/uploads/2023/07/WFT1009NRE-ECUESTRE_LARGA_NEGRA-4.jpg, https://trendseeker.cl/wp-content/uploads/2023/07/WFT1009NRE-ECUESTRE_LARGA_NEGRA-3.jpg, https://trendseeker.cl/wp-content/uploads/2023/07/WFT1009NRE-ECUESTRE_LARGA_NEGRA-2.jpg",,,,,,"UAH3031WXA-GZB, UBP7020KBM-BTB",,,127,,Hunter,Hunter,Talla,"36, 37, 38, 39, 40/41",1,1,
18922,variable,MFT9000RMA-HGR,,Botas De Agua Altas Original Para Hombre Verde,0,0,visible,,"Diseñada para proteger de los elementos, esta bota de agua alta Original ha sido la esencia de la marca Hunter Original desde su presentación en 1956. Elaborado con caucho natural, cada par está formado por 28 piezas cortadas a mano y se ensambla durante tres días sobre una horma de aluminio realizada a medida para Hunter, antes de someterse al proceso de vulcanizado para ofrecer mayor protección. Con el dibujo de Hunter Original y un cómodo forro de poliéster, esta bota impermeable para hombre con un clásico acabado mate es un accesorio imprescindible para los días de lluvia. Recomendamos utilizar calcetines con todas las botas Hunter para proteger la piel del contacto con el caucho. Todos los calcetines para botas Hunter están especialmente diseñados para su uso con nuestra gama de botas e incluyen una vuelta en la parte superior que permite cubrir el caucho y el nailon del borde de la bota, evitando así cualquier roce durante el uso.\n\n\n\n- Completamente impermeables\n\n\n\n- Elaboradas a mano a partir de 28 piezas\n\n\n\n- Ajuste normal\n\n\n\n- Forro de poliéster\n\n\n\n- Suela de goma con dibujo de Hunter Original\n\n\n\n- Confeccionadas en caucho vulcanizado natural con acabado mate",,,taxable,,0,,,0,0,,,,,0,,,,"Tipo de producto > Botas, Género, Género > Hombre, Tipo de producto","Impermeables, Invierno, Verde, Ofertas",,"https://trendseeker.cl/wp-content/uploads/2023/07/MFT9000RMA-HGR-1-priinc.jpg, https://trendseeker.cl/wp-content/uploads/2023/07/Botas-largas-hombre-Hunter.png, https://trendseeker.cl/wp-content/uploads/2023/07/MFT9000RMA-HGR-2.jpg",,,,,,,,,132,,Hunter,Hunter,Talla,"39, 40/41, 42, 43, 44, 45/46, 47",0,1,
18520,variable,WFS1000RMA-BLK,,Botas De Agua Bajas Original Para Mujer Negro,0,0,visible,,"Perfecta para los días de lluvia, esta bota de agua para mujer es una versión más baja de la clásica bota alta de Hunter Original. Elaborada con caucho natural, cada bota se confecciona y monta de manera artesanal durante tres días antes de someterse al proceso de vulcanizado para ofrecer una mayor protección. Con el dibujo de Hunter Original y un cómodo forro de poliéster, esta bota impermeable de color verde oscuro es un accesorio imprescindible para los días de lluvia.\n\n\n\n- Completamente impermeables\n\n\n\n- Elaboradas a mano a partir de 28 piezas\n\n\n\n- Ajuste normal\n\n\n\n- Forro de poliéster\n\n\n\n- Suela de goma con dibujo de Hunter Original\n\n\n\n- Confeccionadas en caucho vulcanizado natural con acabado mate",,,taxable,,0,,,0,0,,,,,0,,,,"Tipo de producto > Botas, Género, Género > Mujer, Tipo de producto","Impermeables, Invierno, Ofertas",,"https://trendseeker.cl/wp-content/uploads/2023/07/WFS1000RMA-BLK-1-princ.jpg, https://trendseeker.cl/wp-content/uploads/2023/07/Botas-cortas-mujer-Hunter-1.png, https://trendseeker.cl/wp-content/uploads/2023/07/WFS1000RMA-BLK-2.jpg, https://trendseeker.cl/wp-content/uploads/2023/07/WFS1000RMA-BLK-3.jpg, https://trendseeker.cl/wp-content/uploads/2023/07/WFS1000RMA-BLK-4.jpg, https://trendseeker.cl/wp-content/uploads/2023/07/WFS1000RMA-BLK-5.jpg",,,,,,,,,136,,Hunter,Hunter,Talla,"36, 37, 38, 39, 40/41, 42",1,1,
18523,variable,WFS1000RMA-DOV,,Botas De Agua Bajas Original Para Mujer Verde Oliva,0,0,visible,,"Perfecta para los días de lluvia, esta bota de agua para mujer es una versión más baja de la clásica bota alta de Hunter Original. Elaborada con caucho natural, cada bota se confecciona y monta de manera artesanal durante tres días antes de someterse al proceso de vulcanizado para ofrecer una mayor protección. Con el dibujo de Hunter Original y un cómodo forro de poliéster, esta bota impermeable de color verde oscuro es un accesorio imprescindible para los días de lluvia.\n\n\n\n- Completamente impermeables\n\n\n\n- Elaboradas a mano a partir de 28 piezas\n\n\n\n- Ajuste normal\n\n\n\n- Forro de poliéster\n\n\n\n- Suela de goma con dibujo de Hunter Original\n\n\n\n- Confeccionadas en caucho vulcanizado natural con acabado mate",,,taxable,,0,,,0,0,,,,,0,,,,"Tipo de producto > Botas, Género, Género > Mujer, Tipo de producto","Impermeables, Invierno, Verde, Ofertas",,"https://trendseeker.cl/wp-content/uploads/2023/07/WFS1000RMA-DOV-1-princ.jpg, https://trendseeker.cl/wp-content/uploads/2023/07/Botas-cortas-mujer-Hunter-2.png, https://trendseeker.cl/wp-content/uploads/2023/07/WFS1000RMA-DOV-2.jpg, https://trendseeker.cl/wp-content/uploads/2023/07/WFS1000RMA-DOV-3.jpg, https://trendseeker.cl/wp-content/uploads/2023/07/WFS1000RMA-DOV-4.jpg, https://trendseeker.cl/wp-content/uploads/2023/07/WFS1000RMA-DOV-5.jpg",,,,,,"UAH3031WXA-GZB, UBP1152KBM-DOV",,,138,,Hunter,Hunter,Talla,"36, 37, 38, 39, 40/41, 42",1,1,
18932,variable,WFS1043RMA-SUG,,Botas Chelsea Original Para Mujer Verde Suculenta,0,0,visible,,"La bota Chelsea Original de Hunter es una nueva versión del clásico botín. Preparada para la lluvia, cada bota está elaborada a mano con caucho natural y vulcanizada para ofrecer una mayor protección. Conserva las características icónicas de la bota Chelsea tradicional, los refuerzos elásticos y una lengüeta de nailon para ponérsela con facilidad. Con un clásico acabado mate, estos botines impermeables son un complemento esencial en tu armario para los días de lluvia. Recomendamos utilizar calcetines con todas las botas Chelsea de Hunter para proteger la piel del contacto con el caucho. Si estás entre dos tallas, te recomendamos que optes por la más grande.\n\n\n\n- De fabricación artesanal\n\n\n\n- Impermeables\n\n\n\n- Forro de poliéster\n\n\n\n- Suela de goma con dibujo de Hunter Original\n\n\n\n- Refuerzos elásticos laterales y lengüetas de nailon\n\n\n\n- Confeccionadas en caucho vulcanizado natural con acabado mate\n\n\n\n<strong>SIN CAMBIOS NI DEVOLUCIONES</strong>",,,taxable,,0,,,0,0,,,,,0,,,,"Tipo de producto > Botas, Género, Género > Mujer, Tipo de producto","Impermeables, Invierno, Verde, Ofertas",,"https://trendseeker.cl/wp-content/uploads/2023/07/WFS1043RMA-SUG-1-princ.jpg, https://trendseeker.cl/wp-content/uploads/2023/07/Botas-chelsea-cortas-mujer-Hunter-3.png, https://trendseeker.cl/wp-content/uploads/2023/07/WFS1043RMA-SUG-2.jpg, https://trendseeker.cl/wp-content/uploads/2023/07/WFS1043RMA-SUG-3.jpg, https://trendseeker.cl/wp-content/uploads/2023/07/WFS1043RMA-SUG-4.jpg",,,,,,"UBB6017ACD-DOV, UBP1152KBM-BLK",,,142,,Hunter,Hunter,Talla,"36, 37, 38, 39, 40/41, 42",0,1,
18519,variable,WFS1000RGL-BLK,,Botas De Agua Bajas Y Brillantes Original Para Mujer Negro,0,0,visible,,"Perfecta para los días de lluvia, esta bota de agua para mujer es una versión más baja de la clásica bota alta de Hunter Original. Elaborada con caucho natural, cada bota se confecciona y monta de manera artesanal durante tres días antes de someterse al proceso de vulcanizado para ofrecer una mayor protección. Con el dibujo de Hunter Original y un cómodo forro de poliéster, esta bota impermeable de brillante es un accesorio imprescindible para los días de lluvia.\n\n\n\n- Completamente impermeables\n\n\n\n- Elaboradas a mano a partir de 28 piezas\n\n\n\n- Ajuste normal\n\n\n\n- Forro de poliéster\n\n\n\n- Suela de goma con dibujo de Hunter Original\n\n\n\n- Confeccionadas en caucho vulcanizado natural con acabado brillante",,,taxable,,0,,,0,0,,,,,0,,,,"Tipo de producto > Botas, Género, Género > Mujer, Tipo de producto","Impermeables, Invierno, Ofertas",,"https://trendseeker.cl/wp-content/uploads/2023/07/WFS1000RGL-BLK-1-princ.jpg, https://trendseeker.cl/wp-content/uploads/2023/07/Botas-cortas-mujer-Hunter.png, https://trendseeker.cl/wp-content/uploads/2023/07/WFS1000RGL-BLK-2.jpg, https://trendseeker.cl/wp-content/uploads/2023/07/WFS1000RGL-BLK-3.jpg, https://trendseeker.cl/wp-content/uploads/2023/07/WFS1000RGL-BLK-4.jpg, https://trendseeker.cl/wp-content/uploads/2023/07/WFS1000RGL-BLK-5.jpg",,,,,,,,,144,,Hunter,Hunter,Talla,"36, 37, 38, 39, 40/41, 42",1,1,
18929,variable,WFS1000RGL-MLR,,Botas De Agua Bajas Y Brillantes Original Para Mujer Rojo Militar,0,0,visible,,"Perfecta para los días de lluvia, esta bota de agua para mujer es una versión más baja de la clásica bota alta de Hunter Original. Elaborada con caucho natural, cada bota se confecciona y monta de manera artesanal durante tres días antes de someterse al proceso de vulcanizado para ofrecer una mayor protección. Con el dibujo de Hunter Original y un cómodo forro de poliéster, esta bota impermeable de brillante es un accesorio imprescindible para los días de lluvia.\n\n\n\n- Completamente impermeables\n\n\n\n- Elaboradas a mano a partir de 28 piezas\n\n\n\n- Ajuste normal\n\n\n\n- Forro de poliéster\n\n\n\n- Suela de goma con dibujo de Hunter Original\n\n\n\n- Confeccionadas en caucho vulcanizado natural con acabado brillante\n\n\n\n<strong>SIN CAMBIOS NI DEVOLUCIONES</strong>",,,taxable,,0,0,,0,0,,,,,0,,,,"Tipo de producto > Accesorios, Tipo de producto > Botas, Género, Género > Mujer, Tipo de producto","Impermeables, Invierno, Ofertas",,"https://trendseeker.cl/wp-content/uploads/2023/12/WFS1000RGL-MLR.png, https://trendseeker.cl/wp-content/uploads/2023/07/Botas-cortas-mujer-Hunter-4.png",,,,,,"D62SI, UAH3031WXA-MRG",,,146,,Hunter,Hunter,Talla,"36, 37, 38, 39, 40/41, 42",0,1,
18553,variable,WFS2048RMA-BLK,,Botas De Agua Aislantes Bajas Original Para Mujer BLK,0,0,visible,,"Diseñada para los climas más fríos, la bota de agua baja Original se ha mejorado con un forro aislante estilo Sherpa para ofrecer mayor protección contra el frío del invierno. Adecuadas para usarse en temperaturas de hasta -5 ºC, mantendrán tus piernas y pies calientes y cómodos. Elaborada a mano a partir de 28 piezas, cada bota se fabrica con caucho natural, que se ha vulcanizado para lograr un acabado totalmente impermeable y duradero. En un clásico tono mate, sal a la aventura con la confianza de que estarás completamente protegido.\n\n<ul>\n\n 	<li> Ajuste normal</li>\n\n 	<li>Completamente impermeables</li>\n\n 	<li>De fabricación artesanal</li>\n\n 	<li>Pueden llevarse en temperaturas de hasta -5 ºC</li>\n\n 	<li>Forro estilo Sherpa negro para aportar una mayor calidez</li>\n\n 	<li>Suela de goma con dibujo de Hunter Original</li>\n\n 	<li>Confeccionadas en caucho vulcanizado natural con acabado mate</li>\n\n</ul>",,,taxable,,0,,,0,0,,,,,0,,,,"Tipo de producto > Botas, Género, Género > Mujer, Tipo de producto","Impermeables, Invierno, winter-style, Ofertas",,"https://trendseeker.cl/wp-content/uploads/2023/07/WFS2048RMA-BLK-1-princ.jpg, https://trendseeker.cl/wp-content/uploads/2023/07/Botas-cortas-mujer-Hunter-3.png, https://trendseeker.cl/wp-content/uploads/2023/07/WFS2048RMA-BLK-2.jpg, https://trendseeker.cl/wp-content/uploads/2023/07/WFS2048RMA-BLK-3.jpg, https://trendseeker.cl/wp-content/uploads/2023/07/WFS2048RMA-BLK-4.jpg, https://trendseeker.cl/wp-content/uploads/2023/07/WFS2048RMA-BLK-5.jpg",,,,,,"UAH3031WXA-GZB, UBB6017ACD-BTB",,,152,,Hunter,Hunter,Talla,"36, 37, 38, 39, 40/41, 42",1,1,
18554,variable,WFS2080RMA-BHE,,Botas De Agua Aislantes Bajas Original Para Mujer BHE,0,0,visible,,"Diseñada para los climas más fríos, la bota de agua baja Original se ha mejorado con un forro aislante estilo Sherpa para ofrecer mayor protección contra el frío del invierno. Adecuadas para usarse en temperaturas de hasta -5 ºC, mantendrán tus piernas y pies calientes y cómodos. Elaborada a mano a partir de 28 piezas, cada bota se fabrica con caucho natural, que se ha vulcanizado para lograr un acabado totalmente impermeable y duradero. En un clásico tono mate, sal a la aventura con la confianza de que estarás completamente protegido.\n\n\n\n- Ajuste normal\n\n\n\n- Completamente impermeables\n\n\n\n- De fabricación artesanal\n\n\n\n- Pueden llevarse en temperaturas de hasta -5 ºC\n\n\n\n- Forro estilo Sherpa negro para aportar una mayor calidez\n\n\n\n- Suela de goma con dibujo de Hunter Original",,,taxable,,0,,,0,0,,,,,0,,,,"Tipo de producto > Botas, Género, Género > Mujer, Tipo de producto","Impermeables, Invierno, Ofertas",,"https://trendseeker.cl/wp-content/uploads/2023/07/WFS2080RMA-BHE-1-princ.jpg, https://trendseeker.cl/wp-content/uploads/2023/07/WFS2080RMA-BHE-2.jpg, https://trendseeker.cl/wp-content/uploads/2023/07/WFS2080RMA-BHE-3.jpg, https://trendseeker.cl/wp-content/uploads/2023/07/WFS2080RMA-BHE-4.jpg, https://trendseeker.cl/wp-content/uploads/2023/07/WFS2080RMA-BHE-5.jpg, https://trendseeker.cl/wp-content/uploads/2023/07/WFS2080RMA-BHE-6.jpg",,,,,,,,,156,,Hunter,Hunter,Talla,"36, 37, 38, 39, 40/41, 42",1,1,
18933,variable,WFS1051RMA-BLK,,BOTA ANKLE BLACK,0,0,visible,,"Estas botas de caña media, con taco y ajustables por el lado tienen todo el estilo británico. Aportan un look más casual y juvenil y se lucen con cualquier tenida, ya sea con vestidos, pantalones shorts o faldas.\n\n\n\nCon la calidad inigualable de Hunter, estas botas son completamente impermeables, lo que las hace perfectas para la temporada de otoño - invierno.\n\n\n\n<strong>SIN CAMBIOS NI DEVOLUCIONES</strong>\n\n\n\n&nbsp;",,2021-06-01 23:59:59,taxable,,0,,,0,0,,,,,0,,,,"Tipo de producto > Botas, Género, Género > Mujer, Tipo de producto","Impermeables, Invierno, Oportunidades, Ofertas",,"https://trendseeker.cl/wp-content/uploads/2023/07/WFS1051RMA-BLK-1-princ.jpg, https://trendseeker.cl/wp-content/uploads/2023/07/WFS1051RMA-BLK-2.jpg, https://trendseeker.cl/wp-content/uploads/2023/07/WFS1051RMA-BLK-3.jpg, https://trendseeker.cl/wp-content/uploads/2023/07/WFS1051RMA-BLK-4.jpg",,,,,,"W14SI, UBB6017ACD-MLR",,,158,,Hunter,Hunter,Talla,"36, 37, 38, 39, 40/41, 42",0,1,
19975,variable,WFS2200RMA-BLK,,BOTAS REFINED CORTAS PARA MUJER NEGRO,0,0,visible,,"Con un ajuste más delgado ideal para la vida en la ciudad, la bota Wellington corta Refined presenta una forma entallada y está construida con menos capas de goma para una sensación más liviana. Hecha a mano y completamente impermeable, esta bota de agua para mujer con un acabado en negro mate combina a la perfección practicidad y estilo para un estilo chic en clima húmedo.\n\n\n\nRecomendamos que todas las botas Hunter se usen con calcetines para proteger la piel del usuario del contacto con la goma.\n\n<div class=""copy trim-stacked-margins has-inner-html product-page-description__features"">\n\n<ul>\n\n 	<li>Impermeable.</li>\n\n 	<li>Hecho a mano.</li>\n\n 	<li>Forro de poliéster.</li>\n\n 	<li>Fabricado con menos capas de goma para una sensación de ligereza.</li>\n\n 	<li>Plantilla moldeada para mayor comodidad y apoyo.</li>\n\n 	<li>Suela exterior de caucho con patrón de huella Hunter Refined.</li>\n\n 	<li>Confeccionado en caucho natural vulcanizado con acabado mate.</li>\n\n 	<li>Con certificado vegano.</li>\n\n</ul>\n\n</div>",,,taxable,,0,,,0,0,,,,,0,,,,"Tipo de producto > Botas, Género, Género > Mujer, Tipo de producto","Impermeables, Invierno, Ofertas",,"https://trendseeker.cl/wp-content/uploads/2023/07/WFS2200RMABLK_WOMENS_REFINED_SHORT_BLACK-1.jpg, https://trendseeker.cl/wp-content/uploads/2022/11/Botas-refined-cortas-mujer-Hunter.png, https://trendseeker.cl/wp-content/uploads/2023/07/WFS2200RMABLK_WOMENS_REFINED_SHORT_BLACK-2.jpg, https://trendseeker.cl/wp-content/uploads/2023/07/WFS2200RMABLK_WOMENS_REFINED_SHORT_BLACK-3.jpg, https://trendseeker.cl/wp-content/uploads/2023/07/WFS2200RMABLK_WOMENS_REFINED_SHORT_BLACK-4.jpg, https://trendseeker.cl/wp-content/uploads/2023/07/WFS2200RMABLK-2.jpg",,,,,,,,,169,,Hunter,Hunter,Talla,"36, 37, 38, 39, 40/41",1,1,36
18936,variable,WFS2020RMA-LIH,,Botas De Agua Bajas Original Play Para Mujer LIH,0,0,visible,,"Simplificando el diseño icónico de la bota Original, la bota Play ofrece una silueta dinámica con una suela de plataforma más plana para aportar el máximo confort y versatilidad. Confeccionada en caucho natural de la más alta calidad, esta bota de agua para mujer es 100 % impermeable. Apenas rozando la parte superior del tobillo, la bota corta cuenta con una elegante altura que complementa la moda urbana, el estilo festivalero y cualquier otro atuendo que te guste para que puedas llevarla a tu manera.",,,taxable,,0,,,0,0,,,,,0,,,,"Tipo de producto > Botas, Género, Género > Mujer, Tipo de producto","Impermeables, Invierno, Ofertas",,"https://trendseeker.cl/wp-content/uploads/2023/07/WFS2020RMA-LIH-1-princ.jpg, https://trendseeker.cl/wp-content/uploads/2023/07/Botas-play-cortas-mujer-Hunter-3.png",,,,,,,,,179,,Hunter,Hunter,Talla,"36, 37, 38, 39, 40/41, 42",0,1,
20474,variable,WFS2020NEB-BLK,,Botas De Agua Play Cortas Perladas Para Mujer Black,0,0,visible,,"El icónico diseño de nuestra bota Original inspiró nuestra bota PLAY, que es más minimalista y tiene una suela de plataforma plana para ofrecer el máximo confort. Esta temporada, la hemos mejorado con un diseño nebular. Inspirada en la luz del sol que alcanza las pozas de aguas resplandecientes y rodeadas de rocas cristalinas, esta bota tiene un reluciente acabado iridiscente. Esta bota de agua para mujer apenas roza la parte superior del tobillo, está confeccionada en caucho natural de la más alta calidad y es 100 % impermeable.\n\n\n\nRecomendamos utilizar calcetines Play de Hunter con todas las botas Play de Hunter para proteger la piel de quien las lleva del contacto con el caucho.\n\n<ul>\n\n 	<li>Impermeable</li>\n\n 	<li>Confeccionadas artesanalmente con caucho natural</li>\n\n 	<li>Forro de poliéster</li>\n\n 	<li>Rediseñadas para ofrecer una sensación de ligereza</li>\n\n 	<li>Suela moldeada con la marca Hunter</li>\n\n 	<li>Lengüeta para facilitar la introducción del pie</li>\n\n 	<li>Acabado iridiscente especial de Hunter</li>\n\n</ul>\n\n<strong>*Resumen de talla y ajuste: la talla es un poco más grande de lo habitual y el ajuste es normal. Si estás entre dos tallas, se recomienda pedir la talla inferior.</strong>",,,taxable,,1,72,,0,0,,,,,0,,,,"Tipo de producto > Botas, Género, Género > Mujer, Tipo de producto","Impermeables, Ofertas",,"https://trendseeker.cl/wp-content/uploads/2022/11/WFS2020NEB-BLK-1.png, https://trendseeker.cl/wp-content/uploads/2023/07/Botas-play-cortas-mujer-Hunter-5.png, https://trendseeker.cl/wp-content/uploads/2022/11/WFS2020NEB-BLK-2.png, https://trendseeker.cl/wp-content/uploads/2022/11/WFS2020NEB-BLK-3.png, https://trendseeker.cl/wp-content/uploads/2022/11/WFS2020NEB-BLK-4.png",,,,,,,,,185,,Hunter,Hunter,Talla,"36, 37, 38, 39, 40",1,1,
20200,variable,MFS9000CNV-BLK,,Botas Commando Desert Hombre Negras,0,0,visible,,"Diseñadas para usarse en los meses más cálidos, las Botas Commando Desert de lona para hombre son una actualización del popular estilo Commando Clásico en una lona de algodón negra transpirable. Mantiene los pies frescos en los calurosos días de verano y, al mismo tiempo, proporciona aislamiento natural en climas más fríos. El tejido a base de algodón está resaltado con foxing de goma, una suela exterior de alto agarre y un kickspur para facilitar la extracción. Se proporciona un juego adicional de cordones con cada par para una apariencia personalizada.\n\n<ul>\n\n 	<li>Vegano certificado.</li>\n\n 	<li>Parte inferior/suela impermeable.</li>\n\n 	<li>Hecho a mano.</li>\n\n 	<li>Lengüeta para facilitar la entrada del pie.</li>\n\n 	<li>Kick Spur para facilitar la extracción.</li>\n\n 	<li>Cordones adicionales para personalizar.</li>\n\n 	<li>Suela exterior de caucho de alto agarre con patrón de huella Hunter.</li>\n\n</ul>\n\n<strong>SIN CAMBIOS NI DEVOLUCIONES</strong>",,,taxable,,0,,,0,0,,,,,0,,,,"Tipo de producto > Botas, Género, Género > Hombre, Tipo de producto","Invierno, Ofertas",,"https://trendseeker.cl/wp-content/uploads/2023/07/WFS2010CNV-BLK-1.jpg, https://trendseeker.cl/wp-content/uploads/2022/11/Botas-commando-hombre-Hunter.png, https://trendseeker.cl/wp-content/uploads/2023/07/WFS2010CNV-BLK-2.jpg, https://trendseeker.cl/wp-content/uploads/2023/07/WFS2010CNV-BLK-3.jpg, https://trendseeker.cl/wp-content/uploads/2023/07/WFS2010CNV-BLK-4.jpg",,,,,,,,,195,,Hunter,Hunter,Talla,"39, 40/41, 42, 43, 44, 45/46",1,1,
18948,variable,WFT2007RMA-ZNC,,Botas De Agua Altas Original Play Para Mujer ZNC,0,0,visible,,"Simplificando el diseño icónico de la bota alta Original, la bota Play ofrece una silueta dinámica con una suela de plataforma más plana para aportar el máximo confort y versatilidad. Confeccionada en caucho natural de la más alta calidad, esta bota de agua para mujer es 100 % impermeable. Con una elegante altura que llega a media pantorrilla, la bota alta complementa la moda urbana, el estilo festivalero y cualquier otro atuendo que te guste para que puedas llevarla a tu manera.\n<ul>\n 	<li>Completamente impermeables</li>\n 	<li>Confeccionadas artesanalmente con caucho natural</li>\n 	<li>Forro de poliéster</li>\n 	<li>Rediseñadas para ofrecer una sensación de ligereza</li>\n 	<li>Suela moldeada con la marca Hunter</li>\n</ul>",,,taxable,,0,,,0,0,,,,,0,,,,"Tipo de producto > Botas, Género, Género > Mujer, Tipo de producto","Impermeables, Invierno, Ofertas",,"https://trendseeker.cl/wp-content/uploads/2023/07/WFT2007RMA-ZNC-1.princ_.jpg, https://trendseeker.cl/wp-content/uploads/2023/07/Botas-play-largas-mujer-Hunter-3.png, https://trendseeker.cl/wp-content/uploads/2023/07/WFT2007RMA-ZNC-2.jpg, https://trendseeker.cl/wp-content/uploads/2023/07/WFT2007RMA-ZNC-3.jpg, https://trendseeker.cl/wp-content/uploads/2023/07/WFT2007RMA-ZNC-4.jpg, https://trendseeker.cl/wp-content/uploads/2023/07/WFT2007RMA-ZNC-5.jpg",,,,,,,,,196,,Hunter,Hunter,Talla,"36, 37, 38, 39, 40/41, 42",0,1,
20126,variable,MFS9000CNV-ATM,,Botas Commando Desert Hombre Verde Musgo,0,0,visible,,"Diseñadas para usarse en los meses más cálidos, las Botas Commando Desert de lona para hombre son una actualización del popular estilo Commando Clásico en una lona de algodón negra transpirable. Mantiene los pies frescos en los calurosos días de verano y, al mismo tiempo, proporciona aislamiento natural en climas más fríos. El tejido a base de algodón está resaltado con foxing de goma, una suela exterior de alto agarre y un kickspur para facilitar la extracción. Se proporciona un juego adicional de cordones con cada par para una apariencia personalizada.\n\n<ul>\n\n 	<li>Vegano certificado.</li>\n\n 	<li>Parte inferior/suela impermeable.</li>\n\n 	<li>Hecho a mano.</li>\n\n 	<li>Lengüeta para facilitar la entrada del pie.</li>\n\n 	<li>Kick Spur para facilitar la extracción.</li>\n\n 	<li>Cordones adicionales para personalizar.</li>\n\n 	<li>Suela exterior de caucho de alto agarre con patrón de huella Hunter.</li>\n\n 	<li>Resiste al agual Nivel 1, la lona de la parte superior no es waterproof.</li>\n\n</ul>\n\n<strong>*DESPACHO DESDE 21 DE ABRIL 2022</strong>",,,taxable,,1,144,2,0,0,,,,,0,,,,"Tipo de producto > Botas, Género, Género > Hombre, Tipo de producto","Invierno, Verde, Ofertas",,"https://trendseeker.cl/wp-content/uploads/2022/11/MFS9000CNV-ATM-1.jpg, https://trendseeker.cl/wp-content/uploads/2023/07/Botas-commando-hombre-Hunter.png, https://trendseeker.cl/wp-content/uploads/2022/11/MFS9000CNV-ATM-2.jpg, https://trendseeker.cl/wp-content/uploads/2022/11/MFS9000CNV-ATM-3.jpg, https://trendseeker.cl/wp-content/uploads/2022/11/MFS9000CNV-ATM-4.jpg",,,,,,,,,199,,Hunter,Hunter,Talla,"39, 40/41, 42, 43, 44, 45/46",1,1,
18941,variable,WFT1001RMA-BLK,,Botas De Agua Altas Y Ajustables Por Detrás Original Para Mujer Negro,1,1,visible,,"Diseñada para ofrecer un ajuste flexible, la bota alta y ajustable Original imita la icónica bota alta Original con la incorporación de un refuerzo extensible en la parte posterior. Perfecta para una pantorrilla más ancha, esta bota de agua brillante permite libertad de movimientos y adapta el ajuste Hunter personalizado tradicional a una forma más relajada cuando el refuerzo se extiende por completo. Elaborada a mano con caucho natural, esta bota ajustable Original es completamente impermeable gracias a su cómodo forro de poliéster y distintivo dibujo de Hunter Original.\n\n<ul>\n\n 	<li>Completamente impermeables</li>\n\n 	<li>De fabricación artesanal</li>\n\n 	<li>Forro de poliéster</li>\n\n 	<li>Refuerzo y hebilla ajustables en la parte posterior para adaptar el ajuste</li>\n\n 	<li>Suela de goma con dibujo Original</li>\n\n 	<li>Confeccionadas en caucho vulcanizado natural con acabado matte</li>\n\n</ul>",,,taxable,,0,,,0,0,,,,,0,,,,"Tipo de producto > Botas, Género, Género > Mujer, Tipo de producto","Impermeables, Invierno, Ofertas",,"https://trendseeker.cl/wp-content/uploads/2023/07/WFT1001RMA-BLK-1-princ.jpg, https://trendseeker.cl/wp-content/uploads/2023/07/Botas-largas-ajuste-trasero-mujer-Hunter-1.png, https://trendseeker.cl/wp-content/uploads/2023/07/WFT1001RMA-BLK-2.jpg, https://trendseeker.cl/wp-content/uploads/2023/07/WFT1001RMA-BLK-3.jpg, https://trendseeker.cl/wp-content/uploads/2023/07/WFT1001RMA-BLK-4.jpg, https://trendseeker.cl/wp-content/uploads/2023/07/WFT1001RMA-BLK-5.jpg",,,,,,"UAS3036AAB-HWT, AC1SI, UAH3031WXA-GZB, UZF3003LSK-NTR",,,197,,Hunter,Hunter,Talla,"36, 37, 38, 39, 40/41, 42",0,1,
20252,variable,WFT2007RMA-ATM,,Botas De Agua Altas Original Play Para Mujer Verde Musgo,0,0,visible,,"Simplificando el diseño icónico de la bota alta Original, la bota Play ofrece una silueta dinámica con una suela de plataforma más plana para aportar el máximo confort y versatilidad. Confeccionada en caucho natural de la más alta calidad, esta bota de agua para mujer es 100 % impermeable. Con una elegante altura que llega a media pantorrilla, la bota alta complementa la moda urbana, el estilo festivalero y cualquier otro atuendo que te guste para que puedas llevarla a tu manera.\n\n<div class=""copy trim-stacked-margins has-inner-html product-page-description__features"">\n\n<ul>\n\n 	<li>Completamente impermeables</li>\n\n 	<li>Confeccionadas artesanalmente con caucho natural</li>\n\n 	<li>Forro de poliéster</li>\n\n 	<li>Rediseñadas para ofrecer una sensación de ligereza</li>\n\n 	<li>Suela moldeada con la marca Hunter</li>\n\n</ul>\n\n</div>",,,taxable,,0,,,0,0,,,,,0,,,,"Tipo de producto > Botas, Género, Género > Mujer, Tipo de producto","Impermeables, Invierno, Verde, Ofertas",,"https://trendseeker.cl/wp-content/uploads/2022/11/WFT2007RMA-ATM-1.png, https://trendseeker.cl/wp-content/uploads/2023/07/Botas-play-largas-mujer-Hunter-4.png, https://trendseeker.cl/wp-content/uploads/2022/11/WFT2007RMA-ATM-2.png, https://trendseeker.cl/wp-content/uploads/2022/11/WFT2007RMA-ATM-3.png, https://trendseeker.cl/wp-content/uploads/2022/11/WFT2007RMA-ATM-4.png",,,,,,"UAS3036AAB-HWT, UZF3003LSK-NTR",,,212,,Hunter,Hunter,Talla,"36, 37, 38, 39, 40/41",1,1,
20250,variable,WFT1001RMA-GSC,,Botas De Agua Altas Y Ajustables Por Detrás Para Mujer Glenmore Rosa,0,0,visible,,"Perfecta para los días de lluvia, esta bota de agua para mujer ha sido la esencia de la marca Hunter Original desde su presentación en 1956. Elaborado con caucho natural, cada par está formado por 28 piezas cortadas a mano y se ensambla durante tres días sobre una horma de aluminio realizada a medida para Hunter, antes de someterse al proceso de vulcanizado para ofrecer mayor protección. Con el dibujo de Hunter Original y un cómodo forro de poliéster, esta bota impermeable de clásico es un accesorio imprescindible para los días de lluvia.\n\nRecomendamos utilizar calcetines con todas las botas Hunter para proteger la piel del contacto con el caucho. Todos los calcetines para botas Hunter están especialmente diseñados para su uso con nuestra gama de botas e incluyen una vuelta en la parte superior que permite cubrir el caucho y el nailon del borde de la bota, evitando así cualquier roce durante el uso.\n<div class=""copy trim-stacked-margins has-inner-html product-page-description__features"">\n<ul>\n 	<li>Completamente impermeables</li>\n 	<li>Elaboradas a mano a partir de 28 piezas</li>\n 	<li>Ajuste normal</li>\n 	<li>Forro de poliéster</li>\n 	<li>Suela de goma con dibujo de Hunter Original</li>\n 	<li>Confeccionadas en caucho vulcanizado natural con acabado mate</li>\n</ul>\n</div>",,,taxable,,0,,,0,0,,,,,0,,,,"Tipo de producto > Botas, Género, Género > Mujer, Tipo de producto","Destacado, Impermeables, Invierno, Ofertas",,"https://trendseeker.cl/wp-content/uploads/2022/11/WFT1001RMA-GSC1.png, https://trendseeker.cl/wp-content/uploads/2022/11/Botas-largas-ajuste-trasero-mujer-Hunter.png, https://trendseeker.cl/wp-content/uploads/2022/11/WFT1001RMA-GSC3.png, https://trendseeker.cl/wp-content/uploads/2022/11/WFT1001RMA-GSC2.png, https://trendseeker.cl/wp-content/uploads/2022/11/WFT1001RMA-GSC4.png",,,,,,"UAS3036AAB-BLK, UZC4007XXX-CLR, UZF3003LSK-NTR",,,213,,Hunter,Hunter,Talla,"36, 37, 38, 39, 40/41, 42",1,1,
21872,variable,WFS2240NRE-BWI,,Bota Enrollable - Sherpa Vegano - Mujeres - Negro con Blanco,0,0,visible,,"Combinando dos materiales técnicos, estas cómodas botas están hechas a mano con caucho natural y neopreno aislante, que se puede plegar para revelar una gruesa correa con el logotipo de Hunter. La bota con logotipo de Hunter aislada para mujer, 100 % impermeable, está equipada con un agarre firme perfecto para los resbaladizos días de invierno. Con un forro de piel de oveja vegana y una suela con aislamiento térmico, se pueden usar a temperaturas tan bajas como -5 °C (23 °F).\n<ul>\n 	<li>vegano certificado</li>\n 	<li>Parte inferior impermeable</li>\n 	<li>Hecho a mano</li>\n 	<li>Estilo superior enrollable</li>\n 	<li>El forro de piel de oveja vegana ayuda a eliminar la humedad</li>\n 	<li>Plantilla Ortholite</li>\n 	<li>Plantilla con aislamiento térmico</li>\n 	<li>Se puede usar en temperaturas tan bajas como -5°C</li>\n 	<li>Detalle de cincha Signature Hunter</li>\n</ul>\ntamaño/ajuste: calza más grande. Si está entre tallas, se recomienda reducir la talla.",2025-07-18 0:00:00,2025-07-31 23:59:59,taxable,,1,42,,0,0,,,,,0,,,,"Tipo de producto > Botas, Género, Género > Mujer, Tipo de producto","Botas, Bototos, Hunter, Impermeables, Mujer, Negra, Sherpa, Ofertas",,"https://trendseeker.cl/wp-content/uploads/2023/05/WFS2240NRE-BWI1-1.png, https://trendseeker.cl/wp-content/uploads/2023/05/Botas-estilo-sherpa-enrollable-mujer-Hunter.png, https://trendseeker.cl/wp-content/uploads/2023/05/WFS2240NRE-BWI2.png, https://trendseeker.cl/wp-content/uploads/2023/05/WFS2240NRE-BWI3.png, https://trendseeker.cl/wp-content/uploads/2023/05/WFS2240NRE-BWI4.png",,,,,,"WFT2041RMA-BLK, WFT2052NRE-NVY",,,229,,Hunter,Hunter,size,"36, 37, 38, 39, 40/41",1,1,
20222,variable,WFT1000RMA-SWG,,Botas de Agua Altas para Mujer Verde Sweet Gale,0,0,visible,,"Perfecta para los días de lluvia, esta bota de agua para mujer ha sido la esencia de la marca Hunter Original desde su presentación en 1956. Elaborado con caucho natural, cada par está formado por 28 piezas cortadas a mano y se ensambla durante tres días sobre una horma de aluminio realizada a medida para Hunter, antes de someterse al proceso de vulcanizado para ofrecer mayor protección. Con el dibujo de Hunter Original y un cómodo forro de poliéster, esta bota impermeable de clásico es un accesorio imprescindible para los días de lluvia.\n\nRecomendamos utilizar calcetines con todas las botas Hunter para proteger la piel del contacto con el caucho. Todos los calcetines para botas Hunter están especialmente diseñados para su uso con nuestra gama de botas e incluyen una vuelta en la parte superior que permite cubrir el caucho y el nailon del borde de la bota, evitando así cualquier roce durante el uso.\n<div class=""copy trim-stacked-margins has-inner-html product-page-description__features"">\n<ul>\n 	<li>Completamente impermeables</li>\n 	<li>Elaboradas a mano a partir de 28 piezas</li>\n 	<li>Ajuste normal</li>\n 	<li>Forro de poliéster</li>\n 	<li>Suela de goma con dibujo de Hunter Original</li>\n 	<li>Confeccionadas en caucho vulcanizado natural con acabado mate</li>\n</ul>\n</div>",,,taxable,,0,,,0,0,1.83,,,,0,,,,"Tipo de producto > Botas, Género, Género > Mujer, Tipo de producto","Destacado, Impermeables, Invierno, Verde, Ofertas",,"https://trendseeker.cl/wp-content/uploads/2022/11/PROD-SS22-ORG-WFT1000RMA-SWG-2.jpg, https://trendseeker.cl/wp-content/uploads/2022/11/Botas-largas-mujer-Hunter.png, https://trendseeker.cl/wp-content/uploads/2022/11/PROD-SS22-ORG-WFT1000RMA-SWG-1.jpg",,,,,,"UAS3036AAB-BLK, UAS3036AAB-GRG, UZF3003LSK-NTR",,,230,,Hunter,Hunter,Talla,"36, 37, 38, 39, 40/41, 42",1,1,
18950,variable,WFT2052NRE-BLK,,Botas Estilo Sherpa Con Parte Superior Enrollable Para Mujer Negro,0,1,visible,,"Enfréntate al frío con piernas y pies cómodos con estas cómodas botas Sherpa. Combinando dos materiales técnicos, estas botas están hechas a mano con caucho natural y neopreno aislante. Una novedad para Hunter, la bota Sherpa con parte superior enrollable para mujer, 100 % impermeable, está equipada con un agarre firme perfecto para los resbaladizos días de invierno. Con forro polar Sherpa, plantilla Ortholite y suela con aislamiento térmico, se pueden usar en temperaturas de hasta 23 °F. Disponible en un elegante combo negro y se puede usar de varias maneras, enróllalos hacia arriba o hacia abajo en tu próxima salida helada o paseo matutino con el perro.\n<div class=""copy trim-stacked-margins has-inner-html product-page-description__features"">\n<ul>\n 	<li>vegano certificado</li>\n 	<li>Parte inferior impermeable</li>\n 	<li>Hecho a mano</li>\n 	<li>Estilo superior enrollable</li>\n 	<li>El forro sherpa ayuda a eliminar la humedad</li>\n 	<li>Plantilla Ortholite</li>\n 	<li>Plantilla con aislamiento térmico</li>\n 	<li>Se puede usar en temperaturas tan bajas como 23 °F (-5 °C)</li>\n</ul>\n</div>",,,taxable,,0,,,0,0,,,,,0,,,,"Tipo de producto > Botas, Género, Género > Mujer, Tipo de producto","Invierno, Sherpa, Ofertas",,"https://trendseeker.cl/wp-content/uploads/2023/07/WFT2041RMA-BLK-2-1.jpg, https://trendseeker.cl/wp-content/uploads/2023/07/Botas-estilo-sherpa-enrollable-mujer-Hunter.png, https://trendseeker.cl/wp-content/uploads/2023/07/WFT2041RMA-BLK-3-1.jpg, https://trendseeker.cl/wp-content/uploads/2023/07/WFT2041RMA-BLK-4-1.jpg, https://trendseeker.cl/wp-content/uploads/2023/07/WFT2041RMA-BLK-5-1.jpg, https://trendseeker.cl/wp-content/uploads/2023/07/WFT2041RMA-BLK-6-1.jpg",,,,,,"UAH3031WXA-MRG, UBB6017ACD-MLR",,,234,,Hunter,Hunter,Talla,"36, 37, 38, 39, 40/41, 42",0,1,
19349,variable,MFT9000RMA-DOV,,Botas De Agua Altas Original Para Hombre Verde Oliva,1,0,visible,,"Diseñada para proteger del agua, esta bota alta Original ha sido la esencia de la marca Hunter Original desde su presentación en 1956. Elaborado con caucho natural, cada par está formado por 28 piezas cortadas a mano y se ensambla durante tres días sobre una horma de aluminio realizada a medida para Hunter. Luego se somete al proceso de vulcanizado para ofrecer una mayor protección.\n\n\n\nCon el dibujo de Hunter Original y un cómodo forro de poliéster, esta bota impermeable para hombre con un clásico acabado mate es un accesorio imprescindible para los días de lluvia.\n\n\n\nRecomendamos utilizar calcetines con todas las botas Hunter para proteger la piel del contacto con el caucho. Todos los calcetines para botas Hunter están especialmente diseñados para su uso con nuestra gama de botas e incluyen una vuelta en la parte superior que permite cubrir el caucho y el nailon del borde de la bota, evitando así cualquier roce durante el uso.\n\n\n\n- Completamente impermeables\n\n\n\n- Elaboradas a mano a partir de 28 piezas\n\n\n\n- Ajuste normal\n\n\n\n- Forro de poliéster\n\n\n\n- Suela de goma con dibujo de Hunter Original\n\n\n\n- Confeccionadas en caucho vulcanizado natural con acabado mate",,,taxable,,1,,,0,0,,,,,0,,,,"Tipo de producto > Botas, Género, Género > Hombre, Tipo de producto","Impermeables, Invierno, Verde, winter-style, Ofertas",,"https://trendseeker.cl/wp-content/uploads/2023/07/MFT9000RMA-DOV-1-princ.jpg, https://trendseeker.cl/wp-content/uploads/2022/11/Botas-largas-hombre-Hunter.png, https://trendseeker.cl/wp-content/uploads/2023/07/MFT9000RMA-DOV-2.jpg, https://trendseeker.cl/wp-content/uploads/2023/07/MFT9000RMA-DOV-3.jpg, https://trendseeker.cl/wp-content/uploads/2023/07/MFT9000RMA-DOV-4.jpg, https://trendseeker.cl/wp-content/uploads/2023/07/MFT9000RMA-DOV-5.jpg",,,,,,,,,228,,Hunter,Hunter,Talla,"39, 40, 40/41, 42, 43, 44, 45/46, 47",0,1,
30372,variable,60008-215,,Botas Deck-Boss Ankle Boot - Dark Brown,1,0,visible,,"La colección DECK-BOSS™ está diseñada para brindarles a los pescadores opciones de calzado cómodo y de alto rendimiento que durarán incluso los días más largos en el agua. Hemos priorizado una plantilla más gruesa para promover una resistencia notable a los impactos, y el forro refrescante antiolor garantizará que deje atrás el típico hedor del calzado. Las ranuras de afeitar incorporadas ayudan a expulsar el agua de debajo del zapato, lo que mejora el agarre en superficies mojadas y, combinadas con una suela exterior de caucho natural, estará de pie en la cubierta todo el día.",,,taxable,,1,4,,0,0,,,,,0,,,,"Tipo de producto > Botas, Calzado, Género > Hombre, Tipo de producto > Zapatos",,,"https://trendseeker.cl/wp-content/uploads/2024/10/botas-grundens-deckboss-ankle-darkbrown-1.jpg, https://trendseeker.cl/wp-content/uploads/2024/10/tallas-scaled.jpg",,,,,,,,,235,,,,Talla,"10, 11, 8, 9",1,1,
18652,variable,WFT1000RMA-MLR,,Botas de Agua Altas para Mujer Rojo Militar,0,0,visible,,"Perfecta para los días de lluvia, esta bota de agua para mujer ha sido la esencia de la marca Hunter Original desde su presentación en 1956. Elaborado con caucho natural, cada par está formado por 28 piezas cortadas a mano y se ensambla durante tres días sobre una horma de aluminio realizada a medida para Hunter, antes de someterse al proceso de vulcanizado para ofrecer mayor protección. Con el dibujo de Hunter Original y un cómodo forro de poliéster, esta bota impermeable de clásico es un accesorio imprescindible para los días de lluvia.\n\nRecomendamos utilizar calcetines con todas las botas Hunter para proteger la piel del contacto con el caucho. Todos los calcetines para botas Hunter están especialmente diseñados para su uso con nuestra gama de botas e incluyen una vuelta en la parte superior que permite cubrir el caucho y el nailon del borde de la bota, evitando así cualquier roce durante el uso.\n<ul>\n 	<li>Completamente impermeables</li>\n 	<li>Elaboradas a mano a partir de 28 piezas</li>\n 	<li>Ajuste normal</li>\n 	<li>Forro de poliéster</li>\n 	<li>Suela de goma con dibujo de Hunter Original</li>\n</ul>",,,taxable,,0,,,0,0,,,,,0,,,,"Tipo de producto > Botas, Género, Género > Mujer, Tipo de producto","Impermeables, Invierno, Ofertas",,"https://trendseeker.cl/wp-content/uploads/2023/07/WFT1000RMA-MLR-1-princ.jpg, https://trendseeker.cl/wp-content/uploads/2023/07/Botas-largas-mujer-Hunter-6.png, https://trendseeker.cl/wp-content/uploads/2023/07/WFT1000RMA-MLR-2.jpg, https://trendseeker.cl/wp-content/uploads/2023/07/WFT1000RMA-MLR-3.jpg, https://trendseeker.cl/wp-content/uploads/2023/07/WFT1000RMA-MLR-4.jpg, https://trendseeker.cl/wp-content/uploads/2023/07/WFT1000RMA-MLR-5.jpg",,,,,,"UAH3031WXA-MRG, UAS3036AAB-GRG",,,241,,Hunter,Hunter,Talla,"36, 37, 38, 39, 40/41, 42",1,1,
18556,variable,WFT1000RGL-BLK,,Botas Altas Y Brillantes Original Para Mujer Negro,0,0,visible,,"Perfecta para los días de lluvia, esta bota de agua para mujer ha sido la esencia de la marca Hunter Original desde su presentación en 1956. Elaborado con caucho natural, cada par está formado por 28 piezas cortadas a mano y se ensambla durante tres días sobre una horma de aluminio realizada a medida para Hunter. Luego se somete al proceso de vulcanizado para ofrecer mayor protección.\n\nCon el dibujo de Hunter Original y un cómodo forro de poliéster, la bota de agua alta y brillante Original es un accesorio esencial y atemporal para los días de lluvia.\n<ul>\n 	<li>Completamente impermeables</li>\n 	<li>Elaboradas a mano a partir de 28 piezas</li>\n 	<li>Ajuste normal</li>\n 	<li>Forro de poliéster</li>\n 	<li>Suela de goma con dibujo de Hunter Original</li>\n 	<li>Confeccionadas en caucho vulcanizado natural con acabado brillante</li>\n</ul>",,,taxable,,0,,,0,0,,,,,0,,,,"Tipo de producto > Botas, Género, Género > Mujer, Tipo de producto","Impermeables, Invierno, winter-style, Ofertas",,"https://trendseeker.cl/wp-content/uploads/2023/07/WFT1000RGL-BLK-1-princ.jpg, https://trendseeker.cl/wp-content/uploads/2023/07/Botas-largas-mujer-Hunter.png, https://trendseeker.cl/wp-content/uploads/2023/07/WFT1000RGL-BLK-2.jpg, https://trendseeker.cl/wp-content/uploads/2023/07/WFT1000RGL-BLK-3.jpg, https://trendseeker.cl/wp-content/uploads/2023/07/WFT1000RGL-BLK-4.jpg, https://trendseeker.cl/wp-content/uploads/2023/07/WFT1000RGL-BLK-5.jpg",,,,,,"UAH3031WXA-GZB, UAS3036AAB-BLK",,,253,,Hunter,Hunter,Talla,"36, 37, 38, 39, 40/41, 42",1,1,
20084,variable,WFS2010CNV-BLK,,Botas Commando Desert Mujer Negras,0,0,visible,,"Diseñadas para usarse en los meses más cálidos, las Botas Commando Desert de lona para mujer son una actualización del popular estilo Commando Clásico en una lona de algodón negra transpirable. Mantiene los pies frescos en los calurosos días de verano y, al mismo tiempo, proporciona aislamiento natural en climas más fríos. El tejido a base de algodón está resaltado con foxing de goma, una suela exterior de alto agarre y un kickspur para facilitar la extracción. Se proporciona un juego adicional de cordones con cada par para una apariencia personalizada.\n\n<ul>\n\n 	<li>Vegano certificado.</li>\n\n 	<li>Parte inferior/suela impermeable.</li>\n\n 	<li>Hecho a mano.</li>\n\n 	<li>Lengüeta para facilitar la entrada del pie.</li>\n\n 	<li>Kick Spur para facilitar la extracción.</li>\n\n 	<li>Cordones adicionales para personalizar.</li>\n\n 	<li>Suela exterior de caucho de alto agarre con patrón de huella Hunter.</li>\n\n 	<li>Dos pares de cordones vienen con este estilo y la lona de la parte superior no es waterproof.</li>\n\n 	<li>Resistente Al Agua Nivel 1</li>\n\n 	<li><strong>Revisar imagen con tabla de medidas por talla</strong></li>\n\n</ul>",,,taxable,,1,25,,0,0,,,,,0,,,,"Tipo de producto > Botas, Género, Género > Mujer, Tipo de producto","Invierno, Ofertas",,"https://trendseeker.cl/wp-content/uploads/2022/11/WFS2010CNV-BLK-1.jpg, https://trendseeker.cl/wp-content/uploads/2023/07/Botas-commando-mujer-Hunter.png, https://trendseeker.cl/wp-content/uploads/2022/11/WFS2010CNV-BLK-2.jpg, https://trendseeker.cl/wp-content/uploads/2022/11/WFS2010CNV-BLK-3.jpg, https://trendseeker.cl/wp-content/uploads/2022/11/WFS2010CNV-BLK-4.jpg",,,,,,,,,259,,Hunter,Hunter,Talla,"36, 37, 38, 39, 40/41",1,1,
18589,variable,WFT1000RGL-MLR,,Botas Altas Y Brillantes Original Para Mujer Rojo Militar,0,1,visible,,"Perfecta para los días de lluvia, esta bota de agua para mujer ha sido la esencia de la marca Hunter Original desde su presentación en 1956. Elaborado con caucho natural, cada par está formado por 28 piezas cortadas a mano y se ensambla durante tres días sobre una horma de aluminio realizada a medida para Hunter, antes de someterse al proceso de vulcanizado para ofrecer mayor protección. Con el dibujo de Hunter Original y un cómodo forro de poliéster, la bota de agua alta y brillante Original es un accesorio esencial y atemporal para los días de lluvia.\n<ul>\n 	<li>Completamente impermeables</li>\n 	<li>Elaboradas a mano a partir de 28 piezas</li>\n 	<li>Ajuste normal</li>\n 	<li>Forro de poliéster</li>\n 	<li>Suela de goma con dibujo de Hunter Original</li>\n 	<li>Confeccionadas en caucho vulcanizado natural con acabado brillante</li>\n</ul>",,,taxable,,0,,,0,0,,,,,0,,,,"Tipo de producto > Botas, Género, Género > Mujer, Tipo de producto","Impermeables, Invierno, Ofertas",,"https://trendseeker.cl/wp-content/uploads/2023/07/WFT1000RGL-MLR-1-princ.jpg, https://trendseeker.cl/wp-content/uploads/2023/07/Botas-largas-mujer-Hunter-3.png, https://trendseeker.cl/wp-content/uploads/2023/07/WFT1000RGL-MLR-2.jpg, https://trendseeker.cl/wp-content/uploads/2023/07/WFT1000RGL-MLR-3.jpg, https://trendseeker.cl/wp-content/uploads/2023/07/WFT1000RGL-MLR-4.jpg",,,,,,"UZC3011XXX-CLR, UBB1210KBM-DOV, UZF3003LSK-NTR",,,260,,Hunter,Hunter,Talla,"36, 37, 38, 39, 40/41, 42",1,1,
18945,variable,WFT2007RMA-BLK,,Botas De Agua Altas Original Play Para Mujer BLK,0,0,visible,,"Simplificando el diseño icónico de la bota alta Original, la bota Play ofrece una silueta dinámica con una suela de plataforma más plana para aportar el máximo confort y versatilidad. Confeccionada en caucho natural de la más alta calidad, esta bota de agua para mujer es 100 % impermeable. Con una elegante altura que llega a media pantorrilla, la bota alta complementa la moda urbana, el estilo festivalero y cualquier otro atuendo que te guste para que puedas llevarla a tu manera.\n<ul>\n 	<li>Completamente impermeables</li>\n 	<li>Confeccionadas artesanalmente con caucho natural</li>\n 	<li>Forro de poliéster</li>\n 	<li>Rediseñadas para ofrecer una sensación de ligereza</li>\n 	<li>Suela moldeada con la marca Hunter</li>\n</ul>",,,taxable,,0,,,0,0,,,,,0,,,,"Tipo de producto > Botas, Género, Género > Mujer, Tipo de producto","Impermeables, Invierno, Ofertas",,"https://trendseeker.cl/wp-content/uploads/2023/08/WFT2007RMA-BLK.png, https://trendseeker.cl/wp-content/uploads/2023/07/Botas-play-largas-mujer-Hunter.png, https://trendseeker.cl/wp-content/uploads/2023/07/WFT2007RMA-BLK-2.jpg, https://trendseeker.cl/wp-content/uploads/2023/07/WFT2007RMA-BLK-3.jpg, https://trendseeker.cl/wp-content/uploads/2023/07/WFT2007RMA-BLK-4.jpg, https://trendseeker.cl/wp-content/uploads/2023/07/WFT2007RMA-BLK-5.jpg",,,,,,,,,278,,Hunter,Hunter,Talla,"36, 37, 38, 39, 40/41, 42",0,1,
21882,variable,WFT2007RMA-APL,,Botas De Agua Play Altas Para Mujer Rosadas,0,0,visible,,"Simplificando el diseño icónico de la bota alta Original, la bota Play ofrece una silueta dinámica con una suela de plataforma más plana para aportar el máximo confort y versatilidad. Confeccionada en caucho natural de la más alta calidad, esta bota de agua para mujer es 100 % impermeable. Con una elegante altura que llega a media pantorrilla, la bota alta complementa la moda urbana, el estilo festivalero y cualquier otro atuendo que te guste para que puedas llevarla a tu manera.\n<div class=""copy trim-stacked-margins has-inner-html product-page-description__features"">\n<ul>\n 	<li>Completamente impermeables</li>\n 	<li>Confeccionadas artesanalmente con caucho natural</li>\n 	<li>Forro de poliéster</li>\n 	<li>Rediseñadas para ofrecer una sensación de ligereza</li>\n 	<li>Suela moldeada con la marca Hunter</li>\n</ul>\n</div>",,,taxable,,0,,,0,0,,,,,0,,,,"Tipo de producto > Botas, Género, Género > Mujer, Tipo de producto","Botas, Hunter, Impermeables, Rosado, Ofertas",,"https://trendseeker.cl/wp-content/uploads/2023/05/WFT2007RMA-APL1.png, https://trendseeker.cl/wp-content/uploads/2023/05/Botas-play-largas-mujer-Hunter.png, https://trendseeker.cl/wp-content/uploads/2023/05/WFT2007RMA-APL2.png, https://trendseeker.cl/wp-content/uploads/2023/05/WFT2007RMA-APL3.png, https://trendseeker.cl/wp-content/uploads/2023/05/WFT2007RMA-APL4.png",,,,,,"WFS2020RMA-BBO, WFS2020RMA-BLK, WFS2020RMA-LRD, UAS3036AAB-HWT, UZF3003LSK-NTR",,,280,,Hunter,Hunter,size,"36, 37, 38, 39, 40/41",1,1,
20199,variable,WFS1000RMA-OVL,,Botas de Agua Bajas para Mujer Hoja de Olivo,1,0,visible,,"Perfecta para los días de lluvia, esta bota de agua para mujer es una versión más baja de la clásica bota alta de Hunter Original. Elaborada con caucho natural, cada bota se confecciona y monta de manera artesanal durante tres días antes de someterse al proceso de vulcanizado para ofrecer una mayor protección. Con el dibujo de Hunter Original y un cómodo forro de poliéster, esta bota impermeable de color verde oscuro es un accesorio imprescindible para los días de lluvia.\n\nRecomendamos utilizar calcetines con todas las botas Hunter para proteger la piel del contacto con el caucho. Todos los calcetines para botas Hunter están especialmente diseñados para su uso con nuestra gama de botas e incluyen una vuelta en la parte superior que permite cubrir el caucho y el nailon del borde de la bota, evitando así cualquier roce durante el uso.\n<div class=""copy trim-stacked-margins has-inner-html product-page-description__features"">\n<ul>\n 	<li>Completamente impermeables</li>\n 	<li>Elaboradas a mano a partir de 28 piezas</li>\n 	<li>Ajuste normal</li>\n 	<li>Forro de poliéster</li>\n 	<li>Suela de goma con dibujo de Hunter Original</li>\n 	<li>Confeccionadas en caucho vulcanizado natural con acabado mate</li>\n</ul>\n</div>",,,taxable,,1,144,,0,0,,,,,0,,,,"Tipo de producto > Botas, Calzado, Género, Género > Mujer, Tipo de producto","Impermeables, Invierno, Verde, Ofertas",,"https://trendseeker.cl/wp-content/uploads/2022/11/PROD-SS22-ORG-WFS1000RMA-OVL-2-1-scaled-1-1.jpg, https://trendseeker.cl/wp-content/uploads/2023/07/Botas-cortas-mujer-Hunter-5.png, https://trendseeker.cl/wp-content/uploads/2022/11/WFS1000RMA-OVL-3.png, https://trendseeker.cl/wp-content/uploads/2022/11/WFS1000RMA-OVL-1.png, https://trendseeker.cl/wp-content/uploads/2022/11/WFS1000RMA-OVL-4.png",,,,,,"WAS1017AAC-WHT, WAS1017AAC-WHTL, WAS1017AAC-BLK",,,284,,Hunter,Hunter,Talla,"36, 37, 38, 39, 40/41",1,1,
20201,variable,WFS1013RMA-GSC,,Botas De Agua Baja y Ajustables Por Detrás Para Mujer Rosado Oscuro,1,0,visible,,"Perfecta para los días de lluvia, esta bota de agua para mujer es una versión más baja de la clásica bota alta de Hunter Original. Elaborada con caucho natural, cada bota se confecciona y monta de manera artesanal durante tres días antes de someterse al proceso de vulcanizado para ofrecer una mayor protección. Con el dibujo de Hunter Original y un cómodo forro de poliéster, esta bota impermeable de color verde oscuro es un accesorio imprescindible para los días de lluvia.\n\nRecomendamos utilizar calcetines con todas las botas Hunter para proteger la piel del contacto con el caucho. Todos los calcetines para botas Hunter están especialmente diseñados para su uso con nuestra gama de botas e incluyen una vuelta en la parte superior que permite cubrir el caucho y el nailon del borde de la bota, evitando así cualquier roce durante el uso.\n<div class=""copy trim-stacked-margins has-inner-html product-page-description__features"">\n<ul>\n 	<li>Completamente impermeables</li>\n 	<li>Elaboradas a mano a partir de 28 piezas</li>\n 	<li>Ajuste normal</li>\n 	<li>Forro de poliéster</li>\n 	<li>Suela de goma con dibujo de Hunter Original</li>\n 	<li>Confeccionadas en caucho vulcanizado natural con acabado mate</li>\n</ul>\n</div>",,,taxable,,1,39,,0,0,,,,,0,,,,"Tipo de producto > Botas, Género, Género > Mujer, Tipo de producto","Impermeables, Invierno, Ofertas",,"https://trendseeker.cl/wp-content/uploads/2022/11/WFS1013RMA-GSC.jpg, https://trendseeker.cl/wp-content/uploads/2022/11/Botas-cortas-ajuste-trasero-mujer-Hunter.png, https://trendseeker.cl/wp-content/uploads/2022/11/PROD-SS22-ORG-WFS1013RMA-GSC-3.jpg",,,,,,,,,285,,Hunter,Hunter,Talla,"36, 37, 38, 39, 40/41, 42",1,1,
21837,variable,WFS1018RGL-BLK,,Botas Chelsea Commando Negras Brillantes Para Mujer,1,0,visible,,"La Bota Chelsea Militar con certificación FSC® ha sido elaborada utilizando caucho natural de los bosques auditado de forma independiente según los estándares de Forest Stewardship Council® Estas botas 100% waterproof han sido hechas a mano a partir de estándares estrictos para proteger los bosques, así como los animales y las comunidades que dependen de ellos.\n\nElaboradas a partir de caucho vegano con certificado FSC®, las Botas Militares Chelsea 100% waterproof son una nueva adición a nuestra icónica colección Original. Conservando todas las características queridas de la bota Chelsea Brillante Original, como el fuelle flexible y el agarre Hunter, esta nueva silueta tiene un perfil más alto, llegando 15 mm más arriba en la pierna. Este estilo Chelsea híbrido militares brillantes de mujer también cuenta con un forro y plantilla de poliéster reciclado actualizado.\n<div class=""copy trim-stacked-margins has-inner-html product-page-description__features"">\n<ul>\n 	<li>Vegano certificado</li>\n 	<li>Waterproof</li>\n 	<li>Hecho a mano</li>\n 	<li>Plantilla y forro de poliéster reciclado</li>\n 	<li>Suela de caucho moldeada con patrón de Hunter Original</li>\n 	<li>Fuelles laterales elásticos y lengüeta de nylon para facilitar la entrada del pie</li>\n 	<li>Elaboradas a partir de caucho natural vulcanizado de una plantación con certificado FSC®</li>\n</ul>\n</div>",,,taxable,,1,,,0,0,,,,,0,,,,"Tipo de producto > Botas, Género, Género > Mujer, Tipo de producto","Botas, Hunter, Impermeables, Negro, Vegano, Ofertas",,"https://trendseeker.cl/wp-content/uploads/2023/11/WFS1018RGL-BLK1.png, https://trendseeker.cl/wp-content/uploads/2023/07/Botas-chelsea-cortas-mujer-Hunter-5.png, https://trendseeker.cl/wp-content/uploads/2023/05/WFS1018RGL-BLK2.png, https://trendseeker.cl/wp-content/uploads/2023/05/WFS1018RGL-BLK3.png, https://trendseeker.cl/wp-content/uploads/2023/05/WFS1018RGL-BLK4.png",,,,,,"WFS2006RMA-BLK, WFS1043RMA-MLR, WFS1043RMA-SUG",,,287,,Hunter,Hunter,size,"36, 37, 38, 39, 40/41",1,1,
18551,variable,WFS2020RMA-LRD,,Botas de Agua Bajas Play para Mujer Rojo,1,0,visible,,"Simplificando el diseño icónico de la bota Original, la bota Play ofrece una silueta dinámica con una suela de plataforma más plana para aportar el máximo confort y versatilidad. Confeccionada en caucho natural de la más alta calidad, esta bota de agua para mujer es 100 % impermeable. Apenas rozando la parte superior del tobillo, la bota corta cuenta con una elegante altura que complementa la moda urbana, el estilo festivalero y cualquier otro atuendo que te guste para que puedas llevarla a tu manera.",,,taxable,,1,,,0,0,,,,,0,,,,"Tipo de producto > Botas, Género, Género > Mujer, Tipo de producto","Impermeables, Invierno, Top 7 regalos para Mamá, Ofertas",,"https://trendseeker.cl/wp-content/uploads/2022/11/WFS2020RMA-LRD-1-pinc.jpg, https://trendseeker.cl/wp-content/uploads/2023/07/Botas-play-cortas-mujer-Hunter-1.png, https://trendseeker.cl/wp-content/uploads/2023/07/WFS2020RMA-LRD-2.jpg, https://trendseeker.cl/wp-content/uploads/2023/07/WFS2020RMA-LRD-3.jpg, https://trendseeker.cl/wp-content/uploads/2023/07/WFS2020RMA-LRD-4.jpg, https://trendseeker.cl/wp-content/uploads/2023/07/WFS2020RMA-LRD-5.jpg",,,,,,,,,291,,Hunter,Hunter,Talla,"36, 37, 38, 39, 40/41, 42",1,1,
18937,variable,WFS2020RMA-ZNC,,Botas De Agua Bajas Original Play Para Mujer ZNC,1,0,visible,,"Simplificando el diseño icónico de la bota Original, la bota Play ofrece una silueta dinámica con una suela de plataforma más plana para aportar el máximo confort y versatilidad. Confeccionada en caucho natural de la más alta calidad, esta bota de agua para mujer es 100 % impermeable. Apenas rozando la parte superior del tobillo, la bota corta cuenta con una elegante altura que complementa la moda urbana, el estilo festivalero y cualquier otro atuendo que te guste para que puedas llevarla a tu manera.",,,taxable,,1,,,0,0,,,,,0,,,,"Tipo de producto > Botas, Género, Género > Mujer, Tipo de producto","Impermeables, Invierno, Ofertas",,"https://trendseeker.cl/wp-content/uploads/2023/07/WFS2020RMA-LRD-1-princ.jpg, https://trendseeker.cl/wp-content/uploads/2023/07/Botas-play-cortas-mujer-Hunter-4.png, https://trendseeker.cl/wp-content/uploads/2023/07/WFS2020RMA-LRD-2-1.jpg, https://trendseeker.cl/wp-content/uploads/2023/07/WFS2020RMA-LRD-3-1.jpg, https://trendseeker.cl/wp-content/uploads/2023/07/WFS2020RMA-LRD-4-1.jpg",,,,,,,,,292,,Hunter,Hunter,Talla,"36, 37, 38, 39, 40/41, 42",0,1,
18525,variable,WFS2020RMA-BLK,,Botas De Agua Bajas Play Mujer Negro,0,0,visible,,"Simplificando el diseño icónico de la bota Original, la bota Play ofrece una silueta dinámica con una suela de plataforma más plana para aportar el máximo confort y versatilidad. Confeccionada en caucho natural de la más alta calidad, esta bota de agua para mujer es 100% impermeable. Apenas rozando la parte superior del tobillo, la bota corta cuenta con una elegante altura que complementa la moda urbana, el estilo festivalero y cualquier otro atuendo que te guste para que puedas llevarla a tu manera.\n<ul>\n 	<li>Completamente impermeables</li>\n 	<li>Confeccionadas artesanalmente con caucho natural</li>\n 	<li>Rediseñadas para ofrecer una sensación de ligereza</li>\n 	<li>Suela moldeada con la marca Hunter</li>\n</ul>",,,taxable,,0,,,0,0,,,,,0,,,,"Tipo de producto > Botas, Género, Género > Mujer, Tipo de producto","Impermeables, Invierno, Ofertas",,"https://trendseeker.cl/wp-content/uploads/2023/07/WFS2020RMA-BLK-1-princ.jpg, https://trendseeker.cl/wp-content/uploads/2023/07/Botas-play-cortas-mujer-Hunter.png, https://trendseeker.cl/wp-content/uploads/2023/07/WFS2020RMA-BLK-2.jpg, https://trendseeker.cl/wp-content/uploads/2023/07/WFS2020RMA-BLK-3.jpg, https://trendseeker.cl/wp-content/uploads/2023/07/WFS2020RMA-BLK-4.jpg, https://trendseeker.cl/wp-content/uploads/2023/07/WFS2020RMA-BLK-5.jpg",,,,,,,,,290,,Hunter,Hunter,Talla,"36, 37, 38, 39, 40/41, 42",1,1,
21892,variable,WFS2020RMA-APL,,Botas De Agua Play Cortas Para Mujer Rosada,1,0,visible,,"Simplificando el diseño icónico de la bota Original, la bota Play ofrece una silueta dinámica con una suela de plataforma más plana para aportar el máximo confort y versatilidad. Confeccionada en caucho natural de la más alta calidad, esta bota de agua para mujer es 100 % impermeable. Apenas rozando la parte superior del tobillo, la bota corta cuenta con una elegante altura que complementa la moda urbana, el estilo festivalero y cualquier otro atuendo que te guste para que puedas llevarla a tu manera.\n<div class=""copy trim-stacked-margins has-inner-html product-page-description__features"">\n<ul>\n 	<li>Completamente impermeables</li>\n 	<li>Confeccionadas artesanalmente con caucho natural</li>\n 	<li>Forro de poliéster</li>\n 	<li>Rediseñadas para ofrecer una sensación de ligereza</li>\n 	<li>Suela moldeada con la marca Hunter</li>\n</ul>\n</div>",,,taxable,,0,,,0,0,,,,,0,,,,"Tipo de producto > Botas, Género, Género > Mujer, Tipo de producto","Botas, Hunter, Impermeables, Rosadas, Ofertas",,"https://trendseeker.cl/wp-content/uploads/2023/05/WFS2020RMA-1-1.png, https://trendseeker.cl/wp-content/uploads/2023/05/Botas-play-cortas-mujer-Hunter.png, https://trendseeker.cl/wp-content/uploads/2023/05/WFS2020RMA-2.png, https://trendseeker.cl/wp-content/uploads/2023/05/WFS2020RMA-3.png, https://trendseeker.cl/wp-content/uploads/2023/05/WFS2020RMA-4.png",,,,,,"WFS2020RMA-BBO, WFS2020RMA-BLK, WFS2020RMA-LRD",,,294,,Hunter,Hunter,size,"36, 37, 38, 39, 40/41",1,1,
19848,variable,WFS2018RMA-DOC,,Bota Corta de Jardinera,1,0,visible,,"Conoce la última incorporación a la colección Hunter Field! La bota corta Garden para mujer tiene una altura más baja que la bota normal. Está diseñada con una parte superior de caucho natural ensamblada a mano y con una almohadilla para mayor comodidad en la suela.\n\nEsta bota es ideal para usar durante todo el año, ya sea en las mejores aventuras al aire libre como el complemento ideal para cualquier look aportando estilo y distinción.\n\nLa comodidad está asegurada gracias a una nueva altura de la parte inferior de la pierna y <strong>una pantorrilla más ancha</strong>, lo que permite una mayor flexibilidad y facilidad de movimiento.\n\ntalla real, calce ancho de pantorrilla. Si está entre tallas, se recomienda reducir la talla.\n\nSuela de banda de rodadura ancha con zigzag para tracción y liberación de barro.\n\nParche de tobillo engrosado para mayor protección al usar palas",,,taxable,,1,,,0,0,,,,,0,,,,"Tipo de producto > Botas, Género, Género > Mujer, Tipo de producto","Impermeables, Invierno, Verde, Ofertas",,"https://trendseeker.cl/wp-content/uploads/2023/07/PROD-SS21-ORG-WFS2018RMA-DOC-1.jpg, https://trendseeker.cl/wp-content/uploads/2023/07/PROD-SS21-ORG-WFS2018RMA-DOC-2.jpg, https://trendseeker.cl/wp-content/uploads/2023/07/PROD-SS21-ORG-WFS2018RMA-DOC-3.jpg, https://trendseeker.cl/wp-content/uploads/2023/07/PROD-SS21-ORG-WFS2018RMA-DOC-4.jpg, https://trendseeker.cl/wp-content/uploads/2023/07/PROD-SS21-ORG-WFS2018RMA-DOC-5.jpg, https://trendseeker.cl/wp-content/uploads/2023/07/PROD-SS21-ORG-WFS2018RMA-DOC-6.jpg",,,,,,,,,295,,Hunter,Hunter,Talla,"36, 37, 38, 39, 40/41",1,1,
21201,variable,WFS2336REN-BLK,,Botas Commando Travel Explorer Black - Mujer,1,0,visible,,"La Bota de Viaje para Mujeres es la compañera perfecta para las caminatas veraniegas, asentada sobre una resistente suela exterior con certificación FSC® de nuevo diseño y una entresuela de EVA reciclada amortiguadora para proporcionar agarre y comodidad en todos los terrenos. La parte superior está fabricada con una doble capa suave y transpirable de nylon reciclado y malla que se puede guardar fácilmente hasta la suela para llevarla en una mochila. El canal elástico alrededor del tobillo permite un aspecto fruncido y un ajuste regulable.\n<div class=""copy trim-stacked-margins has-inner-html product-page-description__features"">\n<ul>\n 	<li>Parte inferior resistente al agua</li>\n 	<li>Fabricado a mano con caucho certificado FSC®</li>\n 	<li>Exterior, entresuela, forro y plantilla 100% reciclados</li>\n 	<li>Parte superior suave y transpirable para mayor comodidad</li>\n 	<li>Lengüeta para mayor ajuste</li>\n 	<li>Lengüeta para facilitar la entrada del pie</li>\n 	<li>Entresuela amortiguadora de EVA reciclada</li>\n 	<li>Suela de caucho duradera con patrón de Hunter Original</li>\n 	<li>Correas elásticas de la marca para compactar el equipaje</li>\n</ul>\n</div>",2025-07-18 0:00:00,2025-07-31 23:59:59,taxable,,1,11,,0,0,,,,,0,,,,"Tipo de producto > Botas, Género, Género > Mujer, Tipo de producto, Tipo de producto > Zapatos","Botas, Bototos, Hunter, Mujer, Ofertas",,"https://trendseeker.cl/wp-content/uploads/2023/03/WFS2336REN-BLK-1.png, https://trendseeker.cl/wp-content/uploads/2023/03/Botas-commando-mujer-Hunter.png, https://trendseeker.cl/wp-content/uploads/2023/07/certificacion-FSC.png, https://trendseeker.cl/wp-content/uploads/2023/02/WFS2336REN-BLK-2.png, https://trendseeker.cl/wp-content/uploads/2023/02/WFS2336REN-BLK-3.png, https://trendseeker.cl/wp-content/uploads/2023/02/WFS2336REN-BLK-4.png, https://trendseeker.cl/wp-content/uploads/2023/02/WFS2336REN-BLK-5.png",,,,,,"WFS1018RMA-BLK, WFS2010CNV-BLK, WFS2010CNV-ATM",,,297,,Hunter,Hunter,Talla,"36, 37, 38, 39, 40/41",1,1,
21208,variable,WFS2336REN-SED,,Botas Commando Travel Explorer White - Mujer,1,0,visible,,"La Bota de Viaje para Mujeres es la compañera perfecta para las caminatas veraniegas, asentada sobre una resistente suela exterior con certificación FSC® de nuevo diseño y una entresuela de EVA reciclada amortiguadora para proporcionar agarre y comodidad en todos los terrenos. La parte superior está fabricada con una doble capa suave y transpirable de nylon reciclado y malla que se puede guardar fácilmente hasta la suela para llevarla en una mochila. El canal elástico alrededor del tobillo permite un aspecto fruncido y un ajuste regulable.\n<div class=""copy trim-stacked-margins has-inner-html product-page-description__features"">\n<ul>\n 	<li>Parte inferior resistente al agua</li>\n 	<li>Fabricado a mano con caucho certificado FSC®</li>\n 	<li>Exterior, entresuela, forro y plantilla 100% reciclados</li>\n 	<li>Parte superior suave y transpirable para mayor comodidad</li>\n 	<li>Lengüeta para mayor ajuste</li>\n 	<li>Lengüeta para facilitar la entrada del pie</li>\n 	<li>Entresuela amortiguadora de EVA reciclada</li>\n 	<li>Suela de caucho duradera con patrón de Hunter Original</li>\n 	<li>Correas elásticas de la marca para compactar el equipaje</li>\n</ul>\n</div>",2025-07-18 0:00:00,2025-07-31 23:59:59,taxable,,1,42,,0,0,,,,,0,,,,"Tipo de producto > Botas, Género, Género > Mujer, Tipo de producto, Tipo de producto > Zapatos","Botas, Bototos, Hunter, Mujer, Ofertas",,"https://trendseeker.cl/wp-content/uploads/2023/03/WFS2336REN-SED.png, https://trendseeker.cl/wp-content/uploads/2023/07/Botas-commando-mujer-Hunter-3.png, https://trendseeker.cl/wp-content/uploads/2023/02/certificacion-FSC.png, https://trendseeker.cl/wp-content/uploads/2023/02/WFS2336REN-SED-2.png, https://trendseeker.cl/wp-content/uploads/2023/02/WFS2336REN-SED-3.png, https://trendseeker.cl/wp-content/uploads/2023/02/WFS2336REN-SED-4.png, https://trendseeker.cl/wp-content/uploads/2023/02/WFS2336REN-SED-5.png",,,,,"WFS2010CNV-BLK, WFS2236NYL-MRF, WFS2336REN-BLK",,,,298,,Hunter,Hunter,Talla,"36, 37, 38, 39, 40/41",1,1,
20665,variable,MFS2335LNR-BLK,,Botas Commando de Piel Con Cordones Urban Explorer Para Hombre,1,1,visible,,"Uniéndose a nuestra colección Explorer, la bota Urban Explorer es la compañera perfecta para el clima húmedo. Esta bota marrón presenta una mezcla superior de cuero resistente al agua, gamuza y poliéster reciclado. Debajo del pie hay una entresuela de EVA reciclada que absorbe los golpes y una suela exterior de caucho natural con certificación FSC® con una línea foxing extendida para evitar aún más las salpicaduras. El diseño está terminado con un cuello de neopreno acolchado para comodidad durante todo el día.\n<ul>\n 	<li>Parte inferior resistente al agua</li>\n 	<li>Hecho a mano con caucho certificado FSC®</li>\n 	<li>Empeine, entresuela, forro y plantilla 100 % reciclados</li>\n 	<li>Cuello de neopreno para comodidad en el tobillo.</li>\n 	<li>Empeine elaborado con detalles de cuero resistente al agua</li>\n 	<li>Lengüeta para facilitar la entrada del pie</li>\n 	<li>Entresuela amortiguadora de EVA reciclada</li>\n 	<li>Suela exterior de goma duradera con dibujo original de la banda de rodadura de Hunter</li>\n</ul>",,,taxable,,1,144,,0,0,,,,,0,,,,"Tipo de producto > Botas, Género, Género > Hombre, Tipo de producto","Botas, Bototos, Hombre, Hunter, Ofertas",,"https://trendseeker.cl/wp-content/uploads/2022/12/MFS2335LNR-BLK.jpg, https://trendseeker.cl/wp-content/uploads/2022/12/Botas-commando-hombre-Hunter.png, https://trendseeker.cl/wp-content/uploads/2022/12/PROD-SS23-ORG-MFS2335LNR-BLK-2.png, https://trendseeker.cl/wp-content/uploads/2022/12/PROD-SS23-ORG-MFS2335LNR-BLK-3.png, https://trendseeker.cl/wp-content/uploads/2022/12/PROD-SS23-ORG-MFS2335LNR-BLK-4.png",,,,,"WFS2010CNV-BLK, MFT9000RMA-HGR, MRO4245WAP-BLK","MFS9000CNV-ATM, MFT9000RMA-DOV, MRO4245WAP-BLK",,,311,,Hunter,Hunter,Talla,"39, 40/41, 42, 43, 44, 45/46",1,1,
20104,variable,WFS2010CNV-ATM,,Botas Commando Desert Mujer Verde Musgo,1,0,visible,,"Diseñadas para usarse en los meses más cálidos, las Botas Commando Desert de lona para mujer son una actualización del popular estilo Commando Clásico en una lona de algodón negra transpirable. Mantiene los pies frescos en los calurosos días de verano y, al mismo tiempo, proporciona aislamiento natural en climas más fríos. El tejido a base de algodón está resaltado con foxing de goma, una suela exterior de alto agarre y un kickspur para facilitar la extracción. Se proporciona un juego adicional de cordones con cada par para una apariencia personalizada.\n<ul>\n 	<li>Vegano certificado.</li>\n 	<li>Parte inferior/suela impermeable.</li>\n 	<li>Hecho a mano.</li>\n 	<li>Lengüeta para facilitar la entrada del pie.</li>\n 	<li>Kick Spur para facilitar la extracción.</li>\n 	<li>Cordones adicionales para personalizar.</li>\n 	<li>Suela exterior de caucho de alto agarre con patrón de huella Hunter.</li>\n 	<li>Dos pares de cordones vienen con este estilo y la lona de la parte superior no es waterproof.</li>\n 	<li>Resistente Al Agua Nivel 1</li>\n</ul>",,,taxable,,1,,,0,0,,,,,0,,,,"Tipo de producto > Botas, Género, Género > Mujer, Tipo de producto","Invierno, Verde, Ofertas",,"https://trendseeker.cl/wp-content/uploads/2022/11/WFS2010CNV-ATM-1-1-1.jpg, https://trendseeker.cl/wp-content/uploads/2023/07/Botas-commando-mujer-Hunter-1.png, https://trendseeker.cl/wp-content/uploads/2022/11/WFS2010CNV-ATM-2.jpg, https://trendseeker.cl/wp-content/uploads/2022/11/WFS2010CNV-ATM-3.jpg, https://trendseeker.cl/wp-content/uploads/2022/11/WFS2010CNV-ATM-4.jpg",,,,,,,,,313,,Hunter,Hunter,Talla,"36, 37, 38, 39, 40/41",1,1,
20272,variable,WFS1020RMA-ATM,,Botas de Agua Bajas Play Neopreno Verde Musgo Mujer,1,0,visible,,"La Bota Play de Neopreno de Mujer es una nueva adición a nuestra familia de calzado ligero. Esta silueta combina nuestro característico caucho natural y vegano de nuestra colección Play con un neopreno resistente al agua, aislante y flexible para facilitar el movimiento. Esta bota mate cuenta con un forro y plantilla de poliéster 100% reciclado.\n\n\n\nRecomendamos que todas las botas Play de Hunter se usen con calcetines Hunter Play para proteger la piel del usuario del contacto con el caucho.\n\n<div class=""copy trim-stacked-margins has-inner-html product-page-description__features"">\n\n<ul>\n\n 	<li>Vegano certificado</li>\n\n 	<li>Parte inferior impermeable</li>\n\n 	<li>Hecho a mano a partir de caucho natural y neopreno</li>\n\n 	<li>Plantilla y forro de poliéster reciclado</li>\n\n 	<li>Rediseñado para una sensación más ligera</li>\n\n 	<li>Suela moldeada con la marca de Hunter</li>\n\n 	<li>Neopreno en la parte superior para flexibilidad y confort</li>\n\n 	<li>Lengüeta para facilitar la entrada de los pies</li>\n\n</ul>\n\n**Ajuste: La talla un poco más grande de lo habitual, Regular fit. ** Si estás entre dos tallas, te recomendamos escoger la más pequeña. **\n\n\n\n</div>",,,taxable,,0,,,0,0,,,,,0,,,,"Tipo de producto > Botas, Género, Género > Mujer, Tipo de producto","Impermeables, Verde, Ofertas",,"https://trendseeker.cl/wp-content/uploads/2022/11/WFS1020RMA-ATM1-1.png, https://trendseeker.cl/wp-content/uploads/2022/11/Botas-play-neopreno-mujer-Hunter.png, https://trendseeker.cl/wp-content/uploads/2022/11/WFS1020RMA-ATM2-1.png, https://trendseeker.cl/wp-content/uploads/2022/11/WFS1020RMA-ATM3-1.png, https://trendseeker.cl/wp-content/uploads/2022/11/WFS1020RMA-ATM4-1.png, https://trendseeker.cl/wp-content/uploads/2022/11/WFS1020RMA-ATM5-2.png",,,,,,"WFS2048RMA-BLK, UAH3345WXA-BLK",,,354,,Hunter,Hunter,Talla,"36, 37, 38, 39, 40/41",1,1,
20273,variable,WFS1020RMA-BLK,,Botas de Agua Bajas Play Neopreno Black Mujer,0,0,visible,,"La Bota Play de Neopreno de Mujer es una nueva adición a nuestra familia de calzado ligero. Esta silueta combina nuestro característico caucho natural y vegano de nuestra colección Play con un neopreno resistente al agua, aislante y flexible para facilitar el movimiento. Esta bota mate cuenta con un forro y plantilla de poliéster 100% reciclado.\n\n\n\nRecomendamos que todas las botas Play de Hunter se usen con calcetines Hunter Play para proteger la piel del usuario del contacto con el caucho.\n\n<div class=""copy trim-stacked-margins has-inner-html product-page-description__features"">\n\n<ul>\n\n 	<li>Vegano certificado</li>\n\n 	<li>Parte inferior impermeable</li>\n\n 	<li>Hecho a mano a partir de caucho natural y neopreno</li>\n\n 	<li>Plantilla y forro de poliéster reciclado</li>\n\n 	<li>Rediseñado para una sensación más ligera</li>\n\n 	<li>Suela moldeada con la marca de Hunter</li>\n\n 	<li>Neopreno en la parte superior para flexibilidad y confort</li>\n\n 	<li>Lengüeta para facilitar la entrada de los pies</li>\n\n</ul>\n\n**Ajuste: La talla un poco más grande de lo habitual, Regular fit. ** Si estás entre dos tallas, te recomendamos escoger la más pequeña. **\n\n\n\n</div>",,,taxable,,0,,,0,0,,,,,0,,,,"Tipo de producto > Botas, Género, Género > Mujer, Tipo de producto","Impermeables, Verde, Ofertas",,"https://trendseeker.cl/wp-content/uploads/2022/11/WFS1020RMA-BLK-1.png, https://trendseeker.cl/wp-content/uploads/2023/07/Botas-play-neopreno-mujer-Hunter.png, https://trendseeker.cl/wp-content/uploads/2022/11/WFS1020RMA-BLK-2-1.png, https://trendseeker.cl/wp-content/uploads/2022/11/WFS1020RMA-BLK-3-1.png, https://trendseeker.cl/wp-content/uploads/2022/11/WFS1020RMA-BLK-4-1.png, https://trendseeker.cl/wp-content/uploads/2022/11/WFS1020RMA-BLK-5-1.png",,,,,,"WFS2006RMA-BLK, UAH3031WXA-MRG, UBB2004KBM-DOV",,,369,,Hunter,Hunter,Talla,"36, 37, 38, 39, 40/41",1,1,
20401,variable,WFS2236NYL-MRF,,Botas Commando Explorer Aislantes Para Mujer Berry,1,0,visible,,"Preparada para cualquier aventura, la Bota Exploradora para Mujeres es nuestra bota ligera definitiva. Esta bota cuenta con una mezcla de poliéster reciclado y microfibra reciclada en la parte superior. Bajo el pie se encuentra una entresuela que absorbe los impactos y una suela de goma TPU de gran agarre, que cuenta con un dibujo profundo para garantizar la liberación del barro a cada paso. Acabadas con un cuello acolchado y una lengüeta trasera para quitárselas sin esfuerzo, las botas resistentes al agua lideran la comodidad durante todo el día, permitiéndote soportar temperaturas de hasta -15°C (5°F). Se proporciona un juego extra de cordones con cada par comprado.\n<div class=""copy trim-stacked-margins has-inner-html product-page-description__features"">\n<ul>\n 	<li>Vegano certificado</li>\n 	<li>Resistente al agua</li>\n 	<li>Hecho a mano</li>\n 	<li>Parte superior, forro y plantilla 100% reciclados</li>\n 	<li>Cuello acolchado para mayor comodidad y soporte</li>\n 	<li>Parte superior fabricada con materiales reciclados</li>\n 	<li>Lengüeta trasera para facilitar la extracción</li>\n 	<li>Cordones extra para customizarlas</li>\n 	<li>Puede llevarse a temperaturas de hasta -15°C</li>\n</ul>\n<strong>Talla/Ajuste: Talla habitual. Ajuste normal.</strong>\n\n**Nota: Este modelo incluye dos juegos de cordones.\n\n</div>",,,taxable,,1,,,0,0,,,,,0,,,,"Tipo de producto > Botas, Género, Género > Mujer, Tipo de producto","Cyber, Outdoor, Trekking, Ofertas",,"https://trendseeker.cl/wp-content/uploads/2022/11/WFS2236NYL-MRF1-1.png, https://trendseeker.cl/wp-content/uploads/2023/07/Botas-commando-mujer-Hunter-2.png, https://trendseeker.cl/wp-content/uploads/2022/11/WFS2236NYL-MRF2.png, https://trendseeker.cl/wp-content/uploads/2022/11/WFS2236NYL-MRF3.png, https://trendseeker.cl/wp-content/uploads/2022/11/WFS2236NYL-MRF4.png, https://trendseeker.cl/wp-content/uploads/2022/11/WFS2236NYL-MRF5.png",,,,,,"WFS1018RMA-BLK, WFS2010CNV-BLK, WFS2236NYL-BLK",,,377,,Hunter,Hunter,Talla,"36, 37, 38, 39, 40/41",1,1,
20400,variable,WFS2236NYL-BLK,,Botas Commando Explorer Aislantes Para Mujer Negro,0,0,visible,,"Preparada para cualquier aventura, la Bota Exploradora para mujeres es nuestra bota ligera definitiva. Esta bota cuenta con una mezcla de poliéster reciclado y microfibra reciclada en la parte superior. Bajo el pie se encuentra una entresuela que absorbe los impactos y una suela de goma TPU de gran agarre, que cuenta con un dibujo profundo para garantizar la liberación del barro a cada paso. Acabadas con un cuello acolchado y una lengüeta trasera para quitárselas sin esfuerzo, las botas resistentes al agua lideran la comodidad durante todo el día, permitiéndote soportar temperaturas de hasta -15°C (5°F). Se proporciona un juego extra de cordones con cada par comprado.\n<div class=""copy trim-stacked-margins has-inner-html product-page-description__features"">\n<ul>\n 	<li>Vegano certificado</li>\n 	<li>Resistente al agua</li>\n 	<li>Hecho a mano</li>\n 	<li>Parte superior, forro y plantilla 100% reciclados</li>\n 	<li>Cuello acolchado para mayor comodidad y soporte</li>\n 	<li>Parte superior fabricada con materiales reciclados</li>\n 	<li>Lengüeta trasera para facilitar la extracción</li>\n 	<li>Cordones extra para customizarlas</li>\n 	<li>Puede llevarse a temperaturas de hasta -15°C</li>\n</ul>\n<strong>Talla/Ajuste: Talla habitual. Ajuste normal.</strong>\n\n**Nota: Este modelo incluye dos juegos de cordones.\n\n</div>",,,taxable,,1,144,,0,0,,,,,0,,,,"Tipo de producto > Botas, Género, Género > Mujer, Tipo de producto","Cyber, Outdoor, Trekking, Ofertas",,"https://trendseeker.cl/wp-content/uploads/2022/11/WFS2236NYL-BLK3.png, https://trendseeker.cl/wp-content/uploads/2022/11/WFS2236NYL-BLK1.png, https://trendseeker.cl/wp-content/uploads/2022/11/WFS2236NYL-BLK2.png, https://trendseeker.cl/wp-content/uploads/2022/11/WFS2236NYL-BLK4.png, https://trendseeker.cl/wp-content/uploads/2022/11/WFS2236NYL-BLK5.png, https://trendseeker.cl/wp-content/uploads/2022/11/WFS2236NYL-BLK6.png",,,,,,"WFS1018RMA-DOV, WFS2010CNV-BLK, WFS2010CNV-ATM",,,378,,Hunter,Hunter,Talla,"36, 37, 38, 39, 40/41",1,1,
18524,variable,WFS2006RMA-BLK,,Botas Chelsea Original Para Mujer Negro 2,0,0,visible,,"La bota Chelsea Original de Hunter es una nueva versión del clásico botín. Preparada para la lluvia, cada bota está elaborada a mano con caucho natural y vulcanizada para ofrecer una mayor protección. Conserva las características icónicas de la bota Chelsea tradicional, los refuerzos elásticos y una lengüeta de nailon para ponérsela con facilidad. Con un clásico acabado mate, estos botines impermeables son un complemento esencial en tu armario para los días de lluvia. Recomendamos utilizar calcetines con todas las botas Chelsea de Hunter para proteger la piel del contacto con el caucho. Si estás entre dos tallas, te recomendamos que optes por la más grande.\n\n- De fabricación artesanal\n\n- Impermeables\n\n- Forro de poliéster\n\n- Suela de goma con dibujo de Hunter Original\n\n- Refuerzos elásticos laterales y lengüetas de nailon\n\n- Confeccionadas en caucho vulcanizado natural con acabado mate",,,taxable,,0,,,0,0,,,,,0,,,,"Tipo de producto > Botas, Género, Género > Mujer, Tipo de producto","Impermeables, Invierno, Ofertas",,"https://trendseeker.cl/wp-content/uploads/2023/07/WFS2006RMA-BLK-1-princ.jpg, https://trendseeker.cl/wp-content/uploads/2023/07/Botas-chelsea-cortas-mujer-Hunter.png, https://trendseeker.cl/wp-content/uploads/2023/07/WFS2006RMA-BLK-2.jpg, https://trendseeker.cl/wp-content/uploads/2023/07/WFS2006RMA-BLK-3.jpg, https://trendseeker.cl/wp-content/uploads/2023/07/WFS2006RMA-BLK-4.jpg, https://trendseeker.cl/wp-content/uploads/2023/07/WFS2006RMA-BLK-5.jpg",,,,,,,,,502,,Hunter,Hunter,Talla,"36, 37, 38, 39, 40/41, 42",1,1,
18928,variable,WFF1077NRE-BLK,,ZAP SHERPA NEGRO,0,0,visible,,,,,taxable,,0,,,0,0,,,,,0,,,,"Tipo de producto > Accesorios, Género, Género > Mujer, Tipo de producto, Tipo de producto > Zapatos","Impermeables, Invierno, Ofertas",,"https://trendseeker.cl/wp-content/uploads/2023/07/WFF1077NRE-BLK-1-princ.jpg, https://trendseeker.cl/wp-content/uploads/2023/07/WFF1077NRE-BLK-2.jpg, https://trendseeker.cl/wp-content/uploads/2023/07/WFF1077NRE-BLK-3.jpg, https://trendseeker.cl/wp-content/uploads/2023/07/WFF1077NRE-BLK-4.jpg, https://trendseeker.cl/wp-content/uploads/2023/07/WFF1077NRE-BLK-5.jpg",,,,,,,,,505,,Hunter,Hunter,Talla,"36, 37, 38, 39, 40/41, 42",0,1,
18930,variable,WFS1043RMA-BLK,,Botas Chelsea Original Para Mujer Negro 1,0,0,visible,,"La bota Chelsea Original de Hunter es una nueva versión del clásico botín. Preparada para la lluvia, cada bota está elaborada a mano con caucho natural y vulcanizada para ofrecer una mayor protección. Conserva las características icónicas de la bota Chelsea tradicional, los refuerzos elásticos y una lengüeta de nailon para ponérsela con facilidad. Con un clásico acabado mate, estos botines impermeables son un complemento esencial en tu armario para los días de lluvia. Recomendamos utilizar calcetines con todas las botas Chelsea de Hunter para proteger la piel del contacto con el caucho. Si estás entre dos tallas, te recomendamos que optes por la más grande.\n\n- De fabricación artesanal\n\n- Impermeables\n\n- Forro de poliéster\n\n- Suela de goma con dibujo de Hunter Original\n\n- Refuerzos elásticos laterales y lengüetas de nailon\n\n- Confeccionadas en caucho vulcanizado natural con acabado mate",,,taxable,,0,,,0,0,,,,,0,,,,"Tipo de producto > Accesorios, Tipo de producto > Botas, Género, Género > Mujer, Tipo de producto","Impermeables, Invierno, Ofertas",,"https://trendseeker.cl/wp-content/uploads/2023/07/WFS1043RMA-BLK-1-princ.jpg, https://trendseeker.cl/wp-content/uploads/2023/07/Botas-chelsea-cortas-mujer-Hunter-1.png, https://trendseeker.cl/wp-content/uploads/2023/07/WFS1043RMA-BLK-2.jpg, https://trendseeker.cl/wp-content/uploads/2023/07/WFS1043RMA-BLK-3.jpg, https://trendseeker.cl/wp-content/uploads/2023/07/WFS1043RMA-BLK-4.jpg",,,,,,,,,518,,Hunter,Hunter,Talla,"36, 37, 38, 39, 40/41, 42",0,1,
18931,variable,WFS1043RMA-MLR,,Botas Chelsea Original Para Mujer Rojo Militar,0,0,visible,,"La bota Chelsea Original de Hunter es una nueva versión del clásico botín. Preparada para la lluvia, cada bota está elaborada a mano con caucho natural y vulcanizada para ofrecer una mayor protección. Conserva las características icónicas de la bota Chelsea tradicional, los refuerzos elásticos y una lengüeta de nailon para ponérsela con facilidad. Con un clásico acabado mate, estos botines impermeables son un complemento esencial en tu armario para los días de lluvia. Recomendamos utilizar calcetines con todas las botas Chelsea de Hunter para proteger la piel del contacto con el caucho. Si estás entre dos tallas, te recomendamos que optes por la más grande.\n\n- De fabricación artesanal\n\n- Impermeables\n\n- Forro de poliéster\n\n- Suela de goma con dibujo de Hunter Original\n\n- Refuerzos elásticos laterales y lengüetas de nailon\n\n- Confeccionadas en caucho vulcanizado natural con acabado mate",,,taxable,,0,,,0,0,,,,,0,,,,"Tipo de producto > Accesorios, Tipo de producto > Botas, Género, Género > Mujer, Tipo de producto","Impermeables, Invierno, Ofertas",,"https://trendseeker.cl/wp-content/uploads/2023/07/WFS1043RMA-MLR-1-princ.jpg, https://trendseeker.cl/wp-content/uploads/2023/07/Botas-chelsea-cortas-mujer-Hunter-2.png, https://trendseeker.cl/wp-content/uploads/2023/07/WFS1043RMA-MLR-2.jpg, https://trendseeker.cl/wp-content/uploads/2023/07/WFS1043RMA-MLR-3.jpg, https://trendseeker.cl/wp-content/uploads/2023/07/WFS1043RMA-MLR-4.jpg, https://trendseeker.cl/wp-content/uploads/2023/07/WFS1043RMA-MLR-5.jpg",,,,,,,,,526,,Hunter,Hunter,Talla,"36, 37, 38, 39, 40/41, 42",0,1,
18920,variable,JFT6000RMA-FUS,,Botas De Agua Original Para Niños Fucsia,0,0,visible,,"Ya sea para los charcos del patio como para pasear por el bosque, nuestras botas Original para niños son la opción perfecta para niños de 5 a 11 años (talla 31-37).\n\n\n\nLa bota de agua Original para niños es una versión reducida de la icónica bota alta Original y un sueño para los jóvenes exploradores. Esta bota impermeable de color azul marino neutro está elaborada a mano con caucho natural. Diseñadas para vivir aventuras, nuestras botas de agua especiales para niños son sumamente resistentes al desgaste y la abrasión, e incluyen un forro de poliéster para una mayor comodidad. Los parches reflectantes y el dibujo de Hunter Original ofrecen una seguridad añadida que te permite dejar que se enfrenten a los elementos con toda tranquilidad sea cual sea el clima.\n\n\n\n- Completamente impermeables\n\n\n\n- De fabricación artesanal\n\n\n\n- Forro de poliéster\n\n\n\n- Suela de goma con dibujo de Hunter Original\n\n\n\n- Parches reflectantes para una mayor visibilidad",,,taxable,,0,,,0,0,,,,,0,,,,"Tipo de producto > Botas, Género, Género > Niño, Tipo de producto","Impermeables, Invierno, Ofertas",,"https://trendseeker.cl/wp-content/uploads/2023/07/JFT6000RMA-FUS-1-princ.jpg, https://trendseeker.cl/wp-content/uploads/2023/07/Botas-infantil-Hunter-4.png",,,,,,,,,535,,Hunter,Hunter,Talla,"33, 34/35, 36, 37",0,1,
18919,variable,JFT6000RMA-CAC,,Botas De Agua Original Para Niños Verde Cactus,0,0,visible,,"Ya sea para los charcos del patio como para pasear por el bosque, nuestras botas Original para niños son la opción perfecta para niños de 5 a 11 años (talla 31-37).\n\nLa bota de agua Original para niños es una versión reducida de la icónica bota alta Original y un sueño para los jóvenes exploradores. Esta bota impermeable de color azul marino neutro está elaborada a mano con caucho natural. Diseñadas para vivir aventuras, nuestras botas de agua especiales para niños son sumamente resistentes al desgaste y la abrasión, e incluyen un forro de poliéster para una mayor comodidad. Los parches reflectantes y el dibujo de Hunter Original ofrecen una seguridad añadida que te permite dejar que se enfrenten a los elementos con toda tranquilidad sea cual sea el clima.\n\n- Completamente impermeables\n\n- De fabricación artesanal\n\n- Forro de poliéster\n\n- Suela de goma con dibujo de Hunter Original\n\n- Parches reflectantes para una mayor visibilidad",,,taxable,,0,,,0,0,,,,,0,,,,"Tipo de producto > Botas, Género, Género > Niño, Tipo de producto","Impermeables, Invierno, Verde, Ofertas",,"https://trendseeker.cl/wp-content/uploads/2023/07/JFT6000RMA-CAC-1-princ.jpg, https://trendseeker.cl/wp-content/uploads/2023/07/Botas-infantil-Hunter-3.png, https://trendseeker.cl/wp-content/uploads/2023/07/JFT6000RMA-CAC-2.jpg, https://trendseeker.cl/wp-content/uploads/2023/07/JFT6000RMA-CAC-3.jpg, https://trendseeker.cl/wp-content/uploads/2023/07/JFT6000RMA-CAC-4.jpg, https://trendseeker.cl/wp-content/uploads/2023/07/JFT6000RMA-CAC-5.jpg",,,,,,,,,537,,Hunter,Hunter,Talla,"33, 34/35, 36, 37",0,1,
18951,variable,WFT2052NRE-NVY,,Botas Estilo Sherpa Con Parte Superior Enrollable Original Azul Marino,0,0,visible,,Botas Estilo Sherpa Con Parte Superior Enrollable Original Para Mujer\n\n\n\n- Impermeable\n\n- De fabricación artesanal\n\n- Modelo con parte superior enrollable\n\n- Forro estilo Sherpa\n\n- Plantilla aislante térmica\n\n- Pueden llevarse en temperaturas de hasta -5 ºC,,,taxable,,0,,,0,0,,,,,0,,,,"Tipo de producto > Botas, Género, Género > Mujer, Tipo de producto","Impermeables, Invierno, Ofertas",,"https://trendseeker.cl/wp-content/uploads/2023/07/WFT2041RMA-NVY-1-princ-1.jpg, https://trendseeker.cl/wp-content/uploads/2023/07/WFT2041RMA-NVY-2-1.jpg, https://trendseeker.cl/wp-content/uploads/2023/07/WFT2041RMA-NVY-3-1.jpg, https://trendseeker.cl/wp-content/uploads/2023/07/WFT2041RMA-NVY-4-1.jpg, https://trendseeker.cl/wp-content/uploads/2023/07/WFT2041RMA-NVY-5-1.jpg, https://trendseeker.cl/wp-content/uploads/2023/07/WFT2041RMA-NVY-6-1.jpg",,,,,,,,,540,,Hunter,Hunter,Talla,"36, 37, 38, 39, 40/41, 42",0,1,
18942,variable,WFT1071RGL-BLK,,Botas Original Refined y Brillante Para Mujer Negro,0,0,visible,,"Con un ajuste más ceñido para la vida urbana, la bota de agua alta Refined incluye un diseño personalizado y una estructura con menos capas de caucho para aportar una sensación de mayor ligereza. Elaborada a mano y completamente impermeable, esta bota de agua para mujer con un clásico acabado mate combina a la perfección funcionalidad y estilo para ofrecer un aspecto elegante en los días de lluvia.\n\n\n\n- Ajuste ceñido\n\n- Completamente impermeables\n\n- De fabricación artesanal\n\n- Forro de poliéster\n\n- Estructura con menos capas de caucho para una sensación de mayor ligereza\n\n- Plantilla moldeada para mayor comodidad y apoyo",,,taxable,,0,,,0,0,,,,,0,,,,"Tipo de producto > Botas, Género, Género > Mujer, Tipo de producto","Impermeables, Invierno, Ofertas",,"https://trendseeker.cl/wp-content/uploads/2023/07/WFT1071RGL-BLK-1-princ.jpg, https://trendseeker.cl/wp-content/uploads/2023/07/WFT1071RGL-BLK-2.jpg, https://trendseeker.cl/wp-content/uploads/2023/07/WFT1071RGL-BLK-3.jpg, https://trendseeker.cl/wp-content/uploads/2023/07/WFT1071RGL-BLK-4.jpg, https://trendseeker.cl/wp-content/uploads/2023/07/WFT1071RGL-BLK-5.jpg",,,,,,,,,542,,Hunter,Hunter,Talla,"36, 37, 38, 39, 40/41",0,1,
19460,variable,DAD,,DAD,0,0,visible,,"Perfecta para los días de lluvia, esta bota de agua para mujer es una versión más baja de la clásica bota alta de Hunter Original. Elaborada con caucho natural, cada bota se confecciona y monta de manera artesanal durante tres días antes de someterse al proceso de vulcanizado para ofrecer una mayor protección. Con el dibujo de Hunter Original y un cómodo forro de poliéster, esta bota impermeable de brillante es un accesorio imprescindible para los días de lluvia.\n\n\n\n- Completamente impermeables\n\n- Elaboradas a mano a partir de 28 piezas\n\n- Ajuste normal\n\n- Forro de poliéster\n\n- Suela de goma con dibujo de Hunter Original\n\n- Confeccionadas en caucho vulcanizado natural con acabado brillante",,,taxable,,0,,,0,0,,,,,0,,,,"Tipo de producto > Botas, Género, Género > Mujer, Tipo de producto","Impermeables, Invierno",,"https://trendseeker.cl/wp-content/uploads/2023/07/WFS1000RGL-BLK-1-princ-1.jpg, https://trendseeker.cl/wp-content/uploads/2023/07/WFS1000RGL-BLK-2-1.jpg, https://trendseeker.cl/wp-content/uploads/2023/07/WFS1000RGL-BLK-3-1.jpg, https://trendseeker.cl/wp-content/uploads/2023/07/WFS1000RGL-BLK-4-1.jpg, https://trendseeker.cl/wp-content/uploads/2023/07/WFS1000RGL-BLK-5-1.jpg",,,,,,,,,544,,,,Talla,"36, 37, 38, 39, 40/41, 42",1,1,
18934,variable,WFS1071RMA-NYG,,BOTINES HUNTER WFS1071R AZUL 4,0,0,visible,,,,,taxable,,0,,,0,0,,,,,0,,,,"Tipo de producto > Botas, Género, Género > Mujer, Tipo de producto","Impermeables, Invierno, Ofertas",,"https://trendseeker.cl/wp-content/uploads/2023/07/WFS1071RMA-NYG-1-princ.jpg, https://trendseeker.cl/wp-content/uploads/2023/07/WFS1071RMA-NYG-2.jpg, https://trendseeker.cl/wp-content/uploads/2023/07/WFS1071RMA-NYG-3.jpg, https://trendseeker.cl/wp-content/uploads/2023/07/WFS1071RMA-NYG-4.jpg, https://trendseeker.cl/wp-content/uploads/2023/07/WFS1071RMA-NYG-5.jpg",,,,,,,,,545,,Hunter,Hunter,Talla,"36, 37, 38, 39, 40/41, 42",0,1,
18935,variable,WFS1071RMA-RDG,,BOTINES HUNTER WFS1071R ROJO 6,0,0,visible,,,,,taxable,,0,,,0,0,,,,,0,,,,"Tipo de producto > Botas, Género, Género > Mujer, Tipo de producto","Impermeables, Invierno, Ofertas",,"https://trendseeker.cl/wp-content/uploads/2023/07/WFS1071RMA-RDG-1-princ.jpg, https://trendseeker.cl/wp-content/uploads/2023/07/WFS1071RMA-RDG-2.jpg, https://trendseeker.cl/wp-content/uploads/2023/07/WFS1071RMA-RDG-3.jpg, https://trendseeker.cl/wp-content/uploads/2023/07/WFS1071RMA-RDG-4.jpg",,,,,,,,,547,,Hunter,Hunter,Talla,"36, 37, 38, 39, 40/41, 42",0,1,
19315,variable,KFT5003RMA-NVY,,Primeras Botas De Agua Clásicas Original Para Niños:,0,0,visible,,"Diseñadas para niños de 18 meses a 8 años (talla 21-33), las primeras botas infantiles están forradas en algodón para ofrecer mayor comodidad e incluyen un dibujo especialmente creado para reducir los resbalones.\n\n\n\n",,,taxable,,0,,,0,0,,,,,1,,,,"Tipo de producto > Botas, Género, Género > Niño, Tipo de producto","Impermeables, Invierno, Navy, Ofertas",,,,,,,,,,,665,,Hunter,Hunter,Talla,"21, 22, 23, 24, 26, 27, 28, 29, 31, 32",0,1,
19316,variable,KFT5003RMA-LIP,,Primeras Botas De Agua Clásicas Original Para Niños:,0,0,visible,,"Diseñadas para niños de 18 meses a 8 años (talla 21-33), las primeras botas infantiles están forradas en algodón para ofrecer mayor comodidad e incluyen un dibujo especialmente creado para reducir los resbalones.\n\nAcabada en azul marino neutro, esta bota de agua infantil es perfecta para chapotear en los charcos. Elaborada a mano con caucho natural, su suela plana y su puntera redondeada ofrecen espacio para que los pequeños pies se muevan, mientras que el forro de algodón suave garantiza un confort total para todo tipo de aventuras.\n\n- Completamente impermeables\n\n- De fabricación artesanal\n\n- Forro de algodón suave\n\n- Suela de goma con dibujo de Original para niños\n\n- Confeccionadas en caucho vulcanizado natural con acabado mate",,,taxable,,0,,,0,0,,,,,0,,,,"Tipo de producto > Botas, Género, Género > Niño, Tipo de producto","Impermeables, Invierno, Ofertas",,"https://trendseeker.cl/wp-content/uploads/2023/07/KFT5003RMA-LIP-1-princ.jpg, https://trendseeker.cl/wp-content/uploads/2023/07/Botas-infantil-Hunter-6.png",,,,,,,,,666,,Hunter,Hunter,Talla,"21, 22, 23, 24, 26, 27, 28, 29, 31, 32",0,1,
