ID,Tipo,SKU,Nombre,Precio rebajado,Precio normal,Posición,Etiquetas,Categorías,Marcas,Marca,Superior
18532,variation,WFS1000RMA-BLK36,Botas De Agua Bajas Original Para Mujer Negro - 36,72594,120990,1,,,Hunter,,WFS1000RMA-BLK
18533,variation,WFS1000RMA-BLK37,Botas De Agua Bajas Original Para Mujer Negro - 37,72594,120990,1,,,Hunter,,WFS1000RMA-BLK
18534,variation,WFS1000RMA-BLK38,Botas De Agua Bajas Original Para Mujer Negro - 38,72594,120990,1,,,Hunter,,WFS1000RMA-BLK
18535,variation,WFS1000RMA-BLK39,Botas De Agua Bajas Original Para Mujer Negro - 39,72594,120990,1,,,Hunter,,WFS1000RMA-BLK
18536,variation,WFS1000RMA-BLK40/41,Botas De Agua Bajas Original Para Mujer Negro - 40/41,72594,120990,1,,,Hunter,,WFS1000RMA-BLK
18537,variation,WFS1000RMA-BLK42,Botas De Agua Bajas Original Para Mujer Negro - 42,72594,120990,1,,,Hunter,,WFS1000RMA-BLK
18543,variation,WFS1000RMA-DOV42,Botas De Agua Bajas Original Para Mujer Verde Oliva - 42,72594,120990,1,,,Hunter,,WFS1000RMA-DOV
18544,variation,WFS2006RMA-BLK36,Botas Chelsea Original Para Mujer Negro 2 - 36,70194,116990,1,,,Hunter,,WFS2006RMA-BLK
18545,variation,WFS2006RMA-BLK37,Botas Chelsea Original Para Mujer Negro 2 - 37,70194,116990,1,,,Hunter,,WFS2006RMA-BLK
18546,variation,WFS2006RMA-BLK38,Botas Chelsea Original Para Mujer Negro 2 - 38,70194,116990,1,,,Hunter,,WFS2006RMA-BLK
18547,variation,WFS2006RMA-BLK39,Botas Chelsea Original Para Mujer Negro 2 - 39,70194,116990,1,,,Hunter,,WFS2006RMA-BLK
18548,variation,WFS2006RMA-BLK40/41,Botas Chelsea Original Para Mujer Negro 2 - 40/41,70194,116990,1,,,Hunter,,WFS2006RMA-BLK
18549,variation,WFS2006RMA-BLK42,Botas Chelsea Original Para Mujer Negro 2 - 42,70194,116990,1,,,Hunter,,WFS2006RMA-BLK
18574,variation,WFS2080RMA-BHE36,Botas De Agua Aislantes Bajas Original Para Mujer BHE - 36,92994,154990,1,,,Hunter,,WFS2080RMA-BHE
18575,variation,WFS2080RMA-BHE37,Botas De Agua Aislantes Bajas Original Para Mujer BHE - 37,92994,154990,1,,,Hunter,,WFS2080RMA-BHE
18576,variation,WFS2080RMA-BHE38,Botas De Agua Aislantes Bajas Original Para Mujer BHE - 38,92994,154990,1,,,Hunter,,WFS2080RMA-BHE
18577,variation,WFS2080RMA-BHE39,Botas De Agua Aislantes Bajas Original Para Mujer BHE - 39,92994,154990,1,,,Hunter,,WFS2080RMA-BHE
18578,variation,WFS2080RMA-BHE40/41,Botas De Agua Aislantes Bajas Original Para Mujer BHE - 40/41,92994,154990,1,,,Hunter,,WFS2080RMA-BHE
18579,variation,WFS2080RMA-BHE42,Botas De Agua Aislantes Bajas Original Para Mujer BHE - 42,92994,154990,1,,,Hunter,,WFS2080RMA-BHE
18598,variation,WFT1000RGL-DOV40/41,Botas Altas Y Brillantes Original Para Mujer Verde Oliva - 40/41,77994,129990,1,,,Hunter,,WFT1000RGL-DOV
18616,variation,WFT1000RMA-DOV40/41,Botas De Agua Altas Original Para Mujer Verde Oliva - 40/41,77994,129990,1,,,Hunter,,WFT1000RMA-DOV
18630,variation,WAS1017AAC-BLKM,CALCETIN CAR BOTA CORTA NEGRO - M,23994,39990,1,,,Hunter,,WAS1017AAC-BLK
18631,variation,WAS1017AAC-BLKL,CALCETIN CAR BOTA CORTA NEGRO - L,23994,39990,1,,,Hunter,,WAS1017AAC-BLK
18632,variation,UAS3000AAA-CRMM,HUNTER CALCETIN BOTA CREMA - M,14994,24990,1,,,Hunter,,UAS3000AAA-CRM
18633,variation,UAS3000AAA-CRML,HUNTER CALCETIN BOTA CREMA - L,14994,24990,1,,,Hunter,,UAS3000AAA-CRM
19045,variation,MFT9000RMA-HGR45/46,Botas De Agua Altas Original Para Hombre Verde - 45/46,89994,149990,1,,,Hunter,,MFT9000RMA-HGR
19053,variation,UAS3036AAB-NWHL,HUNTER CALCETIN BOTA 6 PUNTADAS - L,23994,39990,1,,,Hunter,,UAS3036AAB-NWH
19054,variation,UAS3036AAB-NWHM,HUNTER CALCETIN BOTA 6 PUNTADAS - M,23994,39990,1,,,Hunter,,UAS3036AAB-NWH
19060,variation,WAS1017AAC-REDM,CALCETIN BOTA CORTA ROJO - M,23994,39990,1,,,Hunter,Hunter,WAS1017AAC-RED
19063,variation,WFF1077NRE-BLK36,ZAP SHERPA NEGRO - 36,53994,89990,1,,,Hunter,Hunter,WFF1077NRE-BLK
19064,variation,WFF1077NRE-BLK37,ZAP SHERPA NEGRO - 37,53994,89990,1,,,Hunter,Hunter,WFF1077NRE-BLK
19065,variation,WFF1077NRE-BLK38,ZAP SHERPA NEGRO - 38,53994,89990,1,,,Hunter,Hunter,WFF1077NRE-BLK
19066,variation,WFF1077NRE-BLK39,ZAP SHERPA NEGRO - 39,53994,89990,1,,,Hunter,Hunter,WFF1077NRE-BLK
19067,variation,WFF1077NRE-BLK40/41,ZAP SHERPA NEGRO - 40/41,53994,89990,1,,,Hunter,Hunter,WFF1077NRE-BLK
19068,variation,WFF1077NRE-BLK42,ZAP SHERPA NEGRO - 42,53994,89990,1,,,Hunter,Hunter,WFF1077NRE-BLK
19075,variation,WFS1043RMA-BLK36,Botas Chelsea Original Para Mujer Negro 1 - 36,70194,116990,1,,,Hunter,,WFS1043RMA-BLK
19076,variation,WFS1043RMA-BLK37,Botas Chelsea Original Para Mujer Negro 1 - 37,70194,116990,1,,,Hunter,,WFS1043RMA-BLK
19077,variation,WFS1043RMA-BLK38,Botas Chelsea Original Para Mujer Negro 1 - 38,70194,116990,1,,,Hunter,,WFS1043RMA-BLK
19078,variation,WFS1043RMA-BLK39,Botas Chelsea Original Para Mujer Negro 1 - 39,70194,116990,1,,,Hunter,,WFS1043RMA-BLK
19079,variation,WFS1043RMA-BLK40/41,Botas Chelsea Original Para Mujer Negro 1 - 40/41,70194,116990,1,,,Hunter,,WFS1043RMA-BLK
19080,variation,WFS1043RMA-BLK42,Botas Chelsea Original Para Mujer Negro 1 - 42,70194,116990,1,,,Hunter,,WFS1043RMA-BLK
19081,variation,WFS1043RMA-MLR36,Botas Chelsea Original Para Mujer Rojo Militar - 36,70194,116990,1,,,Hunter,,WFS1043RMA-MLR
19082,variation,WFS1043RMA-MLR37,Botas Chelsea Original Para Mujer Rojo Militar - 37,70194,116990,1,,,Hunter,,WFS1043RMA-MLR
19083,variation,WFS1043RMA-MLR38,Botas Chelsea Original Para Mujer Rojo Militar - 38,70194,116990,1,,,Hunter,,WFS1043RMA-MLR
19084,variation,WFS1043RMA-MLR39,Botas Chelsea Original Para Mujer Rojo Militar - 39,70194,116990,1,,,Hunter,,WFS1043RMA-MLR
19085,variation,WFS1043RMA-MLR40/41,Botas Chelsea Original Para Mujer Rojo Militar - 40/41,70194,116990,1,,,Hunter,,WFS1043RMA-MLR
19086,variation,WFS1043RMA-MLR42,Botas Chelsea Original Para Mujer Rojo Militar - 42,70194,116990,1,,,Hunter,,WFS1043RMA-MLR
19093,variation,WFS1071RMA-NYG36,BOTINES HUNTER WFS1071R AZUL 4 - 36,77994,129990,1,,,Hunter,,WFS1071RMA-NYG
19094,variation,WFS1071RMA-NYG37,BOTINES HUNTER WFS1071R AZUL 4 - 37,77994,129990,1,,,Hunter,,WFS1071RMA-NYG
19095,variation,WFS1071RMA-NYG38,BOTINES HUNTER WFS1071R AZUL 4 - 38,77994,129990,1,,,Hunter,,WFS1071RMA-NYG
19096,variation,WFS1071RMA-NYG39,BOTINES HUNTER WFS1071R AZUL 4 - 39,77994,129990,1,,,Hunter,,WFS1071RMA-NYG
19097,variation,WFS1071RMA-NYG40/41,BOTINES HUNTER WFS1071R AZUL 4 - 40/41,77994,129990,1,,,Hunter,,WFS1071RMA-NYG
19098,variation,WFS1071RMA-NYG42,BOTINES HUNTER WFS1071R AZUL 4 - 42,77994,129990,1,,,Hunter,,WFS1071RMA-NYG
19099,variation,WFS1071RMA-RDG36,BOTINES HUNTER WFS1071R ROJO 6 - 36,77994,129990,1,,,Hunter,,WFS1071RMA-RDG
19100,variation,WFS1071RMA-RDG37,BOTINES HUNTER WFS1071R ROJO 6 - 37,77994,129990,1,,,Hunter,,WFS1071RMA-RDG
19101,variation,WFS1071RMA-RDG38,BOTINES HUNTER WFS1071R ROJO 6 - 38,77994,129990,1,,,Hunter,,WFS1071RMA-RDG
19102,variation,WFS1071RMA-RDG39,BOTINES HUNTER WFS1071R ROJO 6 - 39,77994,129990,1,,,Hunter,,WFS1071RMA-RDG
19103,variation,WFS1071RMA-RDG40/41,BOTINES HUNTER WFS1071R ROJO 6 - 40/41,77994,129990,1,,,Hunter,,WFS1071RMA-RDG
19104,variation,WFS1071RMA-RDG42,BOTINES HUNTER WFS1071R ROJO 6 - 42,77994,129990,1,,,Hunter,,WFS1071RMA-RDG
19127,variation,WFT1000RGL-RVI40/41,Botas Altas Y Brillantes Original Para Mujer Morada - 40/41,77994,129990,1,,,Hunter,,WFT1000RGL-RVI
19141,variation,WFT1071RGL-BLK36,Botas Original Refined y Brillante Para Mujer Negro - 36,98994,164990,1,,,Hunter,,WFT1071RGL-BLK
19142,variation,WFT1071RGL-BLK37,Botas Original Refined y Brillante Para Mujer Negro - 37,98994,164990,1,,,Hunter,,WFT1071RGL-BLK
19143,variation,WFT1071RGL-BLK38,Botas Original Refined y Brillante Para Mujer Negro - 38,98994,164990,1,,,Hunter,,WFT1071RGL-BLK
19144,variation,WFT1071RGL-BLK39,Botas Original Refined y Brillante Para Mujer Negro - 39,98994,164990,1,,,Hunter,,WFT1071RGL-BLK
19145,variation,WFT1071RGL-BLK40/41,Botas Original Refined y Brillante Para Mujer Negro - 40/41,98994,164990,1,,,Hunter,,WFT1071RGL-BLK
19156,variation,WFT2007EXL-OEX40/41,Botas Altas Original Play Con Logotipo Ampliado Para Mujer - 40/41,65400,109000,1,,,Hunter,,WFT2007EXL-OEX
19168,variation,WFT2007RMA-LIH40/41,Botas De Agua Altas Original Play Para Mujer LIH - 40/41,53994,89990,1,,,Hunter,,WFT2007RMA-LIH
19194,variation,WFT2052NRE-NVY37,Botas Estilo Sherpa Con Parte Superior Enrollable Original Azul Marino - 37,71400,119000,1,,,Hunter,,WFT2052NRE-NVY
19195,variation,WFT2052NRE-NVY38,Botas Estilo Sherpa Con Parte Superior Enrollable Original Azul Marino - 38,71400,119000,1,,,Hunter,,WFT2052NRE-NVY
19196,variation,WFT2052NRE-NVY39,Botas Estilo Sherpa Con Parte Superior Enrollable Original Azul Marino - 39,71400,119000,1,,,Hunter,,WFT2052NRE-NVY
19197,variation,WFT2052NRE-NVY40/41,Botas Estilo Sherpa Con Parte Superior Enrollable Original Azul Marino - 40/41,71400,119000,1,,,Hunter,,WFT2052NRE-NVY
19198,variation,WFT2052NRE-NVY42,Botas Estilo Sherpa Con Parte Superior Enrollable Original Azul Marino - 42,71400,119000,1,,,Hunter,,WFT2052NRE-NVY
19199,variation,WFT2052NRE-NVY36,Botas Estilo Sherpa Con Parte Superior Enrollable Original Azul Marino - 36,71400,119000,1,,,Hunter,,WFT2052NRE-NVY
19206,variation,WRO1123SBD-BLKL,Smock Impermeable Original Pleglable Mujer Negro - L,127492,149990,1,,,Hunter,,WRO1123SBD-BLK
19207,variation,WRO1123SBD-BLKM,Smock Impermeable Original Pleglable Mujer Negro - M,127492,149990,1,,,Hunter,,WRO1123SBD-BLK
19208,variation,WRO1123SBD-BLKS,Smock Impermeable Original Pleglable Mujer Negro - S,127492,149990,1,,,Hunter,,WRO1123SBD-BLK
19209,variation,WRO1123SBD-BLKXS,Smock Impermeable Original Pleglable Mujer Negro - XS,127492,149990,1,,,Hunter,,WRO1123SBD-BLK
19210,variation,WRO1185VAD-DSLL,Impermeable De Vinilo Original Mujer Gris - L,127492,149990,1,,,Hunter,,WRO1185VAD-DSL
19211,variation,WRO1185VAD-DSLM,Impermeable De Vinilo Original Mujer Gris - M,127492,149990,1,,,Hunter,,WRO1185VAD-DSL
19212,variation,WRO1185VAD-DSLS,Impermeable De Vinilo Original Mujer Gris - S,127492,149990,1,,,Hunter,,WRO1185VAD-DSL
19213,variation,WRO1185VAD-DSLXS,Impermeable De Vinilo Original Mujer Gris - XS,127492,149990,1,,,Hunter,,WRO1185VAD-DSL
19214,variation,WRO1190SBC-DOVL,Abrigo Impermeable de Algodon Original Mujer Verde Oliva 1 - L,203992,239990,1,,,Hunter,,WRO1190SBC-DOV
19215,variation,WRO1190SBC-DOVM,Abrigo Impermeable de Algodon Original Mujer Verde Oliva 1 - M,203992,239990,1,,,Hunter,,WRO1190SBC-DOV
19216,variation,WRO1190SBC-DOVS,Abrigo Impermeable de Algodon Original Mujer Verde Oliva 1 - S,203992,239990,1,,,Hunter,,WRO1190SBC-DOV
19217,variation,WRO1190SBC-DOVXS,Abrigo Impermeable de Algodon Original Mujer Verde Oliva 1 - XS,203992,239990,1,,,Hunter,,WRO1190SBC-DOV
19218,variation,WRO1208WAP-FSEL,Abrigo Impermeable de Algodon Original Mujer Celeste - L,127492,149990,1,,,Hunter,,WRO1208WAP-FSE
19219,variation,WRO1208WAP-FSEM,Abrigo Impermeable de Algodon Original Mujer Celeste - M,127492,149990,1,,,Hunter,,WRO1208WAP-FSE
19220,variation,WRO1208WAP-FSES,Abrigo Impermeable de Algodon Original Mujer Celeste - S,127492,149990,1,,,Hunter,,WRO1208WAP-FSE
19221,variation,WRO1208WAP-NVYL,Abrigo Impermeable de Algodon Original Mujer Azul Marino - L,127492,149990,1,,,Hunter,,WRO1208WAP-NVY
19222,variation,WRO1208WAP-NVYM,Abrigo Impermeable de Algodon Original Mujer Azul Marino - M,127492,149990,1,,,Hunter,,WRO1208WAP-NVY
19223,variation,WRO1208WAP-NVYS,Abrigo Impermeable de Algodon Original Mujer Azul Marino - S,127492,149990,1,,,Hunter,,WRO1208WAP-NVY
19224,variation,WRO1208WAP-NVYXS,Abrigo Impermeable de Algodon Original Mujer Azul Marino - XS,127492,149990,1,,,Hunter,,WRO1208WAP-NVY
19225,variation,WRO1227SBC-BLKL,Abrigo Impermeable de Algodon Original Mujer Negro - L,186992,219990,1,,,Hunter,,WRO1227SBC-BLK
19226,variation,WRO1227SBC-BLKM,Abrigo Impermeable de Algodon Original Mujer Negro - M,186992,219990,1,,,Hunter,,WRO1227SBC-BLK
19227,variation,WRO1227SBC-BLKS,Abrigo Impermeable de Algodon Original Mujer Negro - S,186992,219990,1,,,Hunter,,WRO1227SBC-BLK
19228,variation,WRO1227SBC-BLKXS,Abrigo Impermeable de Algodon Original Mujer Negro - XS,186992,219990,1,,,Hunter,,WRO1227SBC-BLK
19229,variation,WRO1227SBC-DOVL,Abrigo Impermeable de Algodon Original Mujer Verde Oliva 2 - L,186992,219990,1,,,Hunter,,WRO1227SBC-DOV
19230,variation,WRO1227SBC-DOVM,Abrigo Impermeable de Algodon Original Mujer Verde Oliva 2 - M,186992,219990,1,,,Hunter,,WRO1227SBC-DOV
19231,variation,WRO1227SBC-DOVS,Abrigo Impermeable de Algodon Original Mujer Verde Oliva 2 - S,186992,219990,1,,,Hunter,,WRO1227SBC-DOV
19232,variation,WRO1227SBC-DOVXS,Abrigo Impermeable de Algodon Original Mujer Verde Oliva 2 - XS,186992,219990,1,,,Hunter,,WRO1227SBC-DOV
19233,variation,WRO1258WAP-DOVL,Impermeable Ligero Para Mujer Verde Oliva - L,141610,166600,1,,,Hunter,,WRO1258WAP-DOV
19234,variation,WRO1258WAP-DOVM,Impermeable Ligero Para Mujer Verde Oliva - M,141610,166600,1,,,Hunter,,WRO1258WAP-DOV
19235,variation,WRO1258WAP-DOVS,Impermeable Ligero Para Mujer Verde Oliva - S,141610,166600,1,,,Hunter,,WRO1258WAP-DOV
19236,variation,WRO1258WAP-DOVXS,Impermeable Ligero Para Mujer Verde Oliva - XS,141610,166600,1,,,Hunter,,WRO1258WAP-DOV
19237,variation,WRO1258WAP-NVYL,Impermeable Ligero Para Mujer Azul Marino - L,141610,166600,1,,,Hunter,,WRO1258WAP-NVY
19238,variation,WRO1258WAP-NVYM,Impermeable Ligero Para Mujer Azul Marino - M,141610,166600,1,,,Hunter,,WRO1258WAP-NVY
19239,variation,WRO1258WAP-NVYS,Impermeable Ligero Para Mujer Azul Marino - S,141610,166600,1,,,Hunter,,WRO1258WAP-NVY
19240,variation,WRO1258WAP-NVYXS,Impermeable Ligero Para Mujer Azul Marino - XS,141610,166600,1,,,Hunter,,WRO1258WAP-NVY
19482,variation,WFT1009NRE-BLK 38,Bota Ecuestre de Neopreno elástico - 38,83994,139990,1,,,Hunter,Hunter,WFT1009NRE-BLK
19483,variation,WFT1009NRE-BLK 39,Bota Ecuestre de Neopreno elástico - 39,83994,139990,1,,,Hunter,Hunter,WFT1009NRE-BLK
19484,variation,WFT1009NRE-BLK 40/41,Bota Ecuestre de Neopreno elástico - 40/41,83994,139990,1,,,Hunter,Hunter,WFT1009NRE-BLK
20192,variation,MFS9000CNV-ATM43,Botas Commando Desert Hombre Verde Musgo - 43,83994,139990,1,,,Hunter,Hunter,MFS9000CNV-ATM
20193,variation,MFS9000CNV-ATM44,Botas Commando Desert Hombre Verde Musgo - 44,83994,139990,1,,,Hunter,Hunter,MFS9000CNV-ATM
20194,variation,MFS9000CNV-ATM45,Botas Commando Desert Hombre Verde Musgo - 45/46,83994,139990,1,,,Hunter,Hunter,MFS9000CNV-ATM
20293,variable,WFT2052NRE-DOV,Botas Estilo Sherpa Con Parte Superior Enrollable Para Mujer Verde Oliva,,,1,"Impermeables, Sherpa, Verde, Ofertas","Tipo de producto > Botas, Género, Género > Mujer, Tipo de producto",Hunter,Hunter,
18530,variation,WFS1000RGL-BLK40/41,Botas De Agua Bajas Y Brillantes Original Para Mujer Negro - 40/41,72594,120990,1,,,Hunter,Hunter,WFS1000RGL-BLK
18538,variation,WFS1000RMA-DOV36,Botas De Agua Bajas Original Para Mujer Verde Oliva - 36,72594,120990,1,,,Hunter,Hunter,WFS1000RMA-DOV
18550,variation,WFS2020RMA-BLK36,Botas De Agua Bajas Play Mujer Negro - 36,59994,99990,1,,,Hunter,Hunter,WFS2020RMA-BLK
18562,variation,WFS2020RMA-LRD36,Botas de Agua Bajas Play para Mujer Rojo - 36,65994,109990,1,,,Hunter,Hunter,WFS2020RMA-LRD
18568,variation,WFS2048RMA-BLK36,Botas De Agua Aislantes Bajas Original Para Mujer BLK - 36,83994,139990,1,,,Hunter,Hunter,WFS2048RMA-BLK
18580,variation,WFT1000RGL-BLK36,Botas Altas Y Brillantes Original Para Mujer Negro - 36,101994,169990,1,,,Hunter,Hunter,WFT1000RGL-BLK
18594,variation,WFT1000RGL-DOV36,Botas Altas Y Brillantes Original Para Mujer Verde Oliva - 36,77994,129990,1,,,Hunter,Hunter,WFT1000RGL-DOV
18602,variation,WFT1000RGL-GRA38,Botas Altas Y Brillantes Original Para Mujer Grafito - 38,101994,169990,1,,,Hunter,Hunter,WFT1000RGL-GRA
18611,variation,WFT1000RGL-MLR42,Botas Altas Y Brillantes Original Para Mujer Rojo Militar - 42,101994,169990,1,,,Hunter,Hunter,WFT1000RGL-MLR
18612,variation,WFT1000RMA-DOV36,Botas De Agua Altas Original Para Mujer Verde Oliva - 36,77994,129990,1,,,Hunter,Hunter,WFT1000RMA-DOV
18627,variation,WFT1000RMA-HGR39,Botas De Agua Altas Original Para Mujer Verde - 39,101994,169990,1,,,Hunter,Hunter,WFT1000RMA-HGR
18634,variation,UAS3000AAA-BLKM,Hunter Calcetín Bota Negra - M,14994,24990,1,,,Hunter,Hunter,UAS3000AAA-BLK
18674,variation,WFT1000RMA-MLR36,Botas de Agua Altas para Mujer Rojo Militar - 36,101994,169990,1,,,Hunter,Hunter,WFT1000RMA-MLR
18685,variation,WFT1000RMA-RYL36,Botas De Agua Altas Original Para Mujer Amarillo - 36,89994,149990,1,,,Hunter,Hunter,WFT1000RMA-RYL
18695,variation,WFT1000RMA-SIL40/41,Botas De Agua Altas Original Para Mujer Plateado - 40/41,89994,149990,1,,,Hunter,Hunter,WFT1000RMA-SIL
19040,variation,MFT9000RMA-HGR39,Botas De Agua Altas Original Para Hombre Verde - 39,89994,149990,1,,,Hunter,Hunter,MFT9000RMA-HGR
19048,variation,UAS3036AAB-BLKM,Hunter Calcetín Bota 6 Puntadas 1 - M,23994,39990,1,,,Hunter,Hunter,UAS3036AAB-BLK
19050,variation,UAS3036AAB-GRGM,Hunter Calcetín Bota 6 Puntadas Beige - M,23994,39990,1,,,Hunter,Hunter,UAS3036AAB-GRG
19052,variation,UAS3036AAB-GZBM,Hunter Calcetín Bota 6 Puntadas - M,23994,39990,1,,,Hunter,Hunter,UAS3036AAB-GZB
19061,variation,WAS1017AAC-WHTL,CALCETIN CAR BOTA CORTA BLANCO - L,20394,33990,1,,,Hunter,Hunter,WAS1017AAC-WHT
19074,variation,WFS1000RGL-MLR40/41,Botas De Agua Bajas Y Brillantes Original Para Mujer Rojo Militar - 40/41,72594,120990,1,,,Hunter,Hunter,WFS1000RGL-MLR
19088,variation,WFS1043RMA-SUG37,Botas Chelsea Original Para Mujer Verde Suculenta - 37,70194,116990,1,,,Hunter,Hunter,WFS1043RMA-SUG
19111,variation,WFS2020RMA-ZNC36,Botas De Agua Bajas Original Play Para Mujer ZNC - 36,59994,99990,1,,,Hunter,Hunter,WFS2020RMA-ZNC
19122,variation,WFT1000RGL-NVY40/41,Botas Altas Y Brillantes Original Para Mujer Azul Marino - 40/41,77994,129990,1,,,Hunter,Hunter,WFT1000RGL-NVY
19123,variation,WFT1000RGL-RVI36,Botas Altas Y Brillantes Original Para Mujer Morada - 36,77994,129990,1,,,Hunter,Hunter,WFT1000RGL-RVI
19133,variation,WFT1001RGL-BLK40/41,Botas De Agua Altas Y Ajustables Por Detrás Para Mujer Negro - 40/41,107994,179990,1,,,Hunter,Hunter,WFT1001RGL-BLK
19140,variation,WFT1001RMA-BLK42,Botas De Agua Altas Y Ajustables Por Detrás Original Para Mujer Negro - 42,107994,179990,1,,,Hunter,Hunter,WFT1001RMA-BLK
19147,variation,WFT1071RMA-BLK37,Botas Original Refined Para Mujer Negro - 37,101994,169990,1,,,Hunter,Hunter,WFT1071RMA-BLK
19152,variation,WFT2007EXL-OEX36,Botas Altas Original Play Con Logotipo Ampliado Para Mujer - 36,65400,109000,1,,,Hunter,Hunter,WFT2007EXL-OEX
19158,variation,WFT2007RMA-BLK36,Botas De Agua Altas Original Play Para Mujer BLK - 36,65994,109990,1,,,Hunter,Hunter,WFT2007RMA-BLK
19164,variation,WFT2007RMA-LIH36,Botas De Agua Altas Original Play Para Mujer LIH - 36,53994,89990,1,,,Hunter,Hunter,WFT2007RMA-LIH
19170,variation,WFT2007RMA-LRD36,Botas De Agua Altas Original Play Para Mujer LRD - 36,65994,109990,1,,,Hunter,Hunter,WFT2007RMA-LRD
19181,variation,WFT2007RMA-ZNC42,Botas De Agua Altas Original Play Para Mujer ZNC - 42,65994,109990,1,,,Hunter,Hunter,WFT2007RMA-ZNC
19186,variation,WFT2041RMA-BLK40/41,Botas Altas Aislantes Original Para Mujer BLK - 40/41,107994,179990,1,,,Hunter,Hunter,WFT2041RMA-BLK
19192,variation,WFT2052NRE-BLK40/41,Botas Estilo Sherpa Con Parte Superior Enrollable Para Mujer Negro - 40/41,86994,144990,1,,,Hunter,Hunter,WFT2052NRE-BLK
19204,variation,WFT2078RMA-BHE40/41,Botas Altas Calendar Original Para Mujer - 40/41,92994,154990,1,,,Hunter,Hunter,WFT2078RMA-BHE
19328,variable,MFT9000RMA-BLK,Botas De Agua Altas Original Para Hombre Negra,,,1,"Impermeables, Invierno, Ofertas","Tipo de producto > Botas, Género, Género > Hombre, Tipo de producto",Hunter,Hunter,
19351,variation,MFT9000RMA-BLK39,Botas De Agua Altas Original Para Hombre Negra - 39,95994,159990,1,,,Hunter,Hunter,MFT9000RMA-BLK
19363,variation,MFT9000RMA-DOV47,Botas De Agua Altas Original Para Hombre Verde Oliva - 47,95994,159990,1,,,Hunter,Hunter,MFT9000RMA-DOV
19364,variation,WFT1000RMA-BLK36,Botas De Agua Altas Original Para Mujer - 36,101994,169990,1,,,Hunter,Hunter,WFT1000RMA-BLK
19481,variation,WFT1009NRE-BLK 37,Bota Ecuestre de Neopreno elástico - 37,83994,139990,1,,,Hunter,Hunter,WFT1009NRE-BLK
19497,variation,WFS1051RMA-BLK36,BOTA ANKLE BLACK - 36,80994,134990,1,,,Hunter,Hunter,WFS1051RMA-BLK
19518,variation,WFS2020RMA-BBO36,Botas De Agua Bajas Original Play Para Mujer Celeste - 36,65994,109990,1,,,Hunter,Hunter,WFS2020RMA-BBO
19629,variation,WRO1345WAP-BLKXS,Chaqueta Impermeable Mujer Black - S,157242,184990,1,,,Hunter,Hunter,WRO1345WAP-BLK
19634,variation,WRO1345WAP-DOVXS,Chaqueta Impermeable Mujer Olive Green - XS,157242,184990,1,,,Hunter,Hunter,WRO1345WAP-DOV
19640,variation,MRO4245WAP-BLKXL,Chaqueta Impermeable Hombre Black - XL,157242,184990,1,,,Hunter,Hunter,MRO4245WAP-BLK
19643,variation,MRO4245WAP-DOVXL,Chaqueta Impermeable Hombre Olive Green - XL,157242,184990,1,,,Hunter,Hunter,MRO4245WAP-DOV
19648,variation,WFF1088RMA-DOC36,Zueco de Jardin para Mujer Verde Oliva - 36,53994,89990,1,,,Hunter,Hunter,WFF1088RMA-DOC
19686,variation,UAS3000AAA-MLRM,Hunter Calcetin Bota Rojo - M,14994,24990,1,,,Hunter,Hunter,UAS3000AAA-MLR
19690,variation,UAS3000AAA-HWTM,Hunter Calcetin Bota Blanco Hueso - M,14994,24990,1,,,Hunter,Hunter,UAS3000AAA-HWT
19863,variation,WFS2018RMA-DOC36,Bota Corta de Jardinera - 36,68994,114990,1,,,Hunter,Hunter,WFS2018RMA-DOC
19919,variation,WRO1323RSF-BLKL,Chaqueta plegable ligera reciclada para mujer - L,106242,124990,1,,,Hunter,Hunter,WRO1323RSF-BLK
19923,variation,WRO1323RSF-NVYM,Chaqueta plegable ligera reciclada para mujer - M,106242,124990,1,,,Hunter,Hunter,WRO1323RSF-NVY
19991,variation,WFT2200RMA-BLK36,BOTAS DE AGUA LARGAS PARA MUJER SLIM FIT (ajustadas) - 36,95994,159990,1,,,Hunter,Hunter,WFT2200RMA-BLK
19996,variation,WFS2200RMA-BLK36,BOTAS REFINED CORTAS PARA MUJER NEGRO - 36,89994,149990,1,,,Hunter,Hunter,WFS2200RMA-BLK
20002,variation,WFS2106WWU-BLK36,Bota Nieve Negra - 36,83994,139990,1,,,Hunter,Hunter,WFS2106WWU-BLK
20008,variation,UAS3000AAA-DOVM,Calcetin Verde Oliva para Bota Alta - M,14994,24990,1,,,Hunter,Hunter,UAS3000AAA-DOV
20171,variation,WFS2010CNV-BLK36,Botas Commando Desert Mujer Negras - 36,83994,139990,1,,,Hunter,Hunter,WFS2010CNV-BLK
20184,variation,WFS2010CNV-ATM40,Botas Commando Desert Mujer Verde Musgo - 40/41,83994,139990,1,,,Hunter,Hunter,WFS2010CNV-ATM
20189,variation,MFS9000CNV-ATM39,Botas Commando Desert Hombre Verde Musgo - 39,83994,139990,1,,,Hunter,Hunter,MFS9000CNV-ATM
20203,variation,WFS1018RMA-DOV37,Bota Commando Chelsea Verde Militar - 37,86994,144990,1,,,Hunter,Hunter,WFS1018RMA-DOV
20215,variation,WFS1018RMA-BLK40,Bota Commando Chelsea Negro - 40/41,86994,144990,1,,,Hunter,Hunter,WFS1018RMA-BLK
20220,variation,WFS1000RMA-OVL36,Botas de Agua Bajas para Mujer Hoja de Olivo - 36,72594,120990,1,,,Hunter,Hunter,WFS1000RMA-OVL
20228,variation,MFS9000CNV-BLK39,Botas Commando Desert Hombre Negras - 39,83994,139990,1,,,Hunter,Hunter,MFS9000CNV-BLK
20235,variation,WFS1013RMA-GSC36,Botas De Agua Baja y Ajustables Por Detrás Para Mujer Rosado Oscuro - 36,86994,144990,1,,,Hunter,Hunter,WFS1013RMA-GSC
20243,variation,WFT1000RMA-OVL36,Botas de Agua Altas para Mujer Hoja de Olivo - 36,101994,169990,1,,,Hunter,Hunter,WFT1000RMA-OVL
20253,variation,WFT1000RMA-SWG36,Botas de Agua Altas para Mujer Verde Sweet Gale - 36,101994,169990,1,,,Hunter,Hunter,WFT1000RMA-SWG
20261,variation,WFT1001RMA-GSC36,Botas De Agua Altas Y Ajustables Por Detrás Para Mujer Glenmore Rosa - 36,107994,179990,1,,,Hunter,Hunter,WFT1001RMA-GSC
20274,variation,WFS1000RMA-MLR36,Botas de Agua Bajas para Mujer Rojo Militar - 36,80994,134990,1,,,Hunter,Hunter,WFS1000RMA-MLR
20283,variation,WFT2007RMA-ATM36,Botas De Agua Altas Original Play Para Mujer Verde Musgo - 36,65994,109990,1,,,Hunter,Hunter,WFT2007RMA-ATM
20307,variation,,Botas De Agua Altas Original Para Mujer - Brillante / Gloss - 38,77994,129990,1,,,Hunter,Hunter,WFT1000RGL-BCE
20313,variation,WFS1020RMA-ATM36,Botas de Agua Bajas Play Neopreno Verde Musgo Mujer - 36,65994,109990,1,,,Hunter,Hunter,WFS1020RMA-ATM
20324,variation,WFS1020RMA-BLK36,Botas de Agua Bajas Play Neopreno Black Mujer - 36,65994,109990,1,,,Hunter,Hunter,WFS1020RMA-BLK
20334,variation,WFT2007RMA-KOM36,Botas De Agua Altas Original Play Para Mujer Kombu - 36,65994,109990,1,,,Hunter,Hunter,WFT2007RMA-KOM
20347,variation,WFT2052NRE-DOV37,Botas Estilo Sherpa Con Parte Superior Enrollable Para Mujer Verde Oliva - 37,86994,144990,1,,,Hunter,Hunter,WFT2052NRE-DOV
20434,variation,WFS2236NYL-BLK36,Botas Commando Explorer Aislantes Para Mujer Negro - 36,119994,199990,1,,,Hunter,Hunter,WFS2236NYL-BLK
20444,variation,WFS2236NYL-MRF36,Botas Commando Explorer Aislantes Para Mujer Berry - 36,119994,199990,1,,,Hunter,Hunter,WFS2236NYL-MRF
20450,variation,WRO1400WAP-HUB-XS,Chaqueta de lluvia para mujer Negra - XS,178492,209990,1,,,Hunter,Hunter,WRO1400WAP-HUB
20458,variation,WRO1400WAP-DOV-S,Chaqueta de lluvia para mujer Verde Oliva - S,178492,209990,1,,,Hunter,Hunter,WRO1400WAP-DOV
20464,variation,WRO1400WAP-FRD-M,Chaqueta de lluvia para mujer Rojo - M,178492,209990,1,,,Hunter,Hunter,WRO1400WAP-FRD
20467,variation,WRO1404VYL-DOB-XS,Chaqueta Play Impermeable de Vinilo para Mujer Verde Oscuro - XS,178492,209990,1,,,Hunter,Hunter,WRO1404VYL-DOB
20477,variation,,Chaqueta de lluvia para hombre Negra - XL,178492,209990,1,,,Hunter,Hunter,MRO1401WAP-HUB
20479,variation,MRO1401WAP-DOV-S,Chaqueta de lluvia para hombre Verde Oscuro - S,178492,209990,1,,,Hunter,Hunter,MRO1401WAP-DOV
20507,variation,UFF1102EVA-BLK43,Zueco In & Out Espuma de Alga Negro - 43,29994,49990,1,,,Hunter,Hunter,UFF1102EVA-BLK
20672,variation,MFS2335LNR-BLK44,Botas Commando de Piel Con Cordones Urban Explorer Para Hombre - 44,137994,229990,1,,,Hunter,Hunter,MFS2335LNR-BLK
20912,variation,MFF9100REN-BLK-40,Zapatillas Deportivas Travel - Hombre Black - 40/41,,119990,1,,,Hunter,,MFF9100REN-BLK
20922,variation,MFF9100REN-ZSB-39,Zapatillas Deportivas Travel - Hombre Zesty Yellow - 39,,119990,1,,,Hunter,,MFF9100REN-ZSB
20975,variation,WFF1100REN-BLK-36,Zapatillas Deportivas Travel - Mujer - Black - 36,,119990,1,,,Hunter,,WFF1100REN-BLK
20982,variation,WFF1100REN-SSH-36,"Zapatillas Deportivas Travel - Mujer White, Green & Coral - 36",,119990,1,,,Hunter,,WFF1100REN-SSH
20989,variation,WFF1100REN-SSA-36,Zapatillas Deportivas Travel - Mujer Shaded White - 36,,119990,1,,,Hunter,,WFF1100REN-SSA
21009,variation,WFF1100REN-RCG-40,Zapatillas Deportivas Travel - Mujer Red Tang - 40/41,,119990,1,,,Hunter,,WFF1100REN-RCG
21013,variation,WFF1100REN-BSH-36,Zapatillas Deportivas Travel - Mujer Black Shaded White - 36,,119990,1,,,Hunter,,WFF1100REN-BSH
21203,variation,WFS2336REN-BLK-36,Botas Commando Travel Explorer Black - Mujer - 36,119994,199990,1,,,Hunter,Hunter,WFS2336REN-BLK
21210,variation,WFS2336REN-SED-36,Botas Commando Travel Explorer White - Mujer - 36,119994,199990,1,,,Hunter,Hunter,WFS2336REN-SED
21224,variation,WFT2235RMA-BLK-36,Botas Play Alta Aislante Con Forro De Shearling Black Para Mujer - 36,83994,139990,1,,,Hunter,Hunter,WFT2235RMA-BLK
21235,variation,WFT2235RMA-WHW-36,Botas Play Altas Aislante Con Forro - Shearling White - Mujer - 36,83994,139990,1,,,Hunter,Hunter,WFT2235RMA-WHW
21250,variation,WRO1434RPD-HUB-XS,Chaqueta Acolchada De Nylon Reciclado Explorer Para Mujer - XS,127492,149990,1,,,Hunter,Hunter,WRO1434RPD-HUB
21259,variation,WRO1435RPD-HUB-S,Chaqueta Acolchada Explorer De Nylon Reciclado Para Mujer - S,148742,174990,1,,,Hunter,Hunter,WRO1435RPD-HUB
21839,variation,WFS1018RGL-BLK36,Botas Chelsea Commando Negras Brillantes Para Mujer - 36,89994,149990,1,,,Hunter,Hunter,WFS1018RGL-BLK
21850,variable,WFS1018RMA-CAS,Botas Chelsea Commando Para Mujer Gris Pálido,,,1,"Botas, Gris, Hunter, Impermeables, Vegano, Ofertas","Tipo de producto > Botas, Género, Género > Mujer, Tipo de producto",Hunter,Hunter,
21851,variation,WFS1018RMA-CAS36,Botas Chelsea Commando Para Mujer Gris Pálido - 36,89994,149990,1,,,Hunter,Hunter,WFS1018RMA-CAS
21877,variation,WFS2240NRE-BWI36,Bota Enrollable - Sherpa Vegano - Mujeres - Negro con Blanco - 36,92994,154990,1,,,Hunter,Hunter,WFS2240NRE-BWI
21887,variation,WFT2007RMA-APL36,Botas De Agua Play Altas Para Mujer Rosadas - 36,65994,109990,1,,,Hunter,Hunter,WFT2007RMA-APL
21893,variation,WFS2020RMA-APL36,Botas De Agua Play Cortas Para Mujer Rosada - 36,59994,99990,1,,,Hunter,Hunter,WFS2020RMA-APL
24322,variation,UFF1102EVA-PER43,Zueco In & Out Espuma de Alga Rosado - 43,29994,49990,1,,,Hunter,Hunter,UFF1102EVA-PER
24460,variation,MFK1000PTP-BLK39,Zapatilla Travel Trainer Black Hombre - 39,,119990,1,,,Hunter,Hunter,MFK1000PTP-BLK
24469,variation,MFF9100REN-SED39,Zapatillas Deportivas Travel - Hombre Shaded White - 39,,119990,1,,,Hunter,,MFF9100REN-SED
24813,variation,MFF9100REN-LTB-39,Zapatillas Deportivas Travel - Hombre Verde Musgo - 39,,119990,1,,,Hunter,,MFF9100REN-LTB
24826,variation,WFF1100REN-VPY-36,Zapatillas Deportivas Travel - Mujer - Red - 36,,119990,1,,,Hunter,,WFF1100REN-VPY
32939,variation,UAS3036AAB-HWTM,Calcetín Bota Alta 6 Puntadas Blanco - M,23994,39990,1,,,Hunter,Hunter,UAS3036AAB-HWT
18527,variation,WFS1000RGL-BLK37,Botas De Agua Bajas Y Brillantes Original Para Mujer Negro - 37,72594,120990,1,,,Hunter,Hunter,WFS1000RGL-BLK
18539,variation,WFS1000RMA-DOV37,Botas De Agua Bajas Original Para Mujer Verde Oliva - 37,72594,120990,1,,,Hunter,Hunter,WFS1000RMA-DOV
18557,variation,WFS2020RMA-BLK37,Botas De Agua Bajas Play Mujer Negro - 37,59994,99990,1,,,Hunter,Hunter,WFS2020RMA-BLK
18563,variation,WFS2020RMA-LRD37,Botas de Agua Bajas Play para Mujer Rojo - 37,65994,109990,1,,,Hunter,Hunter,WFS2020RMA-LRD
18569,variation,WFS2048RMA-BLK37,Botas De Agua Aislantes Bajas Original Para Mujer BLK - 37,83994,139990,1,,,Hunter,Hunter,WFS2048RMA-BLK
18581,variation,WFT1000RGL-BLK37,Botas Altas Y Brillantes Original Para Mujer Negro - 37,101994,169990,1,,,Hunter,Hunter,WFT1000RGL-BLK
18595,variation,WFT1000RGL-DOV37,Botas Altas Y Brillantes Original Para Mujer Verde Oliva - 37,77994,129990,1,,,Hunter,Hunter,WFT1000RGL-DOV
18610,variation,WFT1000RGL-MLR40/41,Botas Altas Y Brillantes Original Para Mujer Rojo Militar - 40/41,101994,169990,1,,,Hunter,Hunter,WFT1000RGL-MLR
18613,variation,WFT1000RMA-DOV37,Botas De Agua Altas Original Para Mujer Verde Oliva - 37,77994,129990,1,,,Hunter,Hunter,WFT1000RMA-DOV
18624,variation,WFT1000RMA-HGR36,Botas De Agua Altas Original Para Mujer Verde - 36,101994,169990,1,,,Hunter,Hunter,WFT1000RMA-HGR
18635,variation,UAS3000AAA-BLKL,Hunter Calcetín Bota Negra - L,14994,24990,1,,,Hunter,Hunter,UAS3000AAA-BLK
18675,variation,WFT1000RMA-MLR37,Botas de Agua Altas para Mujer Rojo Militar - 37,101994,169990,1,,,Hunter,Hunter,WFT1000RMA-MLR
18686,variation,WFT1000RMA-RYL37,Botas De Agua Altas Original Para Mujer Amarillo - 37,89994,149990,1,,,Hunter,Hunter,WFT1000RMA-RYL
18691,variation,WFT1000RMA-SIL36,Botas De Agua Altas Original Para Mujer Plateado - 36,89994,149990,1,,,Hunter,Hunter,WFT1000RMA-SIL
19041,variation,MFT9000RMA-HGR40/41,Botas De Agua Altas Original Para Hombre Verde - 40/41,89994,149990,1,,,Hunter,Hunter,MFT9000RMA-HGR
19047,variation,UAS3036AAB-BLKL,Hunter Calcetín Bota 6 Puntadas 1 - L,23994,39990,1,,,Hunter,Hunter,UAS3036AAB-BLK
19049,variation,UAS3036AAB-GRGL,Hunter Calcetín Bota 6 Puntadas Beige - L,23994,39990,1,,,Hunter,Hunter,UAS3036AAB-GRG
19051,variation,UAS3036AAB-GZBL,Hunter Calcetín Bota 6 Puntadas - L,23994,39990,1,,,Hunter,Hunter,UAS3036AAB-GZB
19056,variation,UZF3003LSK-NTR37,Plantilla Luxury Shearling - 37,11394,18990,1,,,Hunter,Hunter,UZF3003LSK-NTR
19059,variation,WAS1017AAC-REDL,CALCETIN BOTA CORTA ROJO - L,23994,39990,1,,,Hunter,Hunter,WAS1017AAC-RED
19062,variation,WAS1017AAC-WHTM,CALCETIN CAR BOTA CORTA BLANCO - M,20394,33990,1,,,Hunter,Hunter,WAS1017AAC-WHT
19070,variation,WFS1000RGL-MLR36,Botas De Agua Bajas Y Brillantes Original Para Mujer Rojo Militar - 36,72594,120990,1,,,Hunter,Hunter,WFS1000RGL-MLR
19091,variation,WFS1043RMA-SUG40/41,Botas Chelsea Original Para Mujer Verde Suculenta - 40/41,70194,116990,1,,,Hunter,Hunter,WFS1043RMA-SUG
19105,variation,WFS2020RMA-LIH36,Botas De Agua Bajas Original Play Para Mujer LIH - 36,44994,74990,1,,,Hunter,Hunter,WFS2020RMA-LIH
19112,variation,WFS2020RMA-ZNC37,Botas De Agua Bajas Original Play Para Mujer ZNC - 37,59994,99990,1,,,Hunter,Hunter,WFS2020RMA-ZNC
19117,variation,WFT1000RGL-NVY42,Botas Altas Y Brillantes Original Para Mujer Azul Marino - 42,77994,129990,1,,,Hunter,Hunter,WFT1000RGL-NVY
19124,variation,WFT1000RGL-RVI37,Botas Altas Y Brillantes Original Para Mujer Morada - 37,77994,129990,1,,,Hunter,Hunter,WFT1000RGL-RVI
19129,variation,WFT1001RGL-BLK36,Botas De Agua Altas Y Ajustables Por Detrás Para Mujer Negro - 36,107994,179990,1,,,Hunter,Hunter,WFT1001RGL-BLK
19139,variation,WFT1001RMA-BLK40/41,Botas De Agua Altas Y Ajustables Por Detrás Original Para Mujer Negro - 40/41,107994,179990,1,,,Hunter,Hunter,WFT1001RMA-BLK
19146,variation,WFT1071RMA-BLK36,Botas Original Refined Para Mujer Negro - 36,80994,134990,1,,,Hunter,Hunter,WFT1071RMA-BLK
19153,variation,WFT2007EXL-OEX37,Botas Altas Original Play Con Logotipo Ampliado Para Mujer - 37,65400,109000,1,,,Hunter,Hunter,WFT2007EXL-OEX
19159,variation,WFT2007RMA-BLK37,Botas De Agua Altas Original Play Para Mujer BLK - 37,65994,109990,1,,,Hunter,Hunter,WFT2007RMA-BLK
19165,variation,WFT2007RMA-LIH37,Botas De Agua Altas Original Play Para Mujer LIH - 37,53994,89990,1,,,Hunter,Hunter,WFT2007RMA-LIH
19171,variation,WFT2007RMA-LRD37,Botas De Agua Altas Original Play Para Mujer LRD - 37,65994,109990,1,,,Hunter,Hunter,WFT2007RMA-LRD
19180,variation,WFT2007RMA-ZNC40/41,Botas De Agua Altas Original Play Para Mujer ZNC - 40/41,65994,109990,1,,,Hunter,Hunter,WFT2007RMA-ZNC
19182,variation,WFT2041RMA-BLK36,Botas Altas Aislantes Original Para Mujer BLK - 36,107994,179990,1,,,Hunter,Hunter,WFT2041RMA-BLK
19188,variation,WFT2052NRE-BLK36,Botas Estilo Sherpa Con Parte Superior Enrollable Para Mujer Negro - 36,86994,144990,1,,,Hunter,Hunter,WFT2052NRE-BLK
19200,variation,WFT2078RMA-BHE36,Botas Altas Calendar Original Para Mujer - 36,92994,154990,1,,,Hunter,Hunter,WFT2078RMA-BHE
19352,variation,MFT9000RMA-BLK40/41,Botas De Agua Altas Original Para Hombre Negra - 40/41,95994,159990,1,,,Hunter,Hunter,MFT9000RMA-BLK
19362,variation,MFT9000RMA-DOV45/46,Botas De Agua Altas Original Para Hombre Verde Oliva - 45/46,95994,159990,1,,,Hunter,Hunter,MFT9000RMA-DOV
19365,variation,WFT1000RMA-BLK37,Botas De Agua Altas Original Para Mujer - 37,101994,169990,1,,,Hunter,Hunter,WFT1000RMA-BLK
19498,variation,WFS1051RMA-BLK37,BOTA ANKLE BLACK - 37,80994,134990,1,,,Hunter,Hunter,WFS1051RMA-BLK
19519,variation,WFS2020RMA-BBO37,Botas De Agua Bajas Original Play Para Mujer Celeste - 37,65994,109990,1,,,Hunter,Hunter,WFS2020RMA-BBO
19628,variation,WRO1345WAP-BLKS,Chaqueta Impermeable Mujer Black - XS,157242,184990,1,,,Hunter,Hunter,WRO1345WAP-BLK
19635,variation,WRO1345WAP-DOVS,Chaqueta Impermeable Mujer Olive Green - S,157242,184990,1,,,Hunter,Hunter,WRO1345WAP-DOV
19638,variation,MRO4245WAP-BLKL,Chaqueta Impermeable Hombre Black - M,157242,184990,1,,,Hunter,Hunter,MRO4245WAP-BLK
19641,variation,MRO4245WAP-DOVL,Chaqueta Impermeable Hombre Olive Green - M,157242,184990,1,,,Hunter,Hunter,MRO4245WAP-DOV
19649,variation,WFF1088RMA-DOC37,Zueco de Jardin para Mujer Verde Oliva - 37,53994,89990,1,,,Hunter,Hunter,WFF1088RMA-DOC
19687,variation,UAS3000AAA-MLRL,Hunter Calcetin Bota Rojo - L,14994,24990,1,,,Hunter,Hunter,UAS3000AAA-MLR
19689,variation,UAS3000AAA-HWTL,Hunter Calcetin Bota Blanco Hueso - L,14994,24990,1,,,Hunter,Hunter,UAS3000AAA-HWT
19692,variation,UAS3036AAB-HWTL,Calcetín Bota Alta 6 Puntadas Blanco - L,23994,39990,1,,,Hunter,Hunter,UAS3036AAB-HWT
19864,variation,WFS2018RMA-DOC37,Bota Corta de Jardinera - 37,68994,114990,1,,,Hunter,Hunter,WFS2018RMA-DOC
19918,variation,WRO1323RSF-BLKM,Chaqueta plegable ligera reciclada para mujer - M,106242,124990,1,,,Hunter,Hunter,WRO1323RSF-BLK
19924,variation,WRO1323RSF-NVYL,Chaqueta plegable ligera reciclada para mujer - L,106242,124990,1,,,Hunter,Hunter,WRO1323RSF-NVY
19992,variation,WFT2200RMA-BLK37,BOTAS DE AGUA LARGAS PARA MUJER SLIM FIT (ajustadas) - 37,95994,159990,1,,,Hunter,Hunter,WFT2200RMA-BLK
19997,variation,WFS2200RMA-BLK37,BOTAS REFINED CORTAS PARA MUJER NEGRO - 37,89994,149990,1,,,Hunter,Hunter,WFS2200RMA-BLK
20003,variation,WFS2106WWU-BLK37,Bota Nieve Negra - 37,83994,139990,1,,,Hunter,Hunter,WFS2106WWU-BLK
20007,variation,UAS3000AAA-DOVL,Calcetin Verde Oliva para Bota Alta - L,14994,24990,1,,,Hunter,Hunter,UAS3000AAA-DOV
20158,variable,WFS1018RMA-DOV,Bota Commando Chelsea Verde Militar,,,1,"Invierno, Vegano, Verde, Ofertas","Tipo de producto > Botas, Género, Género > Mujer, Tipo de producto",Hunter,Hunter,
20172,variation,WFS2010CNV-BLK37,Botas Commando Desert Mujer Negras - 37,83994,139990,1,,,Hunter,Hunter,WFS2010CNV-BLK
20183,variation,WFS2010CNV-ATM39,Botas Commando Desert Mujer Verde Musgo - 39,83994,139990,1,,,Hunter,Hunter,WFS2010CNV-ATM
20190,variation,MFS9000CNV-ATM40,Botas Commando Desert Hombre Verde Musgo - 40/41,83994,139990,1,,,Hunter,Hunter,MFS9000CNV-ATM
20204,variation,WFS1018RMA-DOV38,Bota Commando Chelsea Verde Militar - 38,86994,144990,1,,,Hunter,Hunter,WFS1018RMA-DOV
20212,variation,WFS1018RMA-BLK37,Bota Commando Chelsea Negro - 37,86994,144990,1,,,Hunter,Hunter,WFS1018RMA-BLK
20223,variation,WFS1000RMA-OVL37,Botas de Agua Bajas para Mujer Hoja de Olivo - 37,72594,120990,1,,,Hunter,Hunter,WFS1000RMA-OVL
20227,variation,MFS9000CNV-BLK40,Botas Commando Desert Hombre Negras - 40/41,83994,139990,1,,,Hunter,Hunter,MFS9000CNV-BLK
20236,variation,WFS1013RMA-GSC37,Botas De Agua Baja y Ajustables Por Detrás Para Mujer Rosado Oscuro - 37,86994,144990,1,,,Hunter,Hunter,WFS1013RMA-GSC
20244,variation,WFT1000RMA-OVL37,Botas de Agua Altas para Mujer Hoja de Olivo - 37,101994,169990,1,,,Hunter,Hunter,WFT1000RMA-OVL
20251,variable,WFS1000RMA-MLR,Botas de Agua Bajas para Mujer Rojo Militar,,,1,"Impermeables, Invierno, Ofertas","Tipo de producto > Botas, Género, Género > Mujer, Tipo de producto",Hunter,Hunter,
20254,variation,WFT1000RMA-SWG37,Botas de Agua Altas para Mujer Verde Sweet Gale - 37,101994,169990,1,,,Hunter,Hunter,WFT1000RMA-SWG
20262,variation,WFT1001RMA-GSC37,Botas De Agua Altas Y Ajustables Por Detrás Para Mujer Glenmore Rosa - 37,107994,179990,1,,,Hunter,Hunter,WFT1001RMA-GSC
20284,variation,WFT2007RMA-ATM37,Botas De Agua Altas Original Play Para Mujer Verde Musgo - 37,65994,109990,1,,,Hunter,Hunter,WFT2007RMA-ATM
20287,variation,WFS1000RMA-MLR37,Botas de Agua Bajas para Mujer Rojo Militar - 37,80994,134990,1,,,Hunter,Hunter,WFS1000RMA-MLR
20306,variation,,Botas De Agua Altas Original Para Mujer - Brillante / Gloss - 37,77994,129990,1,,,Hunter,Hunter,WFT1000RGL-BCE
20314,variation,WFS1020RMA-ATM37,Botas de Agua Bajas Play Neopreno Verde Musgo Mujer - 37,65994,109990,1,,,Hunter,Hunter,WFS1020RMA-ATM
20325,variation,WFS1020RMA-BLK37,Botas de Agua Bajas Play Neopreno Black Mujer - 37,65994,109990,1,,,Hunter,Hunter,WFS1020RMA-BLK
20335,variation,WFT2007RMA-KOM37,Botas De Agua Altas Original Play Para Mujer Kombu - 37,65994,109990,1,,,Hunter,Hunter,WFT2007RMA-KOM
20349,variation,WFT2052NRE-DOV39,Botas Estilo Sherpa Con Parte Superior Enrollable Para Mujer Verde Oliva - 39,86994,144990,1,,,Hunter,Hunter,WFT2052NRE-DOV
20435,variation,WFS2236NYL-BLK37,Botas Commando Explorer Aislantes Para Mujer Negro - 37,119994,199990,1,,,Hunter,Hunter,WFS2236NYL-BLK
20445,variation,WFS2236NYL-MRF37,Botas Commando Explorer Aislantes Para Mujer Berry - 37,119994,199990,1,,,Hunter,Hunter,WFS2236NYL-MRF
20453,variation,WRO1400WAP-HUB-S,Chaqueta de lluvia para mujer Negra - S,178492,209990,1,,,Hunter,Hunter,WRO1400WAP-HUB
20460,variation,WRO1400WAP-DOV-L,Chaqueta de lluvia para mujer Verde Oliva - L,178492,209990,1,,,Hunter,Hunter,WRO1400WAP-DOV
20462,variation,WRO1400WAP-FRD-XS,Chaqueta de lluvia para mujer Rojo - XS,178492,209990,1,,,Hunter,Hunter,WRO1400WAP-FRD
20468,variation,WRO1404VYL-DOB-S,Chaqueta Play Impermeable de Vinilo para Mujer Verde Oscuro - S,178492,209990,1,,,Hunter,Hunter,WRO1404VYL-DOB
20475,variation,MRO1401WAP-HUB-L,Chaqueta de lluvia para hombre Negra - L,178492,209990,1,,,Hunter,Hunter,MRO1401WAP-HUB
20480,variation,MRO1401WAP-DOV-M,Chaqueta de lluvia para hombre Verde Oscuro - M,178492,209990,1,,,Hunter,Hunter,MRO1401WAP-DOV
20508,variation,UFF1102EVA-BLK44,Zueco In & Out Espuma de Alga Negro - 44,29994,49990,1,,,Hunter,Hunter,UFF1102EVA-BLK
20673,variation,MFS2335LNR-BLK45,Botas Commando de Piel Con Cordones Urban Explorer Para Hombre - 45/46,137994,229990,1,,,Hunter,Hunter,MFS2335LNR-BLK
20913,variation,MFF9100REN-BLK-39,Zapatillas Deportivas Travel - Hombre Black - 39,,119990,1,,,Hunter,,MFF9100REN-BLK
20923,variation,MFF9100REN-ZSB-40,Zapatillas Deportivas Travel - Hombre Zesty Yellow - 40/41,,119990,1,,,Hunter,,MFF9100REN-ZSB
20976,variation,WFF1100REN-BLK-37,Zapatillas Deportivas Travel - Mujer - Black - 37,,119990,1,,,Hunter,,WFF1100REN-BLK
20983,variation,WFF1100REN-SSH-37,"Zapatillas Deportivas Travel - Mujer White, Green & Coral - 37",,119990,1,,,Hunter,,WFF1100REN-SSH
20990,variation,WFF1100REN-SSA-37,Zapatillas Deportivas Travel - Mujer Shaded White - 37,,119990,1,,,Hunter,,WFF1100REN-SSA
21005,variation,WFF1100REN-RCG-36,Zapatillas Deportivas Travel - Mujer Red Tang - 36,,119990,1,,,Hunter,,WFF1100REN-RCG
21014,variation,WFF1100REN-BSH-37,Zapatillas Deportivas Travel - Mujer Black Shaded White - 37,,119990,1,,,Hunter,,WFF1100REN-BSH
21204,variation,WFS2336REN-BLK-37,Botas Commando Travel Explorer Black - Mujer - 37,119994,199990,1,,,Hunter,Hunter,WFS2336REN-BLK
21211,variation,WFS2336REN-SED-37,Botas Commando Travel Explorer White - Mujer - 37,119994,199990,1,,,Hunter,Hunter,WFS2336REN-SED
21225,variation,WFT2235RMA-BLK-37,Botas Play Alta Aislante Con Forro De Shearling Black Para Mujer - 37,83994,139990,1,,,Hunter,Hunter,WFT2235RMA-BLK
21236,variation,WFT2235RMA-WHW-37,Botas Play Altas Aislante Con Forro - Shearling White - Mujer - 37,83994,139990,1,,,Hunter,Hunter,WFT2235RMA-WHW
21251,variation,WRO1434RPD-HUB-S,Chaqueta Acolchada De Nylon Reciclado Explorer Para Mujer - S,127492,149990,1,,,Hunter,Hunter,WRO1434RPD-HUB
21260,variation,WRO1435RPD-HUB-M,Chaqueta Acolchada Explorer De Nylon Reciclado Para Mujer - M,148742,174990,1,,,Hunter,Hunter,WRO1435RPD-HUB
21841,variation,WFS1018RGL-BLK37,Botas Chelsea Commando Negras Brillantes Para Mujer - 37,89994,149990,1,,,Hunter,Hunter,WFS1018RGL-BLK
21852,variation,WFS1018RMA-CAS37,Botas Chelsea Commando Para Mujer Gris Pálido - 37,89994,149990,1,,,Hunter,Hunter,WFS1018RMA-CAS
21878,variation,WFS2240NRE-BWI37,Bota Enrollable - Sherpa Vegano - Mujeres - Negro con Blanco - 37,92994,154990,1,,,Hunter,Hunter,WFS2240NRE-BWI
21888,variation,WFT2007RMA-APL37,Botas De Agua Play Altas Para Mujer Rosadas - 37,65994,109990,1,,,Hunter,Hunter,WFT2007RMA-APL
21895,variation,WFS2020RMA-APL38,Botas De Agua Play Cortas Para Mujer Rosada - 38,59994,99990,1,,,Hunter,Hunter,WFS2020RMA-APL
24323,variation,UFF1102EVA-PER44,Zueco In & Out Espuma de Alga Rosado - 44,29994,49990,1,,,Hunter,Hunter,UFF1102EVA-PER
24462,variation,MFK1000PTP-BLK40,Zapatilla Travel Trainer Black Hombre - 40/41,,119990,1,,,Hunter,Hunter,MFK1000PTP-BLK
24470,variation,MFF9100REN-SED40,Zapatillas Deportivas Travel - Hombre Shaded White - 40/41,,119990,1,,,Hunter,,MFF9100REN-SED
24814,variation,MFF9100REN-LTB-40,Zapatillas Deportivas Travel - Hombre Verde Musgo - 40/41,,119990,1,,,Hunter,,MFF9100REN-LTB
24827,variation,WFF1100REN-VPY-37,Zapatillas Deportivas Travel - Mujer - Red - 37,,119990,1,,,Hunter,,WFF1100REN-VPY
18528,variation,WFS1000RGL-BLK38,Botas De Agua Bajas Y Brillantes Original Para Mujer Negro - 38,72594,120990,1,,,Hunter,Hunter,WFS1000RGL-BLK
18540,variation,WFS1000RMA-DOV38,Botas De Agua Bajas Original Para Mujer Verde Oliva - 38,72594,120990,1,,,Hunter,Hunter,WFS1000RMA-DOV
18558,variation,WFS2020RMA-BLK38,Botas De Agua Bajas Play Mujer Negro - 38,59994,99990,1,,,Hunter,Hunter,WFS2020RMA-BLK
18564,variation,WFS2020RMA-LRD38,Botas de Agua Bajas Play para Mujer Rojo - 38,65994,109990,1,,,Hunter,Hunter,WFS2020RMA-LRD
18570,variation,WFS2048RMA-BLK38,Botas De Agua Aislantes Bajas Original Para Mujer BLK - 38,83994,139990,1,,,Hunter,Hunter,WFS2048RMA-BLK
18582,variation,WFT1000RGL-BLK38,Botas Altas Y Brillantes Original Para Mujer Negro - 38,101994,169990,1,,,Hunter,Hunter,WFT1000RGL-BLK
18596,variation,WFT1000RGL-DOV38,Botas Altas Y Brillantes Original Para Mujer Verde Oliva - 38,77994,129990,1,,,Hunter,Hunter,WFT1000RGL-DOV
18609,variation,WFT1000RGL-MLR39,Botas Altas Y Brillantes Original Para Mujer Rojo Militar - 39,101994,169990,1,,,Hunter,Hunter,WFT1000RGL-MLR
18614,variation,WFT1000RMA-DOV38,Botas De Agua Altas Original Para Mujer Verde Oliva - 38,77994,129990,1,,,Hunter,Hunter,WFT1000RMA-DOV
18625,variation,WFT1000RMA-HGR37,Botas De Agua Altas Original Para Mujer Verde - 37,101994,169990,1,,,Hunter,Hunter,WFT1000RMA-HGR
18676,variation,WFT1000RMA-MLR38,Botas de Agua Altas para Mujer Rojo Militar - 38,101994,169990,1,,,Hunter,Hunter,WFT1000RMA-MLR
18687,variation,WFT1000RMA-RYL38,Botas De Agua Altas Original Para Mujer Amarillo - 38,89994,149990,1,,,Hunter,Hunter,WFT1000RMA-RYL
18692,variation,WFT1000RMA-SIL37,Botas De Agua Altas Original Para Mujer Plateado - 37,89994,149990,1,,,Hunter,Hunter,WFT1000RMA-SIL
19042,variation,MFT9000RMA-HGR42,Botas De Agua Altas Original Para Hombre Verde - 42,89994,149990,1,,,Hunter,Hunter,MFT9000RMA-HGR
19057,variation,UZF3003LSK-NTR38,Plantilla Luxury Shearling - 38,11394,18990,1,,,Hunter,Hunter,UZF3003LSK-NTR
19072,variation,WFS1000RGL-MLR38,Botas De Agua Bajas Y Brillantes Original Para Mujer Rojo Militar - 38,72594,120990,1,,,Hunter,Hunter,WFS1000RGL-MLR
19089,variation,WFS1043RMA-SUG38,Botas Chelsea Original Para Mujer Verde Suculenta - 38,70194,116990,1,,,Hunter,Hunter,WFS1043RMA-SUG
19106,variation,WFS2020RMA-LIH37,Botas De Agua Bajas Original Play Para Mujer LIH - 37,44994,74990,1,,,Hunter,Hunter,WFS2020RMA-LIH
19113,variation,WFS2020RMA-ZNC38,Botas De Agua Bajas Original Play Para Mujer ZNC - 38,59994,99990,1,,,Hunter,Hunter,WFS2020RMA-ZNC
19118,variation,WFT1000RGL-NVY36,Botas Altas Y Brillantes Original Para Mujer Azul Marino - 36,77994,129990,1,,,Hunter,Hunter,WFT1000RGL-NVY
19119,variation,WFT1000RGL-NVY37,Botas Altas Y Brillantes Original Para Mujer Azul Marino - 37,77994,129990,1,,,Hunter,Hunter,WFT1000RGL-NVY
19125,variation,WFT1000RGL-RVI38,Botas Altas Y Brillantes Original Para Mujer Morada - 38,77994,129990,1,,,Hunter,Hunter,WFT1000RGL-RVI
19130,variation,WFT1001RGL-BLK37,Botas De Agua Altas Y Ajustables Por Detrás Para Mujer Negro - 37,107994,179990,1,,,Hunter,Hunter,WFT1001RGL-BLK
19138,variation,WFT1001RMA-BLK39,Botas De Agua Altas Y Ajustables Por Detrás Original Para Mujer Negro - 39,107994,179990,1,,,Hunter,Hunter,WFT1001RMA-BLK
19148,variation,WFT1071RMA-BLK38,Botas Original Refined Para Mujer Negro - 38,80994,134990,1,,,Hunter,Hunter,WFT1071RMA-BLK
19154,variation,WFT2007EXL-OEX38,Botas Altas Original Play Con Logotipo Ampliado Para Mujer - 38,65400,109000,1,,,Hunter,Hunter,WFT2007EXL-OEX
19160,variation,WFT2007RMA-BLK38,Botas De Agua Altas Original Play Para Mujer BLK - 38,65994,109990,1,,,Hunter,Hunter,WFT2007RMA-BLK
19166,variation,WFT2007RMA-LIH38,Botas De Agua Altas Original Play Para Mujer LIH - 38,53994,89990,1,,,Hunter,Hunter,WFT2007RMA-LIH
19172,variation,WFT2007RMA-LRD38,Botas De Agua Altas Original Play Para Mujer LRD - 38,65994,109990,1,,,Hunter,Hunter,WFT2007RMA-LRD
19179,variation,WFT2007RMA-ZNC39,Botas De Agua Altas Original Play Para Mujer ZNC - 39,65994,109990,1,,,Hunter,Hunter,WFT2007RMA-ZNC
19183,variation,WFT2041RMA-BLK37,Botas Altas Aislantes Original Para Mujer BLK - 37,107994,179990,1,,,Hunter,Hunter,WFT2041RMA-BLK
19189,variation,WFT2052NRE-BLK37,Botas Estilo Sherpa Con Parte Superior Enrollable Para Mujer Negro - 37,86994,144990,1,,,Hunter,Hunter,WFT2052NRE-BLK
19201,variation,WFT2078RMA-BHE37,Botas Altas Calendar Original Para Mujer - 37,92994,154990,1,,,Hunter,Hunter,WFT2078RMA-BHE
19353,variation,MFT9000RMA-BLK42,Botas De Agua Altas Original Para Hombre Negra - 42,95994,159990,1,,,Hunter,Hunter,MFT9000RMA-BLK
19361,variation,MFT9000RMA-DOV44,Botas De Agua Altas Original Para Hombre Verde Oliva - 44,95994,159990,1,,,Hunter,Hunter,MFT9000RMA-DOV
19366,variation,WFT1000RMA-BLK38,Botas De Agua Altas Original Para Mujer - 38,101994,169990,1,,,Hunter,Hunter,WFT1000RMA-BLK
19499,variation,WFS1051RMA-BLK38,BOTA ANKLE BLACK - 38,80994,134990,1,,,Hunter,Hunter,WFS1051RMA-BLK
19520,variation,WFS2020RMA-BBO38,Botas De Agua Bajas Original Play Para Mujer Celeste - 38,65994,109990,1,,,Hunter,Hunter,WFS2020RMA-BBO
19630,variation,WRO1345WAP-BLKM,Chaqueta Impermeable Mujer Black - M,157242,184990,1,,,Hunter,Hunter,WRO1345WAP-BLK
19636,variation,WRO1345WAP-DOVM,Chaqueta Impermeable Mujer Olive Green - M,157242,184990,1,,,Hunter,Hunter,WRO1345WAP-DOV
19639,variation,MRO4245WAP-BLKM,Chaqueta Impermeable Hombre Black - L,157242,184990,1,,,Hunter,Hunter,MRO4245WAP-BLK
19642,variation,MRO4245WAP-DOVM,Chaqueta Impermeable Hombre Olive Green - L,157242,184990,1,,,Hunter,Hunter,MRO4245WAP-DOV
19650,variation,WFF1088RMA-DOC38,Zueco de Jardin para Mujer Verde Oliva - 38,53994,89990,1,,,Hunter,Hunter,WFF1088RMA-DOC
19865,variation,WFS2018RMA-DOC38,Bota Corta de Jardinera - 38,68994,114990,1,,,Hunter,Hunter,WFS2018RMA-DOC
19917,variation,WRO1323RSF-BLKS,Chaqueta plegable ligera reciclada para mujer - S,106242,124990,1,,,Hunter,Hunter,WRO1323RSF-BLK
19922,variation,WRO1323RSF-NVYS,Chaqueta plegable ligera reciclada para mujer - S,106242,124990,1,,,Hunter,Hunter,WRO1323RSF-NVY
19993,variation,WFT2200RMA-BLK38,BOTAS DE AGUA LARGAS PARA MUJER SLIM FIT (ajustadas) - 38,95994,159990,1,,,Hunter,Hunter,WFT2200RMA-BLK
19998,variation,WFS2200RMA-BLK38,BOTAS REFINED CORTAS PARA MUJER NEGRO - 38,89994,149990,1,,,Hunter,Hunter,WFS2200RMA-BLK
20004,variation,WFS2106WWU-BLK38,Bota Nieve Negra - 38,83994,139990,1,,,Hunter,Hunter,WFS2106WWU-BLK
20166,variation,UAS3036AAB-GRGXL,Hunter Calcetín Bota 6 Puntadas Beige - XL,23994,39990,1,,,Hunter,Hunter,UAS3036AAB-GRG
20173,variation,WFS2010CNV-BLK38,Botas Commando Desert Mujer Negras - 38,83994,139990,1,,,Hunter,Hunter,WFS2010CNV-BLK
20182,variation,WFS2010CNV-ATM38,Botas Commando Desert Mujer Verde Musgo - 38,83994,139990,1,,,Hunter,Hunter,WFS2010CNV-ATM
20191,variation,MFS9000CNV-ATM42,Botas Commando Desert Hombre Verde Musgo - 42,83994,139990,1,,,Hunter,Hunter,MFS9000CNV-ATM
20205,variation,WFS1018RMA-DOV39,Bota Commando Chelsea Verde Militar - 39,86994,144990,1,,,Hunter,Hunter,WFS1018RMA-DOV
20213,variation,WFS1018RMA-BLK38,Bota Commando Chelsea Negro - 38,86994,144990,1,,,Hunter,Hunter,WFS1018RMA-BLK
20224,variation,WFS1000RMA-OVL38,Botas de Agua Bajas para Mujer Hoja de Olivo - 38,72594,120990,1,,,Hunter,Hunter,WFS1000RMA-OVL
20229,variation,MFS9000CNV-BLK42,Botas Commando Desert Hombre Negras - 42,83994,139990,1,,,Hunter,Hunter,MFS9000CNV-BLK
20240,variation,WFS1013RMA-GSC42,Botas De Agua Baja y Ajustables Por Detrás Para Mujer Rosado Oscuro - 42,86994,144990,1,,,Hunter,Hunter,WFS1013RMA-GSC
20245,variation,WFT1000RMA-OVL38,Botas de Agua Altas para Mujer Hoja de Olivo - 38,101994,169990,1,,,Hunter,Hunter,WFT1000RMA-OVL
20255,variation,WFT1000RMA-SWG38,Botas de Agua Altas para Mujer Verde Sweet Gale - 38,101994,169990,1,,,Hunter,Hunter,WFT1000RMA-SWG
20263,variation,WFT1001RMA-GSC38,Botas De Agua Altas Y Ajustables Por Detrás Para Mujer Glenmore Rosa - 38,107994,179990,1,,,Hunter,Hunter,WFT1001RMA-GSC
20275,variation,WFS1000RMA-MLR38,Botas de Agua Bajas para Mujer Rojo Militar - 38,80994,134990,1,,,Hunter,Hunter,WFS1000RMA-MLR
20285,variation,WFT2007RMA-ATM38,Botas De Agua Altas Original Play Para Mujer Verde Musgo - 38,65994,109990,1,,,Hunter,Hunter,WFT2007RMA-ATM
20315,variation,WFS1020RMA-ATM38,Botas de Agua Bajas Play Neopreno Verde Musgo Mujer - 38,65994,109990,1,,,Hunter,Hunter,WFS1020RMA-ATM
20326,variation,WFS1020RMA-BLK38,Botas de Agua Bajas Play Neopreno Black Mujer - 38,65994,109990,1,,,Hunter,Hunter,WFS1020RMA-BLK
20338,variation,WFT2007RMA-KOM38,Botas De Agua Altas Original Play Para Mujer Kombu - 38,65994,109990,1,,,Hunter,Hunter,WFT2007RMA-KOM
20346,variation,WFT2052NRE-DOV36,Botas Estilo Sherpa Con Parte Superior Enrollable Para Mujer Verde Oliva - 36,86994,144990,1,,,Hunter,Hunter,WFT2052NRE-DOV
20436,variation,WFS2236NYL-BLK38,Botas Commando Explorer Aislantes Para Mujer Negro - 38,119994,199990,1,,,Hunter,Hunter,WFS2236NYL-BLK
20446,variation,WFS2236NYL-MRF38,Botas Commando Explorer Aislantes Para Mujer Berry - 38,119994,199990,1,,,Hunter,Hunter,WFS2236NYL-MRF
20454,variation,WRO1400WAP-HUB-M,Chaqueta de lluvia para mujer Negra - M,178492,209990,1,,,Hunter,Hunter,WRO1400WAP-HUB
20457,variation,WRO1400WAP-DOV-XS,Chaqueta de lluvia para mujer Verde Oliva - XS,178492,209990,1,,,Hunter,Hunter,WRO1400WAP-DOV
20463,variation,WRO1400WAP-FRD-S,Chaqueta de lluvia para mujer Rojo - S,178492,209990,1,,,Hunter,Hunter,WRO1400WAP-FRD
20469,variation,WRO1404VYL-DOB-M,Chaqueta Play Impermeable de Vinilo para Mujer Verde Oscuro - M,178492,209990,1,,,Hunter,Hunter,WRO1404VYL-DOB
20476,variation,MRO1401WAP-HUB-M,Chaqueta de lluvia para hombre Negra - M,178492,209990,1,,,Hunter,Hunter,MRO1401WAP-HUB
20481,variation,MRO1401WAP-DOV-L,Chaqueta de lluvia para hombre Verde Oscuro - L,178492,209990,1,,,Hunter,Hunter,MRO1401WAP-DOV
20509,variation,UFF1102EVA-BLK45,Zueco In & Out Espuma de Alga Negro - 45/46,29994,49990,1,,,Hunter,Hunter,UFF1102EVA-BLK
20668,variation,MFS2335LNR-BLK39,Botas Commando de Piel Con Cordones Urban Explorer Para Hombre - 39,137994,229990,1,,,Hunter,Hunter,MFS2335LNR-BLK
20915,variation,MFF9100REN-BLK-42,Zapatillas Deportivas Travel - Hombre Black - 42,,119990,1,,,Hunter,,MFF9100REN-BLK
20924,variation,MFF9100REN-ZSB-42,Zapatillas Deportivas Travel - Hombre Zesty Yellow - 42,,119990,1,,,Hunter,,MFF9100REN-ZSB
20977,variation,WFF1100REN-BLK-38,Zapatillas Deportivas Travel - Mujer - Black - 38,,119990,1,,,Hunter,,WFF1100REN-BLK
20984,variation,WFF1100REN-SSH-38,"Zapatillas Deportivas Travel - Mujer White, Green & Coral - 38",,119990,1,,,Hunter,,WFF1100REN-SSH
20991,variation,WFF1100REN-SSA-38,Zapatillas Deportivas Travel - Mujer Shaded White - 38,,119990,1,,,Hunter,,WFF1100REN-SSA
21006,variation,WFF1100REN-RCG-37,Zapatillas Deportivas Travel - Mujer Red Tang - 37,,119990,1,,,Hunter,,WFF1100REN-RCG
21015,variation,WFF1100REN-BSH-38,Zapatillas Deportivas Travel - Mujer Black Shaded White - 38,,119990,1,,,Hunter,,WFF1100REN-BSH
21205,variation,WFS2336REN-BLK-38,Botas Commando Travel Explorer Black - Mujer - 38,119994,199990,1,,,Hunter,Hunter,WFS2336REN-BLK
21212,variation,WFS2336REN-SED-38,Botas Commando Travel Explorer White - Mujer - 38,119994,199990,1,,,Hunter,Hunter,WFS2336REN-SED
21226,variation,WFT2235RMA-BLK-38,Botas Play Alta Aislante Con Forro De Shearling Black Para Mujer - 38,83994,139990,1,,,Hunter,Hunter,WFT2235RMA-BLK
21234,variable,WFT2235RMA-WHW,Botas Play Altas Aislante Con Forro - Shearling White - Mujer,,,1,"Botas, Bototos, Hunter, Impermeables, Mujer, Negra, Sherpa, Ofertas","Tipo de producto > Botas, Género, Género > Mujer, Tipo de producto",Hunter,Hunter,
21237,variation,WFT2235RMA-WHW-38,Botas Play Altas Aislante Con Forro - Shearling White - Mujer - 38,83994,139990,1,,,Hunter,Hunter,WFT2235RMA-WHW
21253,variation,WRO1434RPD-HUB-L,Chaqueta Acolchada De Nylon Reciclado Explorer Para Mujer - L,127492,149990,1,,,Hunter,Hunter,WRO1434RPD-HUB
21261,variation,WRO1435RPD-HUB-L,Chaqueta Acolchada Explorer De Nylon Reciclado Para Mujer - L,148742,174990,1,,,Hunter,Hunter,WRO1435RPD-HUB
21842,variation,WFS1018RGL-BLK38,Botas Chelsea Commando Negras Brillantes Para Mujer - 38,89994,149990,1,,,Hunter,Hunter,WFS1018RGL-BLK
21853,variation,WFS1018RMA-CAS38,Botas Chelsea Commando Para Mujer Gris Pálido - 38,89994,149990,1,,,Hunter,Hunter,WFS1018RMA-CAS
21879,variation,WFS2240NRE-BWI38,Bota Enrollable - Sherpa Vegano - Mujeres - Negro con Blanco - 38,92994,154990,1,,,Hunter,Hunter,WFS2240NRE-BWI
21889,variation,WFT2007RMA-APL38,Botas De Agua Play Altas Para Mujer Rosadas - 38,65994,109990,1,,,Hunter,Hunter,WFT2007RMA-APL
21894,variation,WFS2020RMA-APL37,Botas De Agua Play Cortas Para Mujer Rosada - 37,59994,99990,1,,,Hunter,Hunter,WFS2020RMA-APL
24324,variation,UFF1102EVA-PER45,Zueco In & Out Espuma de Alga Rosado - 45/46,29994,49990,1,,,Hunter,Hunter,UFF1102EVA-PER
24463,variation,MFK1000PTP-BLK42,Zapatilla Travel Trainer Black Hombre - 42,,119990,1,,,Hunter,Hunter,MFK1000PTP-BLK
24471,variation,MFF9100REN-SED42,Zapatillas Deportivas Travel - Hombre Shaded White - 42,,119990,1,,,Hunter,,MFF9100REN-SED
24815,variation,MFF9100REN-LTB-42,Zapatillas Deportivas Travel - Hombre Verde Musgo - 42,,119990,1,,,Hunter,,MFF9100REN-LTB
24828,variation,WFF1100REN-VPY-38,Zapatillas Deportivas Travel - Mujer - Red - 38,,119990,1,,,Hunter,,WFF1100REN-VPY
18529,variation,WFS1000RGL-BLK39,Botas De Agua Bajas Y Brillantes Original Para Mujer Negro - 39,72594,120990,1,,,Hunter,Hunter,WFS1000RGL-BLK
18541,variation,WFS1000RMA-DOV39,Botas De Agua Bajas Original Para Mujer Verde Oliva - 39,72594,120990,1,,,Hunter,Hunter,WFS1000RMA-DOV
18559,variation,WFS2020RMA-BLK39,Botas De Agua Bajas Play Mujer Negro - 39,59994,99990,1,,,Hunter,Hunter,WFS2020RMA-BLK
18565,variation,WFS2020RMA-LRD39,Botas de Agua Bajas Play para Mujer Rojo - 39,65994,109990,1,,,Hunter,Hunter,WFS2020RMA-LRD
18571,variation,WFS2048RMA-BLK39,Botas De Agua Aislantes Bajas Original Para Mujer BLK - 39,83994,139990,1,,,Hunter,Hunter,WFS2048RMA-BLK
18591,variation,WFT1000RGL-BLK39,Botas Altas Y Brillantes Original Para Mujer Negro - 39,101994,169990,1,,,Hunter,Hunter,WFT1000RGL-BLK
18597,variation,WFT1000RGL-DOV39,Botas Altas Y Brillantes Original Para Mujer Verde Oliva - 39,77994,129990,1,,,Hunter,Hunter,WFT1000RGL-DOV
18608,variation,WFT1000RGL-MLR38,Botas Altas Y Brillantes Original Para Mujer Rojo Militar - 38,101994,169990,1,,,Hunter,Hunter,WFT1000RGL-MLR
18615,variation,WFT1000RMA-DOV39,Botas De Agua Altas Original Para Mujer Verde Oliva - 39,77994,129990,1,,,Hunter,Hunter,WFT1000RMA-DOV
18626,variation,WFT1000RMA-HGR38,Botas De Agua Altas Original Para Mujer Verde - 38,101994,169990,1,,,Hunter,Hunter,WFT1000RMA-HGR
18677,variation,WFT1000RMA-MLR39,Botas de Agua Altas para Mujer Rojo Militar - 39,101994,169990,1,,,Hunter,Hunter,WFT1000RMA-MLR
18688,variation,WFT1000RMA-RYL39,Botas De Agua Altas Original Para Mujer Amarillo - 39,89994,149990,1,,,Hunter,Hunter,WFT1000RMA-RYL
18693,variation,WFT1000RMA-SIL38,Botas De Agua Altas Original Para Mujer Plateado - 38,89994,149990,1,,,Hunter,Hunter,WFT1000RMA-SIL
19043,variation,MFT9000RMA-HGR43,Botas De Agua Altas Original Para Hombre Verde - 43,89994,149990,1,,,Hunter,Hunter,MFT9000RMA-HGR
19055,variation,UZF3003LSK-NTR36,Plantilla Luxury Shearling - 36,11394,18990,1,,,Hunter,Hunter,UZF3003LSK-NTR
19073,variation,WFS1000RGL-MLR39,Botas De Agua Bajas Y Brillantes Original Para Mujer Rojo Militar - 39,72594,120990,1,,,Hunter,Hunter,WFS1000RGL-MLR
19090,variation,WFS1043RMA-SUG39,Botas Chelsea Original Para Mujer Verde Suculenta - 39,70194,116990,1,,,Hunter,Hunter,WFS1043RMA-SUG
19107,variation,WFS2020RMA-LIH38,Botas De Agua Bajas Original Play Para Mujer LIH - 38,44994,74990,1,,,Hunter,Hunter,WFS2020RMA-LIH
19114,variation,WFS2020RMA-ZNC39,Botas De Agua Bajas Original Play Para Mujer ZNC - 39,59994,99990,1,,,Hunter,Hunter,WFS2020RMA-ZNC
19126,variation,WFT1000RGL-RVI39,Botas Altas Y Brillantes Original Para Mujer Morada - 39,77994,129990,1,,,Hunter,Hunter,WFT1000RGL-RVI
19131,variation,WFT1001RGL-BLK38,Botas De Agua Altas Y Ajustables Por Detrás Para Mujer Negro - 38,107994,179990,1,,,Hunter,Hunter,WFT1001RGL-BLK
19137,variation,WFT1001RMA-BLK38,Botas De Agua Altas Y Ajustables Por Detrás Original Para Mujer Negro - 38,107994,179990,1,,,Hunter,Hunter,WFT1001RMA-BLK
19149,variation,WFT1071RMA-BLK39,Botas Original Refined Para Mujer Negro - 39,80994,134990,1,,,Hunter,Hunter,WFT1071RMA-BLK
19155,variation,WFT2007EXL-OEX39,Botas Altas Original Play Con Logotipo Ampliado Para Mujer - 39,65400,109000,1,,,Hunter,Hunter,WFT2007EXL-OEX
19161,variation,WFT2007RMA-BLK39,Botas De Agua Altas Original Play Para Mujer BLK - 39,65994,109990,1,,,Hunter,Hunter,WFT2007RMA-BLK
19167,variation,WFT2007RMA-LIH39,Botas De Agua Altas Original Play Para Mujer LIH - 39,53994,89990,1,,,Hunter,Hunter,WFT2007RMA-LIH
19173,variation,WFT2007RMA-LRD39,Botas De Agua Altas Original Play Para Mujer LRD - 39,65994,109990,1,,,Hunter,Hunter,WFT2007RMA-LRD
19178,variation,WFT2007RMA-ZNC38,Botas De Agua Altas Original Play Para Mujer ZNC - 38,65994,109990,1,,,Hunter,Hunter,WFT2007RMA-ZNC
19184,variation,WFT2041RMA-BLK38,Botas Altas Aislantes Original Para Mujer BLK - 38,107994,179990,1,,,Hunter,Hunter,WFT2041RMA-BLK
19190,variation,WFT2052NRE-BLK38,Botas Estilo Sherpa Con Parte Superior Enrollable Para Mujer Negro - 38,86994,144990,1,,,Hunter,Hunter,WFT2052NRE-BLK
19202,variation,WFT2078RMA-BHE38,Botas Altas Calendar Original Para Mujer - 38,92994,154990,1,,,Hunter,Hunter,WFT2078RMA-BHE
19354,variation,MFT9000RMA-BLK43,Botas De Agua Altas Original Para Hombre Negra - 43,95994,159990,1,,,Hunter,Hunter,MFT9000RMA-BLK
19360,variation,MFT9000RMA-DOV43,Botas De Agua Altas Original Para Hombre Verde Oliva - 43,95994,159990,1,,,Hunter,Hunter,MFT9000RMA-DOV
19367,variation,WFT1000RMA-BLK39,Botas De Agua Altas Original Para Mujer - 39,101994,169990,1,,,Hunter,Hunter,WFT1000RMA-BLK
19500,variation,WFS1051RMA-BLK39,BOTA ANKLE BLACK - 39,80994,134990,1,,,Hunter,Hunter,WFS1051RMA-BLK
19521,variation,WFS2020RMA-BBO39,Botas De Agua Bajas Original Play Para Mujer Celeste - 39,65994,109990,1,,,Hunter,Hunter,WFS2020RMA-BBO
19631,variation,WRO1345WAP-BLKL,Chaqueta Impermeable Mujer Black - L,157242,184990,1,,,Hunter,Hunter,WRO1345WAP-BLK
19637,variation,WRO1345WAP-DOVL,Chaqueta Impermeable Mujer Olive Green - L,157242,184990,1,,,Hunter,Hunter,WRO1345WAP-DOV
19651,variation,WFF1088RMA-DOC39,Zueco de Jardin para Mujer Verde Oliva - 39,53994,89990,1,,,Hunter,Hunter,WFF1088RMA-DOC
19868,variation,WFS2018RMA-DOC39,Bota Corta de Jardinera - 39,68994,114990,1,,,Hunter,Hunter,WFS2018RMA-DOC
19916,variation,WRO1323RSF-BLKXS,Chaqueta plegable ligera reciclada para mujer - XS,106242,124990,1,,,Hunter,Hunter,WRO1323RSF-BLK
19921,variation,WRO1323RSF-NVYXS,Chaqueta plegable ligera reciclada para mujer - XS,106242,124990,1,,,Hunter,Hunter,WRO1323RSF-NVY
19994,variation,WFT2200RMA-BLK39,BOTAS DE AGUA LARGAS PARA MUJER SLIM FIT (ajustadas) - 39,95994,159990,1,,,Hunter,Hunter,WFT2200RMA-BLK
19999,variation,WFS2200RMA-BLK39,BOTAS REFINED CORTAS PARA MUJER NEGRO - 39,89994,149990,1,,,Hunter,Hunter,WFS2200RMA-BLK
20005,variation,WFS2106WWU-BLK39,Bota Nieve Negra - 39,83994,139990,1,,,Hunter,Hunter,WFS2106WWU-BLK
20159,variable,WFS1018RMA-BLK,Bota Commando Chelsea Negro,,,1,"Impermeables, Invierno, Ofertas","Tipo de producto > Botas, Género, Género > Mujer, Tipo de producto",Hunter,Hunter,
20174,variation,WFS2010CNV-BLK39,Botas Commando Desert Mujer Negras - 39,83994,139990,1,,,Hunter,Hunter,WFS2010CNV-BLK
20181,variation,WFS2010CNV-ATM37,Botas Commando Desert Mujer Verde Musgo - 37,83994,139990,1,,,Hunter,Hunter,WFS2010CNV-ATM
20206,variation,WFS1018RMA-DOV40,Bota Commando Chelsea Verde Militar - 40/41,86994,144990,1,,,Hunter,Hunter,WFS1018RMA-DOV
20214,variation,WFS1018RMA-BLK39,Bota Commando Chelsea Negro - 39,86994,144990,1,,,Hunter,Hunter,WFS1018RMA-BLK
20225,variation,WFS1000RMA-OVL39,Botas de Agua Bajas para Mujer Hoja de Olivo - 39,72594,120990,1,,,Hunter,Hunter,WFS1000RMA-OVL
20230,variation,MFS9000CNV-BLK43,Botas Commando Desert Hombre Negras - 43,83994,139990,1,,,Hunter,Hunter,MFS9000CNV-BLK
20237,variation,WFS1013RMA-GSC38,Botas De Agua Baja y Ajustables Por Detrás Para Mujer Rosado Oscuro - 38,86994,144990,1,,,Hunter,Hunter,WFS1013RMA-GSC
20246,variation,WFT1000RMA-OVL39,Botas de Agua Altas para Mujer Hoja de Olivo - 39,101994,169990,1,,,Hunter,Hunter,WFT1000RMA-OVL
20256,variation,WFT1000RMA-SWG39,Botas de Agua Altas para Mujer Verde Sweet Gale - 39,101994,169990,1,,,Hunter,Hunter,WFT1000RMA-SWG
20264,variation,WFT1001RMA-GSC39,Botas De Agua Altas Y Ajustables Por Detrás Para Mujer Glenmore Rosa - 39,107994,179990,1,,,Hunter,Hunter,WFT1001RMA-GSC
20276,variation,WFS1000RMA-MLR39,Botas de Agua Bajas para Mujer Rojo Militar - 39,80994,134990,1,,,Hunter,Hunter,WFS1000RMA-MLR
20286,variation,WFT2007RMA-ATM39,Botas De Agua Altas Original Play Para Mujer Verde Musgo - 39,65994,109990,1,,,Hunter,Hunter,WFT2007RMA-ATM
20316,variation,WFS1020RMA-ATM39,Botas de Agua Bajas Play Neopreno Verde Musgo Mujer - 39,65994,109990,1,,,Hunter,Hunter,WFS1020RMA-ATM
20327,variation,WFS1020RMA-BLK39,Botas de Agua Bajas Play Neopreno Black Mujer - 39,65994,109990,1,,,Hunter,Hunter,WFS1020RMA-BLK
20339,variation,WFT2007RMA-KOM39,Botas De Agua Altas Original Play Para Mujer Kombu - 39,65994,109990,1,,,Hunter,Hunter,WFT2007RMA-KOM
20348,variation,WFT2052NRE-DOV38,Botas Estilo Sherpa Con Parte Superior Enrollable Para Mujer Verde Oliva - 38,86994,144990,1,,,Hunter,Hunter,WFT2052NRE-DOV
20437,variation,WFS2236NYL-BLK39,Botas Commando Explorer Aislantes Para Mujer Negro - 39,119994,199990,1,,,Hunter,Hunter,WFS2236NYL-BLK
20447,variation,WFS2236NYL-MRF39,Botas Commando Explorer Aislantes Para Mujer Berry - 39,119994,199990,1,,,Hunter,Hunter,WFS2236NYL-MRF
20455,variation,WRO1400WAP-HUB-L,Chaqueta de lluvia para mujer Negra - L,178492,209990,1,,,Hunter,Hunter,WRO1400WAP-HUB
20459,variation,WRO1400WAP-DOV-M,Chaqueta de lluvia para mujer Verde Oliva - M,178492,209990,1,,,Hunter,Hunter,WRO1400WAP-DOV
20465,variation,WRO1400WAP-FRD-L,Chaqueta de lluvia para mujer Rojo - L,178492,209990,1,,,Hunter,Hunter,WRO1400WAP-FRD
20470,variation,WRO1404VYL-DOB-L,Chaqueta Play Impermeable de Vinilo para Mujer Verde Oscuro - L,178492,209990,1,,,Hunter,Hunter,WRO1404VYL-DOB
20482,variation,MRO1401WAP-DOV-XL,Chaqueta de lluvia para hombre Verde Oscuro - XL,178492,209990,1,,,Hunter,Hunter,MRO1401WAP-DOV
20491,variation,UFF1102EVA-PER36,Zueco In & Out Espuma de Alga Rosado - 36,29994,49990,1,,,Hunter,Hunter,UFF1102EVA-PER
20501,variation,UFF1102EVA-BLK36,Zueco In & Out Espuma de Alga Negro - 36,29994,49990,1,,,Hunter,Hunter,UFF1102EVA-BLK
20669,variation,MFS2335LNR-BLK40,Botas Commando de Piel Con Cordones Urban Explorer Para Hombre - 40/41,137994,229990,1,,,Hunter,Hunter,MFS2335LNR-BLK
20916,variation,MFF9100REN-BLK-43,Zapatillas Deportivas Travel - Hombre Black - 43,,119990,1,,,Hunter,,MFF9100REN-BLK
20925,variation,MFF9100REN-ZSB-43,Zapatillas Deportivas Travel - Hombre Zesty Yellow - 43,,119990,1,,,Hunter,,MFF9100REN-ZSB
20978,variation,WFF1100REN-BLK-39,Zapatillas Deportivas Travel - Mujer - Black - 39,,119990,1,,,Hunter,,WFF1100REN-BLK
20985,variation,WFF1100REN-SSH-39,"Zapatillas Deportivas Travel - Mujer White, Green & Coral - 39",,119990,1,,,Hunter,,WFF1100REN-SSH
20992,variation,WFF1100REN-SSA-39,Zapatillas Deportivas Travel - Mujer Shaded White - 39,,119990,1,,,Hunter,,WFF1100REN-SSA
21007,variation,WFF1100REN-RCG-38,Zapatillas Deportivas Travel - Mujer Red Tang - 38,,119990,1,,,Hunter,,WFF1100REN-RCG
21016,variation,WFF1100REN-BSH-39,Zapatillas Deportivas Travel - Mujer Black Shaded White - 39,,119990,1,,,Hunter,,WFF1100REN-BSH
21206,variation,WFS2336REN-BLK-39,Botas Commando Travel Explorer Black - Mujer - 39,119994,199990,1,,,Hunter,Hunter,WFS2336REN-BLK
21213,variation,WFS2336REN-SED-39,Botas Commando Travel Explorer White - Mujer - 39,119994,199990,1,,,Hunter,Hunter,WFS2336REN-SED
21227,variation,WFT2235RMA-BLK-39,Botas Play Alta Aislante Con Forro De Shearling Black Para Mujer - 39,83994,139990,1,,,Hunter,Hunter,WFT2235RMA-BLK
21238,variation,WFT2235RMA-WHW-39,Botas Play Altas Aislante Con Forro - Shearling White - Mujer - 39,83994,139990,1,,,Hunter,Hunter,WFT2235RMA-WHW
21252,variation,WRO1434RPD-HUB-M,Chaqueta Acolchada De Nylon Reciclado Explorer Para Mujer - M,127492,149990,1,,,Hunter,Hunter,WRO1434RPD-HUB
21258,variation,WRO1435RPD-HUB-XS,Chaqueta Acolchada Explorer De Nylon Reciclado Para Mujer - XS,148742,174990,1,,,Hunter,Hunter,WRO1435RPD-HUB
21843,variation,WFS1018RGL-BLK39,Botas Chelsea Commando Negras Brillantes Para Mujer - 39,89994,149990,1,,,Hunter,Hunter,WFS1018RGL-BLK
21854,variation,WFS1018RMA-CAS39,Botas Chelsea Commando Para Mujer Gris Pálido - 39,89994,149990,1,,,Hunter,Hunter,WFS1018RMA-CAS
21880,variation,WFS2240NRE-BWI39,Bota Enrollable - Sherpa Vegano - Mujeres - Negro con Blanco - 39,92994,154990,1,,,Hunter,Hunter,WFS2240NRE-BWI
21890,variation,WFT2007RMA-APL39,Botas De Agua Play Altas Para Mujer Rosadas - 39,65994,109990,1,,,Hunter,Hunter,WFT2007RMA-APL
21896,variation,WFS2020RMA-APL39,Botas De Agua Play Cortas Para Mujer Rosada - 39,59994,99990,1,,,Hunter,Hunter,WFS2020RMA-APL
24464,variation,MFK1000PTP-BLK43,Zapatilla Travel Trainer Black Hombre - 43,,119990,1,,,Hunter,Hunter,MFK1000PTP-BLK
24472,variation,MFF9100REN-SED43,Zapatillas Deportivas Travel - Hombre Shaded White - 43,,119990,1,,,Hunter,,MFF9100REN-SED
24816,variation,MFF9100REN-LTB-43,Zapatillas Deportivas Travel - Hombre Verde Musgo - 43,,119990,1,,,Hunter,,MFF9100REN-LTB
24829,variation,WFF1100REN-VPY-39,Zapatillas Deportivas Travel - Mujer - Red - 39,,119990,1,,,Hunter,,WFF1100REN-VPY
18531,variation,WFS1000RGL-BLK42,Botas De Agua Bajas Y Brillantes Original Para Mujer Negro - 42,72594,120990,1,,,Hunter,Hunter,WFS1000RGL-BLK
18542,variation,WFS1000RMA-DOV40/41,Botas De Agua Bajas Original Para Mujer Verde Oliva - 40/41,72594,120990,1,,,Hunter,Hunter,WFS1000RMA-DOV
18560,variation,WFS2020RMA-BLK40/41,Botas De Agua Bajas Play Mujer Negro - 40/41,59994,99990,1,,,Hunter,Hunter,WFS2020RMA-BLK
18566,variation,WFS2020RMA-LRD40/41,Botas de Agua Bajas Play para Mujer Rojo - 40/41,65994,109990,1,,,Hunter,Hunter,WFS2020RMA-LRD
18572,variation,WFS2048RMA-BLK40/41,Botas De Agua Aislantes Bajas Original Para Mujer BLK - 40/41,83994,139990,1,,,Hunter,Hunter,WFS2048RMA-BLK
18592,variation,WFT1000RGL-BLK40/41,Botas Altas Y Brillantes Original Para Mujer Negro - 40/41,101994,169990,1,,,Hunter,Hunter,WFT1000RGL-BLK
18607,variation,WFT1000RGL-MLR37,Botas Altas Y Brillantes Original Para Mujer Rojo Militar - 37,101994,169990,1,,,Hunter,Hunter,WFT1000RGL-MLR
18628,variation,WFT1000RMA-HGR40/41,Botas De Agua Altas Original Para Mujer Verde - 40/41,101994,169990,1,,,Hunter,Hunter,WFT1000RMA-HGR
18678,variation,WFT1000RMA-MLR40/41,Botas de Agua Altas para Mujer Rojo Militar - 40/41,101994,169990,1,,,Hunter,Hunter,WFT1000RMA-MLR
18689,variation,WFT1000RMA-RYL40/41,Botas De Agua Altas Original Para Mujer Amarillo - 40/41,89994,149990,1,,,Hunter,Hunter,WFT1000RMA-RYL
18694,variation,WFT1000RMA-SIL39,Botas De Agua Altas Original Para Mujer Plateado - 39,89994,149990,1,,,Hunter,Hunter,WFT1000RMA-SIL
19044,variation,MFT9000RMA-HGR44,Botas De Agua Altas Original Para Hombre Verde - 44,89994,149990,1,,,Hunter,Hunter,MFT9000RMA-HGR
19058,variation,UZF3003LSK-NTR39,Plantilla Luxury Shearling - 39,11394,18990,1,,,Hunter,Hunter,UZF3003LSK-NTR
19069,variation,WFS1000RGL-MLR42,Botas De Agua Bajas Y Brillantes Original Para Mujer Rojo Militar - 42,72594,120990,1,,,Hunter,Hunter,WFS1000RGL-MLR
19087,variation,WFS1043RMA-SUG36,Botas Chelsea Original Para Mujer Verde Suculenta - 36,70194,116990,1,,,Hunter,Hunter,WFS1043RMA-SUG
19108,variation,WFS2020RMA-LIH39,Botas De Agua Bajas Original Play Para Mujer LIH - 39,44994,74990,1,,,Hunter,Hunter,WFS2020RMA-LIH
19115,variation,WFS2020RMA-ZNC40/41,Botas De Agua Bajas Original Play Para Mujer ZNC - 40/41,59994,99990,1,,,Hunter,Hunter,WFS2020RMA-ZNC
19120,variation,WFT1000RGL-NVY38,Botas Altas Y Brillantes Original Para Mujer Azul Marino - 38,77994,129990,1,,,Hunter,Hunter,WFT1000RGL-NVY
19132,variation,WFT1001RGL-BLK39,Botas De Agua Altas Y Ajustables Por Detrás Para Mujer Negro - 39,107994,179990,1,,,Hunter,Hunter,WFT1001RGL-BLK
19136,variation,WFT1001RMA-BLK37,Botas De Agua Altas Y Ajustables Por Detrás Original Para Mujer Negro - 37,107994,179990,1,,,Hunter,Hunter,WFT1001RMA-BLK
19150,variation,WFT1071RMA-BLK40/41,Botas Original Refined Para Mujer Negro - 40/41,80994,134990,1,,,Hunter,Hunter,WFT1071RMA-BLK
19162,variation,WFT2007RMA-BLK40/41,Botas De Agua Altas Original Play Para Mujer BLK - 40/41,65994,109990,1,,,Hunter,Hunter,WFT2007RMA-BLK
19174,variation,WFT2007RMA-LRD40/41,Botas De Agua Altas Original Play Para Mujer LRD - 40/41,65994,109990,1,,,Hunter,Hunter,WFT2007RMA-LRD
19177,variation,WFT2007RMA-ZNC37,Botas De Agua Altas Original Play Para Mujer ZNC - 37,65994,109990,1,,,Hunter,Hunter,WFT2007RMA-ZNC
19185,variation,WFT2041RMA-BLK39,Botas Altas Aislantes Original Para Mujer BLK - 39,107994,179990,1,,,Hunter,Hunter,WFT2041RMA-BLK
19191,variation,WFT2052NRE-BLK39,Botas Estilo Sherpa Con Parte Superior Enrollable Para Mujer Negro - 39,86994,144990,1,,,Hunter,Hunter,WFT2052NRE-BLK
19203,variation,WFT2078RMA-BHE39,Botas Altas Calendar Original Para Mujer - 39,92994,154990,1,,,Hunter,Hunter,WFT2078RMA-BHE
19355,variation,MFT9000RMA-BLK44,Botas De Agua Altas Original Para Hombre Negra - 44,95994,159990,1,,,Hunter,Hunter,MFT9000RMA-BLK
19359,variation,MFT9000RMA-DOV42,Botas De Agua Altas Original Para Hombre Verde Oliva - 42,95994,159990,1,,,Hunter,Hunter,MFT9000RMA-DOV
19368,variation,WFT1000RMA-BLK40/41,Botas De Agua Altas Original Para Mujer - 40/41,101994,169990,1,,,Hunter,Hunter,WFT1000RMA-BLK
19501,variation,WFS1051RMA-BLK40,BOTA ANKLE BLACK - 40/41,80994,134990,1,,,Hunter,Hunter,WFS1051RMA-BLK
19522,variation,WFS2020RMA-BBO40,Botas De Agua Bajas Original Play Para Mujer Celeste - 40/41,65994,109990,1,,,Hunter,Hunter,WFS2020RMA-BBO
19652,variation,WFF1088RMA-DOC40,Zueco de Jardin para Mujer Verde Oliva - 40,53994,89990,1,,,Hunter,Hunter,WFF1088RMA-DOC
19869,variation,WFS2018RMA-DOC40,Bota Corta de Jardinera - 40/41,68994,114990,1,,,Hunter,Hunter,WFS2018RMA-DOC
19995,variation,WFT2200RMA-BLK40,BOTAS DE AGUA LARGAS PARA MUJER SLIM FIT (ajustadas) - 40/41,95994,159990,1,,,Hunter,Hunter,WFT2200RMA-BLK
20000,variation,WFS2200RMA-BLK40,BOTAS REFINED CORTAS PARA MUJER NEGRO - 40/41,89994,149990,1,,,Hunter,Hunter,WFS2200RMA-BLK
20006,variation,WFS2106WWU-BLK40,Bota Nieve Negra - 40,83994,139990,1,,,Hunter,Hunter,WFS2106WWU-BLK
20175,variation,WFS2010CNV-BLK40,Botas Commando Desert Mujer Negras - 40/41,83994,139990,1,,,Hunter,Hunter,WFS2010CNV-BLK
20180,variation,WFS2010CNV-ATM36,Botas Commando Desert Mujer Verde Musgo - 36,83994,139990,1,,,Hunter,Hunter,WFS2010CNV-ATM
20202,variation,WFS1018RMA-DOV36,Bota Commando Chelsea Verde Militar - 36,86994,144990,1,,,Hunter,Hunter,WFS1018RMA-DOV
20211,variation,WFS1018RMA-BLK36,Bota Commando Chelsea Negro - 36,86994,144990,1,,,Hunter,Hunter,WFS1018RMA-BLK
20226,variation,WFS1000RMA-OVL40,Botas de Agua Bajas para Mujer Hoja de Olivo - 40/41,72594,120990,1,,,Hunter,Hunter,WFS1000RMA-OVL
20231,variation,MFS9000CNV-BLK44,Botas Commando Desert Hombre Negras - 44,83994,139990,1,,,Hunter,Hunter,MFS9000CNV-BLK
20238,variation,WFS1013RMA-GSC39,Botas De Agua Baja y Ajustables Por Detrás Para Mujer Rosado Oscuro - 39,86994,144990,1,,,Hunter,Hunter,WFS1013RMA-GSC
20247,variation,WFT1000RMA-OVL40,Botas de Agua Altas para Mujer Hoja de Olivo - 40/41,101994,169990,1,,,Hunter,Hunter,WFT1000RMA-OVL
20257,variation,WFT1000RMA-SWG40,Botas de Agua Altas para Mujer Verde Sweet Gale - 40/41,101994,169990,1,,,Hunter,Hunter,WFT1000RMA-SWG
20265,variation,WFT1001RMA-GSC40,Botas De Agua Altas Y Ajustables Por Detrás Para Mujer Glenmore Rosa - 40/41,107994,179990,1,,,Hunter,Hunter,WFT1001RMA-GSC
20277,variation,WFS1000RMA-MLR40,Botas de Agua Bajas para Mujer Rojo Militar - 40/41,80994,134990,1,,,Hunter,Hunter,WFS1000RMA-MLR
20282,variation,WFT2007RMA-ATM40,Botas De Agua Altas Original Play Para Mujer Verde Musgo - 40/41,65994,109990,1,,,Hunter,Hunter,WFT2007RMA-ATM
20317,variation,WFS1020RMA-ATM40,Botas de Agua Bajas Play Neopreno Verde Musgo Mujer - 40/41,65994,109990,1,,,Hunter,Hunter,WFS1020RMA-ATM
20328,variation,WFS1020RMA-BLK40,Botas de Agua Bajas Play Neopreno Black Mujer - 40/41,65994,109990,1,,,Hunter,Hunter,WFS1020RMA-BLK
20340,variation,WFT2007RMA-KOM40,Botas De Agua Altas Original Play Para Mujer Kombu - 40/41,65994,109990,1,,,Hunter,Hunter,WFT2007RMA-KOM
20350,variation,WFT2052NRE-DOV40,Botas Estilo Sherpa Con Parte Superior Enrollable Para Mujer Verde Oliva - 40/41,86994,144990,1,,,Hunter,Hunter,WFT2052NRE-DOV
20438,variation,WFS2236NYL-BLK40,Botas Commando Explorer Aislantes Para Mujer Negro - 40/41,119994,199990,1,,,Hunter,Hunter,WFS2236NYL-BLK
20448,variation,WFS2236NYL-MRF40,Botas Commando Explorer Aislantes Para Mujer Berry - 40/41,119994,199990,1,,,Hunter,Hunter,WFS2236NYL-MRF
20492,variation,UFF1102EVA-PER37,Zueco In & Out Espuma de Alga Rosado - 37,29994,49990,1,,,Hunter,Hunter,UFF1102EVA-PER
20502,variation,UFF1102EVA-BLK37,Zueco In & Out Espuma de Alga Negro - 37,29994,49990,1,,,Hunter,Hunter,UFF1102EVA-BLK
20670,variation,MFS2335LNR-BLK42,Botas Commando de Piel Con Cordones Urban Explorer Para Hombre - 42,137994,229990,1,,,Hunter,Hunter,MFS2335LNR-BLK
20917,variation,MFF9100REN-BLK-44,Zapatillas Deportivas Travel - Hombre Black - 44,,119990,1,,,Hunter,,MFF9100REN-BLK
20926,variation,MFF9100REN-ZSB-44,Zapatillas Deportivas Travel - Hombre Zesty Yellow - 44,,119990,1,,,Hunter,,MFF9100REN-ZSB
20979,variation,WFF1100REN-BLK-40,Zapatillas Deportivas Travel - Mujer - Black - 40/41,,119990,1,,,Hunter,,WFF1100REN-BLK
20986,variation,WFF1100REN-SSH-40,"Zapatillas Deportivas Travel - Mujer White, Green & Coral - 40/41",,119990,1,,,Hunter,,WFF1100REN-SSH
20993,variation,WFF1100REN-SSA-40,Zapatillas Deportivas Travel - Mujer Shaded White - 40/41,,119990,1,,,Hunter,,WFF1100REN-SSA
21008,variation,WFF1100REN-RCG-39,Zapatillas Deportivas Travel - Mujer Red Tang - 39,,119990,1,,,Hunter,,WFF1100REN-RCG
21017,variation,WFF1100REN-BSH-40,Zapatillas Deportivas Travel - Mujer Black Shaded White - 40/41,,119990,1,,,Hunter,,WFF1100REN-BSH
21207,variation,WFS2336REN-BLK-40,Botas Commando Travel Explorer Black - Mujer - 40/41,119994,199990,1,,,Hunter,Hunter,WFS2336REN-BLK
21214,variation,WFS2336REN-SED-40,Botas Commando Travel Explorer White - Mujer - 40/41,119994,199990,1,,,Hunter,Hunter,WFS2336REN-SED
21228,variation,WFT2235RMA-BLK-40,Botas Play Alta Aislante Con Forro De Shearling Black Para Mujer - 40/41,83994,139990,1,,,Hunter,Hunter,WFT2235RMA-BLK
21239,variation,WFT2235RMA-WHW-40,Botas Play Altas Aislante Con Forro - Shearling White - Mujer - 40/41,83994,139990,1,,,Hunter,Hunter,WFT2235RMA-WHW
21844,variation,WFS1018RGL-BLK40,Botas Chelsea Commando Negras Brillantes Para Mujer - 40/41,89994,149990,1,,,Hunter,Hunter,WFS1018RGL-BLK
21855,variation,WFS1018RMA-CAS40,Botas Chelsea Commando Para Mujer Gris Pálido - 40/41,89994,149990,1,,,Hunter,Hunter,WFS1018RMA-CAS
21881,variation,WFS2240NRE-BWI40,Bota Enrollable - Sherpa Vegano - Mujeres - Negro con Blanco - 40/41,92994,154990,1,,,Hunter,Hunter,WFS2240NRE-BWI
21891,variation,WFT2007RMA-APL40,Botas De Agua Play Altas Para Mujer Rosadas - 40/41,65994,109990,1,,,Hunter,Hunter,WFT2007RMA-APL
21897,variation,WFS2020RMA-APL40,Botas De Agua Play Cortas Para Mujer Rosada - 40/41,59994,99990,1,,,Hunter,Hunter,WFS2020RMA-APL
24465,variation,MFK1000PTP-BLK44,Zapatilla Travel Trainer Black Hombre - 44,,119990,1,,,Hunter,Hunter,MFK1000PTP-BLK
24473,variation,MFF9100REN-SED44,Zapatillas Deportivas Travel - Hombre Shaded White - 44,,119990,1,,,Hunter,,MFF9100REN-SED
24817,variation,MFF9100REN-LTB-44,Zapatillas Deportivas Travel - Hombre Verde Musgo - 44,,119990,1,,,Hunter,,MFF9100REN-LTB
24830,variation,WFF1100REN-VPY-40,Zapatillas Deportivas Travel - Mujer - Red - 40/41,,119990,1,,,Hunter,,WFF1100REN-VPY
18526,variation,WFS1000RGL-BLK36,Botas De Agua Bajas Y Brillantes Original Para Mujer Negro - 36,72594,120990,1,,,Hunter,Hunter,WFS1000RGL-BLK
18561,variation,WFS2020RMA-BLK42,Botas De Agua Bajas Play Mujer Negro - 42,59994,99990,1,,,Hunter,Hunter,WFS2020RMA-BLK
18567,variation,WFS2020RMA-LRD42,Botas de Agua Bajas Play para Mujer Rojo - 42,65994,109990,1,,,Hunter,Hunter,WFS2020RMA-LRD
18573,variation,WFS2048RMA-BLK42,Botas De Agua Aislantes Bajas Original Para Mujer BLK - 42,83994,139990,1,,,Hunter,Hunter,WFS2048RMA-BLK
18593,variation,WFT1000RGL-BLK42,Botas Altas Y Brillantes Original Para Mujer Negro - 42,101994,169990,1,,,Hunter,Hunter,WFT1000RGL-BLK
18599,variation,WFT1000RGL-DOV42,Botas Altas Y Brillantes Original Para Mujer Verde Oliva - 42,77994,129990,1,,,Hunter,Hunter,WFT1000RGL-DOV
18606,variation,WFT1000RGL-MLR36,Botas Altas Y Brillantes Original Para Mujer Rojo Militar - 36,101994,169990,1,,,Hunter,Hunter,WFT1000RGL-MLR
18623,variation,WFT1000RMA-DOV42,Botas De Agua Altas Original Para Mujer Verde Oliva - 42,77994,129990,1,,,Hunter,Hunter,WFT1000RMA-DOV
18629,variation,WFT1000RMA-HGR42,Botas De Agua Altas Original Para Mujer Verde - 42,95994,159990,1,,,Hunter,Hunter,WFT1000RMA-HGR
18684,variation,WFT1000RMA-MLR42,Botas de Agua Altas para Mujer Rojo Militar - 42,101994,169990,1,,,Hunter,Hunter,WFT1000RMA-MLR
18690,variation,WFT1000RMA-RYL42,Botas De Agua Altas Original Para Mujer Amarillo - 42,89994,149990,1,,,Hunter,Hunter,WFT1000RMA-RYL
18696,variation,WFT1000RMA-SIL42,Botas De Agua Altas Original Para Mujer Plateado - 42,89994,149990,1,,,Hunter,Hunter,WFT1000RMA-SIL
19071,variation,WFS1000RGL-MLR37,Botas De Agua Bajas Y Brillantes Original Para Mujer Rojo Militar - 37,72594,120990,1,,,Hunter,Hunter,WFS1000RGL-MLR
19092,variation,WFS1043RMA-SUG42,Botas Chelsea Original Para Mujer Verde Suculenta - 42,70194,116990,1,,,Hunter,Hunter,WFS1043RMA-SUG
19109,variation,WFS2020RMA-LIH40/41,Botas De Agua Bajas Original Play Para Mujer LIH - 40/41,44994,74990,1,,,Hunter,Hunter,WFS2020RMA-LIH
19116,variation,WFS2020RMA-ZNC42,Botas De Agua Bajas Original Play Para Mujer ZNC - 42,59994,99990,1,,,Hunter,Hunter,WFS2020RMA-ZNC
19121,variation,WFT1000RGL-NVY39,Botas Altas Y Brillantes Original Para Mujer Azul Marino - 39,77994,129990,1,,,Hunter,Hunter,WFT1000RGL-NVY
19128,variation,WFT1000RGL-RVI42,Botas Altas Y Brillantes Original Para Mujer Morada - 42,77994,129990,1,,,Hunter,Hunter,WFT1000RGL-RVI
19134,variation,WFT1001RGL-BLK42,Botas De Agua Altas Y Ajustables Por Detrás Para Mujer Negro - 42,107994,179990,1,,,Hunter,Hunter,WFT1001RGL-BLK
19135,variation,WFT1001RMA-BLK36,Botas De Agua Altas Y Ajustables Por Detrás Original Para Mujer Negro - 36,107994,179990,1,,,Hunter,Hunter,WFT1001RMA-BLK
19151,variation,WFT1071RMA-BLK42,Botas Original Refined Para Mujer Negro - 42,80994,134990,1,,,Hunter,Hunter,WFT1071RMA-BLK
19157,variation,WFT2007EXL-OEX42,Botas Altas Original Play Con Logotipo Ampliado Para Mujer - 42,65400,109000,1,,,Hunter,Hunter,WFT2007EXL-OEX
19163,variation,WFT2007RMA-BLK42,Botas De Agua Altas Original Play Para Mujer BLK - 42,65994,109990,1,,,Hunter,Hunter,WFT2007RMA-BLK
19169,variation,WFT2007RMA-LIH42,Botas De Agua Altas Original Play Para Mujer LIH - 42,53994,89990,1,,,Hunter,Hunter,WFT2007RMA-LIH
19175,variation,WFT2007RMA-LRD42,Botas De Agua Altas Original Play Para Mujer LRD - 42,65994,109990,1,,,Hunter,Hunter,WFT2007RMA-LRD
19176,variation,WFT2007RMA-ZNC36,Botas De Agua Altas Original Play Para Mujer ZNC - 36,65994,109990,1,,,Hunter,Hunter,WFT2007RMA-ZNC
19187,variation,WFT2041RMA-BLK42,Botas Altas Aislantes Original Para Mujer BLK - 42,107994,179990,1,,,Hunter,Hunter,WFT2041RMA-BLK
19193,variation,WFT2052NRE-BLK42,Botas Estilo Sherpa Con Parte Superior Enrollable Para Mujer Negro - 42,86994,144990,1,,,Hunter,Hunter,WFT2052NRE-BLK
19205,variation,WFT2078RMA-BHE42,Botas Altas Calendar Original Para Mujer - 42,92994,154990,1,,,Hunter,Hunter,WFT2078RMA-BHE
19356,variation,MFT9000RMA-BLK45/46,Botas De Agua Altas Original Para Hombre Negra - 45/46,95994,159990,1,,,Hunter,Hunter,MFT9000RMA-BLK
19358,variation,MFT9000RMA-DOV40/41,Botas De Agua Altas Original Para Hombre Verde Oliva - 40/41,95994,159990,1,,,Hunter,Hunter,MFT9000RMA-DOV
19369,variation,WFT1000RMA-BLK42,Botas De Agua Altas Original Para Mujer - 42,101994,169990,1,,,Hunter,Hunter,WFT1000RMA-BLK
19502,variation,WFS1051RMA-BLK42,BOTA ANKLE BLACK - 42,80994,134990,1,,,Hunter,Hunter,WFS1051RMA-BLK
19523,variation,WFS2020RMA-BBO42,Botas De Agua Bajas Original Play Para Mujer Celeste - 42,65994,109990,1,,,Hunter,Hunter,WFS2020RMA-BBO
20232,variation,MFS9000CNV-BLK45,Botas Commando Desert Hombre Negras - 45/46,83994,139990,1,,,Hunter,Hunter,MFS9000CNV-BLK
20239,variation,WFS1013RMA-GSC40,Botas De Agua Baja y Ajustables Por Detrás Para Mujer Rosado Oscuro - 40/41,86994,144990,1,,,Hunter,Hunter,WFS1013RMA-GSC
20258,variation,WFT1000RMA-SWG42,Botas de Agua Altas para Mujer Verde Sweet Gale - 42,101994,169990,1,,,Hunter,Hunter,WFT1000RMA-SWG
20266,variation,WFT1001RMA-GSC42,Botas De Agua Altas Y Ajustables Por Detrás Para Mujer Glenmore Rosa - 42,107994,179990,1,,,Hunter,Hunter,WFT1001RMA-GSC
20493,variation,UFF1102EVA-PER38,Zueco In & Out Espuma de Alga Rosado - 38,29994,49990,1,,,Hunter,Hunter,UFF1102EVA-PER
20503,variation,UFF1102EVA-BLK38,Zueco In & Out Espuma de Alga Negro - 38,29994,49990,1,,,Hunter,Hunter,UFF1102EVA-BLK
20671,variation,MFS2335LNR-BLK43,Botas Commando de Piel Con Cordones Urban Explorer Para Hombre - 43,137994,229990,1,,,Hunter,Hunter,MFS2335LNR-BLK
20918,variation,MFF9100REN-BLK-45,Zapatillas Deportivas Travel - Hombre Black - 45/46,,119990,1,,,Hunter,,MFF9100REN-BLK
20927,variation,MFF9100REN-ZSB-45,Zapatillas Deportivas Travel - Hombre Zesty Yellow - 45/46,,119990,1,,,Hunter,,MFF9100REN-ZSB
24466,variation,MFK1000PTP-BLK45,Zapatilla Travel Trainer Black Hombre - 45/46,,119990,1,,,Hunter,Hunter,MFK1000PTP-BLK
24474,variation,MFF9100REN-SED45,Zapatillas Deportivas Travel - Hombre Shaded White - 45/46,,119990,1,,,Hunter,,MFF9100REN-SED
24818,variation,MFF9100R5N-LTB-44,Zapatillas Deportivas Travel - Hombre Verde Musgo - 45/46,,119990,1,,,Hunter,,MFF9100REN-LTB
19046,variation,MFT9000RMA-HGR47,Botas De Agua Altas Original Para Hombre Verde - 47,89994,149990,1,,,Hunter,Hunter,MFT9000RMA-HGR
19110,variation,WFS2020RMA-LIH42,Botas De Agua Bajas Original Play Para Mujer LIH - 42,44994,74990,1,,,Hunter,Hunter,WFS2020RMA-LIH
19357,variation,MFT9000RMA-DOV39,Botas De Agua Altas Original Para Hombre Verde Oliva - 39,95994,159990,1,,,Hunter,Hunter,MFT9000RMA-DOV
20494,variation,UFF1102EVA-PER39,Zueco In & Out Espuma de Alga Rosado - 39,29994,49990,1,,,Hunter,Hunter,UFF1102EVA-PER
20504,variation,UFF1102EVA-BLK39,Zueco In & Out Espuma de Alga Negro - 39,29994,49990,1,,,Hunter,Hunter,UFF1102EVA-BLK
20495,variation,UFF1102EVA-PER40,Zueco In & Out Espuma de Alga Rosado - 40/41,29994,49990,1,,,Hunter,Hunter,UFF1102EVA-PER
20505,variation,UFF1102EVA-BLK40,Zueco In & Out Espuma de Alga Negro - 40/41,29994,49990,1,,,Hunter,Hunter,UFF1102EVA-BLK
20496,variation,UFF1102EVA-PER42,Zueco In & Out Espuma de Alga Rosado - 42,29994,49990,1,,,Hunter,Hunter,UFF1102EVA-PER
20506,variation,UFF1102EVA-BLK42,Zueco In & Out Espuma de Alga Negro - 42,29994,49990,1,,,Hunter,Hunter,UFF1102EVA-BLK
24447,variable,WFK2000PTP-BLK,Zapatilla Travel Trainer Black Mujer,,,1,"Black, Hunter, Negros, Zapatillas, Ofertas","Género, Género > Mujer, Tipo de producto, Tipo de producto > Zapatillas",Hunter,Hunter,
19976,variable,WFS2106WWU-BLK,Bota Nieve Negra,,,1,"Impermeables, Invierno, Nieve, Ofertas","Tipo de producto > Botas, Género, Género > Mujer, Tipo de producto",Hunter,Hunter,
18673,variable,WFS2020RMA-BBO,Botas De Agua Bajas Original Play Para Mujer Celeste,,,1,"Impermeables, Invierno, winter-style, Ofertas","Tipo de producto > Botas, Género, Género > Mujer, Tipo de producto",Hunter,Hunter,
20472,variable,UFF1102EVA-PER,Zueco In & Out Espuma de Alga Rosado,,,1,"Impermeables, Ofertas","Tipo de producto, Tipo de producto > Zuecos",Hunter,Hunter,
20473,variable,UFF1102EVA-BLK,Zueco In & Out Espuma de Alga Negro,,,1,"Impermeables, Ofertas","Género, Género > Hombre, Tipo de producto, Tipo de producto > Zuecos",Hunter,Hunter,
20292,variable,WFT2007RMA-KOM,Botas De Agua Altas Original Play Para Mujer Kombu,,,1,"Destacado, Impermeables, Ofertas","Tipo de producto > Botas, Género, Género > Mujer, Tipo de producto",Hunter,Hunter,
20221,variable,WFT1000RMA-OVL,Botas de Agua Altas para Mujer Hoja de Olivo,,,1,"Destacado, Impermeables, Invierno, Verde, Ofertas","Tipo de producto > Botas, Género, Género > Mujer, Tipo de producto",Hunter,Hunter,
19350,variable,WFT1000RMA-BLK,Botas De Agua Altas Original Para Mujer,,,1,"Impermeables, Invierno, Ofertas","Tipo de producto > Botas, Género, Género > Mujer, Tipo de producto",Hunter,Hunter,
19862,simple,UAH5101WXA-HRE,Gorro Stripe Negro,14994,24990,1,"Invierno, Ofertas","Tipo de producto > Accesorios, Tipo de producto > Accesorios > Gorros, Tipo de producto",Hunter,Hunter,
19623,variable,WFF1088RMA-DOC,Zueco de Jardin para Mujer Verde Oliva,,,1,"Impermeables, Invierno, Verde, Ofertas","Tipo de producto > Botas, Género, Género > Mujer, Tipo de producto",Hunter,Hunter,
18617,variable,WFT1000RMA-HGR,Botas De Agua Altas Original Para Mujer Verde,,,1,"Impermeables, Invierno, Verde, Ofertas","Tipo de producto > Botas, Género, Género > Mujer, Tipo de producto",Hunter,Hunter,
18943,variable,WFT1071RMA-BLK,Botas Original Refined Para Mujer Negro,,,1,"Impermeables, Invierno, Ofertas","Tipo de producto > Botas, Género, Género > Mujer, Tipo de producto",Hunter,Hunter,
21223,variable,WFT2235RMA-BLK,Botas Play Alta Aislante Con Forro De Shearling Black Para Mujer,,,1,"Botas, Hunter, Negra, Play, Sherpa, Ofertas","Tipo de producto > Botas, Calzado, Género, Género > Mujer, Tipo de producto, Tipo de producto > Zapatos",Hunter,Hunter,
18680,variable,WFT1000RMA-RYL,Botas De Agua Altas Original Para Mujer Amarillo,,,1,"Impermeables, Invierno, Ofertas","Tipo de producto > Botas, Género, Género > Mujer, Tipo de producto",Hunter,Hunter,
19658,variable,UAS3000AAA-MLR,Hunter Calcetin Bota Rojo,,,1,"Hunter, Invierno, Mujer, Ofertas","Tipo de producto > Accesorios, Tipo de producto > Accesorios > Calcetín, Tipo de producto",Hunter,Hunter,
19659,variable,UAS3000AAA-HWT,Hunter Calcetin Bota Blanco Hueso,,,1,"Hunter, Invierno, Mujer, Ofertas","Tipo de producto > Accesorios, Tipo de producto > Accesorios > Calcetín, Tipo de producto",Hunter,Hunter,
19314,variable,UAS3036AAB-HWT,Calcetín Bota Alta 6 Puntadas Blanco,,,1,"Hunter, Invierno, Mujer, Ofertas","Tipo de producto > Accesorios, Tipo de producto > Accesorios > Calcetín, Tipo de producto",Hunter,Hunter,
19861,simple,UAH5101WXA-SPK,Gorro Stripe Celeste,16194,26990,1,"Invierno, Ofertas","Tipo de producto > Accesorios, Tipo de producto > Accesorios > Gorros, Tipo de producto",Hunter,Hunter,
18521,simple,UAH3031WXA-GZB,Gorro con Pon Pon Moustache Original Negro,16194,26990,1,"Invierno, Moustache, winter-style, Ofertas","Tipo de producto > Accesorios, Tipo de producto > Accesorios > Gorros, Tipo de producto",Hunter,Hunter,
20001,variable,UAS3000AAA-DOV,Calcetin Verde Oliva para Bota Alta,,,1,"Hunter, Invierno, Mujer, Ofertas","Tipo de producto > Accesorios, Tipo de producto > Accesorios > Calcetín, Tipo de producto",Hunter,Hunter,
18620,variable,UAS3000AAA-BLK,Hunter Calcetín Bota Negra,,,1,"Hunter, Invierno, Mujer, Ofertas","Tipo de producto > Accesorios, Tipo de producto > Accesorios > Calcetín, Tipo de producto",Hunter,Hunter,
18590,variable,WFT1000RMA-DOV,Botas De Agua Altas Original Para Mujer Verde Oliva,,,1,"Impermeables, Invierno, Verde, Ofertas","Tipo de producto > Botas, Género, Género > Mujer, Tipo de producto",Hunter,Hunter,
18681,variable,WFT1000RMA-SIL,Botas De Agua Altas Original Para Mujer Plateado,,,1,"Impermeables, Invierno, Ofertas","Tipo de producto > Botas, Género, Género > Mujer, Tipo de producto",Hunter,Hunter,
18649,simple,UAH3031WXA-MRG,Gorro con Pon Pon Moustache Original,16194,26990,1,"Invierno, Moustache, winter-style, Ofertas","Tipo de producto > Accesorios, Tipo de producto > Accesorios > Gorros, Tipo de producto",Hunter,Hunter,
18939,variable,WFT1000RGL-RVI,Botas Altas Y Brillantes Original Para Mujer Morada,,,1,"Impermeables, Invierno, Ofertas","Tipo de producto > Botas, Género, Género > Mujer, Tipo de producto",Hunter,Hunter,
18583,variable,WFT1000RGL-DOV,Botas Altas Y Brillantes Original Para Mujer Verde Oliva,,,1,"Impermeables, Invierno, Verde, Ofertas","Tipo de producto > Botas, Género, Género > Mujer, Tipo de producto",Hunter,Hunter,
18585,variable,WFT1000RGL-GRA,Botas Altas Y Brillantes Original Para Mujer Grafito,,,1,"Impermeables, Invierno, Ofertas","Tipo de producto > Botas, Género, Género > Mujer, Tipo de producto",Hunter,Hunter,
19489,variable,WFT1000RGL-BCE,Botas De Agua Altas Original Para Mujer - Brillante / Gloss,,,1,"Impermeables, Invierno, Ofertas","Tipo de producto > Botas, Género, Género > Mujer, Tipo de producto",Hunter,Hunter,
18938,variable,WFT1000RGL-NVY,Botas Altas Y Brillantes Original Para Mujer Azul Marino,,,1,"Impermeables, Invierno, Ofertas","Tipo de producto > Botas, Género, Género > Mujer, Tipo de producto",Hunter,Hunter,
18940,variable,WFT1001RGL-BLK,Botas De Agua Altas Y Ajustables Por Detrás Para Mujer Negro,,,1,"Impermeables, Invierno, Ofertas","Tipo de producto > Botas, Género, Género > Mujer, Tipo de producto",Hunter,Hunter,
18949,variable,WFT2041RMA-BLK,Botas Altas Aislantes Original Para Mujer BLK,,,1,"Impermeables, Invierno, Ofertas","Tipo de producto > Botas, Género, Género > Mujer, Tipo de producto",Hunter,Hunter,
18952,variable,WFT2078RMA-BHE,Botas Altas Calendar Original Para Mujer,,,1,"Impermeables, Invierno, winter-style, Ofertas","Tipo de producto > Botas, Género, Género > Mujer, Tipo de producto",Hunter,Hunter,
18947,variable,WFT2007RMA-LRD,Botas De Agua Altas Original Play Para Mujer LRD,,,1,"Impermeables, Invierno, Ofertas","Tipo de producto > Botas, Género, Género > Mujer, Tipo de producto",Hunter,Hunter,
18946,variable,WFT2007RMA-LIH,Botas De Agua Altas Original Play Para Mujer LIH,,,1,"Impermeables, Invierno, Ofertas","Tipo de producto > Botas, Género, Género > Mujer, Tipo de producto",Hunter,Hunter,
18944,variable,WFT2007EXL-OEX,Botas Altas Original Play Con Logotipo Ampliado Para Mujer,,,1,"Impermeables, Invierno, Ofertas","Tipo de producto > Botas, Género, Género > Mujer, Tipo de producto",Hunter,Hunter,
19974,variable,WFT2200RMA-BLK,BOTAS DE AGUA LARGAS PARA MUJER SLIM FIT (ajustadas),,,1,"Impermeables, Invierno, Ofertas","Tipo de producto > Botas, Género, Género > Mujer, Tipo de producto",Hunter,Hunter,
19462,variable,WFT1009NRE-BLK,Bota Ecuestre de Neopreno elástico,,,1,"Impermeables, Invierno, Ofertas","Tipo de producto > Botas, Género, Género > Mujer, Tipo de producto",Hunter,Hunter,
18922,variable,MFT9000RMA-HGR,Botas De Agua Altas Original Para Hombre Verde,,,1,"Impermeables, Invierno, Verde, Ofertas","Tipo de producto > Botas, Género, Género > Hombre, Tipo de producto",Hunter,Hunter,
18520,variable,WFS1000RMA-BLK,Botas De Agua Bajas Original Para Mujer Negro,,,1,"Impermeables, Invierno, Ofertas","Tipo de producto > Botas, Género, Género > Mujer, Tipo de producto",Hunter,Hunter,
18523,variable,WFS1000RMA-DOV,Botas De Agua Bajas Original Para Mujer Verde Oliva,,,1,"Impermeables, Invierno, Verde, Ofertas","Tipo de producto > Botas, Género, Género > Mujer, Tipo de producto",Hunter,Hunter,
18932,variable,WFS1043RMA-SUG,Botas Chelsea Original Para Mujer Verde Suculenta,,,1,"Impermeables, Invierno, Verde, Ofertas","Tipo de producto > Botas, Género, Género > Mujer, Tipo de producto",Hunter,Hunter,
18519,variable,WFS1000RGL-BLK,Botas De Agua Bajas Y Brillantes Original Para Mujer Negro,,,1,"Impermeables, Invierno, Ofertas","Tipo de producto > Botas, Género, Género > Mujer, Tipo de producto",Hunter,Hunter,
18929,variable,WFS1000RGL-MLR,Botas De Agua Bajas Y Brillantes Original Para Mujer Rojo Militar,,,1,"Impermeables, Invierno, Ofertas","Tipo de producto > Accesorios, Tipo de producto > Botas, Género, Género > Mujer, Tipo de producto",Hunter,Hunter,
18553,variable,WFS2048RMA-BLK,Botas De Agua Aislantes Bajas Original Para Mujer BLK,,,1,"Impermeables, Invierno, winter-style, Ofertas","Tipo de producto > Botas, Género, Género > Mujer, Tipo de producto",Hunter,Hunter,
18651,variable,UAS3036AAB-GRG,Hunter Calcetín Bota 6 Puntadas Beige,,,1,"Hunter, Invierno, Mujer, Ofertas","Tipo de producto > Accesorios, Tipo de producto > Accesorios > Calcetín, Tipo de producto",Hunter,Hunter,
18554,variable,WFS2080RMA-BHE,Botas De Agua Aislantes Bajas Original Para Mujer BHE,,,1,"Impermeables, Invierno, Ofertas","Tipo de producto > Botas, Género, Género > Mujer, Tipo de producto",Hunter,Hunter,
18933,variable,WFS1051RMA-BLK,BOTA ANKLE BLACK,,,1,"Impermeables, Invierno, Oportunidades, Ofertas","Tipo de producto > Botas, Género, Género > Mujer, Tipo de producto",Hunter,Hunter,
19975,variable,WFS2200RMA-BLK,BOTAS REFINED CORTAS PARA MUJER NEGRO,,,1,"Impermeables, Invierno, Ofertas","Tipo de producto > Botas, Género, Género > Mujer, Tipo de producto",Hunter,Hunter,
18936,variable,WFS2020RMA-LIH,Botas De Agua Bajas Original Play Para Mujer LIH,,,1,"Impermeables, Invierno, Ofertas","Tipo de producto > Botas, Género, Género > Mujer, Tipo de producto",Hunter,Hunter,
20474,variable,WFS2020NEB-BLK,Botas De Agua Play Cortas Perladas Para Mujer Black,,,1,"Impermeables, Ofertas","Tipo de producto > Botas, Género, Género > Mujer, Tipo de producto",Hunter,Hunter,
20200,variable,MFS9000CNV-BLK,Botas Commando Desert Hombre Negras,,,1,"Invierno, Ofertas","Tipo de producto > Botas, Género, Género > Hombre, Tipo de producto",Hunter,Hunter,
18948,variable,WFT2007RMA-ZNC,Botas De Agua Altas Original Play Para Mujer ZNC,,,1,"Impermeables, Invierno, Ofertas","Tipo de producto > Botas, Género, Género > Mujer, Tipo de producto",Hunter,Hunter,
20126,variable,MFS9000CNV-ATM,Botas Commando Desert Hombre Verde Musgo,,,1,"Invierno, Verde, Ofertas","Tipo de producto > Botas, Género, Género > Hombre, Tipo de producto",Hunter,Hunter,
18941,variable,WFT1001RMA-BLK,Botas De Agua Altas Y Ajustables Por Detrás Original Para Mujer Negro,,,1,"Impermeables, Invierno, Ofertas","Tipo de producto > Botas, Género, Género > Mujer, Tipo de producto",Hunter,Hunter,
20252,variable,WFT2007RMA-ATM,Botas De Agua Altas Original Play Para Mujer Verde Musgo,,,1,"Impermeables, Invierno, Verde, Ofertas","Tipo de producto > Botas, Género, Género > Mujer, Tipo de producto",Hunter,Hunter,
20250,variable,WFT1001RMA-GSC,Botas De Agua Altas Y Ajustables Por Detrás Para Mujer Glenmore Rosa,,,1,"Destacado, Impermeables, Invierno, Ofertas","Tipo de producto > Botas, Género, Género > Mujer, Tipo de producto",Hunter,Hunter,
20451,variable,MRO1401WAP-HUB,Chaqueta de lluvia para hombre Negra,,,1,"Impermeables, Ofertas","Tipo de producto > Chaquetas, Género, Género > Hombre, Tipo de producto",Hunter,Hunter,
20431,variable,WRO1400WAP-DOV,Chaqueta de lluvia para mujer Verde Oliva,,,1,"Impermeables, Verde, Ofertas","Tipo de producto > Chaquetas, Tipo de producto",Hunter,Hunter,
20432,variable,WRO1400WAP-FRD,Chaqueta de lluvia para mujer Rojo,,,1,"Impermeables, Ofertas","Tipo de producto > Chaquetas, Tipo de producto",Hunter,Hunter,
20433,variable,WRO1404VYL-DOB,Chaqueta Play Impermeable de Vinilo para Mujer Verde Oscuro,,,1,"Destacado, Impermeables, Ofertas","Tipo de producto > Chaquetas, Tipo de producto",Hunter,Hunter,
20430,variable,WRO1400WAP-HUB,Chaqueta de lluvia para mujer Negra,,,1,"Impermeables, Ofertas","Tipo de producto > Chaquetas, Tipo de producto",Hunter,Hunter,
21872,variable,WFS2240NRE-BWI,Bota Enrollable - Sherpa Vegano - Mujeres - Negro con Blanco,,,1,"Botas, Bototos, Hunter, Impermeables, Mujer, Negra, Sherpa, Ofertas","Tipo de producto > Botas, Género, Género > Mujer, Tipo de producto",Hunter,Hunter,
20222,variable,WFT1000RMA-SWG,Botas de Agua Altas para Mujer Verde Sweet Gale,,,1,"Destacado, Impermeables, Invierno, Verde, Ofertas","Tipo de producto > Botas, Género, Género > Mujer, Tipo de producto",Hunter,Hunter,
20452,variable,MRO1401WAP-DOV,Chaqueta de lluvia para hombre Verde Oscuro,,,1,"Impermeables, Verde, Ofertas","Tipo de producto > Chaquetas, Género, Género > Hombre, Tipo de producto",Hunter,Hunter,
21255,variable,WRO1435RPD-HUB,Chaqueta Acolchada Explorer De Nylon Reciclado Para Mujer,,,1,"Chaquetas, Hunter, Impermeables, Negra, Ofertas","Tipo de producto > Chaquetas, Género, Género > Mujer, Tipo de producto",Hunter,Hunter,
21245,variable,WRO1434RPD-HUB,Chaqueta Acolchada De Nylon Reciclado Explorer Para Mujer,,,1,"Chaquetas, Hunter, Impermeables, Negra, Ofertas","Tipo de producto > Chaquetas, Género, Género > Mujer, Tipo de producto",Hunter,Hunter,
18950,variable,WFT2052NRE-BLK,Botas Estilo Sherpa Con Parte Superior Enrollable Para Mujer Negro,,,1,"Invierno, Sherpa, Ofertas","Tipo de producto > Botas, Género, Género > Mujer, Tipo de producto",Hunter,Hunter,
19349,variable,MFT9000RMA-DOV,Botas De Agua Altas Original Para Hombre Verde Oliva,,,1,"Impermeables, Invierno, Verde, winter-style, Ofertas","Tipo de producto > Botas, Género, Género > Hombre, Tipo de producto",Hunter,Hunter,
18652,variable,WFT1000RMA-MLR,Botas de Agua Altas para Mujer Rojo Militar,,,1,"Impermeables, Invierno, Ofertas","Tipo de producto > Botas, Género, Género > Mujer, Tipo de producto",Hunter,Hunter,
19886,variable,WRO1323RSF-BLK,Chaqueta plegable ligera reciclada para mujer,,,1,"Invierno, Ofertas","Tipo de producto > Chaquetas, Género, Género > Mujer, Tipo de producto",Hunter,Hunter,
18556,variable,WFT1000RGL-BLK,Botas Altas Y Brillantes Original Para Mujer Negro,,,1,"Impermeables, Invierno, winter-style, Ofertas","Tipo de producto > Botas, Género, Género > Mujer, Tipo de producto",Hunter,Hunter,
19990,simple,UAU1004UPM-DOV,PARAGUAS BURBUJA MOUSTACHE VERDE OLIVA,29994,49990,1,"Impermeables, Invierno, Moustache, Verde, Ofertas","Tipo de producto > Accesorios, Tipo de producto > Accesorios > Paraguas, Tipo de producto",Hunter,Hunter,
20084,variable,WFS2010CNV-BLK,Botas Commando Desert Mujer Negras,,,1,"Invierno, Ofertas","Tipo de producto > Botas, Género, Género > Mujer, Tipo de producto",Hunter,Hunter,
18589,variable,WFT1000RGL-MLR,Botas Altas Y Brillantes Original Para Mujer Rojo Militar,,,1,"Impermeables, Invierno, Ofertas","Tipo de producto > Botas, Género, Género > Mujer, Tipo de producto",Hunter,Hunter,
19509,simple,UAU1004UPM-BLK,Paraguas Burbuja Moustache Negro,25794,42990,1,"Invierno, Moustache, Ofertas","Tipo de producto > Accesorios, Tipo de producto > Accesorios > Paraguas, Tipo de producto",Hunter,Hunter,
18945,variable,WFT2007RMA-BLK,Botas De Agua Altas Original Play Para Mujer BLK,,,1,"Impermeables, Invierno, Ofertas","Tipo de producto > Botas, Género, Género > Mujer, Tipo de producto",Hunter,Hunter,
21882,variable,WFT2007RMA-APL,Botas De Agua Play Altas Para Mujer Rosadas,,,1,"Botas, Hunter, Impermeables, Rosado, Ofertas","Tipo de producto > Botas, Género, Género > Mujer, Tipo de producto",Hunter,Hunter,
20199,variable,WFS1000RMA-OVL,Botas de Agua Bajas para Mujer Hoja de Olivo,,,1,"Impermeables, Invierno, Verde, Ofertas","Tipo de producto > Botas, Calzado, Género, Género > Mujer, Tipo de producto",Hunter,Hunter,
20201,variable,WFS1013RMA-GSC,Botas De Agua Baja y Ajustables Por Detrás Para Mujer Rosado Oscuro,,,1,"Impermeables, Invierno, Ofertas","Tipo de producto > Botas, Género, Género > Mujer, Tipo de producto",Hunter,Hunter,
21837,variable,WFS1018RGL-BLK,Botas Chelsea Commando Negras Brillantes Para Mujer,,,1,"Botas, Hunter, Impermeables, Negro, Vegano, Ofertas","Tipo de producto > Botas, Género, Género > Mujer, Tipo de producto",Hunter,Hunter,
18551,variable,WFS2020RMA-LRD,Botas de Agua Bajas Play para Mujer Rojo,,,1,"Impermeables, Invierno, Top 7 regalos para Mamá, Ofertas","Tipo de producto > Botas, Género, Género > Mujer, Tipo de producto",Hunter,Hunter,
18937,variable,WFS2020RMA-ZNC,Botas De Agua Bajas Original Play Para Mujer ZNC,,,1,"Impermeables, Invierno, Ofertas","Tipo de producto > Botas, Género, Género > Mujer, Tipo de producto",Hunter,Hunter,
18525,variable,WFS2020RMA-BLK,Botas De Agua Bajas Play Mujer Negro,,,1,"Impermeables, Invierno, Ofertas","Tipo de producto > Botas, Género, Género > Mujer, Tipo de producto",Hunter,Hunter,
21892,variable,WFS2020RMA-APL,Botas De Agua Play Cortas Para Mujer Rosada,,,1,"Botas, Hunter, Impermeables, Rosadas, Ofertas","Tipo de producto > Botas, Género, Género > Mujer, Tipo de producto",Hunter,Hunter,
19848,variable,WFS2018RMA-DOC,Bota Corta de Jardinera,,,1,"Impermeables, Invierno, Verde, Ofertas","Tipo de producto > Botas, Género, Género > Mujer, Tipo de producto",Hunter,Hunter,
21201,variable,WFS2336REN-BLK,Botas Commando Travel Explorer Black - Mujer,,,1,"Botas, Bototos, Hunter, Mujer, Ofertas","Tipo de producto > Botas, Género, Género > Mujer, Tipo de producto, Tipo de producto > Zapatos",Hunter,Hunter,
21208,variable,WFS2336REN-SED,Botas Commando Travel Explorer White - Mujer,,,1,"Botas, Bototos, Hunter, Mujer, Ofertas","Tipo de producto > Botas, Género, Género > Mujer, Tipo de producto, Tipo de producto > Zapatos",Hunter,Hunter,
19887,variable,WRO1323RSF-NVY,Chaqueta plegable ligera reciclada para mujer,,,1,"Invierno, Navy, Ofertas","Tipo de producto > Chaquetas, Género, Género > Mujer, Tipo de producto",Hunter,Hunter,
19989,simple,UAU1004UPM-PKB,PARAGUAS BURBUJA MOUSTACHE AZUL,29994,49990,1,"Impermeables, Invierno, Moustache, Navy, Ofertas","Tipo de producto > Accesorios, Tipo de producto > Accesorios > Paraguas, Tipo de producto",Hunter,Hunter,
20665,variable,MFS2335LNR-BLK,Botas Commando de Piel Con Cordones Urban Explorer Para Hombre,,,1,"Botas, Bototos, Hombre, Hunter, Ofertas","Tipo de producto > Botas, Género, Género > Hombre, Tipo de producto",Hunter,Hunter,
20104,variable,WFS2010CNV-ATM,Botas Commando Desert Mujer Verde Musgo,,,1,"Invierno, Verde, Ofertas","Tipo de producto > Botas, Género, Género > Mujer, Tipo de producto",Hunter,Hunter,
19603,variable,WRO1345WAP-BLK,Chaqueta Impermeable Mujer Black,,,1,"Impermeables, Invierno, Ofertas","Tipo de producto > Chaquetas, Género, Género > Mujer, Tipo de producto",Hunter,Hunter,
19606,variable,MRO4245WAP-DOV,Chaqueta Impermeable Hombre Olive Green,,,1,"Impermeables, Invierno, Verde, Ofertas","Tipo de producto > Chaquetas, Género, Género > Hombre, Tipo de producto",Hunter,Hunter,
19604,variable,WRO1345WAP-DOV,Chaqueta Impermeable Mujer Olive Green,,,1,"Impermeables, Invierno, Verde, Ofertas","Tipo de producto > Chaquetas, Género, Género > Mujer, Tipo de producto",Hunter,Hunter,
18588,variable,UZF3003LSK-NTR,Plantilla Luxury Shearling,,,1,"Invierno, Ofertas","Tipo de producto > Accesorios, Tipo de producto > Accesorios > Plantilla, Tipo de producto",Hunter,Hunter,
19605,variable,MRO4245WAP-BLK,Chaqueta Impermeable Hombre Black,,,1,"Impermeables, Invierno, Ofertas","Tipo de producto > Chaquetas, Género, Género > Hombre, Tipo de producto",Hunter,Hunter,
18923,variable,UAS3036AAB-GZB,Hunter Calcetín Bota 6 Puntadas,,,1,"Hunter, Invierno, Mujer, Ofertas","Tipo de producto > Accesorios, Tipo de producto > Accesorios > Calcetín, Tipo de producto",Hunter,Hunter,
19559,simple,UZG7001MAR-RYL,Llavero Mochila Hunter Amarilla,4194,6990,1,Ofertas,"Tipo de producto > Accesorios, Tipo de producto",Hunter,Hunter,
19560,simple,UZG7001MAR-MLR,Llavero Mochila Hunter Roja,4194,6990,1,Ofertas,"Tipo de producto > Accesorios, Tipo de producto",Hunter,Hunter,
19561,simple,UZG7001MAR-HGR,Llavero Mochila Hunter Verde,4194,6990,1,Ofertas,"Tipo de producto > Accesorios, Tipo de producto",Hunter,Hunter,
19490,simple,UAH3345WXA-BLK,Gorro Original de Lana Negro,14994,24990,1,"Invierno, winter-style, Ofertas","Tipo de producto > Accesorios, Tipo de producto > Accesorios > Gorros, Tipo de producto",Hunter,Hunter,
20272,variable,WFS1020RMA-ATM,Botas de Agua Bajas Play Neopreno Verde Musgo Mujer,,,1,"Impermeables, Verde, Ofertas","Tipo de producto > Botas, Género, Género > Mujer, Tipo de producto",Hunter,Hunter,
18924,variable,UAS3036AAB-NWH,HUNTER CALCETIN BOTA 6 PUNTADAS,,,1,"Invierno, Ofertas","Tipo de producto > Accesorios, Tipo de producto > Accesorios > Calcetín, Tipo de producto",Hunter,Hunter,
19562,simple,UZG7000MAR-MLR,Llavero Bota Hunter Roja,4194,6990,1,Ofertas,"Tipo de producto > Accesorios, Tipo de producto",Hunter,Hunter,
18555,variable,UAS3036AAB-BLK,Hunter Calcetín Bota 6 Puntadas 1,,,1,"Hunter, Invierno, Mujer, Ofertas","Tipo de producto > Accesorios, Tipo de producto > Accesorios > Calcetín, Tipo de producto",Hunter,Hunter,
19274,simple,UZC4010XXX-CLR,HUNTER REPARADOR GOMA BO MISCEL,7794,12990,1,Ofertas,"Tipo de producto > Accesorios, Género, Género > Hombre, Género > Mujer, Género > Niño, Tipo de producto, Género > Unisex",Hunter,Hunter,
19273,simple,UZC4007XXX-CLR,HUNTER RUBBER CARE KIT,13194,21990,1,Ofertas,"Tipo de producto > Accesorios, Género, Género > Hombre, Género > Mujer, Género > Niño, Tipo de producto, Género > Unisex",Hunter,Hunter,
20981,variable,WFF1100REN-SSH,"Zapatillas Deportivas Travel - Mujer White, Green & Coral",,,1,"Deportivas, Hunter, Zapatillas, Ofertas","Calzado, Género, Género > Mujer, Tipo de producto, Tipo de producto > Zapatillas",Hunter,,
21012,variable,WFF1100REN-BSH,Zapatillas Deportivas Travel - Mujer Black Shaded White,,,1,"Deportivas, Hunter, Zapatillas, Ofertas","Calzado, Género, Género > Mujer, Tipo de producto, Tipo de producto > Zapatillas",Hunter,,
20988,variable,WFF1100REN-SSA,Zapatillas Deportivas Travel - Mujer Shaded White,,,1,"Deportivas, Hunter, Zapatillas, Ofertas","Calzado, Género, Género > Mujer, Tipo de producto, Tipo de producto > Zapatillas",Hunter,,
24468,variable,MFF9100REN-SED,Zapatillas Deportivas Travel - Hombre Shaded White,,,1,"Deportivas, Hunter, Zapatillas, Ofertas","Calzado, Género, Género > Hombre, Tipo de producto, Tipo de producto > Zapatillas",Hunter,,
24825,variable,WFF1100REN-VPY,Zapatillas Deportivas Travel - Mujer - Red,,,1,"Deportivas, Hunter, Zapatillas, Ofertas","Calzado, Género, Género > Mujer, Tipo de producto, Tipo de producto > Zapatillas",Hunter,,
21003,variable,WFF1100REN-RCG,Zapatillas Deportivas Travel - Mujer Red Tang,,,1,"Deportivas, Hunter, Zapatillas, Ofertas","Calzado, Género, Género > Mujer, Tipo de producto, Tipo de producto > Zapatillas",Hunter,,
20930,variable,WFF1100REN-BLK,Zapatillas Deportivas Travel - Mujer - Black,,,1,"Deportivas, Hunter, Zapatillas, Ofertas","Calzado, Género, Género > Mujer, Tipo de producto, Tipo de producto > Zapatillas",Hunter,,
20273,variable,WFS1020RMA-BLK,Botas de Agua Bajas Play Neopreno Black Mujer,,,1,"Impermeables, Verde, Ofertas","Tipo de producto > Botas, Género, Género > Mujer, Tipo de producto",Hunter,Hunter,
24812,variable,MFF9100REN-LTB,Zapatillas Deportivas Travel - Hombre Verde Musgo,,,1,"Deportivas, Hunter, Zapatillas, Ofertas","Calzado, Género, Género > Hombre, Tipo de producto, Tipo de producto > Zapatillas",Hunter,,
20920,variable,MFF9100REN-ZSB,Zapatillas Deportivas Travel - Hombre Zesty Yellow,,,1,"Deportivas, Hunter, Zapatillas, Ofertas","Calzado, Género, Género > Hombre, Tipo de producto, Tipo de producto > Zapatillas",Hunter,,
20911,variable,MFF9100REN-BLK,Zapatillas Deportivas Travel - Hombre Black,,,1,"Deportivas, Hunter, Zapatillas, Ofertas","Calzado, Género, Género > Hombre, Tipo de producto, Tipo de producto > Zapatillas",Hunter,,
24458,variable,MFK1000PTP-BLK,Zapatilla Travel Trainer Black Hombre,,,1,"Black, Hunter, Negro, Zapatillas, Ofertas","Género, Género > Hombre, Tipo de producto, Tipo de producto > Zapatillas",Hunter,Hunter,
20401,variable,WFS2236NYL-MRF,Botas Commando Explorer Aislantes Para Mujer Berry,,,1,"Cyber, Outdoor, Trekking, Ofertas","Tipo de producto > Botas, Género, Género > Mujer, Tipo de producto",Hunter,Hunter,
20400,variable,WFS2236NYL-BLK,Botas Commando Explorer Aislantes Para Mujer Negro,,,1,"Cyber, Outdoor, Trekking, Ofertas","Tipo de producto > Botas, Género, Género > Mujer, Tipo de producto",Hunter,Hunter,
18961,variable,WRO1258WAP-NVY,Impermeable Ligero Para Mujer Azul Marino,,,1,"Impermeables, Invierno, Ofertas","Tipo de producto > Chaquetas, Género, Género > Mujer, Tipo de producto",Hunter,Hunter,
18960,variable,WRO1258WAP-DOV,Impermeable Ligero Para Mujer Verde Oliva,,,1,"Impermeables, Invierno, Verde, Ofertas","Tipo de producto > Chaquetas, Género, Género > Mujer, Tipo de producto",Hunter,Hunter,
18958,variable,WRO1227SBC-BLK,Abrigo Impermeable de Algodon Original Mujer Negro,,,1,"Impermeables, Invierno, Ofertas","Tipo de producto > Chaquetas, Género, Género > Mujer, Tipo de producto",Hunter,Hunter,
18959,variable,WRO1227SBC-DOV,Abrigo Impermeable de Algodon Original Mujer Verde Oliva 2,,,1,"Impermeables, Invierno, Verde, Ofertas","Tipo de producto > Chaquetas, Género, Género > Mujer, Tipo de producto",Hunter,Hunter,
18955,variable,WRO1190SBC-DOV,Abrigo Impermeable de Algodon Original Mujer Verde Oliva 1,,,1,"Impermeables, Invierno, Verde, Ofertas","Tipo de producto > Chaquetas, Género, Género > Mujer, Tipo de producto",Hunter,Hunter,
18957,variable,WRO1208WAP-NVY,Abrigo Impermeable de Algodon Original Mujer Azul Marino,,,1,"Impermeables, Invierno, Ofertas","Tipo de producto > Chaquetas, Género, Género > Mujer, Tipo de producto",Hunter,Hunter,
18956,variable,WRO1208WAP-FSE,Abrigo Impermeable de Algodon Original Mujer Celeste,,,1,"Impermeables, Invierno, Ofertas","Tipo de producto > Chaquetas, Género, Género > Mujer, Tipo de producto",Hunter,Hunter,
18524,variable,WFS2006RMA-BLK,Botas Chelsea Original Para Mujer Negro 2,,,1,"Impermeables, Invierno, Ofertas","Tipo de producto > Botas, Género, Género > Mujer, Tipo de producto",Hunter,Hunter,
18928,variable,WFF1077NRE-BLK,ZAP SHERPA NEGRO,,,1,"Impermeables, Invierno, Ofertas","Tipo de producto > Accesorios, Género, Género > Mujer, Tipo de producto, Tipo de producto > Zapatos",Hunter,Hunter,
18930,variable,WFS1043RMA-BLK,Botas Chelsea Original Para Mujer Negro 1,,,1,"Impermeables, Invierno, Ofertas","Tipo de producto > Accesorios, Tipo de producto > Botas, Género, Género > Mujer, Tipo de producto",Hunter,Hunter,
18931,variable,WFS1043RMA-MLR,Botas Chelsea Original Para Mujer Rojo Militar,,,1,"Impermeables, Invierno, Ofertas","Tipo de producto > Accesorios, Tipo de producto > Botas, Género, Género > Mujer, Tipo de producto",Hunter,Hunter,
18951,variable,WFT2052NRE-NVY,Botas Estilo Sherpa Con Parte Superior Enrollable Original Azul Marino,,,1,"Impermeables, Invierno, Ofertas","Tipo de producto > Botas, Género, Género > Mujer, Tipo de producto",Hunter,Hunter,
18942,variable,WFT1071RGL-BLK,Botas Original Refined y Brillante Para Mujer Negro,,,1,"Impermeables, Invierno, Ofertas","Tipo de producto > Botas, Género, Género > Mujer, Tipo de producto",Hunter,Hunter,
18934,variable,WFS1071RMA-NYG,BOTINES HUNTER WFS1071R AZUL 4,,,1,"Impermeables, Invierno, Ofertas","Tipo de producto > Botas, Género, Género > Mujer, Tipo de producto",Hunter,Hunter,
18935,variable,WFS1071RMA-RDG,BOTINES HUNTER WFS1071R ROJO 6,,,1,"Impermeables, Invierno, Ofertas","Tipo de producto > Botas, Género, Género > Mujer, Tipo de producto",Hunter,Hunter,
18927,variable,WAS1017AAC-WHT,CALCETIN CAR BOTA CORTA BLANCO,,,1,"Invierno, winter-style, Ofertas","Tipo de producto > Accesorios, Tipo de producto > Accesorios > Calcetín, Tipo de producto",Hunter,Hunter,
18618,variable,WAS1017AAC-BLK,CALCETIN CAR BOTA CORTA NEGRO,,,1,"Invierno, winter-style, Ofertas","Tipo de producto > Accesorios, Tipo de producto > Accesorios > Calcetín, Tipo de producto",Hunter,Hunter,
18586,simple,UZC3011XXX-CLR,HUNTER ABRILLANTADOR BOT MISCEL,3594,5990,1,Ofertas,"Tipo de producto > Accesorios, Tipo de producto",Hunter,Hunter,
18926,variable,WAS1017AAC-RED,CALCETIN BOTA CORTA ROJO,,,1,"Invierno, winter-style, Ofertas","Tipo de producto > Accesorios, Tipo de producto > Accesorios > Calcetín, Tipo de producto",Hunter,Hunter,
18619,variable,UAS3000AAA-CRM,HUNTER CALCETIN BOTA CREMA,,,1,"Invierno, winter-style, Ofertas","Tipo de producto > Accesorios, Tipo de producto > Accesorios > Calcetín, Tipo de producto",Hunter,Hunter,
18954,variable,WRO1185VAD-DSL,Impermeable De Vinilo Original Mujer Gris,,,1,"Impermeables, Invierno, Ofertas","Tipo de producto > Chaquetas, Género, Género > Mujer, Tipo de producto",Hunter,Hunter,
18953,variable,WRO1123SBD-BLK,Smock Impermeable Original Pleglable Mujer Negro,,,1,"Impermeables, Invierno, Ofertas","Tipo de producto > Chaquetas, Género, Género > Mujer, Tipo de producto",Hunter,Hunter,
