ID,Tipo,SKU,"GTIN, UPC, EAN o ISBN",Nombre,Publicado,¿Está destacado?,Visibilidad en el catálogo,Descripción corta,Descripción,Día en que empieza el precio rebajado,Día en que termina el precio rebajado,Estado del impuesto,Clase de impuesto,¿Existencias?,Inventario,Cantidad de bajo inventario,¿Permitir reservas de productos agotados?,¿Vendido individualmente?,Peso (g),Longitud (cm),Anchura (cm),Altura (cm),¿Permitir valoraciones de clientes?,Nota de compra,Precio rebajado,Precio normal,Categorías,Etiquetas,Clase de envío,Imágenes,Límite de descargas,Días de caducidad de la descarga,Superior,Productos agrupados,Ventas dirigidas,Ventas cruzadas,URL externa,Texto del botón,Posición,EAN,Marcas,Marca,Nombre del atributo 1,Valor(es) del atributo 1,Atributo visible 1,Atributo global 1,Atributo por defecto 1
18532,variation,WFS1000RMA-BLK36,,Botas De Agua Bajas Original Para Mujer Negro - 36,1,0,visible,,,,,taxable,parent,0,0,,0,0,1.9,20,,10,0,,72594,120990,,,,,,,WFS1000RMA-BLK,,,,,,1,5013441352664,Hunter,,Talla,36,,1,
18533,variation,WFS1000RMA-BLK37,,Botas De Agua Bajas Original Para Mujer Negro - 37,1,0,visible,,,,,taxable,parent,0,0,,0,0,1.9,20,,10,0,,72594,120990,,,,,,,WFS1000RMA-BLK,,,,,,1,5013441352671,Hunter,,Talla,37,,1,
18534,variation,WFS1000RMA-BLK38,,Botas De Agua Bajas Original Para Mujer Negro - 38,1,0,visible,,,,,taxable,parent,0,0,,0,0,1.9,20,,10,0,,72594,120990,,,,,,,WFS1000RMA-BLK,,,,,,1,5013441352688,Hunter,,Talla,38,,1,
18535,variation,WFS1000RMA-BLK39,,Botas De Agua Bajas Original Para Mujer Negro - 39,1,0,visible,,,,,taxable,parent,0,0,,0,0,1.9,20,,10,0,,72594,120990,,,,,,,WFS1000RMA-BLK,,,,,,1,5013441352695,Hunter,,Talla,39,,1,
18536,variation,WFS1000RMA-BLK40/41,,Botas De Agua Bajas Original Para Mujer Negro - 40/41,1,0,visible,,,,,taxable,parent,0,0,,0,0,1.9,20,,10,0,,72594,120990,,,,,,,WFS1000RMA-BLK,,,,,,1,5013441352701,Hunter,,Talla,40/41,,1,
18537,variation,WFS1000RMA-BLK42,,Botas De Agua Bajas Original Para Mujer Negro - 42,1,0,visible,,,,,taxable,parent,0,0,,0,0,1.9,20,,10,0,,72594,120990,,,,,,,WFS1000RMA-BLK,,,,,,1,5013441352718,Hunter,,Talla,42,,1,
18543,variation,WFS1000RMA-DOV42,,Botas De Agua Bajas Original Para Mujer Verde Oliva - 42,1,0,visible,,,,,taxable,parent,0,0,,0,0,1.9,20,,10,0,,72594,120990,,,,,,,WFS1000RMA-DOV,,,"UAH3031WXA-GZB, UBP1152KBM-DOV",,,1,5013441406510,Hunter,,Talla,42,,1,
18544,variation,WFS2006RMA-BLK36,,Botas Chelsea Original Para Mujer Negro 2 - 36,1,0,visible,,,,,taxable,parent,0,0,,0,0,1.5,26,,11,0,,70194,116990,,,,,,,WFS2006RMA-BLK,,,,,,1,5054916291347,Hunter,,Talla,36,,1,
18545,variation,WFS2006RMA-BLK37,,Botas Chelsea Original Para Mujer Negro 2 - 37,1,0,visible,,,,,taxable,parent,0,0,,0,0,1.5,26,,11,0,,70194,116990,,,,,,,WFS2006RMA-BLK,,,,,,1,5054916291354,Hunter,,Talla,37,,1,
18546,variation,WFS2006RMA-BLK38,,Botas Chelsea Original Para Mujer Negro 2 - 38,1,0,visible,,,,,taxable,parent,0,0,,0,0,1.5,26,,11,0,,70194,116990,,,,,,,WFS2006RMA-BLK,,,,,,1,5054916291361,Hunter,,Talla,38,,1,
18547,variation,WFS2006RMA-BLK39,,Botas Chelsea Original Para Mujer Negro 2 - 39,1,0,visible,,,,,taxable,parent,0,0,,0,0,1.5,26,,11,0,,70194,116990,,,,,,,WFS2006RMA-BLK,,,,,,1,5054916291378,Hunter,,Talla,39,,1,
18548,variation,WFS2006RMA-BLK40/41,,Botas Chelsea Original Para Mujer Negro 2 - 40/41,1,0,visible,,,,,taxable,parent,0,0,,0,0,1.5,26,,11,0,,70194,116990,,,,,,,WFS2006RMA-BLK,,,,,,1,5054916291385,Hunter,,Talla,40/41,,1,
18549,variation,WFS2006RMA-BLK42,,Botas Chelsea Original Para Mujer Negro 2 - 42,1,0,visible,,,,,taxable,parent,0,0,,0,0,1.5,26,,11,0,,70194,116990,,,,,,,WFS2006RMA-BLK,,,,,,1,5054916291392,Hunter,,Talla,42,,1,
18574,variation,WFS2080RMA-BHE36,,Botas De Agua Aislantes Bajas Original Para Mujer BHE - 36,1,0,visible,,,,,taxable,parent,0,0,,0,0,1.5,32,,12,0,,92994,154990,,,,,,,WFS2080RMA-BHE,,,,,,1,5054916651189,Hunter,,Talla,36,,1,
18575,variation,WFS2080RMA-BHE37,,Botas De Agua Aislantes Bajas Original Para Mujer BHE - 37,1,0,visible,,,,,taxable,parent,0,0,,0,0,1.5,32,,12,0,,92994,154990,,,,,,,WFS2080RMA-BHE,,,,,,1,5054916651196,Hunter,,Talla,37,,1,
18576,variation,WFS2080RMA-BHE38,,Botas De Agua Aislantes Bajas Original Para Mujer BHE - 38,1,0,visible,,,,,taxable,parent,0,0,,0,0,1.5,32,,12,0,,92994,154990,,,,,,,WFS2080RMA-BHE,,,,,,1,5054916651202,Hunter,,Talla,38,,1,
18577,variation,WFS2080RMA-BHE39,,Botas De Agua Aislantes Bajas Original Para Mujer BHE - 39,1,0,visible,,,,,taxable,parent,0,0,,0,0,1.5,32,,12,0,,92994,154990,,,,,,,WFS2080RMA-BHE,,,,,,1,5054916651219,Hunter,,Talla,39,,1,
18578,variation,WFS2080RMA-BHE40/41,,Botas De Agua Aislantes Bajas Original Para Mujer BHE - 40/41,1,0,visible,,,,,taxable,parent,0,0,,0,0,1.5,32,,12,0,,92994,154990,,,,,,,WFS2080RMA-BHE,,,,,,1,5054916651226,Hunter,,Talla,40/41,,1,
18579,variation,WFS2080RMA-BHE42,,Botas De Agua Aislantes Bajas Original Para Mujer BHE - 42,1,0,visible,,,,,taxable,parent,0,0,,0,0,1.5,32,,12,0,,92994,154990,,,,,,,WFS2080RMA-BHE,,,,,,1,5054916651233,Hunter,,Talla,42,,1,
18598,variation,WFT1000RGL-DOV40/41,,Botas Altas Y Brillantes Original Para Mujer Verde Oliva - 40/41,1,0,visible,,,,,taxable,parent,0,0,,0,0,2,35,,12,0,,77994,129990,,,,,,,WFT1000RGL-DOV,,,,,,1,5054916098496,Hunter,,Talla,40/41,,1,
18616,variation,WFT1000RMA-DOV40/41,,Botas De Agua Altas Original Para Mujer Verde Oliva - 40/41,1,0,visible,,,,,taxable,parent,0,0,,0,0,2,32,,11,0,,77994,129990,,,,,,,WFT1000RMA-DOV,,,,,,1,5013441352978,Hunter,,Talla,40/41,,1,
18630,variation,WAS1017AAC-BLKM,,CALCETIN CAR BOTA CORTA NEGRO - M,1,0,visible,,,,,taxable,parent,0,0,,0,0,0.4,15,,7,0,,23994,39990,,,,,,,WAS1017AAC-BLK,,,,,,1,5013441694924,Hunter,,size,M,,1,
18631,variation,WAS1017AAC-BLKL,,CALCETIN CAR BOTA CORTA NEGRO - L,1,0,visible,,,,,taxable,parent,0,0,,0,0,0.4,15,,7,0,,23994,39990,,,,,,,WAS1017AAC-BLK,,,,,,1,5013441694931,Hunter,,size,L,,1,
18632,variation,UAS3000AAA-CRMM,,HUNTER CALCETIN BOTA CREMA - M,1,0,visible,,,,,taxable,parent,0,0,,0,0,0.4,15,,7,0,,14994,24990,,,,,,,UAS3000AAA-CRM,,,,,,1,5013441380773,Hunter,,size,M,,1,
18633,variation,UAS3000AAA-CRML,,HUNTER CALCETIN BOTA CREMA - L,1,0,visible,,,,,taxable,parent,0,0,,0,0,0.4,15,,7,0,,14994,24990,,,,,,,UAS3000AAA-CRM,,,,,,1,5013441380780,Hunter,,size,L,,1,
19028,variation,JFT6000RMA-CAC33,,Botas De Agua Original Para Niños Verde Cactus - 33,1,0,visible,,,,,taxable,parent,0,0,,0,0,1.7,32,,14,0,,41994,69990,,,,,,,JFT6000RMA-CAC,,,,,,1,5054916121477,Hunter,,Talla,33,,1,
19029,variation,JFT6000RMA-CAC34/35,,Botas De Agua Original Para Niños Verde Cactus - 34/35,1,0,visible,,,,,taxable,parent,0,0,,0,0,1.7,32,,14,0,,41994,69990,,,,,,,JFT6000RMA-CAC,,,,,,1,5054916121507,Hunter,,Talla,34/35,,1,
19030,variation,JFT6000RMA-CAC36,,Botas De Agua Original Para Niños Verde Cactus - 36,1,0,visible,,,,,taxable,parent,0,0,,0,0,1.7,32,,14,0,,41994,69990,,,,,,,JFT6000RMA-CAC,,,,,,1,5054916121514,Hunter,,Talla,36,,1,
19031,variation,JFT6000RMA-CAC37,,Botas De Agua Original Para Niños Verde Cactus - 37,1,0,visible,,,,,taxable,parent,0,0,,0,0,1.7,32,,14,0,,41994,69990,,,,,,,JFT6000RMA-CAC,,,,,,1,5054916121521,Hunter,,Talla,37,,1,
19045,variation,MFT9000RMA-HGR45/46,,Botas De Agua Altas Original Para Hombre Verde - 45/46,1,0,visible,,,,,taxable,parent,0,0,,0,0,2,28,,13,0,,89994,149990,,,,,,,MFT9000RMA-HGR,,,,,,1,5013441733067,Hunter,,Talla,45/46,,1,
19053,variation,UAS3036AAB-NWHL,,HUNTER CALCETIN BOTA 6 PUNTADAS - L,1,0,visible,,,,,taxable,parent,0,0,,0,0,0.4,15,,7,0,,23994,39990,,,,,,,UAS3036AAB-NWH,,,,,,1,5013441858005,Hunter,,size,L,,1,
19054,variation,UAS3036AAB-NWHM,,HUNTER CALCETIN BOTA 6 PUNTADAS - M,1,0,visible,,,,,taxable,parent,0,0,,0,0,0.4,15,,7,0,,23994,39990,,,,,,,UAS3036AAB-NWH,,,,,,1,5013441857992,Hunter,,size,M,,1,
19060,variation,WAS1017AAC-REDM,,CALCETIN BOTA CORTA ROJO - M,1,0,visible,,,,,taxable,parent,0,0,,0,0,0.4,15,,7,0,,23994,39990,,,,,,,WAS1017AAC-RED,,,,,,1,5013441860756,Hunter,Hunter,size,M,,1,
19063,variation,WFF1077NRE-BLK36,,ZAP SHERPA NEGRO - 36,1,0,visible,,,,,taxable,parent,0,0,,0,0,0.4,15,,7,0,,53994,89990,,,,,,,WFF1077NRE-BLK,,,,,,1,5054916542654,Hunter,Hunter,Talla,36,,1,
19064,variation,WFF1077NRE-BLK37,,ZAP SHERPA NEGRO - 37,1,0,visible,,,,,taxable,parent,0,0,,0,0,0.4,15,,7,0,,53994,89990,,,,,,,WFF1077NRE-BLK,,,,,,1,5054916542661,Hunter,Hunter,Talla,37,,1,
19065,variation,WFF1077NRE-BLK38,,ZAP SHERPA NEGRO - 38,1,0,visible,,,,,taxable,parent,0,0,,0,0,0.4,15,,7,0,,53994,89990,,,,,,,WFF1077NRE-BLK,,,,,,1,5054916542678,Hunter,Hunter,Talla,38,,1,
19066,variation,WFF1077NRE-BLK39,,ZAP SHERPA NEGRO - 39,1,0,visible,,,,,taxable,parent,0,0,,0,0,0.4,15,,7,0,,53994,89990,,,,,,,WFF1077NRE-BLK,,,,,,1,5054916542685,Hunter,Hunter,Talla,39,,1,
19067,variation,WFF1077NRE-BLK40/41,,ZAP SHERPA NEGRO - 40/41,1,0,visible,,,,,taxable,parent,0,0,,0,0,0.4,15,,7,0,,53994,89990,,,,,,,WFF1077NRE-BLK,,,,,,1,5054916542692,Hunter,Hunter,Talla,40/41,,1,
19068,variation,WFF1077NRE-BLK42,,ZAP SHERPA NEGRO - 42,1,0,visible,,,,,taxable,parent,0,0,,0,0,0.4,15,,7,0,,53994,89990,,,,,,,WFF1077NRE-BLK,,,,,,1,5054916542708,Hunter,Hunter,Talla,42,,1,
19075,variation,WFS1043RMA-BLK36,,Botas Chelsea Original Para Mujer Negro 1 - 36,1,0,visible,,,,,taxable,parent,0,0,,0,0,1.5,26,,11,0,,70194,116990,,,,,,,WFS1043RMA-BLK,,,,,,1,5013441949505,Hunter,,Talla,36,,1,
19076,variation,WFS1043RMA-BLK37,,Botas Chelsea Original Para Mujer Negro 1 - 37,1,0,visible,,,,,taxable,parent,0,0,,0,0,1.5,26,,11,0,,70194,116990,,,,,,,WFS1043RMA-BLK,,,,,,1,5013441949512,Hunter,,Talla,37,,1,
19077,variation,WFS1043RMA-BLK38,,Botas Chelsea Original Para Mujer Negro 1 - 38,1,0,visible,,,,,taxable,parent,0,0,,0,0,1.5,26,,11,0,,70194,116990,,,,,,,WFS1043RMA-BLK,,,,,,1,5013441949529,Hunter,,Talla,38,,1,
19078,variation,WFS1043RMA-BLK39,,Botas Chelsea Original Para Mujer Negro 1 - 39,1,0,visible,,,,,taxable,parent,0,0,,0,0,1.5,26,,11,0,,70194,116990,,,,,,,WFS1043RMA-BLK,,,,,,1,5013441949536,Hunter,,Talla,39,,1,
19079,variation,WFS1043RMA-BLK40/41,,Botas Chelsea Original Para Mujer Negro 1 - 40/41,1,0,visible,,,,,taxable,parent,0,0,,0,0,1.5,26,,11,0,,70194,116990,,,,,,,WFS1043RMA-BLK,,,,,,1,5013441949543,Hunter,,Talla,40/41,,1,
19080,variation,WFS1043RMA-BLK42,,Botas Chelsea Original Para Mujer Negro 1 - 42,1,0,visible,,,,,taxable,parent,0,0,,0,0,1.5,26,,11,0,,70194,116990,,,,,,,WFS1043RMA-BLK,,,,,,1,5013441949550,Hunter,,Talla,42,,1,
19081,variation,WFS1043RMA-MLR36,,Botas Chelsea Original Para Mujer Rojo Militar - 36,1,0,visible,,,,,taxable,parent,0,0,,0,0,1.5,26,,11,0,,70194,116990,,,,,,,WFS1043RMA-MLR,,,,,,1,5013441949642,Hunter,,Talla,36,,1,
19082,variation,WFS1043RMA-MLR37,,Botas Chelsea Original Para Mujer Rojo Militar - 37,1,0,visible,,,,,taxable,parent,0,0,,0,0,1.5,26,,11,0,,70194,116990,,,,,,,WFS1043RMA-MLR,,,,,,1,5013441949659,Hunter,,Talla,37,,1,
19083,variation,WFS1043RMA-MLR38,,Botas Chelsea Original Para Mujer Rojo Militar - 38,1,0,visible,,,,,taxable,parent,0,0,,0,0,1.5,26,,11,0,,70194,116990,,,,,,,WFS1043RMA-MLR,,,,,,1,5013441949666,Hunter,,Talla,38,,1,
19084,variation,WFS1043RMA-MLR39,,Botas Chelsea Original Para Mujer Rojo Militar - 39,1,0,visible,,,,,taxable,parent,0,0,,0,0,1.5,26,,11,0,,70194,116990,,,,,,,WFS1043RMA-MLR,,,,,,1,5013441949673,Hunter,,Talla,39,,1,
19085,variation,WFS1043RMA-MLR40/41,,Botas Chelsea Original Para Mujer Rojo Militar - 40/41,1,0,visible,,,,,taxable,parent,0,0,,0,0,1.5,26,,11,0,,70194,116990,,,,,,,WFS1043RMA-MLR,,,,,,1,5013441949680,Hunter,,Talla,40/41,,1,
19086,variation,WFS1043RMA-MLR42,,Botas Chelsea Original Para Mujer Rojo Militar - 42,1,0,visible,,,,,taxable,parent,0,0,,0,0,1.5,26,,11,0,,70194,116990,,,,,,,WFS1043RMA-MLR,,,,,,1,5013441949697,Hunter,,Talla,42,,1,
19093,variation,WFS1071RMA-NYG36,,BOTINES HUNTER WFS1071R AZUL 4 - 36,1,0,visible,,,,,taxable,parent,0,0,,0,0,1.5,,,,0,,77994,129990,,,,,,,WFS1071RMA-NYG,,,,,,1,5054916279222,Hunter,,Talla,36,,1,
19094,variation,WFS1071RMA-NYG37,,BOTINES HUNTER WFS1071R AZUL 4 - 37,1,0,visible,,,,,taxable,parent,0,0,,0,0,1.5,,,,0,,77994,129990,,,,,,,WFS1071RMA-NYG,,,,,,1,5054916279239,Hunter,,Talla,37,,1,
19095,variation,WFS1071RMA-NYG38,,BOTINES HUNTER WFS1071R AZUL 4 - 38,1,0,visible,,,,,taxable,parent,0,0,,0,0,1.5,,,,0,,77994,129990,,,,,,,WFS1071RMA-NYG,,,,,,1,5054916279246,Hunter,,Talla,38,,1,
19096,variation,WFS1071RMA-NYG39,,BOTINES HUNTER WFS1071R AZUL 4 - 39,1,0,visible,,,,,taxable,parent,0,0,,0,0,1.5,,,,0,,77994,129990,,,,,,,WFS1071RMA-NYG,,,,,,1,5054916279253,Hunter,,Talla,39,,1,
19097,variation,WFS1071RMA-NYG40/41,,BOTINES HUNTER WFS1071R AZUL 4 - 40/41,1,0,visible,,,,,taxable,parent,0,0,,0,0,1.5,,,,0,,77994,129990,,,,,,,WFS1071RMA-NYG,,,,,,1,5054916279260,Hunter,,Talla,40/41,,1,
19098,variation,WFS1071RMA-NYG42,,BOTINES HUNTER WFS1071R AZUL 4 - 42,1,0,visible,,,,,taxable,parent,0,0,,0,0,1.5,,,,0,,77994,129990,,,,,,,WFS1071RMA-NYG,,,,,,1,5054916279277,Hunter,,Talla,42,,1,
19099,variation,WFS1071RMA-RDG36,,BOTINES HUNTER WFS1071R ROJO 6 - 36,1,0,visible,,,,,taxable,parent,0,0,,0,0,1.5,,,,0,,77994,129990,,,,,,,WFS1071RMA-RDG,,,,,,1,5054916279369,Hunter,,Talla,36,,1,
19100,variation,WFS1071RMA-RDG37,,BOTINES HUNTER WFS1071R ROJO 6 - 37,1,0,visible,,,,,taxable,parent,0,0,,0,0,1.5,,,,0,,77994,129990,,,,,,,WFS1071RMA-RDG,,,,,,1,5054916279376,Hunter,,Talla,37,,1,
19101,variation,WFS1071RMA-RDG38,,BOTINES HUNTER WFS1071R ROJO 6 - 38,1,0,visible,,,,,taxable,parent,0,0,,0,0,1.5,,,,0,,77994,129990,,,,,,,WFS1071RMA-RDG,,,,,,1,5054916279383,Hunter,,Talla,38,,1,
19102,variation,WFS1071RMA-RDG39,,BOTINES HUNTER WFS1071R ROJO 6 - 39,1,0,visible,,,,,taxable,parent,0,0,,0,0,1.5,,,,0,,77994,129990,,,,,,,WFS1071RMA-RDG,,,,,,1,5054916279390,Hunter,,Talla,39,,1,
19103,variation,WFS1071RMA-RDG40/41,,BOTINES HUNTER WFS1071R ROJO 6 - 40/41,1,0,visible,,,,,taxable,parent,0,0,,0,0,1.5,,,,0,,77994,129990,,,,,,,WFS1071RMA-RDG,,,,,,1,5054916279406,Hunter,,Talla,40/41,,1,
19104,variation,WFS1071RMA-RDG42,,BOTINES HUNTER WFS1071R ROJO 6 - 42,1,0,visible,,,,,taxable,parent,0,0,,0,0,1.5,,,,0,,77994,129990,,,,,,,WFS1071RMA-RDG,,,,,,1,5054916279413,Hunter,,Talla,42,,1,
19127,variation,WFT1000RGL-RVI40/41,,Botas Altas Y Brillantes Original Para Mujer Morada - 40/41,1,0,visible,,,,,taxable,parent,0,0,,0,0,2,32,,11,0,,77994,129990,,,,,,,WFT1000RGL-RVI,,,,,,1,5054916097932,Hunter,,Talla,40/41,,1,
19141,variation,WFT1071RGL-BLK36,,Botas Original Refined y Brillante Para Mujer Negro - 36,1,0,visible,,,,,taxable,parent,0,0,,0,0,2,35,,12,0,,98994,164990,,,,,,,WFT1071RGL-BLK,,,,,,1,5013441936475,Hunter,,Talla,36,,1,
19142,variation,WFT1071RGL-BLK37,,Botas Original Refined y Brillante Para Mujer Negro - 37,1,0,visible,,,,,taxable,parent,0,0,,0,0,2,35,,12,0,,98994,164990,,,,,,,WFT1071RGL-BLK,,,,,,1,5013441936482,Hunter,,Talla,37,,1,
19143,variation,WFT1071RGL-BLK38,,Botas Original Refined y Brillante Para Mujer Negro - 38,1,0,visible,,,,,taxable,parent,0,0,,0,0,2,35,,12,0,,98994,164990,,,,,,,WFT1071RGL-BLK,,,,,,1,5013441936499,Hunter,,Talla,38,,1,
19144,variation,WFT1071RGL-BLK39,,Botas Original Refined y Brillante Para Mujer Negro - 39,1,0,visible,,,,,taxable,parent,0,0,,0,0,2,32,,11,0,,98994,164990,,,,,,,WFT1071RGL-BLK,,,,,,1,5013441936505,Hunter,,Talla,39,,1,
19145,variation,WFT1071RGL-BLK40/41,,Botas Original Refined y Brillante Para Mujer Negro - 40/41,1,0,visible,,,,,taxable,parent,0,0,,0,0,2,32,,11,0,,98994,164990,,,,,,,WFT1071RGL-BLK,,,,,,1,5013441936512,Hunter,,Talla,40/41,,1,
19156,variation,WFT2007EXL-OEX40/41,,Botas Altas Original Play Con Logotipo Ampliado Para Mujer - 40/41,1,0,visible,,,,,taxable,parent,0,0,,0,0,2,32,,13,0,,65400,109000,,,,,,,WFT2007EXL-OEX,,,,,,1,5054916630115,Hunter,,Talla,40/41,,1,
19168,variation,WFT2007RMA-LIH40/41,,Botas De Agua Altas Original Play Para Mujer LIH - 40/41,1,0,visible,,,,,taxable,parent,0,0,,0,0,2,32,,13,0,,53994,89990,,,,,,,WFT2007RMA-LIH,,,,,,1,5054916450232,Hunter,,Talla,40/41,,1,
19194,variation,WFT2052NRE-NVY37,,Botas Estilo Sherpa Con Parte Superior Enrollable Original Azul Marino - 37,1,0,visible,,,,,taxable,parent,0,0,,0,0,2,32,,13,0,,71400,119000,,,,,,,WFT2052NRE-NVY,,,,,,1,5054916615433,Hunter,,Talla,37,,1,
19195,variation,WFT2052NRE-NVY38,,Botas Estilo Sherpa Con Parte Superior Enrollable Original Azul Marino - 38,1,0,visible,,,,,taxable,parent,0,0,,0,0,2,32,,13,0,,71400,119000,,,,,,,WFT2052NRE-NVY,,,,,,1,5054916615440,Hunter,,Talla,38,,1,
19196,variation,WFT2052NRE-NVY39,,Botas Estilo Sherpa Con Parte Superior Enrollable Original Azul Marino - 39,1,0,visible,,,,,taxable,parent,0,0,,0,0,2,32,,13,0,,71400,119000,,,,,,,WFT2052NRE-NVY,,,,,,1,5054916615457,Hunter,,Talla,39,,1,
19197,variation,WFT2052NRE-NVY40/41,,Botas Estilo Sherpa Con Parte Superior Enrollable Original Azul Marino - 40/41,1,0,visible,,,,,taxable,parent,0,0,,0,0,2,32,,13,0,,71400,119000,,,,,,,WFT2052NRE-NVY,,,,,,1,5054916615464,Hunter,,Talla,40/41,,1,
19198,variation,WFT2052NRE-NVY42,,Botas Estilo Sherpa Con Parte Superior Enrollable Original Azul Marino - 42,1,0,visible,,,,,taxable,parent,0,0,,0,0,2,32,,13,0,,71400,119000,,,,,,,WFT2052NRE-NVY,,,,,,1,5054916615471,Hunter,,Talla,42,,1,
19199,variation,WFT2052NRE-NVY36,,Botas Estilo Sherpa Con Parte Superior Enrollable Original Azul Marino - 36,1,0,visible,,,,,taxable,parent,0,0,,0,0,2,32,,13,0,,71400,119000,,,,,,,WFT2052NRE-NVY,,,,,,1,5054916615426,Hunter,,Talla,36,,1,
19206,variation,WRO1123SBD-BLKL,,Smock Impermeable Original Pleglable Mujer Negro - L,1,0,visible,,,,,taxable,parent,0,0,,0,0,1.5,30,,15,0,,127492,149990,,,,,,,WRO1123SBD-BLK,,,,,,1,5054916208000,Hunter,,size,L,,1,
19207,variation,WRO1123SBD-BLKM,,Smock Impermeable Original Pleglable Mujer Negro - M,1,0,visible,,,,,taxable,parent,0,0,,0,0,1.5,30,,15,0,,127492,149990,,,,,,,WRO1123SBD-BLK,,,,,,1,5054916207997,Hunter,,size,M,,1,
19208,variation,WRO1123SBD-BLKS,,Smock Impermeable Original Pleglable Mujer Negro - S,1,0,visible,,,,,taxable,parent,0,0,,0,0,1.5,30,,15,0,,127492,149990,,,,,,,WRO1123SBD-BLK,,,,,,1,5054916207980,Hunter,,size,S,,1,
19209,variation,WRO1123SBD-BLKXS,,Smock Impermeable Original Pleglable Mujer Negro - XS,1,0,visible,,,,,taxable,parent,0,0,,0,0,1.5,30,,15,0,,127492,149990,,,,,,,WRO1123SBD-BLK,,,,,,1,5054916208024,Hunter,,size,XS,,1,
19210,variation,WRO1185VAD-DSLL,,Impermeable De Vinilo Original Mujer Gris - L,1,0,visible,,,,,taxable,parent,0,0,,0,0,1.5,30,,15,0,,127492,149990,,,,,,,WRO1185VAD-DSL,,,,,,1,5054916099899,Hunter,,size,L,,1,
19211,variation,WRO1185VAD-DSLM,,Impermeable De Vinilo Original Mujer Gris - M,1,0,visible,,,,,taxable,parent,0,0,,0,0,1.5,30,,15,0,,127492,149990,,,,,,,WRO1185VAD-DSL,,,,,,1,5054916099882,Hunter,,size,M,,1,
19212,variation,WRO1185VAD-DSLS,,Impermeable De Vinilo Original Mujer Gris - S,1,0,visible,,,,,taxable,parent,0,0,,0,0,1.5,30,,15,0,,127492,149990,,,,,,,WRO1185VAD-DSL,,,,,,1,5054916099875,Hunter,,size,S,,1,
19213,variation,WRO1185VAD-DSLXS,,Impermeable De Vinilo Original Mujer Gris - XS,1,0,visible,,,,,taxable,parent,0,0,,0,0,1.5,30,,15,0,,127492,149990,,,,,,,WRO1185VAD-DSL,,,,,,1,5054916099912,Hunter,,size,XS,,1,
19214,variation,WRO1190SBC-DOVL,,Abrigo Impermeable de Algodon Original Mujer Verde Oliva 1 - L,1,0,visible,,,,,taxable,parent,0,0,,0,0,1.5,30,,15,0,,203992,239990,,,,,,,WRO1190SBC-DOV,,,,,,1,5054916103152,Hunter,,size,L,,1,
19215,variation,WRO1190SBC-DOVM,,Abrigo Impermeable de Algodon Original Mujer Verde Oliva 1 - M,1,0,visible,,,,,taxable,parent,0,0,,0,0,1.5,30,,15,0,,203992,239990,,,,,,,WRO1190SBC-DOV,,,,,,1,5054916103145,Hunter,,size,M,,1,
19216,variation,WRO1190SBC-DOVS,,Abrigo Impermeable de Algodon Original Mujer Verde Oliva 1 - S,1,0,visible,,,,,taxable,parent,0,0,,0,0,1.5,30,,15,0,,203992,239990,,,,,,,WRO1190SBC-DOV,,,,,,1,5054916103138,Hunter,,size,S,,1,
19217,variation,WRO1190SBC-DOVXS,,Abrigo Impermeable de Algodon Original Mujer Verde Oliva 1 - XS,1,0,visible,,,,,taxable,parent,0,0,,0,0,1.5,30,,15,0,,203992,239990,,,,,,,WRO1190SBC-DOV,,,,,,1,5054916103176,Hunter,,size,XS,,1,
19218,variation,WRO1208WAP-FSEL,,Abrigo Impermeable de Algodon Original Mujer Celeste - L,1,0,visible,,,,,taxable,parent,0,0,,0,0,1.5,30,,15,0,,127492,149990,,,,,,,WRO1208WAP-FSE,,,,,,1,5054916270823,Hunter,,size,L,,1,
19219,variation,WRO1208WAP-FSEM,,Abrigo Impermeable de Algodon Original Mujer Celeste - M,1,0,visible,,,,,taxable,parent,0,0,,0,0,1.5,30,,15,0,,127492,149990,,,,,,,WRO1208WAP-FSE,,,,,,1,5054916270816,Hunter,,size,M,,1,
19220,variation,WRO1208WAP-FSES,,Abrigo Impermeable de Algodon Original Mujer Celeste - S,1,0,visible,,,,,taxable,parent,0,0,,0,0,1.5,30,,15,0,,127492,149990,,,,,,,WRO1208WAP-FSE,,,,,,1,5054916270809,Hunter,,size,S,,1,
19221,variation,WRO1208WAP-NVYL,,Abrigo Impermeable de Algodon Original Mujer Azul Marino - L,1,0,visible,,,,,taxable,parent,0,0,,0,0,1.5,30,,15,0,,127492,149990,,,,,,,WRO1208WAP-NVY,,,,,,1,5054916270588,Hunter,,size,L,,1,
19222,variation,WRO1208WAP-NVYM,,Abrigo Impermeable de Algodon Original Mujer Azul Marino - M,1,0,visible,,,,,taxable,parent,0,0,,0,0,1.5,30,,15,0,,127492,149990,,,,,,,WRO1208WAP-NVY,,,,,,1,5054916270571,Hunter,,size,M,,1,
19223,variation,WRO1208WAP-NVYS,,Abrigo Impermeable de Algodon Original Mujer Azul Marino - S,1,0,visible,,,,,taxable,parent,0,0,,0,0,1.5,30,,15,0,,127492,149990,,,,,,,WRO1208WAP-NVY,,,,,,1,5054916270564,Hunter,,size,S,,1,
19224,variation,WRO1208WAP-NVYXS,,Abrigo Impermeable de Algodon Original Mujer Azul Marino - XS,1,0,visible,,,,,taxable,parent,0,0,,0,0,1.5,30,,15,0,,127492,149990,,,,,,,WRO1208WAP-NVY,,,,,,1,5054916270601,Hunter,,size,XS,,1,
19225,variation,WRO1227SBC-BLKL,,Abrigo Impermeable de Algodon Original Mujer Negro - L,1,0,visible,,,,,taxable,parent,0,0,,0,0,1.5,30,,15,0,,186992,219990,,,,,,,WRO1227SBC-BLK,,,,,,1,5054916273282,Hunter,,size,L,,1,
19226,variation,WRO1227SBC-BLKM,,Abrigo Impermeable de Algodon Original Mujer Negro - M,1,0,visible,,,,,taxable,parent,0,0,,0,0,1.5,30,,15,0,,186992,219990,,,,,,,WRO1227SBC-BLK,,,,,,1,5054916273275,Hunter,,size,M,,1,
19227,variation,WRO1227SBC-BLKS,,Abrigo Impermeable de Algodon Original Mujer Negro - S,1,0,visible,,,,,taxable,parent,0,0,,0,0,1.5,30,,15,0,,186992,219990,,,,,,,WRO1227SBC-BLK,,,,,,1,5054916273268,Hunter,,size,S,,1,
19228,variation,WRO1227SBC-BLKXS,,Abrigo Impermeable de Algodon Original Mujer Negro - XS,1,0,visible,,,,,taxable,parent,0,0,,0,0,1.5,30,,15,0,,186992,219990,,,,,,,WRO1227SBC-BLK,,,,,,1,5054916273305,Hunter,,size,XS,,1,
19229,variation,WRO1227SBC-DOVL,,Abrigo Impermeable de Algodon Original Mujer Verde Oliva 2 - L,1,0,visible,,,,,taxable,parent,0,0,,0,0,1.5,30,,15,0,,186992,219990,,,,,,,WRO1227SBC-DOV,,,,,,1,5054916273404,Hunter,,size,L,,1,
19230,variation,WRO1227SBC-DOVM,,Abrigo Impermeable de Algodon Original Mujer Verde Oliva 2 - M,1,0,visible,,,,,taxable,parent,0,0,,0,0,1.5,30,,15,0,,186992,219990,,,,,,,WRO1227SBC-DOV,,,,,,1,5054916273398,Hunter,,size,M,,1,
19231,variation,WRO1227SBC-DOVS,,Abrigo Impermeable de Algodon Original Mujer Verde Oliva 2 - S,1,0,visible,,,,,taxable,parent,0,0,,0,0,1.5,30,,15,0,,186992,219990,,,,,,,WRO1227SBC-DOV,,,,,,1,5054916273381,Hunter,,size,S,,1,
19232,variation,WRO1227SBC-DOVXS,,Abrigo Impermeable de Algodon Original Mujer Verde Oliva 2 - XS,1,0,visible,,,,,taxable,parent,0,0,,0,0,1.5,30,,15,0,,186992,219990,,,,,,,WRO1227SBC-DOV,,,,,,1,5054916273428,Hunter,,size,XS,,1,
19233,variation,WRO1258WAP-DOVL,,Impermeable Ligero Para Mujer Verde Oliva - L,1,0,visible,,,,,taxable,parent,0,0,,0,0,1.5,30,,15,0,,141610,166600,,,,,,,WRO1258WAP-DOV,,,,,,1,5054916354530,Hunter,,size,L,,1,
19234,variation,WRO1258WAP-DOVM,,Impermeable Ligero Para Mujer Verde Oliva - M,1,0,visible,,,,,taxable,parent,0,0,,0,0,1.5,30,,15,0,,141610,166600,,,,,,,WRO1258WAP-DOV,,,,,,1,5054916354523,Hunter,,size,M,,1,
19235,variation,WRO1258WAP-DOVS,,Impermeable Ligero Para Mujer Verde Oliva - S,1,0,visible,,,,,taxable,parent,0,0,,0,0,1.5,30,,15,0,,141610,166600,,,,,,,WRO1258WAP-DOV,,,,,,1,5054916354516,Hunter,,size,S,,1,
19236,variation,WRO1258WAP-DOVXS,,Impermeable Ligero Para Mujer Verde Oliva - XS,1,0,visible,,,,,taxable,parent,0,0,,0,0,1.5,30,,15,0,,141610,166600,,,,,,,WRO1258WAP-DOV,,,,,,1,5054916354554,Hunter,,size,XS,,1,
19237,variation,WRO1258WAP-NVYL,,Impermeable Ligero Para Mujer Azul Marino - L,1,0,visible,,,,,taxable,parent,0,0,,0,0,1.5,30,,15,0,,141610,166600,,,,,,,WRO1258WAP-NVY,,,,,,1,5054916354479,Hunter,,size,L,,1,
19238,variation,WRO1258WAP-NVYM,,Impermeable Ligero Para Mujer Azul Marino - M,1,0,visible,,,,,taxable,parent,0,0,,0,0,1.5,30,,15,0,,141610,166600,,,,,,,WRO1258WAP-NVY,,,,,,1,5054916354462,Hunter,,size,M,,1,
19239,variation,WRO1258WAP-NVYS,,Impermeable Ligero Para Mujer Azul Marino - S,1,0,visible,,,,,taxable,parent,0,0,,0,0,1.5,30,,15,0,,141610,166600,,,,,,,WRO1258WAP-NVY,,,,,,1,5054916354455,Hunter,,size,S,,1,
19240,variation,WRO1258WAP-NVYXS,,Impermeable Ligero Para Mujer Azul Marino - XS,1,0,visible,,,,,taxable,parent,0,0,,0,0,1.5,30,,15,0,,141610,166600,,,,,,,WRO1258WAP-NVY,,,,,,1,5054916354493,Hunter,,size,XS,,1,
19329,variation,KFT5003RMA-NVY21,,Primeras Botas De Agua Clásicas Original Para Niños: - 21,1,0,visible,,,,,taxable,parent,0,0,,0,0,1.7,32,,14,0,,28194,46990,,,,,,,KFT5003RMA-NVY,,,,,,1,5013441365909,Hunter,,Talla,21,,1,
19330,variation,KFT5003RMA-NVY22,,Primeras Botas De Agua Clásicas Original Para Niños: - 22,1,0,visible,,,,,taxable,parent,0,0,,0,0,1.7,32,,14,0,,28194,46990,,,,,,,KFT5003RMA-NVY,,,,,,1,5013441365916,Hunter,,Talla,22,,1,
19331,variation,KFT5003RMA-NVY23,,Primeras Botas De Agua Clásicas Original Para Niños: - 23,1,0,visible,,,,,taxable,parent,0,0,,0,0,1.7,32,,14,0,,28194,46990,,,,,,,KFT5003RMA-NVY,,,,,,1,5013441365923,Hunter,,Talla,23,,1,
19332,variation,KFT5003RMA-NVY24,,Primeras Botas De Agua Clásicas Original Para Niños: - 24,1,0,visible,,,,,taxable,parent,0,0,,0,0,1.7,32,,14,0,,28194,46990,,,,,,,KFT5003RMA-NVY,,,,,,1,5013441365930,Hunter,,Talla,24,,1,
19333,variation,KFT5003RMA-NVY26,,Primeras Botas De Agua Clásicas Original Para Niños: - 26,1,0,visible,,,,,taxable,parent,0,0,,0,0,1.7,32,,14,0,,28194,46990,,,,,,,KFT5003RMA-NVY,,,,,,1,5013441573502,Hunter,,Talla,26,,1,
19334,variation,KFT5003RMA-NVY27,,Primeras Botas De Agua Clásicas Original Para Niños: - 27,1,0,visible,,,,,taxable,parent,0,0,,0,0,1.7,32,,14,0,,28194,46990,,,,,,,KFT5003RMA-NVY,,,,,,1,5013441573519,Hunter,,Talla,27,,1,
19335,variation,KFT5003RMA-NVY28,,Primeras Botas De Agua Clásicas Original Para Niños: - 28,1,0,visible,,,,,taxable,parent,0,0,,0,0,1.7,32,,14,0,,28194,46990,,,,,,,KFT5003RMA-NVY,,,,,,1,5013441573526,Hunter,,Talla,28,,1,
19336,variation,KFT5003RMA-NVY29,,Primeras Botas De Agua Clásicas Original Para Niños: - 29,1,0,visible,,,,,taxable,parent,0,0,,0,0,1.7,32,,14,0,,28194,46990,,,,,,,KFT5003RMA-NVY,,,,,,1,5013441573533,Hunter,,Talla,29,,1,
19337,variation,KFT5003RMA-NVY31,,Primeras Botas De Agua Clásicas Original Para Niños: - 31,1,0,visible,,,,,taxable,parent,0,0,,0,0,1.7,32,,14,0,,28194,46990,,,,,,,KFT5003RMA-NVY,,,,,,1,5013441573540,Hunter,,Talla,31,,1,
19338,variation,KFT5003RMA-NVY32,,Primeras Botas De Agua Clásicas Original Para Niños: - 32,1,0,visible,,,,,taxable,parent,0,0,,0,0,1.7,32,,14,0,,28194,46990,,,,,,,KFT5003RMA-NVY,,,,,,1,5013441573557,Hunter,,Talla,32,,1,
19339,variation,KFT5003RMA-LIP21,,Primeras Botas De Agua Clásicas Original Para Niños: - 21,1,0,visible,,,,,taxable,parent,0,0,,0,0,1.7,32,,14,0,,28194,46990,,,,,,,KFT5003RMA-LIP,,,,,,1,5013441365862,Hunter,,Talla,21,,1,
19340,variation,KFT5003RMA-LIP22,,Primeras Botas De Agua Clásicas Original Para Niños: - 22,1,0,visible,,,,,taxable,parent,0,0,,0,0,1.7,32,,14,0,,28194,46990,,,,,,,KFT5003RMA-LIP,,,,,,1,5013441365879,Hunter,,Talla,22,,1,
19341,variation,KFT5003RMA-LIP23,,Primeras Botas De Agua Clásicas Original Para Niños: - 23,1,0,visible,,,,,taxable,parent,0,0,,0,0,1.7,32,,14,0,,28194,46990,,,,,,,KFT5003RMA-LIP,,,,,,1,5013441365886,Hunter,,Talla,23,,1,
19342,variation,KFT5003RMA-LIP24,,Primeras Botas De Agua Clásicas Original Para Niños: - 24,1,0,visible,,,,,taxable,parent,0,0,,0,0,1.7,32,,14,0,,28194,46990,,,,,,,KFT5003RMA-LIP,,,,,,1,5013441365893,Hunter,,Talla,24,,1,
19343,variation,KFT5003RMA-LIP26,,Primeras Botas De Agua Clásicas Original Para Niños: - 26,1,0,visible,,,,,taxable,parent,0,0,,0,0,1.7,32,,14,0,,28194,46990,,,,,,,KFT5003RMA-LIP,,,,,,1,5013441573434,Hunter,,Talla,26,,1,
19344,variation,KFT5003RMA-LIP27,,Primeras Botas De Agua Clásicas Original Para Niños: - 27,1,0,visible,,,,,taxable,parent,0,0,,0,0,1.7,32,,14,0,,28194,46990,,,,,,,KFT5003RMA-LIP,,,,,,1,5013441573441,Hunter,,Talla,27,,1,
19345,variation,KFT5003RMA-LIP28,,Primeras Botas De Agua Clásicas Original Para Niños: - 28,1,0,visible,,,,,taxable,parent,0,0,,0,0,1.7,32,,14,0,,28194,46990,,,,,,,KFT5003RMA-LIP,,,,,,1,5013441573458,Hunter,,Talla,28,,1,
19346,variation,KFT5003RMA-LIP29,,Primeras Botas De Agua Clásicas Original Para Niños: - 29,1,0,visible,,,,,taxable,parent,0,0,,0,0,1.7,32,,14,0,,28194,46990,,,,,,,KFT5003RMA-LIP,,,,,,1,5013441573465,Hunter,,Talla,29,,1,
19347,variation,KFT5003RMA-LIP31,,Primeras Botas De Agua Clásicas Original Para Niños: - 31,1,0,visible,,,,,taxable,parent,0,0,,0,0,1.7,32,,14,0,,28194,46990,,,,,,,KFT5003RMA-LIP,,,,,,1,5013441573472,Hunter,,Talla,31,,1,
19348,variation,KFT5003RMA-LIP32,,Primeras Botas De Agua Clásicas Original Para Niños: - 32,1,0,visible,,,,,taxable,parent,0,0,,0,0,1.7,32,,14,0,,28194,46990,,,,,,,KFT5003RMA-LIP,,,,,,1,5013441573489,Hunter,,Talla,32,,1,
19482,variation,WFT1009NRE-BLK 38,,Bota Ecuestre de Neopreno elástico - 38,1,0,visible,,,,,taxable,parent,0,0,,0,0,,,,,0,,83994,139990,,,,,,,WFT1009NRE-BLK,,,"UAH3031WXA-GZB, UBP7020KBM-BTB",,,1,,Hunter,Hunter,Talla,38,,1,
19483,variation,WFT1009NRE-BLK 39,,Bota Ecuestre de Neopreno elástico - 39,1,0,visible,,,,,taxable,parent,0,0,,0,0,,,,,0,,83994,139990,,,,,,,WFT1009NRE-BLK,,,"UAH3031WXA-GZB, UBP7020KBM-BTB",,,1,,Hunter,Hunter,Talla,39,,1,
19484,variation,WFT1009NRE-BLK 40/41,,Bota Ecuestre de Neopreno elástico - 40/41,1,0,visible,,,,,taxable,parent,0,0,,0,0,,,,,0,,83994,139990,,,,,,,WFT1009NRE-BLK,,,"UAH3031WXA-GZB, UBP7020KBM-BTB",,,1,,Hunter,Hunter,Talla,40/41,,1,
20192,variation,MFS9000CNV-ATM43,,Botas Commando Desert Hombre Verde Musgo - 43,1,0,visible,,,,,taxable,parent,1,24,,0,0,,,,,0,,83994,139990,,,,,,,MFS9000CNV-ATM,,,,,,1,5054916895941,Hunter,Hunter,Talla,43,,1,
20193,variation,MFS9000CNV-ATM44,,Botas Commando Desert Hombre Verde Musgo - 44,1,0,visible,,,,,taxable,parent,1,12,,0,0,,,,,0,,83994,139990,,,,,,,MFS9000CNV-ATM,,,,,,1,5054916895880,Hunter,Hunter,Talla,44,,1,
20194,variation,MFS9000CNV-ATM45,,Botas Commando Desert Hombre Verde Musgo - 45/46,1,0,visible,,,,,taxable,parent,1,12,,0,0,,,,,0,,83994,139990,,,,,,,MFS9000CNV-ATM,,,,,,1,5054916895897,Hunter,Hunter,Talla,45/46,,1,
20293,variable,WFT2052NRE-DOV,,Botas Estilo Sherpa Con Parte Superior Enrollable Para Mujer Verde Oliva,1,0,visible,,"Enfréntate al frío con piernas y pies cómodos con estas cómodas botas Sherpa. Combinando dos materiales técnicos, estas botas están hechas a mano con caucho natural y neopreno aislante. Una novedad para Hunter, la bota Sherpa con parte superior enrollable para mujer, 100 % impermeable, está equipada con un agarre firme perfecto para los resbaladizos días de invierno. Con forro polar Sherpa, plantilla Ortholite y suela con aislamiento térmico, se pueden usar en temperaturas de hasta 23 °F. Disponible en un elegante combo negro y se puede usar de varias maneras, enróllalos hacia arriba o hacia abajo en tu próxima salida helada o paseo matutino con el perro.\n<div class=""copy trim-stacked-margins has-inner-html product-page-description__features"">\n<ul>\n 	<li>vegano certificado</li>\n 	<li>Parte inferior impermeable</li>\n 	<li>Hecho a mano</li>\n 	<li>Estilo superior enrollable</li>\n 	<li>El forro sherpa ayuda a eliminar la humedad</li>\n 	<li>Plantilla Ortholite</li>\n 	<li>Plantilla con aislamiento térmico</li>\n 	<li>Se puede usar en temperaturas tan bajas como 23 °F (-5 °C)</li>\n</ul>\n</div>",,,taxable,,1,,,0,0,,,,,0,,86994,144990,"Tipo de producto > Botas, Género, Género > Mujer, Tipo de producto","Impermeables, Sherpa, Verde, Ofertas",,"https://trendseeker.cl/wp-content/uploads/2023/11/WFT2052NRE-DOV.jpg, https://trendseeker.cl/wp-content/uploads/2023/07/Botas-estilo-sherpa-enrollable-mujer-Hunter-1.png, https://trendseeker.cl/wp-content/uploads/2022/11/PROD-AW21-ORG-WFT2052NRE-DOV-1-scaled-1.jpg, https://trendseeker.cl/wp-content/uploads/2022/11/PROD-AW21-ORG-WFT2052NRE-DOV-3-scaled-1.jpg, https://trendseeker.cl/wp-content/uploads/2022/11/PROD-AW21-ORG-WFT2052NRE-DOV-4-scaled-1.jpg, https://trendseeker.cl/wp-content/uploads/2022/11/PROD-AW21-ORG-WFT2052NRE-DOV-5-scaled-1.jpg",,,,,,"UAH3031WXA-GZB, UBB1204KBM-BLK, UAU1004UPM-BLK",,,1,,Hunter,Hunter,Talla,"36, 37, 38, 39, 40/41",1,1,
18530,variation,WFS1000RGL-BLK40/41,,Botas De Agua Bajas Y Brillantes Original Para Mujer Negro - 40/41,1,0,visible,,,,,taxable,parent,0,0,,0,0,1.9,20,,10,0,,72594,120990,,,,,,,WFS1000RGL-BLK,,,,,,1,5013441352800,Hunter,Hunter,Talla,40/41,,1,
18538,variation,WFS1000RMA-DOV36,,Botas De Agua Bajas Original Para Mujer Verde Oliva - 36,1,0,visible,,,,,taxable,parent,0,0,,0,0,1.9,20,,10,0,,72594,120990,,,,,,,WFS1000RMA-DOV,,,"UAH3031WXA-GZB, UBP1152KBM-DOV",,,1,5013441406466,Hunter,Hunter,Talla,36,,1,
18550,variation,WFS2020RMA-BLK36,,Botas De Agua Bajas Play Mujer Negro - 36,1,0,visible,,,,,taxable,parent,0,0,,0,0,1.5,32,,12,0,,59994,99990,,,,,,,WFS2020RMA-BLK,,,,,,1,5054916381147,Hunter,Hunter,Talla,36,,1,
18562,variation,WFS2020RMA-LRD36,,Botas de Agua Bajas Play para Mujer Rojo - 36,1,0,visible,,,,,taxable,parent,0,0,,0,0,1.5,32,,12,0,,65994,109990,,,,,,,WFS2020RMA-LRD,,,,,,1,5054916560481,Hunter,Hunter,Talla,36,,1,
18568,variation,WFS2048RMA-BLK36,,Botas De Agua Aislantes Bajas Original Para Mujer BLK - 36,1,0,visible,,,,,taxable,parent,0,0,,0,0,1.5,32,,12,0,,83994,139990,,,,,,,WFS2048RMA-BLK,,,"UAH3031WXA-GZB, UBB6017ACD-BTB",,,1,5054916540049,Hunter,Hunter,Talla,36,,1,
18580,variation,WFT1000RGL-BLK36,,Botas Altas Y Brillantes Original Para Mujer Negro - 36,1,0,visible,,,,2026-07-19 23:59:59,taxable,parent,0,0,,0,0,2,35,,12,0,,101994,169990,,,,,,,WFT1000RGL-BLK,,,"UAH3031WXA-GZB, UAS3036AAB-BLK",,,1,5013441353234,Hunter,Hunter,Talla,36,,1,
18594,variation,WFT1000RGL-DOV36,,Botas Altas Y Brillantes Original Para Mujer Verde Oliva - 36,1,0,visible,,,,,taxable,parent,0,0,,0,0,2,32,,11,0,,77994,129990,,,,,,,WFT1000RGL-DOV,,,,,,1,5054916098458,Hunter,Hunter,Talla,36,,1,
18602,variation,WFT1000RGL-GRA38,,Botas Altas Y Brillantes Original Para Mujer Grafito - 38,1,0,visible,,,,,taxable,parent,0,0,,0,0,2,35,,12,0,,101994,169990,,,,,,,WFT1000RGL-GRA,,,"AC1SI, UAH3031WXA-GZB",,,1,5013441353326,Hunter,Hunter,Talla,38,,1,
18611,variation,WFT1000RGL-MLR42,,Botas Altas Y Brillantes Original Para Mujer Rojo Militar - 42,1,0,visible,,,,2026-07-19 23:59:59,taxable,parent,0,0,,0,0,2,,,,0,,101994,169990,,,,,,,WFT1000RGL-MLR,,,"UZC3011XXX-CLR, UBB1210KBM-DOV, UZF3003LSK-NTR",,,1,5013441413228,Hunter,Hunter,Talla,42,,1,
18612,variation,WFT1000RMA-DOV36,,Botas De Agua Altas Original Para Mujer Verde Oliva - 36,1,0,visible,,,,,taxable,parent,0,0,,0,0,2,35,,12,0,,77994,129990,,,,,,,WFT1000RMA-DOV,,,,,,1,5013441352930,Hunter,Hunter,Talla,36,,1,
18627,variation,WFT1000RMA-HGR39,,Botas De Agua Altas Original Para Mujer Verde - 39,1,0,visible,,,,,taxable,parent,1,8,,0,0,2,32,,11,0,,101994,169990,,,,,,,WFT1000RMA-HGR,,,"UAS3036AAB-HWT, UZF3003LSK-NTR",,,1,5013441579023,Hunter,Hunter,Talla,39,,1,
18634,variation,UAS3000AAA-BLKM,,Hunter Calcetín Bota Negra - M,1,0,visible,,,,,taxable,parent,0,0,,0,0,0.4,15,,7,0,,14994,24990,,,,,,,UAS3000AAA-BLK,,,,,,1,5013441380711,Hunter,Hunter,size,M,,1,
18636,variation,JFT6000RMA-RBP31,,Botas De Agua Original Para Niños Rosado Brillante - 31,1,0,visible,,,,,taxable,parent,1,1,,0,0,1.7,32,,14,0,,47994,79990,,,,,,,JFT6000RMA-RBP,,,,,,1,5054916210973,Hunter,Hunter,Talla,31,,1,
18642,variation,JFT6000RMA-DOV31,,Botas De Agua Original Para Niños Verde Oliva - 31,1,0,visible,,,,,taxable,parent,0,0,,0,0,1.7,32,,14,0,,47994,79990,,,,,,,JFT6000RMA-DOV,,,,,,1,5054916210911,Hunter,Hunter,Talla,31,,1,
18664,variation,MFS9014RMA-SGE45/46,,Zapato de Agua para Hombre - 45/46,1,0,visible,,"Condicion del producto: Nuevo\n\n\n\n\n\n\n\nGenero: Hombre\n\n\n\n\n\n\n\nHecho en: China\n\n\n\n\n\n\n\nMaterial calzado: Sintético\n\n\n\n\n\n\n\nMaterial de la suela: Goma\n\n\n\n\n\n\n\nPais: Chile\n\n\n\n\n\n\n\nTemporada: Otoño-Invierno\n\n\n\n\n\n\n\nTipo calzado de hombre: Botines",,,taxable,parent,0,0,,0,0,1.3,32,,14,0,,86994,144990,,,,,,,MFS9014RMA-SGE,,,,,,1,,Hunter,Hunter,Talla,45/46,,1,
18666,variation,MFS9014RMA-BLK39,,Zapato de Agua para Hombre Negro - 39,1,0,visible,,,,,taxable,parent,0,0,,0,0,1.3,32,,14,0,,86994,144990,,,,,,,MFS9014RMA-BLK,,,,,,1,5054916132732,Hunter,Hunter,Talla,39,,1,
18674,variation,WFT1000RMA-MLR36,,Botas de Agua Altas para Mujer Rojo Militar - 36,1,0,visible,,,,,taxable,parent,0,0,,0,0,2,35,,12,0,,101994,169990,,,,,,,WFT1000RMA-MLR,,,"UAH3031WXA-MRG, UAS3036AAB-GRG",,,1,5013441415857,Hunter,Hunter,Talla,36,,1,
18685,variation,WFT1000RMA-RYL36,,Botas De Agua Altas Original Para Mujer Amarillo - 36,1,0,visible,,,,,taxable,parent,0,0,,0,0,2,35,,12,0,,89994,149990,,,,,,,WFT1000RMA-RYL,,,"UAH3031WXA-MRG, UBB6017ACD-BLK",,,1,5054916097475,Hunter,Hunter,Talla,36,,1,
18695,variation,WFT1000RMA-SIL40/41,,Botas De Agua Altas Original Para Mujer Plateado - 40/41,1,0,visible,,,,,taxable,parent,0,0,,0,0,2,32,,11,0,,89994,149990,,,,,,,WFT1000RMA-SIL,,,,,,1,5054916097796,Hunter,Hunter,Talla,40/41,,1,
19026,variation,MFS9014RMA-LKB45/46,,Zapato de Agua para Hombre LKB - 45/46,1,0,visible,,,,,taxable,parent,0,0,,0,0,1.3,32,,14,0,,86994,144990,,,,,,,MFS9014RMA-LKB,,,,,,1,,Hunter,Hunter,Talla,45/46,,1,
19032,variation,JFT6000RMA-FUS33,,Botas De Agua Original Para Niños Fucsia - 33,1,0,visible,,,,,taxable,parent,0,0,,0,0,1.7,32,,14,0,,47994,79990,,,,,,,JFT6000RMA-FUS,,,,,,1,5013441356051,Hunter,Hunter,Talla,33,,1,
19040,variation,MFT9000RMA-HGR39,,Botas De Agua Altas Original Para Hombre Verde - 39,1,0,visible,,,,,taxable,parent,0,0,,0,0,2,28,,13,0,,89994,149990,,,,,,,MFT9000RMA-HGR,,,,,,1,5013441733012,Hunter,Hunter,Talla,39,,1,
19048,variation,UAS3036AAB-BLKM,,Hunter Calcetín Bota 6 Puntadas 1 - M,1,0,visible,,,,,taxable,parent,0,0,,0,0,0.4,15,,7,0,,23994,39990,,,,,,,UAS3036AAB-BLK,,,,,,1,5013441858029,Hunter,Hunter,size,M,,1,
19050,variation,UAS3036AAB-GRGM,,Hunter Calcetín Bota 6 Puntadas Beige - M,1,0,visible,,,,,taxable,parent,0,0,,0,0,0.4,15,,7,0,,23994,39990,,,,,,,UAS3036AAB-GRG,,,,,,1,5013441862385,Hunter,Hunter,size,M,,1,
19052,variation,UAS3036AAB-GZBM,,Hunter Calcetín Bota 6 Puntadas - M,1,0,visible,,,,,taxable,parent,0,0,,0,0,0.4,15,,7,0,,23994,39990,,,,,,,UAS3036AAB-GZB,,,,,,1,5054916030342,Hunter,Hunter,size,M,,1,
19061,variation,WAS1017AAC-WHTL,,CALCETIN CAR BOTA CORTA BLANCO - L,1,0,visible,,,,,taxable,parent,0,-2,,0,0,0.4,15,,7,0,,20394,33990,,,,,,,WAS1017AAC-WHT,,,,,,1,5013441695020,Hunter,Hunter,size,L,,1,
19074,variation,WFS1000RGL-MLR40/41,,Botas De Agua Bajas Y Brillantes Original Para Mujer Rojo Militar - 40/41,1,0,visible,,,,,taxable,parent,0,0,,0,0,1.9,20,,10,0,,72594,120990,,,,,,,WFS1000RGL-MLR,,,"D62SI, UAH3031WXA-MRG",,,1,5013441405094,Hunter,Hunter,Talla,40/41,,1,
19088,variation,WFS1043RMA-SUG37,,Botas Chelsea Original Para Mujer Verde Suculenta - 37,1,0,visible,,,,,taxable,parent,0,0,,0,0,1.5,26,,11,0,,70194,116990,,,,,,,WFS1043RMA-SUG,,,"UBB6017ACD-DOV, UBP1152KBM-BLK",,,1,5054916117944,Hunter,Hunter,Talla,37,,1,
19111,variation,WFS2020RMA-ZNC36,,Botas De Agua Bajas Original Play Para Mujer ZNC - 36,1,0,visible,,,,,taxable,parent,0,0,,0,0,1.5,32,,12,0,,59994,99990,,,,,,,WFS2020RMA-ZNC,,,,,,1,5054916381284,Hunter,Hunter,Talla,36,,1,
19122,variation,WFT1000RGL-NVY40/41,,Botas Altas Y Brillantes Original Para Mujer Azul Marino - 40/41,1,0,visible,,,,,taxable,parent,0,0,,0,0,2,32,,11,0,,77994,129990,,,,,,,WFT1000RGL-NVY,,,"UBB6017ACD-BTB, UBP7020KBM-NVY",,,1,5013441413358,Hunter,Hunter,Talla,40/41,,1,
19123,variation,WFT1000RGL-RVI36,,Botas Altas Y Brillantes Original Para Mujer Morada - 36,1,0,visible,,,,,taxable,parent,0,0,,0,0,2,35,,12,0,,77994,129990,,,,,,,WFT1000RGL-RVI,,,,,,1,5054916097895,Hunter,Hunter,Talla,36,,1,
19133,variation,WFT1001RGL-BLK40/41,,Botas De Agua Altas Y Ajustables Por Detrás Para Mujer Negro - 40/41,1,0,visible,,,,,taxable,parent,0,0,,0,0,2,32,,11,0,,107994,179990,,,,,,,WFT1001RGL-BLK,,,"UZC3011XXX-CLR, UAS3036AAB-GRG, UZF3003LSK-NTR",,,1,5013441419466,Hunter,Hunter,Talla,40/41,,1,
19140,variation,WFT1001RMA-BLK42,,Botas De Agua Altas Y Ajustables Por Detrás Original Para Mujer Negro - 42,1,0,visible,,,,,taxable,parent,0,0,,0,0,2,32,,11,0,,107994,179990,,,,,,,WFT1001RMA-BLK,,,"UAS3036AAB-HWT, AC1SI, UAH3031WXA-GZB, UZF3003LSK-NTR",,,1,5013441579115,Hunter,Hunter,Talla,42,,1,
19147,variation,WFT1071RMA-BLK37,,Botas Original Refined Para Mujer Negro - 37,1,0,visible,,,,,taxable,parent,1,1,,0,0,2,35,,12,0,,101994,169990,,,,,,,WFT1071RMA-BLK,,,"D62SI, UAH3031WXA-GZB",,,1,5054916020251,Hunter,Hunter,Talla,37,,1,
19152,variation,WFT2007EXL-OEX36,,Botas Altas Original Play Con Logotipo Ampliado Para Mujer - 36,1,0,visible,,,,,taxable,parent,0,0,,0,0,2,32,,13,0,,65400,109000,,,,,,,WFT2007EXL-OEX,,,,,,1,5054916630078,Hunter,Hunter,Talla,36,,1,
19158,variation,WFT2007RMA-BLK36,,Botas De Agua Altas Original Play Para Mujer BLK - 36,1,0,visible,,,,,taxable,parent,0,0,,0,0,2,32,,13,0,,65994,109990,,,,,,,WFT2007RMA-BLK,,,,,,1,5054916380584,Hunter,Hunter,Talla,36,,1,
19164,variation,WFT2007RMA-LIH36,,Botas De Agua Altas Original Play Para Mujer LIH - 36,1,0,visible,,,,,taxable,parent,0,0,,0,0,2,32,,13,0,,53994,89990,,,,,,,WFT2007RMA-LIH,,,,,,1,5054916450195,Hunter,Hunter,Talla,36,,1,
19170,variation,WFT2007RMA-LRD36,,Botas De Agua Altas Original Play Para Mujer LRD - 36,1,0,visible,,,,,taxable,parent,0,0,,0,0,2,32,,13,0,,65994,109990,,,,,,,WFT2007RMA-LRD,,,,,,1,5054916633901,Hunter,Hunter,Talla,36,,1,
19181,variation,WFT2007RMA-ZNC42,,Botas De Agua Altas Original Play Para Mujer ZNC - 42,1,0,visible,,,,,taxable,parent,0,0,,0,0,2,32,,13,0,,65994,109990,,,,,,,WFT2007RMA-ZNC,,,,,,1,5054916380775,Hunter,Hunter,Talla,42,,1,
19186,variation,WFT2041RMA-BLK40/41,,Botas Altas Aislantes Original Para Mujer BLK - 40/41,1,0,visible,,,,,taxable,parent,0,0,,0,0,2,32,,13,0,,107994,179990,,,,,,,WFT2041RMA-BLK,,,"UAH3031WXA-GZB, UBP1152KBM-MLR",,,1,5054916540292,Hunter,Hunter,Talla,40/41,,1,
19192,variation,WFT2052NRE-BLK40/41,,Botas Estilo Sherpa Con Parte Superior Enrollable Para Mujer Negro - 40/41,1,0,visible,,,,,taxable,parent,0,0,,0,0,2,32,,13,0,,86994,144990,,,,,,,WFT2052NRE-BLK,,,"UAH3031WXA-MRG, UBB6017ACD-MLR",,,1,5054916540711,Hunter,Hunter,Talla,40/41,,1,
19204,variation,WFT2078RMA-BHE40/41,,Botas Altas Calendar Original Para Mujer - 40/41,1,0,visible,,,,,taxable,parent,0,0,,0,0,2,32,,13,0,,92994,154990,,,,,,,WFT2078RMA-BHE,,,"UAH3031WXA-MRG, UBP7020KBM-NVY",,,1,5054916633802,Hunter,Hunter,Talla,40/41,,1,
19328,variable,MFT9000RMA-BLK,,Botas De Agua Altas Original Para Hombre Negra,0,0,visible,,"Diseñada para proteger de los elementos, esta bota de agua alta Original ha sido la esencia de la marca Hunter Original desde su presentación en 1956. Elaborado con caucho natural, cada par está formado por 28 piezas cortadas a mano y se ensambla durante tres días sobre una horma de aluminio realizada a medida para Hunter, antes de someterse al proceso de vulcanizado para ofrecer mayor protección. Con el dibujo de Hunter Original y un cómodo forro de poliéster, esta bota impermeable para hombre con un clásico acabado mate es un accesorio imprescindible para los días de lluvia. Recomendamos utilizar calcetines con todas las botas Hunter para proteger la piel del contacto con el caucho. Todos los calcetines para botas Hunter están especialmente diseñados para su uso con nuestra gama de botas e incluyen una vuelta en la parte superior que permite cubrir el caucho y el nailon del borde de la bota, evitando así cualquier roce durante el uso.\n\n- Completamente impermeables\n\n- Elaboradas a mano a partir de 28 piezas\n\n- Ajuste normal\n\n- Forro de poliéster\n\n- Suela de goma con dibujo de Hunter Original\n\n- Confeccionadas en caucho vulcanizado natural con acabado mate",,,taxable,,0,,,0,0,,,,,0,,95994,159990,"Tipo de producto > Botas, Género, Género > Hombre, Tipo de producto","Impermeables, Invierno, Ofertas",,"https://trendseeker.cl/wp-content/uploads/2022/11/JFT6000RMA-HGR.jpg, https://trendseeker.cl/wp-content/uploads/2023/07/Botas-largas-hombre-Hunter-1.png, https://trendseeker.cl/wp-content/uploads/2023/07/MFT9000RMA-BLK-2.jpg, https://trendseeker.cl/wp-content/uploads/2023/07/WFT1000RMA-BLK-3-1.jpg, https://trendseeker.cl/wp-content/uploads/2023/07/WFT1000RMA-BLK-4-1.jpg",,,,,,"UAS3036AAB-HWT, UZC3011XXX-CLR, UAS3036AAB-BLK",,,1,,Hunter,Hunter,Talla,"39, 40/41, 42, 43, 44, 45/46",1,1,
19351,variation,MFT9000RMA-BLK39,,Botas De Agua Altas Original Para Hombre Negra - 39,1,0,visible,,,,,taxable,parent,0,0,,0,0,2,28,,13,0,,95994,159990,,,,,,,MFT9000RMA-BLK,,,"UAS3036AAB-HWT, UZC3011XXX-CLR, UAS3036AAB-BLK",,,1,5013441371016,Hunter,Hunter,Talla,39,,1,
19363,variation,MFT9000RMA-DOV47,,Botas De Agua Altas Original Para Hombre Verde Oliva - 47,1,0,visible,,,,,taxable,parent,0,0,,0,0,2,28,,13,0,,95994,159990,,,,,,,MFT9000RMA-DOV,,,,,,1,5013441371214,Hunter,Hunter,Talla,47,,1,
19364,variation,WFT1000RMA-BLK36,,Botas De Agua Altas Original Para Mujer - 36,1,0,visible,,,,,taxable,parent,0,0,,0,0,2,35,,12,0,,101994,169990,,,,,,,WFT1000RMA-BLK,,,"UAS3036AAB-GZB, UAS3036AAB-BLK, UAS3036AAB-GRG",,,1,5013441352831,Hunter,Hunter,Talla,36,,1,
19481,variation,WFT1009NRE-BLK 37,,Bota Ecuestre de Neopreno elástico - 37,1,0,visible,,,,,taxable,parent,0,0,,0,0,,,,,0,,83994,139990,,,,,,,WFT1009NRE-BLK,,,"UAH3031WXA-GZB, UBP7020KBM-BTB",,,1,,Hunter,Hunter,Talla,37,,1,
19485,variation,JFT6000RMA-NVY31,,Botas De Agua Original Para Niños Azul Marino - 31,1,0,visible,,,,,taxable,parent,1,8,,0,0,1.7,32,,14,0,,47994,79990,,,,,,,JFT6000RMA-NVY,,,,,,1,5013441356570,Hunter,Hunter,Talla,31,,1,
19487,variation,JFT6000RMA-BLK 31,,Botas De Agua Original Para Niños - 31,1,0,visible,,,,,taxable,parent,1,11,,0,0,1.7,32,,14,0,,47994,79990,,,,,,,JFT6000RMA-BLK,,,,,,1,5013441355672,Hunter,Hunter,Talla,31,,1,
19497,variation,WFS1051RMA-BLK36,,BOTA ANKLE BLACK - 36,1,0,visible,,,,,taxable,parent,0,0,,0,0,,,,,0,,80994,134990,,,,,,,WFS1051RMA-BLK,,,"W14SI, UBB6017ACD-MLR",,,1,,Hunter,Hunter,Talla,36,,1,
19518,variation,WFS2020RMA-BBO36,,Botas De Agua Bajas Original Play Para Mujer Celeste - 36,1,0,visible,,,,,taxable,parent,0,0,,0,0,,,,,0,,65994,109990,,,,,,,WFS2020RMA-BBO,,,"UAH3031WXA-MRG, UBP7020KBM-NVY",,,1,5054916618779,Hunter,Hunter,Talla,36,,1,
19563,variation,UZF3003LSK-NTR40/41,,Plantilla Luxury Shearling - 40/41,1,0,visible,,,,,taxable,parent,1,33,,0,0,,,,,0,,,18990,,,,,,,UZF3003LSK-NTR,,,,,,1,5013441390833,,,Talla,40/41,,1,
19629,variation,WRO1345WAP-BLKXS,,Chaqueta Impermeable Mujer Black - S,1,0,visible,,,,,taxable,parent,0,0,,0,0,,,,,0,,157242,184990,,,,,,,WRO1345WAP-BLK,,,,,,1,5054916717663,Hunter,Hunter,Talla,S,,1,
19634,variation,WRO1345WAP-DOVXS,,Chaqueta Impermeable Mujer Olive Green - XS,1,0,visible,,,,,taxable,parent,1,1,,0,0,,,,,0,,157242,184990,,,,,,,WRO1345WAP-DOV,,,,,,1,5054916717823,Hunter,Hunter,Talla,XS,,1,
19640,variation,MRO4245WAP-BLKXL,,Chaqueta Impermeable Hombre Black - XL,1,0,visible,,,,,taxable,parent,0,0,,0,0,,,,,0,,157242,184990,,,,,,,MRO4245WAP-BLK,,,,,,1,5054916718110,Hunter,Hunter,Talla,XL,,1,
19643,variation,MRO4245WAP-DOVXL,,Chaqueta Impermeable Hombre Olive Green - XL,1,0,visible,,,,,taxable,parent,0,0,,0,0,,,,,0,,157242,184990,,,,,,,MRO4245WAP-DOV,,,,,,1,5054916718295,Hunter,Hunter,Talla,XL,,1,
19648,variation,WFF1088RMA-DOC36,,Zueco de Jardin para Mujer Verde Oliva - 36,1,0,visible,,,,,taxable,parent,1,12,,0,0,,,,,0,,53994,89990,,,,,,,WFF1088RMA-DOC,,,,,,1,5054916827782,Hunter,Hunter,Talla,36,,1,
19686,variation,UAS3000AAA-MLRM,5054916103916,Hunter Calcetin Bota Rojo - M,1,0,visible,,,,,taxable,parent,1,34,,0,0,,,,,0,,14994,24990,,,,,,,UAS3000AAA-MLR,,,,,,1,5054916103916,Hunter,Hunter,Talla,M,,1,
19690,variation,UAS3000AAA-HWTM,,Hunter Calcetin Bota Blanco Hueso - M,1,0,visible,,,,,taxable,parent,1,18,,0,0,,,,,0,,14994,24990,,,,,,,UAS3000AAA-HWT,,,,,,1,5054916638807,Hunter,Hunter,Talla,M,,1,
19863,variation,WFS2018RMA-DOC36,,Bota Corta de Jardinera - 36,1,0,visible,,,,,taxable,parent,1,12,,0,0,,,,,0,,68994,114990,,,,,,,WFS2018RMA-DOC,,,,,,1,5054916802444,Hunter,Hunter,Talla,36,,1,
19919,variation,WRO1323RSF-BLKL,,Chaqueta plegable ligera reciclada para mujer - L,1,0,visible,,,,,taxable,parent,0,0,,0,0,,,,,0,,106242,124990,,,,,,,WRO1323RSF-BLK,,,,,,1,5054916640299,Hunter,Hunter,Talla,L,,1,
19923,variation,WRO1323RSF-NVYM,,Chaqueta plegable ligera reciclada para mujer - M,1,0,visible,,,,,taxable,parent,0,0,,0,0,,,,,0,,106242,124990,,,,,,,WRO1323RSF-NVY,,,,,,1,5054916640343,Hunter,Hunter,Talla,M,,1,
19991,variation,WFT2200RMA-BLK36,,BOTAS DE AGUA LARGAS PARA MUJER SLIM FIT (ajustadas) - 36,1,0,visible,,,,,taxable,parent,0,0,,0,0,,,,,0,,95994,159990,,,,,,,WFT2200RMA-BLK,,,"UAS3036AAB-HWT, UZF3003LSK-NTR",,,1,5054916809429,Hunter,Hunter,Talla,36,,1,
19996,variation,WFS2200RMA-BLK36,,BOTAS REFINED CORTAS PARA MUJER NEGRO - 36,1,0,visible,,,,,taxable,parent,0,0,,0,0,,,,,0,,89994,149990,,,,,,,WFS2200RMA-BLK,,,,,,1,5054916809283,Hunter,Hunter,Talla,36,,1,
20002,variation,WFS2106WWU-BLK36,,Bota Nieve Negra - 36,1,0,visible,,,,2026-07-19 23:59:59,taxable,parent,0,0,,0,0,,,,,0,,83994,139990,,,,,,,WFS2106WWU-BLK,,,,,,1,5054916732246,Hunter,Hunter,Talla,36,,1,
20008,variation,UAS3000AAA-DOVM,,Calcetin Verde Oliva para Bota Alta - M,1,0,visible,,,,,taxable,parent,1,6,,0,0,,,,,0,,14994,24990,,,,,,,UAS3000AAA-DOV,,,,,,1,5054916103732,Hunter,Hunter,Talla,M,,1,
20171,variation,WFS2010CNV-BLK36,,Botas Commando Desert Mujer Negras - 36,1,0,visible,,,,,taxable,parent,0,0,,0,0,,,,,0,,83994,139990,,,,,,,WFS2010CNV-BLK,,,,,,1,5054916895538,Hunter,Hunter,Talla,36,,1,
20184,variation,WFS2010CNV-ATM40,,Botas Commando Desert Mujer Verde Musgo - 40/41,1,0,visible,,,,,taxable,parent,0,0,,0,0,,,,,0,,83994,139990,,,,,,,WFS2010CNV-ATM,,,,,,1,5054916895712,Hunter,Hunter,Talla,40/41,,1,
20189,variation,MFS9000CNV-ATM39,,Botas Commando Desert Hombre Verde Musgo - 39,1,0,visible,,,,,taxable,parent,1,12,,0,0,,,,,0,,83994,139990,,,,,,,MFS9000CNV-ATM,,,,,,1,5054916895910,Hunter,Hunter,Talla,39,,1,
20203,variation,WFS1018RMA-DOV37,,Bota Commando Chelsea Verde Militar - 37,1,0,visible,,,,,taxable,parent,0,0,,0,0,,,,,0,,86994,144990,,,,,,,WFS1018RMA-DOV,,,,,,1,5054916897280,Hunter,Hunter,Talla,37,,1,
20215,variation,WFS1018RMA-BLK40,,Bota Commando Chelsea Negro - 40/41,1,0,visible,,,,,taxable,parent,0,0,,0,0,,,,,0,,86994,144990,,,,,,,WFS1018RMA-BLK,,,,,,1,,Hunter,Hunter,Talla,40/41,,1,
20220,variation,WFS1000RMA-OVL36,,Botas de Agua Bajas para Mujer Hoja de Olivo - 36,1,0,visible,,,,,taxable,parent,0,0,,0,0,,,,,0,,72594,120990,,,,,,,WFS1000RMA-OVL,,,"WAS1017AAC-WHT, WAS1017AAC-WHTL, WAS1017AAC-BLK",,,1,5054916916899,Hunter,Hunter,Talla,36,,1,
20228,variation,MFS9000CNV-BLK39,,Botas Commando Desert Hombre Negras - 39,1,0,visible,,,,,taxable,parent,0,0,,0,0,,,,,0,,83994,139990,,,,,,,MFS9000CNV-BLK,,,,,,1,,Hunter,Hunter,Talla,39,,1,
20235,variation,WFS1013RMA-GSC36,,Botas De Agua Baja y Ajustables Por Detrás Para Mujer Rosado Oscuro - 36,1,0,visible,,,,,taxable,parent,0,0,,0,0,,,,,0,,86994,144990,,,,,,,WFS1013RMA-GSC,,,,,,1,5054916887687,Hunter,Hunter,Talla,36,,1,
20243,variation,WFT1000RMA-OVL36,,Botas de Agua Altas para Mujer Hoja de Olivo - 36,1,0,visible,,,,2026-07-19 23:59:59,taxable,parent,0,0,,0,0,,,,,0,,101994,169990,,,,,,,WFT1000RMA-OVL,,,"UAS3036AAB-GZB, UAS3036AAB-GRG, UAS3000AAA-HWT, UZF3003LSK-NTR",,,1,5054916916967,Hunter,Hunter,Talla,36,,1,
20253,variation,WFT1000RMA-SWG36,,Botas de Agua Altas para Mujer Verde Sweet Gale - 36,1,0,visible,,,,2026-07-19 23:59:59,taxable,parent,0,0,,0,0,,,,,0,,101994,169990,,,,,,,WFT1000RMA-SWG,,,"UAS3036AAB-BLK, UAS3036AAB-GRG, UZF3003LSK-NTR",,,1,5054916888660,Hunter,Hunter,Talla,36,,1,
20261,variation,WFT1001RMA-GSC36,,Botas De Agua Altas Y Ajustables Por Detrás Para Mujer Glenmore Rosa - 36,1,0,visible,,,,2026-07-19 23:59:59,taxable,parent,0,0,,0,0,,,,,0,,107994,179990,,,,,,,WFT1001RMA-GSC,,,"UAS3036AAB-BLK, UZC4007XXX-CLR, UZF3003LSK-NTR",,,1,5054916888875,Hunter,Hunter,Talla,36,,1,
20274,variation,WFS1000RMA-MLR36,,Botas de Agua Bajas para Mujer Rojo Militar - 36,1,0,visible,,,,,taxable,parent,1,11,,0,0,,,,,0,,80994,134990,,,,,,,WFS1000RMA-MLR,,,"WAS1017AAC-WHT, UZC3011XXX-CLR, UBB1210KBM-BLK",,,1,5013441406824,Hunter,Hunter,Talla,36,,1,
20283,variation,WFT2007RMA-ATM36,,Botas De Agua Altas Original Play Para Mujer Verde Musgo - 36,1,0,visible,,,,2026-07-19 23:59:59,taxable,parent,0,0,,0,0,1,32,,13,0,,65994,109990,,,,,,,WFT2007RMA-ATM,,,"UAS3036AAB-HWT, UZF3003LSK-NTR",,,1,5054916857475,Hunter,Hunter,Talla,36,,1,
20307,variation,,,Botas De Agua Altas Original Para Mujer - Brillante / Gloss - 38,1,0,visible,,,,,taxable,parent,0,0,,0,0,,,,,0,,77994,129990,,,,,,,WFT1000RGL-BCE,,,,,,1,,Hunter,Hunter,Talla,38,,1,
20313,variation,WFS1020RMA-ATM36,,Botas de Agua Bajas Play Neopreno Verde Musgo Mujer - 36,1,0,visible,,,,,taxable,parent,0,0,,0,0,,,,,0,,65994,109990,,,,,,,WFS1020RMA-ATM,,,"WFS2048RMA-BLK, UAH3345WXA-BLK",,,1,,Hunter,Hunter,Talla,36,,1,
20324,variation,WFS1020RMA-BLK36,,Botas de Agua Bajas Play Neopreno Black Mujer - 36,1,0,visible,,,,,taxable,parent,0,0,,0,0,,,,,0,,65994,109990,,,,,,,WFS1020RMA-BLK,,,"WFS2006RMA-BLK, UAH3031WXA-MRG, UBB2004KBM-DOV",,,1,,Hunter,Hunter,Talla,36,,1,
20334,variation,WFT2007RMA-KOM36,,Botas De Agua Altas Original Play Para Mujer Kombu - 36,1,0,visible,,,,,taxable,parent,0,0,,0,0,,,,,0,,65994,109990,,,,,,,WFT2007RMA-KOM,,,"UAH3345WXA-BLK, UAS3036AAB-GZB, UBP7012KBM-BLK, UZF3003LSK-NTR",,,1,5054916619127,Hunter,Hunter,Talla,36,,1,
20347,variation,WFT2052NRE-DOV37,,Botas Estilo Sherpa Con Parte Superior Enrollable Para Mujer Verde Oliva - 37,1,0,visible,,,,,taxable,parent,1,63,,0,0,,,,,0,,86994,144990,,,,,,,WFT2052NRE-DOV,,,"UAH3031WXA-GZB, UBB1204KBM-BLK, UAU1004UPM-BLK",,,1,5054916744706,Hunter,Hunter,Talla,37,,1,
20355,variation,JFT6000RMA-HGR31,,Botas De Agua Original Para Niños Verde - 31,1,0,visible,,,,,taxable,parent,1,9,,0,0,1.7,32,,14,0,,47994,79990,,,,,,,JFT6000RMA-HGR,,,"JBB1119KBM-NVY, JBB1119KBM-RBP",,,1,5013441725833,Hunter,Hunter,Talla,31,,1,
20434,variation,WFS2236NYL-BLK36,,Botas Commando Explorer Aislantes Para Mujer Negro - 36,1,0,visible,,,2026-06-12 0:00:00,2026-07-19 23:59:59,taxable,parent,0,0,,0,0,,,,,0,,119994,199990,,,,,,,WFS2236NYL-BLK,,,"WFS1018RMA-DOV, WFS2010CNV-BLK, WFS2010CNV-ATM",,,1,5054916951272,Hunter,Hunter,Talla,36,,1,
20444,variation,WFS2236NYL-MRF36,,Botas Commando Explorer Aislantes Para Mujer Berry - 36,1,0,visible,,,,,taxable,parent,0,0,,0,0,,,,,0,,119994,199990,,,,,,,WFS2236NYL-MRF,,,"WFS1018RMA-BLK, WFS2010CNV-BLK, WFS2236NYL-BLK",,,1,5054916951340,Hunter,Hunter,Talla,36,,1,
20450,variation,WRO1400WAP-HUB-XS,,Chaqueta de lluvia para mujer Negra - XS,1,0,visible,,,,,taxable,parent,1,2,,0,0,,,,,0,,178492,209990,,,,,,,WRO1400WAP-HUB,,,"WRO1345WAP-DOV, WRO1323RSF-NVY",,,1,5054916995146,Hunter,Hunter,Talla,XS,,1,
20458,variation,WRO1400WAP-DOV-S,,Chaqueta de lluvia para mujer Verde Oliva - S,1,0,visible,,,,,taxable,parent,0,0,,0,0,,,,,0,,178492,209990,,,,,,,WRO1400WAP-DOV,,,"WRO1323RSF-BLK, WRO1323RSF-NVY",,,1,5054916995221,Hunter,Hunter,Talla,S,,1,
20464,variation,WRO1400WAP-FRD-M,,Chaqueta de lluvia para mujer Rojo - M,1,0,visible,,,,,taxable,parent,0,0,,0,0,,,,,0,,178492,209990,,,,,,,WRO1400WAP-FRD,,,"WRO1258WAP-NVY, WRO1258WAP-DOV",,,1,5054916995412,Hunter,Hunter,Talla,M,,1,
20467,variation,WRO1404VYL-DOB-XS,,Chaqueta Play Impermeable de Vinilo para Mujer Verde Oscuro - XS,1,0,visible,,,,,taxable,parent,1,2,,0,0,,,,,0,,178492,209990,,,,,,,WRO1404VYL-DOB,,,"WRO1400WAP-HUB, WRO1400WAP-DOV",,,1,5054916996464,Hunter,Hunter,Talla,XS,,1,
20477,variation,,,Chaqueta de lluvia para hombre Negra - XL,1,0,visible,,,,,taxable,parent,1,3,,0,0,,,,,0,,178492,209990,,,,,,,MRO1401WAP-HUB,,,"MRO4245WAP-BLK, MRO4245WAP-DOV",,,1,,Hunter,Hunter,Talla,XL,,1,
20479,variation,MRO1401WAP-DOV-S,,Chaqueta de lluvia para hombre Verde Oscuro - S,1,0,visible,,,,,taxable,parent,0,0,,0,0,,,,,0,,178492,209990,,,,,,,MRO1401WAP-DOV,,,"MRO4245WAP-BLK, MRO4245WAP-DOV",,,1,5054916995641,Hunter,Hunter,Talla,S,,1,
20507,variation,UFF1102EVA-BLK43,,Zueco In & Out Espuma de Alga Negro - 43,1,0,visible,,,,,taxable,parent,1,12,,0,0,,,,,0,,29994,49990,,,,,,,UFF1102EVA-BLK,,,,,,1,5052956015862,Hunter,Hunter,Talla,43,,1,
20672,variation,MFS2335LNR-BLK44,,Botas Commando de Piel Con Cordones Urban Explorer Para Hombre - 44,1,0,visible,,,,,taxable,parent,1,6,,0,0,,,,,0,,137994,229990,,,,,,,MFS2335LNR-BLK,,,"MFS9000CNV-ATM, MFT9000RMA-DOV, MRO4245WAP-BLK",,,1,,Hunter,Hunter,Talla,44,,1,
20912,variation,MFF9100REN-BLK-40,,Zapatillas Deportivas Travel - Hombre Black - 40/41,1,0,visible,,,,,taxable,parent,1,4,,0,0,,,,,0,,,119990,,,,,,,MFF9100REN-BLK,,,"UBB1204KBM-BID, UBP1152KBM-MLR",,,1,5052956048884,Hunter,,size,40/41,,1,
20922,variation,MFF9100REN-ZSB-39,,Zapatillas Deportivas Travel - Hombre Zesty Yellow - 39,1,0,visible,,,,,taxable,parent,1,3,,0,0,,,,,0,,,119990,,,,,,,MFF9100REN-ZSB,,,"UBB1204KBM-BID, UBP1152KBM-MLR",,,1,5052956058319,Hunter,,size,39,,1,
20975,variation,WFF1100REN-BLK-36,5052956048563,Zapatillas Deportivas Travel - Mujer - Black - 36,1,0,visible,,,,,taxable,parent,1,15,,0,0,,,,,0,,,119990,,,,,,,WFF1100REN-BLK,,,"PK13PH, UBP1152KBM-DOV",,,1,5052956048563,Hunter,,Talla,36,,1,
20982,variation,WFF1100REN-SSH-36,,"Zapatillas Deportivas Travel - Mujer White, Green & Coral - 36",1,0,visible,,,,,taxable,parent,0,0,,0,0,,,,,0,,,119990,,,,,,,WFF1100REN-SSH,,,"PK13PH, UBP7012KBM-BLK",,,1,5052956057985,Hunter,,Talla,36,,1,
20989,variation,WFF1100REN-SSA-36,,Zapatillas Deportivas Travel - Mujer Shaded White - 36,1,0,visible,,,,,taxable,parent,0,0,,0,0,,,,,0,,,119990,,,,,,,WFF1100REN-SSA,,,"PK13PH, UBB1210KBM-MLR",,,1,5052956040925,Hunter,,Talla,36,,1,
21009,variation,WFF1100REN-RCG-40,,Zapatillas Deportivas Travel - Mujer Red Tang - 40/41,1,0,visible,,,,,taxable,parent,1,7,,0,0,,,,,0,,,119990,,,,,,,WFF1100REN-RCG,,,"PK13PH, UBP7012KBM-HRE",,,1,5052956057886,Hunter,,Talla,40/41,,1,
21013,variation,WFF1100REN-BSH-36,,Zapatillas Deportivas Travel - Mujer Black Shaded White - 36,1,0,visible,,,,,taxable,parent,1,17,,0,0,,,,,0,,,119990,,,,,,,WFF1100REN-BSH,,,"PK13PH, UBP1152KBM-DOV",,,1,5052956040857,Hunter,,Talla,36,,1,
21203,variation,WFS2336REN-BLK-36,,Botas Commando Travel Explorer Black - Mujer - 36,1,0,visible,,,,,taxable,parent,0,0,,0,0,,,,,0,,119994,199990,,,,,,,WFS2336REN-BLK,,,"WFS1018RMA-BLK, WFS2010CNV-BLK, WFS2010CNV-ATM",,,1,5052956048631,Hunter,Hunter,Talla,36,,1,
21210,variation,WFS2336REN-SED-36,,Botas Commando Travel Explorer White - Mujer - 36,1,0,visible,,,,,taxable,parent,1,1,,0,0,,,,,0,,119994,199990,,,,,,,WFS2336REN-SED,,,,,,1,5052956040710,Hunter,Hunter,Talla,36,,1,
21224,variation,WFT2235RMA-BLK-36,,Botas Play Alta Aislante Con Forro De Shearling Black Para Mujer - 36,1,0,visible,,,,2026-07-19 23:59:59,taxable,parent,0,0,,0,0,,,,,0,,83994,139990,,,,,,,WFT2235RMA-BLK,,,"WFS2020RMA-BBO, WFS2020RMA-BLK, WFS2020RMA-LRD",,,1,5054916957205,Hunter,Hunter,Talla,36,,1,
21235,variation,WFT2235RMA-WHW-36,,Botas Play Altas Aislante Con Forro - Shearling White - Mujer - 36,1,0,visible,,,,,taxable,parent,1,9,,0,0,,,,,0,,83994,139990,,,,,,,WFT2235RMA-WHW,,,"WFS2020RMA-BBO, WFS2020RMA-BLK, WFS2020RMA-LRD",,,1,5054916957410,Hunter,Hunter,Talla,36,,1,
21250,variation,WRO1434RPD-HUB-XS,,Chaqueta Acolchada De Nylon Reciclado Explorer Para Mujer - XS,1,0,visible,,,,,taxable,parent,1,5,,0,0,,,,,0,,127492,149990,,,,,,,WRO1434RPD-HUB,,,"WRO1227SBC-DOV, WRO1400WAP-HUB",,,1,,Hunter,Hunter,size,XS,,1,
21259,variation,WRO1435RPD-HUB-S,,Chaqueta Acolchada Explorer De Nylon Reciclado Para Mujer - S,1,0,visible,,,,,taxable,parent,1,5,,0,0,,,,,0,,148742,174990,,,,,,,WRO1435RPD-HUB,,,"WRO1400WAP-FRD, WRO1258WAP-DOV",,,1,,Hunter,Hunter,size,S,,1,
21839,variation,WFS1018RGL-BLK36,,Botas Chelsea Commando Negras Brillantes Para Mujer - 36,1,0,visible,,,,,taxable,parent,0,0,,0,0,,,,,0,,89994,149990,,,,,,,WFS1018RGL-BLK,,,"WFS2006RMA-BLK, WFS1043RMA-MLR, WFS1043RMA-SUG",,,1,5054916921480,Hunter,Hunter,size,36,,1,
21850,variable,WFS1018RMA-CAS,,Botas Chelsea Commando Para Mujer Gris Pálido,1,0,visible,,"La Bota Chelsea Militar con certificación FSC® ha sido elaborada utilizando caucho natural de los bosques auditado de forma independiente según los estándares de Forest Stewardship Council® Estas botas 100% waterproof han sido hechas a mano a partir de estándares estrictos para proteger los bosques, así como los animales y las comunidades que dependen de ellos.\n\nElaboradas a partir de caucho vegano con certificado FSC®, las Botas Militares Chelsea 100% impermeables son una nueva adición a nuestra icónica colección Original. Conservando todas las características queridas de la bota Chelsea Original, como el fuelle flexible y el agarre Hunter, esta nueva silueta tiene un perfil más alto, llegando 15 mm más arriba en la pierna. Este estilo Chelsea híbrido militares de mujer también cuenta con un forro y plantilla de poliéster reciclado actualizado.\n<div class=""copy trim-stacked-margins has-inner-html product-page-description__features"">\n<ul>\n 	<li>Vegano certificado</li>\n 	<li>Waterproof</li>\n 	<li>Hecho a mano</li>\n 	<li>Plantilla y forro de poliéster reciclado</li>\n 	<li>Suela de caucho moldeada con patrón de Hunter Original</li>\n 	<li>Fuelles laterales elásticos y lengüeta de nylon para facilitar la entrada del pie</li>\n 	<li>Elaboradas a partir de caucho natural vulcanizado de una plantación con certificado FSC®</li>\n</ul>\n</div>",,,taxable,,1,,,0,0,,,,,0,,89994,149990,"Tipo de producto > Botas, Género, Género > Mujer, Tipo de producto","Botas, Gris, Hunter, Impermeables, Vegano, Ofertas",,"https://trendseeker.cl/wp-content/uploads/2023/11/WFS1018RMA-CAS1.png, https://trendseeker.cl/wp-content/uploads/2023/07/Botas-chelsea-cortas-mujer-Hunter-6.png, https://trendseeker.cl/wp-content/uploads/2023/05/WFS1018RMA-CAS2.png, https://trendseeker.cl/wp-content/uploads/2023/05/WFS1018RMA-CAS3.png, https://trendseeker.cl/wp-content/uploads/2023/05/WFS1018RMA-CAS4.png",,,,,,"WFS1018RMA-BLK, WFS2006RMA-BLK",,,1,,Hunter,Hunter,size,"36, 37, 38, 39, 40/41",1,1,
21851,variation,WFS1018RMA-CAS36,,Botas Chelsea Commando Para Mujer Gris Pálido - 36,1,0,visible,,,,,taxable,parent,0,0,,0,0,,,,,0,,89994,149990,,,,,,,WFS1018RMA-CAS,,,"WFS1018RMA-BLK, WFS2006RMA-BLK",,,1,5054916901390,Hunter,Hunter,size,36,,1,
21877,variation,WFS2240NRE-BWI36,,Bota Enrollable - Sherpa Vegano - Mujeres - Negro con Blanco - 36,1,0,visible,,,,,taxable,parent,0,0,,0,0,,,,,0,,92994,154990,,,,,,,WFS2240NRE-BWI,,,"WFT2041RMA-BLK, WFT2052NRE-NVY",,,1,5054916964104,Hunter,Hunter,size,36,,1,
21887,variation,WFT2007RMA-APL36,,Botas De Agua Play Altas Para Mujer Rosadas - 36,1,0,visible,,,,,taxable,parent,0,0,,0,0,,,,,0,,65994,109990,,,,,,,WFT2007RMA-APL,,,"WFS2020RMA-BBO, WFS2020RMA-BLK, WFS2020RMA-LRD, UAS3036AAB-HWT, UZF3003LSK-NTR",,,1,5054916889018,Hunter,Hunter,size,36,,1,
21893,variation,WFS2020RMA-APL36,,Botas De Agua Play Cortas Para Mujer Rosada - 36,1,0,visible,,,,,taxable,parent,0,0,,0,0,,,,,0,,59994,99990,,,,,,,WFS2020RMA-APL,,,"WFS2020RMA-BBO, WFS2020RMA-BLK, WFS2020RMA-LRD",,,1,5054916887892,Hunter,Hunter,size,36,,1,
24322,variation,UFF1102EVA-PER43,,Zueco In & Out Espuma de Alga Rosado - 43,1,0,visible,,,,,taxable,parent,1,9,,0,0,,,,,0,,29994,49990,,,,,,,UFF1102EVA-PER,,,,,,1,5052956016166,Hunter,Hunter,Talla,43,,1,
24448,variation,WFK2000PTP-BLK36,,Zapatilla Travel Trainer Black Mujer - 36,1,0,visible,,,,,taxable,parent,1,13,,0,0,,,,,0,,,,,,,,,,WFK2000PTP-BLK,,,,,,1,5059997102209,Hunter,Hunter,size,36,,1,
24460,variation,MFK1000PTP-BLK39,,Zapatilla Travel Trainer Black Hombre - 39,1,0,visible,,,,,taxable,parent,0,0,,0,0,,,,,0,,,119990,,,,,,,MFK1000PTP-BLK,,,"UBB1210KBM-DOV, MFF9100REN-ZSB",,,1,5059997100625,Hunter,Hunter,size,39,,1,
24469,variation,MFF9100REN-SED39,,Zapatillas Deportivas Travel - Hombre Shaded White - 39,1,0,visible,,,,,taxable,parent,1,12,,0,0,,,,,0,,,119990,,,,,,,MFF9100REN-SED,,,,,,1,5052956048730,Hunter,,size,39,,1,
24813,variation,MFF9100REN-LTB-39,,Zapatillas Deportivas Travel - Hombre Verde Musgo - 39,1,0,visible,,,,,taxable,parent,1,2,,0,0,,,,,0,,,119990,,,,,,,MFF9100REN-LTB,,,,,,1,5052956048808,Hunter,,size,39,,1,
24826,variation,WFF1100REN-VPY-36,5059997082419,Zapatillas Deportivas Travel - Mujer - Red - 36,1,0,visible,,,,,taxable,parent,1,13,,0,0,,,,,0,,,119990,,,,,,,WFF1100REN-VPY,,,,,,1,5059997082419,Hunter,,size,36,,1,
32939,variation,UAS3036AAB-HWTM,5054916638869,Calcetín Bota Alta 6 Puntadas Blanco - M,1,0,visible,,,,,taxable,parent,0,0,,0,0,,,,,0,,23994,39990,,,,,,,UAS3036AAB-HWT,,,,,,1,5054916638869,Hunter,Hunter,Talla,M,,1,
18527,variation,WFS1000RGL-BLK37,,Botas De Agua Bajas Y Brillantes Original Para Mujer Negro - 37,1,0,visible,,,,,taxable,parent,0,0,,0,0,1.9,20,,10,0,,72594,120990,,,,,,,WFS1000RGL-BLK,,,,,,1,5013441352770,Hunter,Hunter,Talla,37,,1,
18539,variation,WFS1000RMA-DOV37,,Botas De Agua Bajas Original Para Mujer Verde Oliva - 37,1,0,visible,,,,,taxable,parent,0,0,,0,0,1.9,20,,10,0,,72594,120990,,,,,,,WFS1000RMA-DOV,,,"UAH3031WXA-GZB, UBP1152KBM-DOV",,,1,5013441406473,Hunter,Hunter,Talla,37,,1,
18557,variation,WFS2020RMA-BLK37,,Botas De Agua Bajas Play Mujer Negro - 37,1,0,visible,,,,,taxable,parent,0,0,,0,0,1.5,32,,12,0,,59994,99990,,,,,,,WFS2020RMA-BLK,,,,,,1,5054916381154,Hunter,Hunter,Talla,37,,1,
18563,variation,WFS2020RMA-LRD37,,Botas de Agua Bajas Play para Mujer Rojo - 37,1,0,visible,,,,,taxable,parent,1,6,,0,0,1.5,32,,12,0,,65994,109990,,,,,,,WFS2020RMA-LRD,,,,,,1,5054916560498,Hunter,Hunter,Talla,37,,1,
18569,variation,WFS2048RMA-BLK37,,Botas De Agua Aislantes Bajas Original Para Mujer BLK - 37,1,0,visible,,,,,taxable,parent,0,0,,0,0,1.5,32,,12,0,,83994,139990,,,,,,,WFS2048RMA-BLK,,,"UAH3031WXA-GZB, UBB6017ACD-BTB",,,1,5054916540056,Hunter,Hunter,Talla,37,,1,
18581,variation,WFT1000RGL-BLK37,,Botas Altas Y Brillantes Original Para Mujer Negro - 37,1,0,visible,,,,2026-07-19 23:59:59,taxable,parent,0,0,,0,0,2,35,,12,0,,101994,169990,,,,,,,WFT1000RGL-BLK,,,"UAH3031WXA-GZB, UAS3036AAB-BLK",,,1,5013441353241,Hunter,Hunter,Talla,37,,1,
18595,variation,WFT1000RGL-DOV37,,Botas Altas Y Brillantes Original Para Mujer Verde Oliva - 37,1,0,visible,,,,,taxable,parent,0,0,,0,0,2,32,,11,0,,77994,129990,,,,,,,WFT1000RGL-DOV,,,,,,1,5054916098465,Hunter,Hunter,Talla,37,,1,
18610,variation,WFT1000RGL-MLR40/41,,Botas Altas Y Brillantes Original Para Mujer Rojo Militar - 40/41,1,0,visible,,,,2026-07-19 23:59:59,taxable,parent,0,0,,0,0,2,32,,11,0,,101994,169990,,,,,,,WFT1000RGL-MLR,,,"UZC3011XXX-CLR, UBB1210KBM-DOV, UZF3003LSK-NTR",,,1,5013441413211,Hunter,Hunter,Talla,40/41,,1,
18613,variation,WFT1000RMA-DOV37,,Botas De Agua Altas Original Para Mujer Verde Oliva - 37,1,0,visible,,,,,taxable,parent,0,0,,0,0,2,35,,12,0,,77994,129990,,,,,,,WFT1000RMA-DOV,,,,,,1,5013441352947,Hunter,Hunter,Talla,37,,1,
18624,variation,WFT1000RMA-HGR36,,Botas De Agua Altas Original Para Mujer Verde - 36,1,0,visible,,,,,taxable,parent,0,0,,0,0,2,35,,12,0,,101994,169990,,,,,,,WFT1000RMA-HGR,,,"UAS3036AAB-HWT, UZF3003LSK-NTR",,,1,5013441578996,Hunter,Hunter,Talla,36,,1,
18635,variation,UAS3000AAA-BLKL,,Hunter Calcetín Bota Negra - L,1,0,visible,,,,,taxable,parent,1,41,,0,0,0.4,15,,7,0,,14994,24990,,,,,,,UAS3000AAA-BLK,,,,,,1,5013441380728,Hunter,Hunter,size,L,,1,
18637,variation,JFT6000RMA-RBP32,,Botas De Agua Original Para Niños Rosado Brillante - 32,1,0,visible,,,,,taxable,parent,1,13,,0,0,1.7,32,,14,0,,47994,79990,,,,,,,JFT6000RMA-RBP,,,,,,1,5054916210980,Hunter,Hunter,Talla,32,,1,
18643,variation,JFT6000RMA-DOV32,,Botas De Agua Original Para Niños Verde Oliva - 32,1,0,visible,,,,,taxable,parent,1,2,,0,0,1.7,32,,14,0,,47994,79990,,,,,,,JFT6000RMA-DOV,,,,,,1,5054916210928,Hunter,Hunter,Talla,32,,1,
18659,variation,MFS9014RMA-SGE39,,Zapato de Agua para Hombre - 39,1,0,visible,,"Condicion del producto: Nuevo\n\n\n\n\n\n\n\nGenero: Hombre\n\n\n\n\n\n\n\nHecho en: China\n\n\n\n\n\n\n\nMaterial calzado: Sintético\n\n\n\n\n\n\n\nMaterial de la suela: Goma\n\n\n\n\n\n\n\nPais: Chile\n\n\n\n\n\n\n\nTemporada: Otoño-Invierno\n\n\n\n\n\n\n\nTipo calzado de hombre: Botines",,,taxable,parent,0,0,,0,0,1.3,32,,14,0,,86994,144990,,,,,,,MFS9014RMA-SGE,,,,,,1,5054916132800,Hunter,Hunter,Talla,39,,1,
18672,variation,MFS9014RMA-BLK47,,Zapato de Agua para Hombre Negro - 47,1,0,visible,,,,,taxable,parent,0,0,,0,0,1.3,32,,14,0,,86994,144990,,,,,,,MFS9014RMA-BLK,,,,,,1,5054916132725,Hunter,Hunter,Talla,47,,1,
18675,variation,WFT1000RMA-MLR37,,Botas de Agua Altas para Mujer Rojo Militar - 37,1,0,visible,,,,,taxable,parent,0,0,,0,0,2,35,,12,0,,101994,169990,,,,,,,WFT1000RMA-MLR,,,"UAH3031WXA-MRG, UAS3036AAB-GRG",,,1,5013441415864,Hunter,Hunter,Talla,37,,1,
18686,variation,WFT1000RMA-RYL37,,Botas De Agua Altas Original Para Mujer Amarillo - 37,1,0,visible,,,,,taxable,parent,0,0,,0,0,2,35,,12,0,,89994,149990,,,,,,,WFT1000RMA-RYL,,,"UAH3031WXA-MRG, UBB6017ACD-BLK",,,1,5054916097482,Hunter,Hunter,Talla,37,,1,
18691,variation,WFT1000RMA-SIL36,,Botas De Agua Altas Original Para Mujer Plateado - 36,1,0,visible,,,,,taxable,parent,0,0,,0,0,2,35,,12,0,,89994,149990,,,,,,,WFT1000RMA-SIL,,,,,,1,5054916097758,Hunter,Hunter,Talla,36,,1,
19021,variation,MFS9014RMA-LKB39,,Zapato de Agua para Hombre LKB - 39,1,0,visible,,,,,taxable,parent,0,0,,0,0,1.3,32,,14,0,,86994,144990,,,,,,,MFS9014RMA-LKB,,,,,,1,5054916132664,Hunter,Hunter,Talla,39,,1,
19033,variation,JFT6000RMA-FUS34/35,,Botas De Agua Original Para Niños Fucsia - 34/35,1,0,visible,,,,,taxable,parent,0,0,,0,0,1.7,32,,14,0,,47994,79990,,,,,,,JFT6000RMA-FUS,,,,,,1,5013441356068,Hunter,Hunter,Talla,34/35,,1,
19041,variation,MFT9000RMA-HGR40/41,,Botas De Agua Altas Original Para Hombre Verde - 40/41,1,0,visible,,,,,taxable,parent,0,0,,0,0,2,28,,13,0,,89994,149990,,,,,,,MFT9000RMA-HGR,,,,,,1,5013441733029,Hunter,Hunter,Talla,40/41,,1,
19047,variation,UAS3036AAB-BLKL,,Hunter Calcetín Bota 6 Puntadas 1 - L,1,0,visible,,,,,taxable,parent,1,9,,0,0,0.4,15,,7,0,,23994,39990,,,,,,,UAS3036AAB-BLK,,,,,,1,5013441858036,Hunter,Hunter,size,L,,1,
19049,variation,UAS3036AAB-GRGL,,Hunter Calcetín Bota 6 Puntadas Beige - L,1,0,visible,,,,,taxable,parent,0,0,,0,0,0.4,15,,7,0,,23994,39990,,,,,,,UAS3036AAB-GRG,,,,,,1,5013441862392,Hunter,Hunter,size,L,,1,
19051,variation,UAS3036AAB-GZBL,,Hunter Calcetín Bota 6 Puntadas - L,1,0,visible,,,,,taxable,parent,0,0,,0,0,0.4,15,,7,0,,23994,39990,,,,,,,UAS3036AAB-GZB,,,,,,1,5054916030359,Hunter,Hunter,size,L,,1,
19056,variation,UZF3003LSK-NTR37,,Plantilla Luxury Shearling - 37,1,0,visible,,,,,taxable,parent,0,0,,0,0,0.4,15,,7,0,,,18990,,,,,,,UZF3003LSK-NTR,,,,,,2,5013441390802,Hunter,Hunter,Talla,37,,1,
19059,variation,WAS1017AAC-REDL,,CALCETIN BOTA CORTA ROJO - L,1,0,visible,,,,,taxable,parent,0,0,,0,0,0.4,15,,7,0,,23994,39990,,,,,,,WAS1017AAC-RED,,,,,,1,5013441860763,Hunter,Hunter,size,L,,1,
19062,variation,WAS1017AAC-WHTM,,CALCETIN CAR BOTA CORTA BLANCO - M,1,0,visible,,,,,taxable,parent,0,0,,0,0,0.4,15,,7,0,,20394,33990,,,,,,,WAS1017AAC-WHT,,,,,,1,5013441695013,Hunter,Hunter,size,M,,1,
19070,variation,WFS1000RGL-MLR36,,Botas De Agua Bajas Y Brillantes Original Para Mujer Rojo Militar - 36,1,0,visible,,,,,taxable,parent,0,0,,0,0,1.9,20,,10,0,,72594,120990,,,,,,,WFS1000RGL-MLR,,,"D62SI, UAH3031WXA-MRG",,,1,5013441405056,Hunter,Hunter,Talla,36,,1,
19091,variation,WFS1043RMA-SUG40/41,,Botas Chelsea Original Para Mujer Verde Suculenta - 40/41,1,0,visible,,,,,taxable,parent,0,0,,0,0,1.5,26,,11,0,,70194,116990,,,,,,,WFS1043RMA-SUG,,,"UBB6017ACD-DOV, UBP1152KBM-BLK",,,1,5054916117975,Hunter,Hunter,Talla,40/41,,1,
19105,variation,WFS2020RMA-LIH36,,Botas De Agua Bajas Original Play Para Mujer LIH - 36,1,0,visible,,,,,taxable,parent,0,0,,0,0,1.5,32,,12,0,,44994,74990,,,,,,,WFS2020RMA-LIH,,,,,,1,5054916449915,Hunter,Hunter,Talla,36,,1,
19112,variation,WFS2020RMA-ZNC37,,Botas De Agua Bajas Original Play Para Mujer ZNC - 37,1,0,visible,,,,,taxable,parent,0,0,,0,0,1.5,32,,12,0,,59994,99990,,,,,,,WFS2020RMA-ZNC,,,,,,1,5054916381291,Hunter,Hunter,Talla,37,,1,
19117,variation,WFT1000RGL-NVY42,,Botas Altas Y Brillantes Original Para Mujer Azul Marino - 42,1,0,visible,,,,,taxable,parent,0,0,,0,0,2,32,,11,0,,77994,129990,,,,,,,WFT1000RGL-NVY,,,"UBB6017ACD-BTB, UBP7020KBM-NVY",,,1,5013441413365,Hunter,Hunter,Talla,42,,1,
19124,variation,WFT1000RGL-RVI37,,Botas Altas Y Brillantes Original Para Mujer Morada - 37,1,0,visible,,,,,taxable,parent,0,0,,0,0,2,35,,12,0,,77994,129990,,,,,,,WFT1000RGL-RVI,,,,,,1,5054916097901,Hunter,Hunter,Talla,37,,1,
19129,variation,WFT1001RGL-BLK36,,Botas De Agua Altas Y Ajustables Por Detrás Para Mujer Negro - 36,1,0,visible,,,,,taxable,parent,0,0,,0,0,2,35,,12,0,,107994,179990,,,,,,,WFT1001RGL-BLK,,,"UZC3011XXX-CLR, UAS3036AAB-GRG, UZF3003LSK-NTR",,,1,5013441419428,Hunter,Hunter,Talla,36,,1,
19139,variation,WFT1001RMA-BLK40/41,,Botas De Agua Altas Y Ajustables Por Detrás Original Para Mujer Negro - 40/41,1,0,visible,,,,,taxable,parent,0,0,,0,0,2,32,,11,0,,107994,179990,,,,,,,WFT1001RMA-BLK,,,"UAS3036AAB-HWT, AC1SI, UAH3031WXA-GZB, UZF3003LSK-NTR",,,1,5013441579108,Hunter,Hunter,Talla,40/41,,1,
19146,variation,WFT1071RMA-BLK36,,Botas Original Refined Para Mujer Negro - 36,1,0,visible,,,,,taxable,parent,0,0,,0,0,2,35,,12,0,,101994,169990,,,,,,,WFT1071RMA-BLK,,,"D62SI, UAH3031WXA-GZB",,,1,5054916020244,Hunter,Hunter,Talla,36,,1,
19153,variation,WFT2007EXL-OEX37,,Botas Altas Original Play Con Logotipo Ampliado Para Mujer - 37,1,0,visible,,,,,taxable,parent,0,0,,0,0,2,32,,13,0,,65400,109000,,,,,,,WFT2007EXL-OEX,,,,,,1,5054916630085,Hunter,Hunter,Talla,37,,1,
19159,variation,WFT2007RMA-BLK37,,Botas De Agua Altas Original Play Para Mujer BLK - 37,1,0,visible,,,,,taxable,parent,0,0,,0,0,2,32,,13,0,,65994,109990,,,,,,,WFT2007RMA-BLK,,,,,,1,5054916380591,Hunter,Hunter,Talla,37,,1,
19165,variation,WFT2007RMA-LIH37,,Botas De Agua Altas Original Play Para Mujer LIH - 37,1,0,visible,,,,,taxable,parent,0,0,,0,0,2,32,,13,0,,53994,89990,,,,,,,WFT2007RMA-LIH,,,,,,1,5054916450201,Hunter,Hunter,Talla,37,,1,
19171,variation,WFT2007RMA-LRD37,,Botas De Agua Altas Original Play Para Mujer LRD - 37,1,0,visible,,,,,taxable,parent,0,0,,0,0,2,32,,13,0,,65994,109990,,,,,,,WFT2007RMA-LRD,,,,,,1,5054916633918,Hunter,Hunter,Talla,37,,1,
19180,variation,WFT2007RMA-ZNC40/41,,Botas De Agua Altas Original Play Para Mujer ZNC - 40/41,1,0,visible,,,,,taxable,parent,0,0,,0,0,2,32,,13,0,,65994,109990,,,,,,,WFT2007RMA-ZNC,,,,,,1,5054916380768,Hunter,Hunter,Talla,40/41,,1,
19182,variation,WFT2041RMA-BLK36,,Botas Altas Aislantes Original Para Mujer BLK - 36,1,0,visible,,,,,taxable,parent,0,0,,0,0,2,32,,13,0,,107994,179990,,,,,,,WFT2041RMA-BLK,,,"UAH3031WXA-GZB, UBP1152KBM-MLR",,,1,5054916540254,Hunter,Hunter,Talla,36,,1,
19188,variation,WFT2052NRE-BLK36,,Botas Estilo Sherpa Con Parte Superior Enrollable Para Mujer Negro - 36,1,0,visible,,,,,taxable,parent,0,0,,0,0,2,32,,13,0,,86994,144990,,,,,,,WFT2052NRE-BLK,,,"UAH3031WXA-MRG, UBB6017ACD-MLR",,,1,5054916540674,Hunter,Hunter,Talla,36,,1,
19200,variation,WFT2078RMA-BHE36,,Botas Altas Calendar Original Para Mujer - 36,1,0,visible,,,,,taxable,parent,0,0,,0,0,2,32,,13,0,,92994,154990,,,,,,,WFT2078RMA-BHE,,,"UAH3031WXA-MRG, UBP7020KBM-NVY",,,1,5054916633765,Hunter,Hunter,Talla,36,,1,
19352,variation,MFT9000RMA-BLK40/41,,Botas De Agua Altas Original Para Hombre Negra - 40/41,1,0,visible,,,,,taxable,parent,0,0,,0,0,2,28,,13,0,,95994,159990,,,,,,,MFT9000RMA-BLK,,,"UAS3036AAB-HWT, UZC3011XXX-CLR, UAS3036AAB-BLK",,,1,5013441371023,Hunter,Hunter,Talla,40/41,,1,
19362,variation,MFT9000RMA-DOV45/46,,Botas De Agua Altas Original Para Hombre Verde Oliva - 45/46,1,0,visible,,,,,taxable,parent,1,14,,0,0,2,28,,13,0,,95994,159990,,,,,,,MFT9000RMA-DOV,,,,,,1,5013441371207,Hunter,Hunter,Talla,45/46,,1,
19365,variation,WFT1000RMA-BLK37,,Botas De Agua Altas Original Para Mujer - 37,1,0,visible,,,,,taxable,parent,0,0,,0,0,2,35,,12,0,,101994,169990,,,,,,,WFT1000RMA-BLK,,,"UAS3036AAB-GZB, UAS3036AAB-BLK, UAS3036AAB-GRG",,,1,5013441352848,Hunter,Hunter,Talla,37,,1,
19486,variation,JFT6000RMA-NVY32,,Botas De Agua Original Para Niños Azul Marino - 32,1,0,visible,,,,,taxable,parent,1,32,,0,0,1.7,32,,14,0,,47994,79990,,,,,,,JFT6000RMA-NVY,,,,,,1,5013441356587,Hunter,Hunter,Talla,32,,1,
19488,variation,JFT6000RMA-BLK-32,,Botas De Agua Original Para Niños - 32,1,0,visible,,,,,taxable,parent,1,25,,0,0,1.7,32,,14,0,,47994,79990,,,,,,,JFT6000RMA-BLK,,,,,,1,5013441355689,Hunter,Hunter,Talla,32,,1,
19498,variation,WFS1051RMA-BLK37,,BOTA ANKLE BLACK - 37,1,0,visible,,,,,taxable,parent,0,0,,0,0,,,,,0,,80994,134990,,,,,,,WFS1051RMA-BLK,,,"W14SI, UBB6017ACD-MLR",,,1,,Hunter,Hunter,Talla,37,,1,
19519,variation,WFS2020RMA-BBO37,,Botas De Agua Bajas Original Play Para Mujer Celeste - 37,1,0,visible,,,,,taxable,parent,1,11,,0,0,,,,,0,,65994,109990,,,,,,,WFS2020RMA-BBO,,,"UAH3031WXA-MRG, UBP7020KBM-NVY",,,1,5054916618786,Hunter,Hunter,Talla,37,,1,
19628,variation,WRO1345WAP-BLKS,,Chaqueta Impermeable Mujer Black - XS,1,0,visible,,,,,taxable,parent,1,1,,0,0,,,,,0,,157242,184990,,,,,,,WRO1345WAP-BLK,,,,,,1,5054916717700,Hunter,Hunter,Talla,XS,,1,
19635,variation,WRO1345WAP-DOVS,,Chaqueta Impermeable Mujer Olive Green - S,1,0,visible,,,,,taxable,parent,0,0,,0,0,,,,,0,,157242,184990,,,,,,,WRO1345WAP-DOV,,,,,,1,5054916717786,Hunter,Hunter,Talla,S,,1,
19638,variation,MRO4245WAP-BLKL,,Chaqueta Impermeable Hombre Black - M,1,0,visible,,,,,taxable,parent,0,0,,0,0,,,,,0,,157242,184990,,,,,,,MRO4245WAP-BLK,,,,,,1,5054916718097,Hunter,Hunter,Talla,M,,1,
19641,variation,MRO4245WAP-DOVL,,Chaqueta Impermeable Hombre Olive Green - M,1,0,visible,,,,,taxable,parent,1,1,,0,0,,,,,0,,157242,184990,,,,,,,MRO4245WAP-DOV,,,,,,1,5054916718271,Hunter,Hunter,Talla,M,,1,
19649,variation,WFF1088RMA-DOC37,,Zueco de Jardin para Mujer Verde Oliva - 37,1,0,visible,,,,,taxable,parent,1,15,,0,0,,,,,0,,53994,89990,,,,,,,WFF1088RMA-DOC,,,,,,1,5054916827799,Hunter,Hunter,Talla,37,,1,
19687,variation,UAS3000AAA-MLRL,,Hunter Calcetin Bota Rojo - L,1,0,visible,,,,,taxable,parent,1,55,,0,0,,,,,0,,14994,24990,,,,,,,UAS3000AAA-MLR,,,,,,1,5054916103923,Hunter,Hunter,Talla,L,,1,
19689,variation,UAS3000AAA-HWTL,,Hunter Calcetin Bota Blanco Hueso - L,1,0,visible,,,,,taxable,parent,1,54,,0,0,,,,,0,,14994,24990,,,,,,,UAS3000AAA-HWT,,,,,,1,5054916638814,Hunter,Hunter,Talla,L,,1,
19692,variation,UAS3036AAB-HWTL,,Calcetín Bota Alta 6 Puntadas Blanco - L,1,0,visible,,,,,taxable,parent,1,37,,0,0,,,,,0,,23994,39990,,,,,,,UAS3036AAB-HWT,,,,,,1,5054916638876,Hunter,Hunter,Talla,L,,1,
19864,variation,WFS2018RMA-DOC37,,Bota Corta de Jardinera - 37,1,0,visible,,,,,taxable,parent,1,20,,0,0,,,,,0,,68994,114990,,,,,,,WFS2018RMA-DOC,,,,,,1,5054916802451,Hunter,Hunter,Talla,37,,1,
19918,variation,WRO1323RSF-BLKM,,Chaqueta plegable ligera reciclada para mujer - M,1,0,visible,,,,,taxable,parent,0,0,,0,0,,,,,0,,106242,124990,,,,,,,WRO1323RSF-BLK,,,,,,1,5054916640282,Hunter,Hunter,Talla,M,,1,
19924,variation,WRO1323RSF-NVYL,,Chaqueta plegable ligera reciclada para mujer - L,1,0,visible,,,,,taxable,parent,0,0,,0,0,,,,,0,,106242,124990,,,,,,,WRO1323RSF-NVY,,,,,,1,5054916640350,Hunter,Hunter,Talla,L,,1,
19992,variation,WFT2200RMA-BLK37,,BOTAS DE AGUA LARGAS PARA MUJER SLIM FIT (ajustadas) - 37,1,0,visible,,,,,taxable,parent,0,0,,0,0,,,,,0,,95994,159990,,,,,,,WFT2200RMA-BLK,,,"UAS3036AAB-HWT, UZF3003LSK-NTR",,,1,5054916809436,Hunter,Hunter,Talla,37,,1,
19997,variation,WFS2200RMA-BLK37,,BOTAS REFINED CORTAS PARA MUJER NEGRO - 37,1,0,visible,,,,,taxable,parent,0,0,,0,0,,,,,0,,89994,149990,,,,,,,WFS2200RMA-BLK,,,,,,1,5054916809290,Hunter,Hunter,Talla,37,,1,
20003,variation,WFS2106WWU-BLK37,,Bota Nieve Negra - 37,1,0,visible,,,,2026-07-19 23:59:59,taxable,parent,0,0,,0,0,,,,,0,,83994,139990,,,,,,,WFS2106WWU-BLK,,,,,,1,5054916732253,Hunter,Hunter,Talla,37,,1,
20007,variation,UAS3000AAA-DOVL,,Calcetin Verde Oliva para Bota Alta - L,1,0,visible,,,,,taxable,parent,1,6,,0,0,,,,,0,,14994,24990,,,,,,,UAS3000AAA-DOV,,,,,,1,5054916103749,Hunter,Hunter,Talla,L,,1,
20158,variable,WFS1018RMA-DOV,,Bota Commando Chelsea Verde Militar,0,0,visible,,"La bota Commando Chelsea con certificación FSC® se elaboró ​​con caucho natural de bosques auditados de forma independiente según los estándares del Forest Stewardship Council®. Estas botas 100% impermeables están hechas a mano con estrictos estándares para proteger los bosques, así como a los animales y las comunidades que dependen de ellos.\n\nFabricado con caucho natural vegano certificado por FSC®, el Commando Chelsea 100% impermeable es una nueva incorporación a nuestra icónica colección Original. Manteniendo todas las características queridas de la bota Chelsea original, como el refuerzo flexible y el agarre Hunter, esta nueva silueta tiene un perfil más alto, alcanzando 15 mm (0,59"") más arriba de la pierna. Este estilo híbrido de comando Chelsea negro para mujer también presenta un reciclado reciclado Forro y plantilla de poliéster.\n<div class=""copy trim-stacked-margins has-inner-html product-page-description__features"">\n<ul>\n 	<li>vegano certificado</li>\n 	<li>Impermeable</li>\n 	<li>Hecho a mano</li>\n 	<li>Forro y plantilla de poliéster reciclado</li>\n 	<li>Suela exterior de goma moldeada con dibujo original de la banda de rodadura de Hunter</li>\n 	<li>Refuerzos laterales elásticos y lengüeta de nailon para facilitar la entrada del pie</li>\n 	<li>Elaborado a partir de caucho vulcanizado natural procedente de una plantación con certificación FSC®</li>\n</ul>\n</div>",,,taxable,,1,144,2,0,0,,,,,0,,86994,144990,"Tipo de producto > Botas, Género, Género > Mujer, Tipo de producto","Invierno, Vegano, Verde, Ofertas",,"https://trendseeker.cl/wp-content/uploads/2023/11/WFS1018RMA-DOV-1.jpg, https://trendseeker.cl/wp-content/uploads/2023/07/Botas-chelsea-cortas-mujer-Hunter-4.png, https://trendseeker.cl/wp-content/uploads/2022/11/WFS1018RMA-DOV-2.jpg, https://trendseeker.cl/wp-content/uploads/2022/11/WFS1018RMA-DOV-3.jpg, https://trendseeker.cl/wp-content/uploads/2022/11/WFS1018RMA-DOV-4.jpg",,,,,,,,,1,,Hunter,Hunter,Talla,"36, 37, 38, 39, 40/41",1,1,
20172,variation,WFS2010CNV-BLK37,,Botas Commando Desert Mujer Negras - 37,1,0,visible,,,,,taxable,parent,0,0,,0,0,,,,,0,,83994,139990,,,,,,,WFS2010CNV-BLK,,,,,,1,5054916895545,Hunter,Hunter,Talla,37,,1,
20183,variation,WFS2010CNV-ATM39,,Botas Commando Desert Mujer Verde Musgo - 39,1,0,visible,,,,,taxable,parent,0,0,,0,0,,,,,0,,83994,139990,,,,,,,WFS2010CNV-ATM,,,,,,1,5054916895705,Hunter,Hunter,Talla,39,,1,
20190,variation,MFS9000CNV-ATM40,,Botas Commando Desert Hombre Verde Musgo - 40/41,1,0,visible,,,,,taxable,parent,1,48,,0,0,,,,,0,,83994,139990,,,,,,,MFS9000CNV-ATM,,,,,,1,5054916895927,Hunter,Hunter,Talla,40/41,,1,
20204,variation,WFS1018RMA-DOV38,,Bota Commando Chelsea Verde Militar - 38,1,0,visible,,,,,taxable,parent,0,0,,0,0,,,,,0,,86994,144990,,,,,,,WFS1018RMA-DOV,,,,,,1,5054916897297,Hunter,Hunter,Talla,38,,1,
20212,variation,WFS1018RMA-BLK37,,Bota Commando Chelsea Negro - 37,1,0,visible,,,,,taxable,parent,0,0,,0,0,,,,,0,,86994,144990,,,,,,,WFS1018RMA-BLK,,,,,,1,,Hunter,Hunter,Talla,37,,1,
20223,variation,WFS1000RMA-OVL37,,Botas de Agua Bajas para Mujer Hoja de Olivo - 37,1,0,visible,,,,,taxable,parent,0,0,,0,0,,,,,0,,72594,120990,,,,,,,WFS1000RMA-OVL,,,"WAS1017AAC-WHT, WAS1017AAC-WHTL, WAS1017AAC-BLK",,,1,5054916916905,Hunter,Hunter,Talla,37,,1,
20227,variation,MFS9000CNV-BLK40,,Botas Commando Desert Hombre Negras - 40/41,1,0,visible,,,,,taxable,parent,0,0,,0,0,,,,,0,,83994,139990,,,,,,,MFS9000CNV-BLK,,,,,,1,,Hunter,Hunter,Talla,40/41,,1,
20236,variation,WFS1013RMA-GSC37,,Botas De Agua Baja y Ajustables Por Detrás Para Mujer Rosado Oscuro - 37,1,0,visible,,,,,taxable,parent,0,0,,0,0,,,,,0,,86994,144990,,,,,,,WFS1013RMA-GSC,,,,,,1,5054916887694,Hunter,Hunter,Talla,37,,1,
20244,variation,WFT1000RMA-OVL37,,Botas de Agua Altas para Mujer Hoja de Olivo - 37,1,0,visible,,,,2026-07-19 23:59:59,taxable,parent,0,0,,0,0,,,,,0,,101994,169990,,,,,,,WFT1000RMA-OVL,,,"UAS3036AAB-GZB, UAS3036AAB-GRG, UAS3000AAA-HWT, UZF3003LSK-NTR",,,1,5054916916974,Hunter,Hunter,Talla,37,,1,
20251,variable,WFS1000RMA-MLR,,Botas de Agua Bajas para Mujer Rojo Militar,1,0,visible,,"Perfecta para los días de lluvia, esta bota de agua para mujer es una versión más baja de la clásica bota alta de Hunter Original. Elaborada con caucho natural, cada bota se confecciona y monta de manera artesanal durante tres días antes de someterse al proceso de vulcanizado para ofrecer una mayor protección. Con el dibujo de Hunter Original y un cómodo forro de poliéster, esta bota impermeable de color verde oscuro es un accesorio imprescindible para los días de lluvia.\n\nRecomendamos utilizar calcetines con todas las botas Hunter para proteger la piel del contacto con el caucho. Todos los calcetines para botas Hunter están especialmente diseñados para su uso con nuestra gama de botas e incluyen una vuelta en la parte superior que permite cubrir el caucho y el nailon del borde de la bota, evitando así cualquier roce durante el uso.\n<div class=""copy trim-stacked-margins has-inner-html product-page-description__features"">\n<ul>\n 	<li>Completamente impermeables</li>\n 	<li>Elaboradas a mano a partir de 28 piezas</li>\n 	<li>Ajuste normal</li>\n 	<li>Forro de poliéster</li>\n 	<li>Suela de goma con dibujo de Hunter Original</li>\n 	<li>Confeccionadas en caucho vulcanizado natural con acabado mate</li>\n</ul>\n</div>",,,taxable,,1,192,,0,0,,,,,0,,80994,134990,"Tipo de producto > Botas, Género, Género > Mujer, Tipo de producto","Impermeables, Invierno, Ofertas",,"https://trendseeker.cl/wp-content/uploads/2022/11/WFS1000RMA-MLR.jpg, https://trendseeker.cl/wp-content/uploads/2022/11/Botas-cortas-mujer-Hunter.png, https://trendseeker.cl/wp-content/uploads/2022/11/WFS1000RMA-MLR-2.png, https://trendseeker.cl/wp-content/uploads/2022/11/WFS1000RMA-MLR-3.png, https://trendseeker.cl/wp-content/uploads/2022/11/WFS1000RMA-MLR-4.png, https://trendseeker.cl/wp-content/uploads/2022/11/WFS1000RMA-MLR-5.png",,,,,,"WAS1017AAC-WHT, UZC3011XXX-CLR, UBB1210KBM-BLK",,,1,,Hunter,Hunter,Talla,"36, 37, 38, 39, 40/41",1,1,
20254,variation,WFT1000RMA-SWG37,,Botas de Agua Altas para Mujer Verde Sweet Gale - 37,1,0,visible,,,,2026-07-19 23:59:59,taxable,parent,0,0,,0,0,,,,,0,,101994,169990,,,,,,,WFT1000RMA-SWG,,,"UAS3036AAB-BLK, UAS3036AAB-GRG, UZF3003LSK-NTR",,,1,5054916888677,Hunter,Hunter,Talla,37,,1,
20262,variation,WFT1001RMA-GSC37,,Botas De Agua Altas Y Ajustables Por Detrás Para Mujer Glenmore Rosa - 37,1,0,visible,,,,2026-07-19 23:59:59,taxable,parent,0,0,,0,0,,,,,0,,107994,179990,,,,,,,WFT1001RMA-GSC,,,"UAS3036AAB-BLK, UZC4007XXX-CLR, UZF3003LSK-NTR",,,1,5054916888882,Hunter,Hunter,Talla,37,,1,
20284,variation,WFT2007RMA-ATM37,,Botas De Agua Altas Original Play Para Mujer Verde Musgo - 37,1,0,visible,,,,2026-07-19 23:59:59,taxable,parent,0,0,,0,0,2,32,,13,0,,65994,109990,,,,,,,WFT2007RMA-ATM,,,"UAS3036AAB-HWT, UZF3003LSK-NTR",,,1,5054916857482,Hunter,Hunter,Talla,37,,1,
20287,variation,WFS1000RMA-MLR37,,Botas de Agua Bajas para Mujer Rojo Militar - 37,1,0,visible,,,,,taxable,parent,0,0,,0,0,,,,,0,,80994,134990,,,,,,,WFS1000RMA-MLR,,,"WAS1017AAC-WHT, UZC3011XXX-CLR, UBB1210KBM-BLK",,,1,5013441406831,Hunter,Hunter,Talla,37,,1,
20306,variation,,,Botas De Agua Altas Original Para Mujer - Brillante / Gloss - 37,1,0,visible,,,,,taxable,parent,0,0,,0,0,,,,,0,,77994,129990,,,,,,,WFT1000RGL-BCE,,,,,,1,,Hunter,Hunter,Talla,37,,1,
20314,variation,WFS1020RMA-ATM37,,Botas de Agua Bajas Play Neopreno Verde Musgo Mujer - 37,1,0,visible,,,,,taxable,parent,0,0,,0,0,,,,,0,,65994,109990,,,,,,,WFS1020RMA-ATM,,,"WFS2048RMA-BLK, UAH3345WXA-BLK",,,1,,Hunter,Hunter,Talla,37,,1,
20325,variation,WFS1020RMA-BLK37,,Botas de Agua Bajas Play Neopreno Black Mujer - 37,1,0,visible,,,,,taxable,parent,0,0,,0,0,,,,,0,,65994,109990,,,,,,,WFS1020RMA-BLK,,,"WFS2006RMA-BLK, UAH3031WXA-MRG, UBB2004KBM-DOV",,,1,,Hunter,Hunter,Talla,37,,1,
20335,variation,WFT2007RMA-KOM37,,Botas De Agua Altas Original Play Para Mujer Kombu - 37,1,0,visible,,,,,taxable,parent,0,0,,0,0,,,,,0,,65994,109990,,,,,,,WFT2007RMA-KOM,,,"UAH3345WXA-BLK, UAS3036AAB-GZB, UBP7012KBM-BLK, UZF3003LSK-NTR",,,1,5054916619134,Hunter,Hunter,Talla,37,,1,
20349,variation,WFT2052NRE-DOV39,,Botas Estilo Sherpa Con Parte Superior Enrollable Para Mujer Verde Oliva - 39,1,0,visible,,,,,taxable,parent,1,52,,0,0,,,,,0,,86994,144990,,,,,,,WFT2052NRE-DOV,,,"UAH3031WXA-GZB, UBB1204KBM-BLK, UAU1004UPM-BLK",,,1,5054916744720,Hunter,Hunter,Talla,39,,1,
20356,variation,JFT6000RMA-HGR32,,Botas De Agua Original Para Niños Verde - 32,1,0,visible,,,,,taxable,parent,1,22,,0,0,1.7,32,,14,0,,47994,79990,,,,,,,JFT6000RMA-HGR,,,"JBB1119KBM-NVY, JBB1119KBM-RBP",,,1,5013441725840,Hunter,Hunter,Talla,32,,1,
20435,variation,WFS2236NYL-BLK37,,Botas Commando Explorer Aislantes Para Mujer Negro - 37,1,0,visible,,,2026-06-12 0:00:00,2026-07-19 23:59:59,taxable,parent,0,0,,0,0,,,,,0,,119994,199990,,,,,,,WFS2236NYL-BLK,,,"WFS1018RMA-DOV, WFS2010CNV-BLK, WFS2010CNV-ATM",,,1,5054916951289,Hunter,Hunter,Talla,37,,1,
20445,variation,WFS2236NYL-MRF37,,Botas Commando Explorer Aislantes Para Mujer Berry - 37,1,0,visible,,,,,taxable,parent,0,0,,0,0,,,,,0,,119994,199990,,,,,,,WFS2236NYL-MRF,,,"WFS1018RMA-BLK, WFS2010CNV-BLK, WFS2236NYL-BLK",,,1,5054916951357,Hunter,Hunter,Talla,37,,1,
20453,variation,WRO1400WAP-HUB-S,,Chaqueta de lluvia para mujer Negra - S,1,0,visible,,,,,taxable,parent,1,3,,0,0,,,,,0,,178492,209990,,,,,,,WRO1400WAP-HUB,,,"WRO1345WAP-DOV, WRO1323RSF-NVY",,,1,5054916995108,Hunter,Hunter,Talla,S,,1,
20460,variation,WRO1400WAP-DOV-L,,Chaqueta de lluvia para mujer Verde Oliva - L,1,0,visible,,,,,taxable,parent,0,0,,0,0,,,,,0,,178492,209990,,,,,,,WRO1400WAP-DOV,,,"WRO1323RSF-BLK, WRO1323RSF-NVY",,,1,5054916995245,Hunter,Hunter,Talla,L,,1,
20462,variation,WRO1400WAP-FRD-XS,,Chaqueta de lluvia para mujer Rojo - XS,1,0,visible,,,,,taxable,parent,1,1,,0,0,,,,,0,,178492,209990,,,,,,,WRO1400WAP-FRD,,,"WRO1258WAP-NVY, WRO1258WAP-DOV",,,1,5054916995443,Hunter,Hunter,Talla,XS,,1,
20468,variation,WRO1404VYL-DOB-S,,Chaqueta Play Impermeable de Vinilo para Mujer Verde Oscuro - S,1,0,visible,,,,,taxable,parent,1,3,,0,0,,,,,0,,178492,209990,,,,,,,WRO1404VYL-DOB,,,"WRO1400WAP-HUB, WRO1400WAP-DOV",,,1,5054916996426,Hunter,Hunter,Talla,S,,1,
20475,variation,MRO1401WAP-HUB-L,,Chaqueta de lluvia para hombre Negra - L,1,0,visible,,,,,taxable,parent,1,1,,0,0,,,,,0,,178492,209990,,,,,,,MRO1401WAP-HUB,,,"MRO4245WAP-BLK, MRO4245WAP-DOV",,,1,5054916995542,Hunter,Hunter,Talla,L,,1,
20480,variation,MRO1401WAP-DOV-M,,Chaqueta de lluvia para hombre Verde Oscuro - M,1,0,visible,,,,,taxable,parent,1,1,,0,0,,,,,0,,178492,209990,,,,,,,MRO1401WAP-DOV,,,"MRO4245WAP-BLK, MRO4245WAP-DOV",,,1,5054916995658,Hunter,Hunter,Talla,M,,1,
20508,variation,UFF1102EVA-BLK44,,Zueco In & Out Espuma de Alga Negro - 44,1,0,visible,,,,,taxable,parent,1,12,,0,0,,,,,0,,29994,49990,,,,,,,UFF1102EVA-BLK,,,,,,1,5052956015794,Hunter,Hunter,Talla,44,,1,
20673,variation,MFS2335LNR-BLK45,,Botas Commando de Piel Con Cordones Urban Explorer Para Hombre - 45/46,1,0,visible,,,,,taxable,parent,1,12,,0,0,,,,,0,,137994,229990,,,,,,,MFS2335LNR-BLK,,,"MFS9000CNV-ATM, MFT9000RMA-DOV, MRO4245WAP-BLK",,,1,,Hunter,Hunter,Talla,45/46,,1,
20913,variation,MFF9100REN-BLK-39,,Zapatillas Deportivas Travel - Hombre Black - 39,1,0,visible,,,,,taxable,parent,1,12,,0,0,,,,,0,,,119990,,,,,,,MFF9100REN-BLK,,,"UBB1204KBM-BID, UBP1152KBM-MLR",,,2,5052956048877,Hunter,,size,39,,1,
20923,variation,MFF9100REN-ZSB-40,,Zapatillas Deportivas Travel - Hombre Zesty Yellow - 40/41,1,0,visible,,,,,taxable,parent,1,2,,0,0,,,,,0,,,119990,,,,,,,MFF9100REN-ZSB,,,"UBB1204KBM-BID, UBP1152KBM-MLR",,,2,5052956058326,Hunter,,size,40/41,,1,
20976,variation,WFF1100REN-BLK-37,5052956048570,Zapatillas Deportivas Travel - Mujer - Black - 37,1,0,visible,,,,,taxable,parent,1,20,,0,0,,,,,0,,,119990,,,,,,,WFF1100REN-BLK,,,"PK13PH, UBP1152KBM-DOV",,,2,5052956048570,Hunter,,Talla,37,,1,
20983,variation,WFF1100REN-SSH-37,,"Zapatillas Deportivas Travel - Mujer White, Green & Coral - 37",1,0,visible,,,,,taxable,parent,0,0,,0,0,,,,,0,,,119990,,,,,,,WFF1100REN-SSH,,,"PK13PH, UBP7012KBM-BLK",,,2,5052956057992,Hunter,,Talla,37,,1,
20990,variation,WFF1100REN-SSA-37,,Zapatillas Deportivas Travel - Mujer Shaded White - 37,1,0,visible,,,,,taxable,parent,1,9,,0,0,,,,,0,,,119990,,,,,,,WFF1100REN-SSA,,,"PK13PH, UBB1210KBM-MLR",,,2,5052956040932,Hunter,,Talla,37,,1,
21005,variation,WFF1100REN-RCG-36,,Zapatillas Deportivas Travel - Mujer Red Tang - 36,1,0,visible,,,,,taxable,parent,1,3,,0,0,,,,,0,,,119990,,,,,,,WFF1100REN-RCG,,,"PK13PH, UBP7012KBM-HRE",,,2,5052956057848,Hunter,,Talla,36,,1,
21014,variation,WFF1100REN-BSH-37,,Zapatillas Deportivas Travel - Mujer Black Shaded White - 37,1,0,visible,,,,,taxable,parent,1,40,,0,0,,,,,0,,,119990,,,,,,,WFF1100REN-BSH,,,"PK13PH, UBP1152KBM-DOV",,,2,5052956040864,Hunter,,Talla,37,,1,
21204,variation,WFS2336REN-BLK-37,,Botas Commando Travel Explorer Black - Mujer - 37,1,0,visible,,,,,taxable,parent,0,0,,0,0,,,,,0,,119994,199990,,,,,,,WFS2336REN-BLK,,,"WFS1018RMA-BLK, WFS2010CNV-BLK, WFS2010CNV-ATM",,,1,5052956048648,Hunter,Hunter,Talla,37,,1,
21211,variation,WFS2336REN-SED-37,,Botas Commando Travel Explorer White - Mujer - 37,1,0,visible,,,,,taxable,parent,0,0,,0,0,,,,,0,,119994,199990,,,,,,,WFS2336REN-SED,,,,,,1,5052956040727,Hunter,Hunter,Talla,37,,1,
21225,variation,WFT2235RMA-BLK-37,,Botas Play Alta Aislante Con Forro De Shearling Black Para Mujer - 37,1,0,visible,,,,2026-07-19 23:59:59,taxable,parent,0,0,,0,0,,,,,0,,83994,139990,,,,,,,WFT2235RMA-BLK,,,"WFS2020RMA-BBO, WFS2020RMA-BLK, WFS2020RMA-LRD",,,1,5054916957212,Hunter,Hunter,Talla,37,,1,
21236,variation,WFT2235RMA-WHW-37,,Botas Play Altas Aislante Con Forro - Shearling White - Mujer - 37,1,0,visible,,,,,taxable,parent,1,28,,0,0,,,,,0,,83994,139990,,,,,,,WFT2235RMA-WHW,,,"WFS2020RMA-BBO, WFS2020RMA-BLK, WFS2020RMA-LRD",,,1,5054916957427,Hunter,Hunter,Talla,37,,1,
21251,variation,WRO1434RPD-HUB-S,,Chaqueta Acolchada De Nylon Reciclado Explorer Para Mujer - S,1,0,visible,,,,,taxable,parent,1,2,,0,0,,,,,0,,127492,149990,,,,,,,WRO1434RPD-HUB,,,"WRO1227SBC-DOV, WRO1400WAP-HUB",,,1,,Hunter,Hunter,size,S,,1,
21260,variation,WRO1435RPD-HUB-M,,Chaqueta Acolchada Explorer De Nylon Reciclado Para Mujer - M,1,0,visible,,,,,taxable,parent,0,0,,0,0,,,,,0,,148742,174990,,,,,,,WRO1435RPD-HUB,,,"WRO1400WAP-FRD, WRO1258WAP-DOV",,,1,,Hunter,Hunter,size,M,,1,
21841,variation,WFS1018RGL-BLK37,,Botas Chelsea Commando Negras Brillantes Para Mujer - 37,1,0,visible,,,,,taxable,parent,1,13,,0,0,,,,,0,,89994,149990,,,,,,,WFS1018RGL-BLK,,,"WFS2006RMA-BLK, WFS1043RMA-MLR, WFS1043RMA-SUG",,,1,5054916921497,Hunter,Hunter,size,37,,1,
21852,variation,WFS1018RMA-CAS37,,Botas Chelsea Commando Para Mujer Gris Pálido - 37,1,0,visible,,,,,taxable,parent,1,4,,0,0,,,,,0,,89994,149990,,,,,,,WFS1018RMA-CAS,,,"WFS1018RMA-BLK, WFS2006RMA-BLK",,,1,5054916901406,Hunter,Hunter,size,37,,1,
21878,variation,WFS2240NRE-BWI37,,Bota Enrollable - Sherpa Vegano - Mujeres - Negro con Blanco - 37,1,0,visible,,,,,taxable,parent,0,0,,0,0,,,,,0,,92994,154990,,,,,,,WFS2240NRE-BWI,,,"WFT2041RMA-BLK, WFT2052NRE-NVY",,,1,5054916964111,Hunter,Hunter,size,37,,1,
21888,variation,WFT2007RMA-APL37,,Botas De Agua Play Altas Para Mujer Rosadas - 37,1,0,visible,,,,,taxable,parent,0,0,,0,0,,,,,0,,65994,109990,,,,,,,WFT2007RMA-APL,,,"WFS2020RMA-BBO, WFS2020RMA-BLK, WFS2020RMA-LRD, UAS3036AAB-HWT, UZF3003LSK-NTR",,,1,5054916889025,Hunter,Hunter,size,37,,1,
21895,variation,WFS2020RMA-APL38,,Botas De Agua Play Cortas Para Mujer Rosada - 38,1,0,visible,,,,,taxable,parent,0,0,,0,0,,,,,0,,59994,99990,,,,,,,WFS2020RMA-APL,,,"WFS2020RMA-BBO, WFS2020RMA-BLK, WFS2020RMA-LRD",,,1,5054916887915,Hunter,Hunter,size,38,,1,
24323,variation,UFF1102EVA-PER44,,Zueco In & Out Espuma de Alga Rosado - 44,1,0,visible,,,,,taxable,parent,1,12,,0,0,,,,,0,,29994,49990,,,,,,,UFF1102EVA-PER,,,,,,1,5052956016098,Hunter,Hunter,Talla,44,,1,
24449,variation,WFK2000PTP-BLK37,,Zapatilla Travel Trainer Black Mujer - 37,1,0,visible,,,,,taxable,parent,1,37,,0,0,,,,,0,,,,,,,,,,WFK2000PTP-BLK,,,,,,2,5059997102216,Hunter,Hunter,size,37,,1,
24462,variation,MFK1000PTP-BLK40,,Zapatilla Travel Trainer Black Hombre - 40/41,1,0,visible,,,,,taxable,parent,1,6,,0,0,,,,,0,,,119990,,,,,,,MFK1000PTP-BLK,,,"UBB1210KBM-DOV, MFF9100REN-ZSB",,,2,5059997100618,Hunter,Hunter,size,40/41,,1,
24470,variation,MFF9100REN-SED40,,Zapatillas Deportivas Travel - Hombre Shaded White - 40/41,1,0,visible,,,,,taxable,parent,1,23,,0,0,,,,,0,,,119990,,,,,,,MFF9100REN-SED,,,,,,2,5052956048747,Hunter,,size,40/41,,1,
24814,variation,MFF9100REN-LTB-40,,Zapatillas Deportivas Travel - Hombre Verde Musgo - 40/41,1,0,visible,,,,,taxable,parent,1,2,,0,0,,,,,0,,,119990,,,,,,,MFF9100REN-LTB,,,,,,2,5052956048815,Hunter,,size,40/41,,1,
24827,variation,WFF1100REN-VPY-37,5059997082426,Zapatillas Deportivas Travel - Mujer - Red - 37,1,0,visible,,,,,taxable,parent,1,22,,0,0,,,,,0,,,119990,,,,,,,WFF1100REN-VPY,,,,,,2,5059997082426,Hunter,,size,37,,1,
18528,variation,WFS1000RGL-BLK38,,Botas De Agua Bajas Y Brillantes Original Para Mujer Negro - 38,1,0,visible,,,,,taxable,parent,0,0,,0,0,1.9,20,,10,0,,72594,120990,,,,,,,WFS1000RGL-BLK,,,,,,1,5013441352787,Hunter,Hunter,Talla,38,,1,
18540,variation,WFS1000RMA-DOV38,,Botas De Agua Bajas Original Para Mujer Verde Oliva - 38,1,0,visible,,,,,taxable,parent,0,0,,0,0,1.9,20,,10,0,,72594,120990,,,,,,,WFS1000RMA-DOV,,,"UAH3031WXA-GZB, UBP1152KBM-DOV",,,1,5013441406480,Hunter,Hunter,Talla,38,,1,
18558,variation,WFS2020RMA-BLK38,,Botas De Agua Bajas Play Mujer Negro - 38,1,0,visible,,,,,taxable,parent,0,0,,0,0,1.5,32,,12,0,,59994,99990,,,,,,,WFS2020RMA-BLK,,,,,,1,5054916381161,Hunter,Hunter,Talla,38,,1,
18564,variation,WFS2020RMA-LRD38,,Botas de Agua Bajas Play para Mujer Rojo - 38,1,0,visible,,,,,taxable,parent,1,10,,0,0,1.5,32,,12,0,,65994,109990,,,,,,,WFS2020RMA-LRD,,,,,,1,5054916560504,Hunter,Hunter,Talla,38,,1,
18570,variation,WFS2048RMA-BLK38,,Botas De Agua Aislantes Bajas Original Para Mujer BLK - 38,1,0,visible,,,,,taxable,parent,0,0,,0,0,1.5,32,,12,0,,83994,139990,,,,,,,WFS2048RMA-BLK,,,"UAH3031WXA-GZB, UBB6017ACD-BTB",,,1,5054916540063,Hunter,Hunter,Talla,38,,1,
18582,variation,WFT1000RGL-BLK38,,Botas Altas Y Brillantes Original Para Mujer Negro - 38,1,0,visible,,,,2026-07-19 23:59:59,taxable,parent,0,0,,0,0,2,35,,12,0,,101994,169990,,,,,,,WFT1000RGL-BLK,,,"UAH3031WXA-GZB, UAS3036AAB-BLK",,,1,5013441353258,Hunter,Hunter,Talla,38,,1,
18596,variation,WFT1000RGL-DOV38,,Botas Altas Y Brillantes Original Para Mujer Verde Oliva - 38,1,0,visible,,,,,taxable,parent,0,0,,0,0,2,32,,11,0,,77994,129990,,,,,,,WFT1000RGL-DOV,,,,,,1,5054916098472,Hunter,Hunter,Talla,38,,1,
18609,variation,WFT1000RGL-MLR39,,Botas Altas Y Brillantes Original Para Mujer Rojo Militar - 39,1,0,visible,,,,2026-07-19 23:59:59,taxable,parent,0,0,,0,0,2,32,,11,0,,101994,169990,,,,,,,WFT1000RGL-MLR,,,"UZC3011XXX-CLR, UBB1210KBM-DOV, UZF3003LSK-NTR",,,1,5013441413204,Hunter,Hunter,Talla,39,,1,
18614,variation,WFT1000RMA-DOV38,,Botas De Agua Altas Original Para Mujer Verde Oliva - 38,1,0,visible,,,,,taxable,parent,0,0,,0,0,2,35,,12,0,,77994,129990,,,,,,,WFT1000RMA-DOV,,,,,,1,5013441352954,Hunter,Hunter,Talla,38,,1,
18625,variation,WFT1000RMA-HGR37,,Botas De Agua Altas Original Para Mujer Verde - 37,1,0,visible,,,,,taxable,parent,0,0,,0,0,2,35,,12,0,,101994,169990,,,,,,,WFT1000RMA-HGR,,,"UAS3036AAB-HWT, UZF3003LSK-NTR",,,1,5013441579009,Hunter,Hunter,Talla,37,,1,
18638,variation,JFT6000RMA-RBP33,,Botas De Agua Original Para Niños Rosado Brillante - 33,1,0,visible,,,,,taxable,parent,1,11,,0,0,1.7,32,,14,0,,47994,79990,,,,,,,JFT6000RMA-RBP,,,,,,1,5054916210966,Hunter,Hunter,Talla,33,,1,
18644,variation,JFT6000RMA-DOV33,,Botas De Agua Original Para Niños Verde Oliva - 33,1,0,visible,,,,,taxable,parent,0,0,,0,0,1.7,32,,14,0,,47994,79990,,,,,,,JFT6000RMA-DOV,,,,,,1,5054916210904,Hunter,Hunter,Talla,33,,1,
18655,variation,JFT6000RMA-BLK33,,Botas De Agua Original Para Niños - 33,1,0,visible,,,,,taxable,parent,1,2,,0,0,1.7,32,,14,0,,47994,79990,,,,,,,JFT6000RMA-BLK,,,,,,1,5013441355696,Hunter,Hunter,Talla,33,,1,
18660,variation,MFS9014RMA-SGE40/41,,Zapato de Agua para Hombre - 40/41,1,0,visible,,"Condicion del producto: Nuevo\n\n\n\n\n\n\n\nGenero: Hombre\n\n\n\n\n\n\n\nHecho en: China\n\n\n\n\n\n\n\nMaterial calzado: Sintético\n\n\n\n\n\n\n\nMaterial de la suela: Goma\n\n\n\n\n\n\n\nPais: Chile\n\n\n\n\n\n\n\nTemporada: Otoño-Invierno\n\n\n\n\n\n\n\nTipo calzado de hombre: Botines",,,taxable,parent,0,0,,0,0,1.3,32,,14,0,,86994,144990,,,,,,,MFS9014RMA-SGE,,,,,,1,5054916132817,Hunter,Hunter,Talla,40/41,,1,
18667,variation,MFS9014RMA-BLK40/41,,Zapato de Agua para Hombre Negro - 40/41,1,0,visible,,,,,taxable,parent,0,0,,0,0,1.3,32,,14,0,,86994,144990,,,,,,,MFS9014RMA-BLK,,,,,,1,5054916132749,Hunter,Hunter,Talla,40/41,,1,
18676,variation,WFT1000RMA-MLR38,,Botas de Agua Altas para Mujer Rojo Militar - 38,1,0,visible,,,,,taxable,parent,0,0,,0,0,2,35,,12,0,,101994,169990,,,,,,,WFT1000RMA-MLR,,,"UAH3031WXA-MRG, UAS3036AAB-GRG",,,1,5013441415871,Hunter,Hunter,Talla,38,,1,
18687,variation,WFT1000RMA-RYL38,,Botas De Agua Altas Original Para Mujer Amarillo - 38,1,0,visible,,,,,taxable,parent,0,0,,0,0,2,35,,12,0,,89994,149990,,,,,,,WFT1000RMA-RYL,,,"UAH3031WXA-MRG, UBB6017ACD-BLK",,,1,5054916097499,Hunter,Hunter,Talla,38,,1,
18692,variation,WFT1000RMA-SIL37,,Botas De Agua Altas Original Para Mujer Plateado - 37,1,0,visible,,,,,taxable,parent,0,0,,0,0,2,35,,12,0,,89994,149990,,,,,,,WFT1000RMA-SIL,,,,,,1,5054916097765,Hunter,Hunter,Talla,37,,1,
19022,variation,MFS9014RMA-LKB40/41,,Zapato de Agua para Hombre LKB - 40/41,1,0,visible,,,,,taxable,parent,0,0,,0,0,1.3,32,,14,0,,86994,144990,,,,,,,MFS9014RMA-LKB,,,,,,1,5054916132671,Hunter,Hunter,Talla,40/41,,1,
19034,variation,JFT6000RMA-FUS36,,Botas De Agua Original Para Niños Fucsia - 36,1,0,visible,,,,,taxable,parent,0,0,,0,0,1.7,32,,14,0,,47994,79990,,,,,,,JFT6000RMA-FUS,,,,,,1,5013441356075,Hunter,Hunter,Talla,36,,1,
19036,variation,JFT6000RMA-NVY33,,Botas De Agua Original Para Niños Azul Marino - 33,1,0,visible,,,,,taxable,parent,1,18,,0,0,1.7,32,,14,0,,47994,79990,,,,,,,JFT6000RMA-NVY,,,,,,1,5013441356594,Hunter,Hunter,Talla,33,,1,
19042,variation,MFT9000RMA-HGR42,,Botas De Agua Altas Original Para Hombre Verde - 42,1,0,visible,,,,,taxable,parent,0,0,,0,0,2,28,,13,0,,89994,149990,,,,,,,MFT9000RMA-HGR,,,,,,1,5013441733036,Hunter,Hunter,Talla,42,,1,
19057,variation,UZF3003LSK-NTR38,,Plantilla Luxury Shearling - 38,1,0,visible,,,,,taxable,parent,0,0,,0,0,0.4,15,,7,0,,,18990,,,,,,,UZF3003LSK-NTR,,,,,,3,5013441390819,Hunter,Hunter,Talla,38,,1,
19072,variation,WFS1000RGL-MLR38,,Botas De Agua Bajas Y Brillantes Original Para Mujer Rojo Militar - 38,1,0,visible,,,,,taxable,parent,0,0,,0,0,1.9,20,,10,0,,72594,120990,,,,,,,WFS1000RGL-MLR,,,"D62SI, UAH3031WXA-MRG",,,1,5013441405070,Hunter,Hunter,Talla,38,,1,
19089,variation,WFS1043RMA-SUG38,,Botas Chelsea Original Para Mujer Verde Suculenta - 38,1,0,visible,,,,,taxable,parent,0,0,,0,0,1.5,26,,11,0,,70194,116990,,,,,,,WFS1043RMA-SUG,,,"UBB6017ACD-DOV, UBP1152KBM-BLK",,,1,5054916117951,Hunter,Hunter,Talla,38,,1,
19106,variation,WFS2020RMA-LIH37,,Botas De Agua Bajas Original Play Para Mujer LIH - 37,1,0,visible,,,,,taxable,parent,0,0,,0,0,1.5,32,,12,0,,44994,74990,,,,,,,WFS2020RMA-LIH,,,,,,1,5054916449922,Hunter,Hunter,Talla,37,,1,
19113,variation,WFS2020RMA-ZNC38,,Botas De Agua Bajas Original Play Para Mujer ZNC - 38,1,0,visible,,,,,taxable,parent,0,0,,0,0,1.5,32,,12,0,,59994,99990,,,,,,,WFS2020RMA-ZNC,,,,,,1,5054916381307,Hunter,Hunter,Talla,38,,1,
19118,variation,WFT1000RGL-NVY36,,Botas Altas Y Brillantes Original Para Mujer Azul Marino - 36,1,0,visible,,,,,taxable,parent,0,0,,0,0,2,35,,12,0,,77994,129990,,,,,,,WFT1000RGL-NVY,,,"UBB6017ACD-BTB, UBP7020KBM-NVY",,,1,5013441413310,Hunter,Hunter,Talla,36,,1,
19119,variation,WFT1000RGL-NVY37,,Botas Altas Y Brillantes Original Para Mujer Azul Marino - 37,1,0,visible,,,,,taxable,parent,0,0,,0,0,2,35,,12,0,,77994,129990,,,,,,,WFT1000RGL-NVY,,,"UBB6017ACD-BTB, UBP7020KBM-NVY",,,1,5013441413327,Hunter,Hunter,Talla,37,,1,
19125,variation,WFT1000RGL-RVI38,,Botas Altas Y Brillantes Original Para Mujer Morada - 38,1,0,visible,,,,,taxable,parent,0,0,,0,0,2,35,,12,0,,77994,129990,,,,,,,WFT1000RGL-RVI,,,,,,1,5054916097918,Hunter,Hunter,Talla,38,,1,
19130,variation,WFT1001RGL-BLK37,,Botas De Agua Altas Y Ajustables Por Detrás Para Mujer Negro - 37,1,0,visible,,,,,taxable,parent,1,2,,0,0,2,35,,12,0,,107994,179990,,,,,,,WFT1001RGL-BLK,,,"UZC3011XXX-CLR, UAS3036AAB-GRG, UZF3003LSK-NTR",,,1,5013441419435,Hunter,Hunter,Talla,37,,1,
19138,variation,WFT1001RMA-BLK39,,Botas De Agua Altas Y Ajustables Por Detrás Original Para Mujer Negro - 39,1,0,visible,,,,,taxable,parent,0,0,,0,0,2,32,,11,0,,107994,179990,,,,,,,WFT1001RMA-BLK,,,"UAS3036AAB-HWT, AC1SI, UAH3031WXA-GZB, UZF3003LSK-NTR",,,1,5013441579092,Hunter,Hunter,Talla,39,,1,
19148,variation,WFT1071RMA-BLK38,,Botas Original Refined Para Mujer Negro - 38,1,0,visible,,,,,taxable,parent,0,0,,0,0,2,35,,12,0,,101994,169990,,,,,,,WFT1071RMA-BLK,,,"D62SI, UAH3031WXA-GZB",,,1,5054916020268,Hunter,Hunter,Talla,38,,1,
19154,variation,WFT2007EXL-OEX38,,Botas Altas Original Play Con Logotipo Ampliado Para Mujer - 38,1,0,visible,,,,,taxable,parent,0,0,,0,0,2,32,,13,0,,65400,109000,,,,,,,WFT2007EXL-OEX,,,,,,1,5054916630092,Hunter,Hunter,Talla,38,,1,
19160,variation,WFT2007RMA-BLK38,,Botas De Agua Altas Original Play Para Mujer BLK - 38,1,0,visible,,,,,taxable,parent,0,0,,0,0,2,32,,13,0,,65994,109990,,,,,,,WFT2007RMA-BLK,,,,,,1,5054916380607,Hunter,Hunter,Talla,38,,1,
19166,variation,WFT2007RMA-LIH38,,Botas De Agua Altas Original Play Para Mujer LIH - 38,1,0,visible,,,,,taxable,parent,0,0,,0,0,2,32,,13,0,,53994,89990,,,,,,,WFT2007RMA-LIH,,,,,,1,5054916450218,Hunter,Hunter,Talla,38,,1,
19172,variation,WFT2007RMA-LRD38,,Botas De Agua Altas Original Play Para Mujer LRD - 38,1,0,visible,,,,,taxable,parent,0,0,,0,0,2,32,,13,0,,65994,109990,,,,,,,WFT2007RMA-LRD,,,,,,1,5054916633925,Hunter,Hunter,Talla,38,,1,
19179,variation,WFT2007RMA-ZNC39,,Botas De Agua Altas Original Play Para Mujer ZNC - 39,1,0,visible,,,,,taxable,parent,0,0,,0,0,2,32,,13,0,,65994,109990,,,,,,,WFT2007RMA-ZNC,,,,,,1,5054916380751,Hunter,Hunter,Talla,39,,1,
19183,variation,WFT2041RMA-BLK37,,Botas Altas Aislantes Original Para Mujer BLK - 37,1,0,visible,,,,,taxable,parent,0,0,,0,0,2,32,,13,0,,107994,179990,,,,,,,WFT2041RMA-BLK,,,"UAH3031WXA-GZB, UBP1152KBM-MLR",,,1,5054916540261,Hunter,Hunter,Talla,37,,1,
19189,variation,WFT2052NRE-BLK37,,Botas Estilo Sherpa Con Parte Superior Enrollable Para Mujer Negro - 37,1,0,visible,,,,,taxable,parent,0,0,,0,0,2,32,,13,0,,86994,144990,,,,,,,WFT2052NRE-BLK,,,"UAH3031WXA-MRG, UBB6017ACD-MLR",,,1,5054916540681,Hunter,Hunter,Talla,37,,1,
19201,variation,WFT2078RMA-BHE37,,Botas Altas Calendar Original Para Mujer - 37,1,0,visible,,,,,taxable,parent,0,0,,0,0,2,32,,13,0,,92994,154990,,,,,,,WFT2078RMA-BHE,,,"UAH3031WXA-MRG, UBP7020KBM-NVY",,,1,5054916633772,Hunter,Hunter,Talla,37,,1,
19353,variation,MFT9000RMA-BLK42,,Botas De Agua Altas Original Para Hombre Negra - 42,1,0,visible,,,,,taxable,parent,0,0,,0,0,2,28,,13,0,,95994,159990,,,,,,,MFT9000RMA-BLK,,,"UAS3036AAB-HWT, UZC3011XXX-CLR, UAS3036AAB-BLK",,,1,5013441371030,Hunter,Hunter,Talla,42,,1,
19361,variation,MFT9000RMA-DOV44,,Botas De Agua Altas Original Para Hombre Verde Oliva - 44,1,0,visible,,,,,taxable,parent,1,21,,0,0,2,28,,13,0,,95994,159990,,,,,,,MFT9000RMA-DOV,,,,,,1,5013441371191,Hunter,Hunter,Talla,44,,1,
19366,variation,WFT1000RMA-BLK38,,Botas De Agua Altas Original Para Mujer - 38,1,0,visible,,,,,taxable,parent,0,0,,0,0,2,35,,12,0,,101994,169990,,,,,,,WFT1000RMA-BLK,,,"UAS3036AAB-GZB, UAS3036AAB-BLK, UAS3036AAB-GRG",,,1,5013441352855,Hunter,Hunter,Talla,38,,1,
19499,variation,WFS1051RMA-BLK38,,BOTA ANKLE BLACK - 38,1,0,visible,,,,,taxable,parent,0,0,,0,0,,,,,0,,80994,134990,,,,,,,WFS1051RMA-BLK,,,"W14SI, UBB6017ACD-MLR",,,1,,Hunter,Hunter,Talla,38,,1,
19520,variation,WFS2020RMA-BBO38,,Botas De Agua Bajas Original Play Para Mujer Celeste - 38,1,0,visible,,,,,taxable,parent,1,2,,0,0,,,,,0,,65994,109990,,,,,,,WFS2020RMA-BBO,,,"UAH3031WXA-MRG, UBP7020KBM-NVY",,,1,5054916618793,Hunter,Hunter,Talla,38,,1,
19630,variation,WRO1345WAP-BLKM,,Chaqueta Impermeable Mujer Black - M,1,0,visible,,,,,taxable,parent,0,0,,0,0,,,,,0,,157242,184990,,,,,,,WRO1345WAP-BLK,,,,,,1,5054916717670,Hunter,Hunter,Talla,M,,1,
19636,variation,WRO1345WAP-DOVM,,Chaqueta Impermeable Mujer Olive Green - M,1,0,visible,,,,,taxable,parent,0,0,,0,0,,,,,0,,157242,184990,,,,,,,WRO1345WAP-DOV,,,,,,1,5054916717793,Hunter,Hunter,Talla,M,,1,
19639,variation,MRO4245WAP-BLKM,,Chaqueta Impermeable Hombre Black - L,1,0,visible,,,,,taxable,parent,0,0,,0,0,,,,,0,,157242,184990,,,,,,,MRO4245WAP-BLK,,,,,,1,5054916718103,Hunter,Hunter,Talla,L,,1,
19642,variation,MRO4245WAP-DOVM,,Chaqueta Impermeable Hombre Olive Green - L,1,0,visible,,,,,taxable,parent,0,0,,0,0,,,,,0,,157242,184990,,,,,,,MRO4245WAP-DOV,,,,,,1,5054916718288,Hunter,Hunter,Talla,L,,1,
19650,variation,WFF1088RMA-DOC38,,Zueco de Jardin para Mujer Verde Oliva - 38,1,0,visible,,,,,taxable,parent,1,24,,0,0,,,,,0,,53994,89990,,,,,,,WFF1088RMA-DOC,,,,,,1,5054916827805,Hunter,Hunter,Talla,38,,1,
19865,variation,WFS2018RMA-DOC38,,Bota Corta de Jardinera - 38,1,0,visible,,,,,taxable,parent,1,31,,0,0,,,,,0,,68994,114990,,,,,,,WFS2018RMA-DOC,,,,,,1,5054916802468,Hunter,Hunter,Talla,38,,1,
19917,variation,WRO1323RSF-BLKS,,Chaqueta plegable ligera reciclada para mujer - S,1,0,visible,,,,,taxable,parent,0,0,,0,0,,,,,0,,106242,124990,,,,,,,WRO1323RSF-BLK,,,,,,1,5054916640275,Hunter,Hunter,Talla,S,,1,
19922,variation,WRO1323RSF-NVYS,,Chaqueta plegable ligera reciclada para mujer - S,1,0,visible,,,,,taxable,parent,0,0,,0,0,,,,,0,,106242,124990,,,,,,,WRO1323RSF-NVY,,,,,,1,5054916640336,Hunter,Hunter,Talla,S,,1,
19993,variation,WFT2200RMA-BLK38,,BOTAS DE AGUA LARGAS PARA MUJER SLIM FIT (ajustadas) - 38,1,0,visible,,,,,taxable,parent,0,0,,0,0,,,,,0,,95994,159990,,,,,,,WFT2200RMA-BLK,,,"UAS3036AAB-HWT, UZF3003LSK-NTR",,,1,5054916809443,Hunter,Hunter,Talla,38,,1,
19998,variation,WFS2200RMA-BLK38,,BOTAS REFINED CORTAS PARA MUJER NEGRO - 38,1,0,visible,,,,,taxable,parent,0,0,,0,0,,,,,0,,89994,149990,,,,,,,WFS2200RMA-BLK,,,,,,1,5054916809306,Hunter,Hunter,Talla,38,,1,
20004,variation,WFS2106WWU-BLK38,,Bota Nieve Negra - 38,1,0,visible,,,,2026-07-19 23:59:59,taxable,parent,0,0,,0,0,,,,,0,,83994,139990,,,,,,,WFS2106WWU-BLK,,,,,,1,5054916732260,Hunter,Hunter,Talla,38,,1,
20166,variation,UAS3036AAB-GRGXL,,Hunter Calcetín Bota 6 Puntadas Beige - XL,1,0,visible,,,,,taxable,parent,1,44,,0,0,0.4,15,,7,0,,23994,39990,,,,,,,UAS3036AAB-GRG,,,,,,1,5013441862408,Hunter,Hunter,size,XL,,1,
20173,variation,WFS2010CNV-BLK38,,Botas Commando Desert Mujer Negras - 38,1,0,visible,,,,,taxable,parent,0,0,,0,0,,,,,0,,83994,139990,,,,,,,WFS2010CNV-BLK,,,,,,1,5054916895552,Hunter,Hunter,Talla,38,,1,
20182,variation,WFS2010CNV-ATM38,,Botas Commando Desert Mujer Verde Musgo - 38,1,0,visible,,,,,taxable,parent,0,0,,0,0,,,,,0,,83994,139990,,,,,,,WFS2010CNV-ATM,,,,,,1,5054916895699,Hunter,Hunter,Talla,38,,1,
20191,variation,MFS9000CNV-ATM42,,Botas Commando Desert Hombre Verde Musgo - 42,1,0,visible,,,,,taxable,parent,1,36,,0,0,,,,,0,,83994,139990,,,,,,,MFS9000CNV-ATM,,,,,,1,5054916895934,Hunter,Hunter,Talla,42,,1,
20205,variation,WFS1018RMA-DOV39,,Bota Commando Chelsea Verde Militar - 39,1,0,visible,,,,,taxable,parent,0,0,,0,0,,,,,0,,86994,144990,,,,,,,WFS1018RMA-DOV,,,,,,1,5054916897303,Hunter,Hunter,Talla,39,,1,
20213,variation,WFS1018RMA-BLK38,,Bota Commando Chelsea Negro - 38,1,0,visible,,,,,taxable,parent,0,0,,0,0,,,,,0,,86994,144990,,,,,,,WFS1018RMA-BLK,,,,,,1,,Hunter,Hunter,Talla,38,,1,
20224,variation,WFS1000RMA-OVL38,,Botas de Agua Bajas para Mujer Hoja de Olivo - 38,1,0,visible,,,,,taxable,parent,0,0,,0,0,,,,,0,,72594,120990,,,,,,,WFS1000RMA-OVL,,,"WAS1017AAC-WHT, WAS1017AAC-WHTL, WAS1017AAC-BLK",,,1,5054916916912,Hunter,Hunter,Talla,38,,1,
20229,variation,MFS9000CNV-BLK42,,Botas Commando Desert Hombre Negras - 42,1,0,visible,,,,,taxable,parent,0,0,,0,0,,,,,0,,83994,139990,,,,,,,MFS9000CNV-BLK,,,,,,1,,Hunter,Hunter,Talla,42,,1,
20240,variation,WFS1013RMA-GSC42,,Botas De Agua Baja y Ajustables Por Detrás Para Mujer Rosado Oscuro - 42,1,0,visible,,,,,taxable,parent,1,12,,0,0,,,,,0,,86994,144990,,,,,,,WFS1013RMA-GSC,,,,,,1,,Hunter,Hunter,Talla,42,,1,
20245,variation,WFT1000RMA-OVL38,,Botas de Agua Altas para Mujer Hoja de Olivo - 38,1,0,visible,,,,2026-07-19 23:59:59,taxable,parent,0,0,,0,0,,,,,0,,101994,169990,,,,,,,WFT1000RMA-OVL,,,"UAS3036AAB-GZB, UAS3036AAB-GRG, UAS3000AAA-HWT, UZF3003LSK-NTR",,,1,5054916916981,Hunter,Hunter,Talla,38,,1,
20255,variation,WFT1000RMA-SWG38,,Botas de Agua Altas para Mujer Verde Sweet Gale - 38,1,0,visible,,,,2026-07-19 23:59:59,taxable,parent,0,0,,0,0,,,,,0,,101994,169990,,,,,,,WFT1000RMA-SWG,,,"UAS3036AAB-BLK, UAS3036AAB-GRG, UZF3003LSK-NTR",,,1,5054916888684,Hunter,Hunter,Talla,38,,1,
20263,variation,WFT1001RMA-GSC38,,Botas De Agua Altas Y Ajustables Por Detrás Para Mujer Glenmore Rosa - 38,1,0,visible,,,,,taxable,parent,0,0,,0,0,,,,,0,,107994,179990,,,,,,,WFT1001RMA-GSC,,,"UAS3036AAB-BLK, UZC4007XXX-CLR, UZF3003LSK-NTR",,,1,5054916888899,Hunter,Hunter,Talla,38,,1,
20275,variation,WFS1000RMA-MLR38,,Botas de Agua Bajas para Mujer Rojo Militar - 38,1,0,visible,,,,,taxable,parent,1,16,,0,0,,,,,0,,80994,134990,,,,,,,WFS1000RMA-MLR,,,"WAS1017AAC-WHT, UZC3011XXX-CLR, UBB1210KBM-BLK",,,1,5013441406848,Hunter,Hunter,Talla,38,,1,
20285,variation,WFT2007RMA-ATM38,,Botas De Agua Altas Original Play Para Mujer Verde Musgo - 38,1,0,visible,,,,2026-07-19 23:59:59,taxable,parent,0,0,,0,0,2,32,,13,0,,65994,109990,,,,,,,WFT2007RMA-ATM,,,"UAS3036AAB-HWT, UZF3003LSK-NTR",,,1,5054916857499,Hunter,Hunter,Talla,38,,1,
20315,variation,WFS1020RMA-ATM38,,Botas de Agua Bajas Play Neopreno Verde Musgo Mujer - 38,1,0,visible,,,,,taxable,parent,0,0,,0,0,,,,,0,,65994,109990,,,,,,,WFS1020RMA-ATM,,,"WFS2048RMA-BLK, UAH3345WXA-BLK",,,1,,Hunter,Hunter,Talla,38,,1,
20326,variation,WFS1020RMA-BLK38,,Botas de Agua Bajas Play Neopreno Black Mujer - 38,1,0,visible,,,,,taxable,parent,0,0,,0,0,,,,,0,,65994,109990,,,,,,,WFS1020RMA-BLK,,,"WFS2006RMA-BLK, UAH3031WXA-MRG, UBB2004KBM-DOV",,,1,,Hunter,Hunter,Talla,38,,1,
20338,variation,WFT2007RMA-KOM38,,Botas De Agua Altas Original Play Para Mujer Kombu - 38,1,0,visible,,,,,taxable,parent,0,0,,0,0,,,,,0,,65994,109990,,,,,,,WFT2007RMA-KOM,,,"UAH3345WXA-BLK, UAS3036AAB-GZB, UBP7012KBM-BLK, UZF3003LSK-NTR",,,1,5054916619141,Hunter,Hunter,Talla,38,,1,
20346,variation,WFT2052NRE-DOV36,,Botas Estilo Sherpa Con Parte Superior Enrollable Para Mujer Verde Oliva - 36,1,0,visible,,,,,taxable,parent,1,32,,0,0,,,,,0,,86994,144990,,,,,,,WFT2052NRE-DOV,,,"UAH3031WXA-GZB, UBB1204KBM-BLK, UAU1004UPM-BLK",,,1,5054916744690,Hunter,Hunter,Talla,36,,1,
20357,variation,JFT6000RMA-HGR33,,Botas De Agua Original Para Niños Verde - 33,1,0,visible,,,,,taxable,parent,1,35,,0,0,1.7,32,,14,0,,47994,79990,,,,,,,JFT6000RMA-HGR,,,"JBB1119KBM-NVY, JBB1119KBM-RBP",,,1,5013441725857,Hunter,Hunter,Talla,33,,1,
20436,variation,WFS2236NYL-BLK38,,Botas Commando Explorer Aislantes Para Mujer Negro - 38,1,0,visible,,,2026-06-12 0:00:00,2026-07-19 23:59:59,taxable,parent,0,0,,0,0,,,,,0,,119994,199990,,,,,,,WFS2236NYL-BLK,,,"WFS1018RMA-DOV, WFS2010CNV-BLK, WFS2010CNV-ATM",,,1,5054916951296,Hunter,Hunter,Talla,38,,1,
20446,variation,WFS2236NYL-MRF38,,Botas Commando Explorer Aislantes Para Mujer Berry - 38,1,0,visible,,,,,taxable,parent,1,11,,0,0,,,,,0,,119994,199990,,,,,,,WFS2236NYL-MRF,,,"WFS1018RMA-BLK, WFS2010CNV-BLK, WFS2236NYL-BLK",,,1,5054916951364,Hunter,Hunter,Talla,38,,1,
20454,variation,WRO1400WAP-HUB-M,,Chaqueta de lluvia para mujer Negra - M,1,0,visible,,,,,taxable,parent,0,0,,0,0,,,,,0,,178492,209990,,,,,,,WRO1400WAP-HUB,,,"WRO1345WAP-DOV, WRO1323RSF-NVY",,,1,5054916995115,Hunter,Hunter,Talla,M,,1,
20457,variation,WRO1400WAP-DOV-XS,,Chaqueta de lluvia para mujer Verde Oliva - XS,1,0,visible,,,,,taxable,parent,1,1,,0,0,,,,,0,,178492,209990,,,,,,,WRO1400WAP-DOV,,,"WRO1323RSF-BLK, WRO1323RSF-NVY",,,1,5054916995269,Hunter,Hunter,Talla,XS,,1,
20463,variation,WRO1400WAP-FRD-S,,Chaqueta de lluvia para mujer Rojo - S,1,0,visible,,,,,taxable,parent,1,3,,0,0,,,,,0,,178492,209990,,,,,,,WRO1400WAP-FRD,,,"WRO1258WAP-NVY, WRO1258WAP-DOV",,,1,5054916995405,Hunter,Hunter,Talla,S,,1,
20469,variation,WRO1404VYL-DOB-M,,Chaqueta Play Impermeable de Vinilo para Mujer Verde Oscuro - M,1,0,visible,,,,,taxable,parent,0,0,,0,0,,,,,0,,178492,209990,,,,,,,WRO1404VYL-DOB,,,"WRO1400WAP-HUB, WRO1400WAP-DOV",,,1,5054916996433,Hunter,Hunter,Talla,M,,1,
20476,variation,MRO1401WAP-HUB-M,,Chaqueta de lluvia para hombre Negra - M,1,0,visible,,,,,taxable,parent,1,2,,0,0,,,,,0,,178492,209990,,,,,,,MRO1401WAP-HUB,,,"MRO4245WAP-BLK, MRO4245WAP-DOV",,,1,5054916995535,Hunter,Hunter,Talla,M,,1,
20481,variation,MRO1401WAP-DOV-L,,Chaqueta de lluvia para hombre Verde Oscuro - L,1,0,visible,,,,,taxable,parent,1,1,,0,0,,,,,0,,178492,209990,,,,,,,MRO1401WAP-DOV,,,"MRO4245WAP-BLK, MRO4245WAP-DOV",,,1,5054916995665,Hunter,Hunter,Talla,L,,1,
20509,variation,UFF1102EVA-BLK45,,Zueco In & Out Espuma de Alga Negro - 45/46,1,0,visible,,,,,taxable,parent,1,12,,0,0,,,,,0,,29994,49990,,,,,,,UFF1102EVA-BLK,,,,,,1,5052956015879,Hunter,Hunter,Talla,45/46,,1,
20668,variation,MFS2335LNR-BLK39,,Botas Commando de Piel Con Cordones Urban Explorer Para Hombre - 39,1,0,visible,,,,,taxable,parent,1,6,,0,0,,,,,0,,137994,229990,,,,,,,MFS2335LNR-BLK,,,"MFS9000CNV-ATM, MFT9000RMA-DOV, MRO4245WAP-BLK",,,1,,Hunter,Hunter,Talla,39,,1,
20915,variation,MFF9100REN-BLK-42,,Zapatillas Deportivas Travel - Hombre Black - 42,1,0,visible,,,,,taxable,parent,1,1,,0,0,,,,,0,,,119990,,,,,,,MFF9100REN-BLK,,,"UBB1204KBM-BID, UBP1152KBM-MLR",,,3,5052956048891,Hunter,,size,42,,1,
20924,variation,MFF9100REN-ZSB-42,,Zapatillas Deportivas Travel - Hombre Zesty Yellow - 42,1,0,visible,,,,,taxable,parent,1,3,,0,0,,,,,0,,,119990,,,,,,,MFF9100REN-ZSB,,,"UBB1204KBM-BID, UBP1152KBM-MLR",,,3,5052956058333,Hunter,,size,42,,1,
20977,variation,WFF1100REN-BLK-38,5052956048587,Zapatillas Deportivas Travel - Mujer - Black - 38,1,0,visible,,,,,taxable,parent,1,32,,0,0,,,,,0,,,119990,,,,,,,WFF1100REN-BLK,,,"PK13PH, UBP1152KBM-DOV",,,3,5052956048587,Hunter,,Talla,38,,1,
20984,variation,WFF1100REN-SSH-38,,"Zapatillas Deportivas Travel - Mujer White, Green & Coral - 38",1,0,visible,,,,,taxable,parent,0,0,,0,0,,,,,0,,,119990,,,,,,,WFF1100REN-SSH,,,"PK13PH, UBP7012KBM-BLK",,,3,5052956058005,Hunter,,Talla,38,,1,
20991,variation,WFF1100REN-SSA-38,,Zapatillas Deportivas Travel - Mujer Shaded White - 38,1,0,visible,,,,,taxable,parent,1,15,,0,0,,,,,0,,,119990,,,,,,,WFF1100REN-SSA,,,"PK13PH, UBB1210KBM-MLR",,,3,5052956040949,Hunter,,Talla,38,,1,
21006,variation,WFF1100REN-RCG-37,,Zapatillas Deportivas Travel - Mujer Red Tang - 37,1,0,visible,,,,,taxable,parent,0,0,,0,0,,,,,0,,,119990,,,,,,,WFF1100REN-RCG,,,"PK13PH, UBP7012KBM-HRE",,,3,5052956057855,Hunter,,Talla,37,,1,
21015,variation,WFF1100REN-BSH-38,,Zapatillas Deportivas Travel - Mujer Black Shaded White - 38,1,0,visible,,,,,taxable,parent,1,64,,0,0,,,,,0,,,119990,,,,,,,WFF1100REN-BSH,,,"PK13PH, UBP1152KBM-DOV",,,3,5052956040871,Hunter,,Talla,38,,1,
21205,variation,WFS2336REN-BLK-38,,Botas Commando Travel Explorer Black - Mujer - 38,1,0,visible,,,,,taxable,parent,0,0,,0,0,,,,,0,,119994,199990,,,,,,,WFS2336REN-BLK,,,"WFS1018RMA-BLK, WFS2010CNV-BLK, WFS2010CNV-ATM",,,1,5052956048655,Hunter,Hunter,Talla,38,,1,
21212,variation,WFS2336REN-SED-38,,Botas Commando Travel Explorer White - Mujer - 38,1,0,visible,,,,,taxable,parent,1,18,,0,0,,,,,0,,119994,199990,,,,,,,WFS2336REN-SED,,,,,,1,5052956040734,Hunter,Hunter,Talla,38,,1,
21226,variation,WFT2235RMA-BLK-38,,Botas Play Alta Aislante Con Forro De Shearling Black Para Mujer - 38,1,0,visible,,,,2026-07-19 23:59:59,taxable,parent,0,0,,0,0,,,,,0,,83994,139990,,,,,,,WFT2235RMA-BLK,,,"WFS2020RMA-BBO, WFS2020RMA-BLK, WFS2020RMA-LRD",,,1,5054916957229,Hunter,Hunter,Talla,38,,1,
21234,variable,WFT2235RMA-WHW,,Botas Play Altas Aislante Con Forro - Shearling White - Mujer,1,0,visible,,"Salta al clima más frío con la nueva bota Alta Aislada Play, que ofrece una silueta dinámica con una suela de plataforma más plana para una máxima comodidad y versatilidad. Fabricadas con caucho natural de la más alta calidad y con una acogedora capa interior de borrego vegano, estas botas están aisladas para soportar temperaturas de hasta -5°C (23°F).\n\n\n\nRecomendamos que todas las botas Hunter sean llevadas con calcetines para proteger las pieles más sensibles del contacto con el caucho.\n\n<div class=""copy trim-stacked-margins has-inner-html product-page-description__features"">\n\n<ul>\n\n 	<li>Vegano certificado</li>\n\n 	<li>Impermeable</li>\n\n 	<li>Hecho a mano</li>\n\n 	<li>Forro de piel sintética de poliéster</li>\n\n 	<li>Lengüeta para facilitar la entrada del pie</li>\n\n 	<li>Plantilla de aislamiento térmico para extra aislamiento</li>\n\n 	<li>Suela más plana para mayor comodidad</li>\n\n 	<li>Puede llevarse a temperaturas de hasta -5°C</li>\n\n</ul>\n\n</div>",2025-09-28 0:00:00,2025-09-28 23:59:59,taxable,,1,163,,0,0,,,,,0,,83994,139990,"Tipo de producto > Botas, Género, Género > Mujer, Tipo de producto","Botas, Bototos, Hunter, Impermeables, Mujer, Negra, Sherpa, Ofertas",,"https://trendseeker.cl/wp-content/uploads/2022/12/TS-PRODUCTO-FOTOS-4.png, https://trendseeker.cl/wp-content/uploads/2023/07/Botas-play-largas-mujer-Hunter-7.png, https://trendseeker.cl/wp-content/uploads/2023/02/WFT2235RMA-WHW-2.png, https://trendseeker.cl/wp-content/uploads/2023/02/WFT2235RMA-WHW-3.png, https://trendseeker.cl/wp-content/uploads/2023/02/WFT2235RMA-WHW-4.png, https://trendseeker.cl/wp-content/uploads/2023/02/WFT2235RMA-WHW-5.png",,,,,,"WFS2020RMA-BBO, WFS2020RMA-BLK, WFS2020RMA-LRD",,,1,,Hunter,Hunter,Talla,"36, 37, 38, 39, 40/41",1,1,
21237,variation,WFT2235RMA-WHW-38,,Botas Play Altas Aislante Con Forro - Shearling White - Mujer - 38,1,0,visible,,,,,taxable,parent,1,54,,0,0,,,,,0,,83994,139990,,,,,,,WFT2235RMA-WHW,,,"WFS2020RMA-BBO, WFS2020RMA-BLK, WFS2020RMA-LRD",,,1,5054916957434,Hunter,Hunter,Talla,38,,1,
21253,variation,WRO1434RPD-HUB-L,,Chaqueta Acolchada De Nylon Reciclado Explorer Para Mujer - L,1,0,visible,,,,,taxable,parent,1,3,,0,0,,,,,0,,127492,149990,,,,,,,WRO1434RPD-HUB,,,"WRO1227SBC-DOV, WRO1400WAP-HUB",,,1,,Hunter,Hunter,size,L,,1,
21261,variation,WRO1435RPD-HUB-L,,Chaqueta Acolchada Explorer De Nylon Reciclado Para Mujer - L,1,0,visible,,,,,taxable,parent,1,6,,0,0,,,,,0,,148742,174990,,,,,,,WRO1435RPD-HUB,,,"WRO1400WAP-FRD, WRO1258WAP-DOV",,,1,,Hunter,Hunter,size,L,,1,
21842,variation,WFS1018RGL-BLK38,,Botas Chelsea Commando Negras Brillantes Para Mujer - 38,1,0,visible,,,,,taxable,parent,1,20,,0,0,,,,,0,,89994,149990,,,,,,,WFS1018RGL-BLK,,,"WFS2006RMA-BLK, WFS1043RMA-MLR, WFS1043RMA-SUG",,,1,5054916921503,Hunter,Hunter,size,38,,1,
21853,variation,WFS1018RMA-CAS38,,Botas Chelsea Commando Para Mujer Gris Pálido - 38,1,0,visible,,,,,taxable,parent,1,7,,0,0,,,,,0,,89994,149990,,,,,,,WFS1018RMA-CAS,,,"WFS1018RMA-BLK, WFS2006RMA-BLK",,,1,5054916901413,Hunter,Hunter,size,38,,1,
21879,variation,WFS2240NRE-BWI38,,Bota Enrollable - Sherpa Vegano - Mujeres - Negro con Blanco - 38,1,0,visible,,,,,taxable,parent,0,0,,0,0,,,,,0,,92994,154990,,,,,,,WFS2240NRE-BWI,,,"WFT2041RMA-BLK, WFT2052NRE-NVY",,,1,5054916964128,Hunter,Hunter,size,38,,1,
21889,variation,WFT2007RMA-APL38,,Botas De Agua Play Altas Para Mujer Rosadas - 38,1,0,visible,,,,,taxable,parent,0,0,,0,0,,,,,0,,65994,109990,,,,,,,WFT2007RMA-APL,,,"WFS2020RMA-BBO, WFS2020RMA-BLK, WFS2020RMA-LRD, UAS3036AAB-HWT, UZF3003LSK-NTR",,,1,5054916889032,Hunter,Hunter,size,38,,1,
21894,variation,WFS2020RMA-APL37,,Botas De Agua Play Cortas Para Mujer Rosada - 37,1,0,visible,,,,,taxable,parent,0,0,,0,0,,,,,0,,59994,99990,,,,,,,WFS2020RMA-APL,,,"WFS2020RMA-BBO, WFS2020RMA-BLK, WFS2020RMA-LRD",,,1,5054916887908,Hunter,Hunter,size,37,,1,
24324,variation,UFF1102EVA-PER45,,Zueco In & Out Espuma de Alga Rosado - 45/46,1,0,visible,,,,,taxable,parent,1,12,,0,0,,,,,0,,29994,49990,,,,,,,UFF1102EVA-PER,,,,,,1,5052956016173,Hunter,Hunter,Talla,45/46,,1,
24450,variation,WFK2000PTP-BLK38,,Zapatilla Travel Trainer Black Mujer - 38,1,0,visible,,,,,taxable,parent,1,49,,0,0,,,,,0,,,,,,,,,,WFK2000PTP-BLK,,,,,,3,5059997102223,Hunter,Hunter,size,38,,1,
24463,variation,MFK1000PTP-BLK42,,Zapatilla Travel Trainer Black Hombre - 42,1,0,visible,,,,,taxable,parent,0,0,,0,0,,,,,0,,,119990,,,,,,,MFK1000PTP-BLK,,,"UBB1210KBM-DOV, MFF9100REN-ZSB",,,3,5059997100649,Hunter,Hunter,size,42,,1,
24471,variation,MFF9100REN-SED42,,Zapatillas Deportivas Travel - Hombre Shaded White - 42,1,0,visible,,,,,taxable,parent,1,37,,0,0,,,,,0,,,119990,,,,,,,MFF9100REN-SED,,,,,,3,5052956048754,Hunter,,size,42,,1,
24815,variation,MFF9100REN-LTB-42,,Zapatillas Deportivas Travel - Hombre Verde Musgo - 42,1,0,visible,,,,,taxable,parent,0,0,,0,0,,,,,0,,,119990,,,,,,,MFF9100REN-LTB,,,,,,3,5052956048822,Hunter,,size,42,,1,
24828,variation,WFF1100REN-VPY-38,5059997082433,Zapatillas Deportivas Travel - Mujer - Red - 38,1,0,visible,,,,,taxable,parent,1,23,,0,0,,,,,0,,,119990,,,,,,,WFF1100REN-VPY,,,,,,3,5059997082433,Hunter,,size,38,,1,
18529,variation,WFS1000RGL-BLK39,,Botas De Agua Bajas Y Brillantes Original Para Mujer Negro - 39,1,0,visible,,,,,taxable,parent,0,0,,0,0,1.9,20,,10,0,,72594,120990,,,,,,,WFS1000RGL-BLK,,,,,,1,5013441352794,Hunter,Hunter,Talla,39,,1,
18541,variation,WFS1000RMA-DOV39,,Botas De Agua Bajas Original Para Mujer Verde Oliva - 39,1,0,visible,,,,,taxable,parent,0,0,,0,0,1.9,20,,10,0,,72594,120990,,,,,,,WFS1000RMA-DOV,,,"UAH3031WXA-GZB, UBP1152KBM-DOV",,,1,5013441406497,Hunter,Hunter,Talla,39,,1,
18559,variation,WFS2020RMA-BLK39,,Botas De Agua Bajas Play Mujer Negro - 39,1,0,visible,,,,,taxable,parent,0,0,,0,0,1.5,32,,12,0,,59994,99990,,,,,,,WFS2020RMA-BLK,,,,,,1,5054916381178,Hunter,Hunter,Talla,39,,1,
18565,variation,WFS2020RMA-LRD39,,Botas de Agua Bajas Play para Mujer Rojo - 39,1,0,visible,,,,,taxable,parent,1,5,,0,0,1.5,32,,12,0,,65994,109990,,,,,,,WFS2020RMA-LRD,,,,,,1,5054916560511,Hunter,Hunter,Talla,39,,1,
18571,variation,WFS2048RMA-BLK39,,Botas De Agua Aislantes Bajas Original Para Mujer BLK - 39,1,0,visible,,,,,taxable,parent,0,0,,0,0,1.5,32,,12,0,,83994,139990,,,,,,,WFS2048RMA-BLK,,,"UAH3031WXA-GZB, UBB6017ACD-BTB",,,1,5054916540070,Hunter,Hunter,Talla,39,,1,
18591,variation,WFT1000RGL-BLK39,,Botas Altas Y Brillantes Original Para Mujer Negro - 39,1,0,visible,,,,2026-07-19 23:59:59,taxable,parent,0,0,,0,0,0,32,,11,0,,101994,169990,,,,,,,WFT1000RGL-BLK,,,"UAH3031WXA-GZB, UAS3036AAB-BLK",,,1,5013441353265,Hunter,Hunter,Talla,39,,1,
18597,variation,WFT1000RGL-DOV39,,Botas Altas Y Brillantes Original Para Mujer Verde Oliva - 39,1,0,visible,,,,,taxable,parent,0,0,,0,0,2,35,,12,0,,77994,129990,,,,,,,WFT1000RGL-DOV,,,,,,1,5054916098489,Hunter,Hunter,Talla,39,,1,
18608,variation,WFT1000RGL-MLR38,,Botas Altas Y Brillantes Original Para Mujer Rojo Militar - 38,1,0,visible,,,,2026-07-19 23:59:59,taxable,parent,0,0,,0,0,2,35,,12,0,,101994,169990,,,,,,,WFT1000RGL-MLR,,,"UZC3011XXX-CLR, UBB1210KBM-DOV, UZF3003LSK-NTR",,,1,5013441413198,Hunter,Hunter,Talla,38,,1,
18615,variation,WFT1000RMA-DOV39,,Botas De Agua Altas Original Para Mujer Verde Oliva - 39,1,0,visible,,,,,taxable,parent,0,0,,0,0,2,32,,11,0,,77994,129990,,,,,,,WFT1000RMA-DOV,,,,,,1,5013441352961,Hunter,Hunter,Talla,39,,1,
18626,variation,WFT1000RMA-HGR38,,Botas De Agua Altas Original Para Mujer Verde - 38,1,0,visible,,,,,taxable,parent,0,0,,0,0,2,35,,12,0,,101994,169990,,,,,,,WFT1000RMA-HGR,,,"UAS3036AAB-HWT, UZF3003LSK-NTR",,,1,5013441579016,Hunter,Hunter,Talla,38,,1,
18639,variation,JFT6000RMA-RBP34/35,,Botas De Agua Original Para Niños Rosado Brillante - 34/35,1,0,visible,,,,,taxable,parent,1,1,,0,0,1.7,32,,14,0,,47994,79990,,,,,,,JFT6000RMA-RBP,,,,,,1,5054916210997,Hunter,Hunter,Talla,34/35,,1,
18645,variation,JFT6000RMA-DOV34/35,,Botas De Agua Original Para Niños Verde Oliva - 34/35,1,0,visible,,,,,taxable,parent,0,0,,0,0,1.7,32,,14,0,,47994,79990,,,,,,,JFT6000RMA-DOV,,,,,,1,5054916210935,Hunter,Hunter,Talla,34/35,,1,
18656,variation,JFT6000RMA-BLK34/35,,Botas De Agua Original Para Niños - 34/35,1,0,visible,,,,,taxable,parent,0,0,,0,0,1.7,32,,14,0,,47994,79990,,,,,,,JFT6000RMA-BLK,,,,,,1,5013441355702,Hunter,Hunter,Talla,34/35,,1,
18661,variation,MFS9014RMA-SGE42,,Zapato de Agua para Hombre - 42,1,0,visible,,"Condicion del producto: Nuevo\n\n\n\n\n\n\n\nGenero: Hombre\n\n\n\n\n\n\n\nHecho en: China\n\n\n\n\n\n\n\nMaterial calzado: Sintético\n\n\n\n\n\n\n\nMaterial de la suela: Goma\n\n\n\n\n\n\n\nPais: Chile\n\n\n\n\n\n\n\nTemporada: Otoño-Invierno\n\n\n\n\n\n\n\nTipo calzado de hombre: Botines",,,taxable,parent,0,0,,0,0,1.3,32,,14,0,,86994,144990,,,,,,,MFS9014RMA-SGE,,,,,,1,5054916132824,Hunter,Hunter,Talla,42,,1,
18668,variation,MFS9014RMA-BLK42,,Zapato de Agua para Hombre Negro - 42,1,0,visible,,,,,taxable,parent,0,0,,0,0,1.3,32,,14,0,,86994,144990,,,,,,,MFS9014RMA-BLK,,,,,,1,5054916132756,Hunter,Hunter,Talla,42,,1,
18677,variation,WFT1000RMA-MLR39,,Botas de Agua Altas para Mujer Rojo Militar - 39,1,0,visible,,,,,taxable,parent,0,0,,0,0,2,32,,11,0,,101994,169990,,,,,,,WFT1000RMA-MLR,,,"UAH3031WXA-MRG, UAS3036AAB-GRG",,,1,5013441415888,Hunter,Hunter,Talla,39,,1,
18688,variation,WFT1000RMA-RYL39,,Botas De Agua Altas Original Para Mujer Amarillo - 39,1,0,visible,,,,,taxable,parent,0,0,,0,0,2,32,,11,0,,89994,149990,,,,,,,WFT1000RMA-RYL,,,"UAH3031WXA-MRG, UBB6017ACD-BLK",,,1,5054916097505,Hunter,Hunter,Talla,39,,1,
18693,variation,WFT1000RMA-SIL38,,Botas De Agua Altas Original Para Mujer Plateado - 38,1,0,visible,,,,,taxable,parent,0,0,,0,0,2,35,,12,0,,89994,149990,,,,,,,WFT1000RMA-SIL,,,,,,1,5054916097772,Hunter,Hunter,Talla,38,,1,
19023,variation,MFS9014RMA-LKB42,,Zapato de Agua para Hombre LKB - 42,1,0,visible,,,,,taxable,parent,0,0,,0,0,1.3,32,,14,0,,86994,144990,,,,,,,MFS9014RMA-LKB,,,,,,1,5054916132688,Hunter,Hunter,Talla,42,,1,
19035,variation,JFT6000RMA-FUS37,,Botas De Agua Original Para Niños Fucsia - 37,1,0,visible,,,,,taxable,parent,0,0,,0,0,1.7,32,,14,0,,47994,79990,,,,,,,JFT6000RMA-FUS,,,,,,1,5013441356082,Hunter,Hunter,Talla,37,,1,
19037,variation,JFT6000RMA-NVY34/35,,Botas De Agua Original Para Niños Azul Marino - 34/35,1,0,visible,,,,,taxable,parent,0,0,,0,0,1.7,32,,14,0,,47994,79990,,,,,,,JFT6000RMA-NVY,,,,,,1,5013441356600,Hunter,Hunter,Talla,34/35,,1,
19043,variation,MFT9000RMA-HGR43,,Botas De Agua Altas Original Para Hombre Verde - 43,1,0,visible,,,,,taxable,parent,0,0,,0,0,2,28,,13,0,,89994,149990,,,,,,,MFT9000RMA-HGR,,,,,,1,5013441733043,Hunter,Hunter,Talla,43,,1,
19055,variation,UZF3003LSK-NTR36,,Plantilla Luxury Shearling - 36,1,0,visible,,,,,taxable,parent,0,0,,0,0,0.4,15,,7,0,,,18990,,,,,,,UZF3003LSK-NTR,,,,,,4,5013441390796,Hunter,Hunter,Talla,36,,1,
19073,variation,WFS1000RGL-MLR39,,Botas De Agua Bajas Y Brillantes Original Para Mujer Rojo Militar - 39,1,0,visible,,,,,taxable,parent,0,0,,0,0,1.9,20,,10,0,,72594,120990,,,,,,,WFS1000RGL-MLR,,,"D62SI, UAH3031WXA-MRG",,,1,5013441405087,Hunter,Hunter,Talla,39,,1,
19090,variation,WFS1043RMA-SUG39,,Botas Chelsea Original Para Mujer Verde Suculenta - 39,1,0,visible,,,,,taxable,parent,0,0,,0,0,1.5,26,,11,0,,70194,116990,,,,,,,WFS1043RMA-SUG,,,"UBB6017ACD-DOV, UBP1152KBM-BLK",,,1,5054916117968,Hunter,Hunter,Talla,39,,1,
19107,variation,WFS2020RMA-LIH38,,Botas De Agua Bajas Original Play Para Mujer LIH - 38,1,0,visible,,,,,taxable,parent,0,0,,0,0,1.5,32,,12,0,,44994,74990,,,,,,,WFS2020RMA-LIH,,,,,,1,5054916449939,Hunter,Hunter,Talla,38,,1,
19114,variation,WFS2020RMA-ZNC39,,Botas De Agua Bajas Original Play Para Mujer ZNC - 39,1,0,visible,,,,,taxable,parent,1,2,,0,0,1.5,32,,12,0,,59994,99990,,,,,,,WFS2020RMA-ZNC,,,,,,1,5054916381314,Hunter,Hunter,Talla,39,,1,
19126,variation,WFT1000RGL-RVI39,,Botas Altas Y Brillantes Original Para Mujer Morada - 39,1,0,visible,,,,,taxable,parent,0,0,,0,0,2,32,,11,0,,77994,129990,,,,,,,WFT1000RGL-RVI,,,,,,1,5054916097925,Hunter,Hunter,Talla,39,,1,
19131,variation,WFT1001RGL-BLK38,,Botas De Agua Altas Y Ajustables Por Detrás Para Mujer Negro - 38,1,0,visible,,,,,taxable,parent,0,0,,0,0,2,35,,12,0,,107994,179990,,,,,,,WFT1001RGL-BLK,,,"UZC3011XXX-CLR, UAS3036AAB-GRG, UZF3003LSK-NTR",,,1,5013441419442,Hunter,Hunter,Talla,38,,1,
19137,variation,WFT1001RMA-BLK38,,Botas De Agua Altas Y Ajustables Por Detrás Original Para Mujer Negro - 38,1,0,visible,,,,,taxable,parent,0,0,,0,0,2,35,,12,0,,107994,179990,,,,,,,WFT1001RMA-BLK,,,"UAS3036AAB-HWT, AC1SI, UAH3031WXA-GZB, UZF3003LSK-NTR",,,1,5013441579085,Hunter,Hunter,Talla,38,,1,
19149,variation,WFT1071RMA-BLK39,,Botas Original Refined Para Mujer Negro - 39,1,0,visible,,,,,taxable,parent,0,0,,0,0,2,32,,11,0,,101994,169990,,,,,,,WFT1071RMA-BLK,,,"D62SI, UAH3031WXA-GZB",,,1,5054916020275,Hunter,Hunter,Talla,39,,1,
19155,variation,WFT2007EXL-OEX39,,Botas Altas Original Play Con Logotipo Ampliado Para Mujer - 39,1,0,visible,,,,,taxable,parent,0,0,,0,0,2,32,,13,0,,65400,109000,,,,,,,WFT2007EXL-OEX,,,,,,1,5054916630108,Hunter,Hunter,Talla,39,,1,
19161,variation,WFT2007RMA-BLK39,,Botas De Agua Altas Original Play Para Mujer BLK - 39,1,0,visible,,,,,taxable,parent,0,0,,0,0,2,32,,13,0,,65994,109990,,,,,,,WFT2007RMA-BLK,,,,,,1,5054916380614,Hunter,Hunter,Talla,39,,1,
19167,variation,WFT2007RMA-LIH39,,Botas De Agua Altas Original Play Para Mujer LIH - 39,1,0,visible,,,,,taxable,parent,0,0,,0,0,2,32,,13,0,,53994,89990,,,,,,,WFT2007RMA-LIH,,,,,,1,5054916450225,Hunter,Hunter,Talla,39,,1,
19173,variation,WFT2007RMA-LRD39,,Botas De Agua Altas Original Play Para Mujer LRD - 39,1,0,visible,,,,,taxable,parent,0,0,,0,0,2,32,,13,0,,65994,109990,,,,,,,WFT2007RMA-LRD,,,,,,1,5054916633932,Hunter,Hunter,Talla,39,,1,
19178,variation,WFT2007RMA-ZNC38,,Botas De Agua Altas Original Play Para Mujer ZNC - 38,1,0,visible,,,,,taxable,parent,0,0,,0,0,2,32,,13,0,,65994,109990,,,,,,,WFT2007RMA-ZNC,,,,,,1,5054916380744,Hunter,Hunter,Talla,38,,1,
19184,variation,WFT2041RMA-BLK38,,Botas Altas Aislantes Original Para Mujer BLK - 38,1,0,visible,,,,,taxable,parent,0,0,,0,0,2,32,,13,0,,107994,179990,,,,,,,WFT2041RMA-BLK,,,"UAH3031WXA-GZB, UBP1152KBM-MLR",,,1,5054916540278,Hunter,Hunter,Talla,38,,1,
19190,variation,WFT2052NRE-BLK38,,Botas Estilo Sherpa Con Parte Superior Enrollable Para Mujer Negro - 38,1,0,visible,,,,,taxable,parent,0,0,,0,0,2,32,,13,0,,86994,144990,,,,,,,WFT2052NRE-BLK,,,"UAH3031WXA-MRG, UBB6017ACD-MLR",,,1,5054916540698,Hunter,Hunter,Talla,38,,1,
19202,variation,WFT2078RMA-BHE38,,Botas Altas Calendar Original Para Mujer - 38,1,0,visible,,,,,taxable,parent,0,0,,0,0,2,32,,13,0,,92994,154990,,,,,,,WFT2078RMA-BHE,,,"UAH3031WXA-MRG, UBP7020KBM-NVY",,,1,5054916633789,Hunter,Hunter,Talla,38,,1,
19354,variation,MFT9000RMA-BLK43,,Botas De Agua Altas Original Para Hombre Negra - 43,1,0,visible,,,,,taxable,parent,0,0,,0,0,2,28,,13,0,,95994,159990,,,,,,,MFT9000RMA-BLK,,,"UAS3036AAB-HWT, UZC3011XXX-CLR, UAS3036AAB-BLK",,,1,5013441371047,Hunter,Hunter,Talla,43,,1,
19360,variation,MFT9000RMA-DOV43,,Botas De Agua Altas Original Para Hombre Verde Oliva - 43,1,0,visible,,,,,taxable,parent,1,23,,0,0,2,28,,13,0,,95994,159990,,,,,,,MFT9000RMA-DOV,,,,,,1,5013441371184,Hunter,Hunter,Talla,43,,1,
19367,variation,WFT1000RMA-BLK39,,Botas De Agua Altas Original Para Mujer - 39,1,0,visible,,,,,taxable,parent,0,0,,0,0,2,32,,11,0,,101994,169990,,,,,,,WFT1000RMA-BLK,,,"UAS3036AAB-GZB, UAS3036AAB-BLK, UAS3036AAB-GRG",,,1,5013441352862,Hunter,Hunter,Talla,39,,1,
19500,variation,WFS1051RMA-BLK39,,BOTA ANKLE BLACK - 39,1,0,visible,,,,,taxable,parent,0,0,,0,0,,,,,0,,80994,134990,,,,,,,WFS1051RMA-BLK,,,"W14SI, UBB6017ACD-MLR",,,1,,Hunter,Hunter,Talla,39,,1,
19521,variation,WFS2020RMA-BBO39,,Botas De Agua Bajas Original Play Para Mujer Celeste - 39,1,0,visible,,,,,taxable,parent,0,0,,0,0,,,,,0,,65994,109990,,,,,,,WFS2020RMA-BBO,,,"UAH3031WXA-MRG, UBP7020KBM-NVY",,,1,5054916618809,Hunter,Hunter,Talla,39,,1,
19631,variation,WRO1345WAP-BLKL,,Chaqueta Impermeable Mujer Black - L,1,0,visible,,,,,taxable,parent,0,0,,0,0,,,,,0,,157242,184990,,,,,,,WRO1345WAP-BLK,,,,,,1,5054916717687,Hunter,Hunter,Talla,L,,1,
19637,variation,WRO1345WAP-DOVL,,Chaqueta Impermeable Mujer Olive Green - L,1,0,visible,,,,,taxable,parent,0,0,,0,0,,,,,0,,157242,184990,,,,,,,WRO1345WAP-DOV,,,,,,1,5054916717809,Hunter,Hunter,Talla,L,,1,
19651,variation,WFF1088RMA-DOC39,,Zueco de Jardin para Mujer Verde Oliva - 39,1,0,visible,,,,,taxable,parent,1,13,,0,0,,,,,0,,53994,89990,,,,,,,WFF1088RMA-DOC,,,,,,1,5054916827812,Hunter,Hunter,Talla,39,,1,
19868,variation,WFS2018RMA-DOC39,,Bota Corta de Jardinera - 39,1,0,visible,,,,,taxable,parent,1,12,,0,0,,,,,0,,68994,114990,,,,,,,WFS2018RMA-DOC,,,,,,1,5054916802475,Hunter,Hunter,Talla,39,,1,
19916,variation,WRO1323RSF-BLKXS,,Chaqueta plegable ligera reciclada para mujer - XS,1,0,visible,,,,,taxable,parent,0,0,,0,0,,,,,0,,106242,124990,,,,,,,WRO1323RSF-BLK,,,,,,1,5054916640312,Hunter,Hunter,Talla,XS,,1,
19921,variation,WRO1323RSF-NVYXS,,Chaqueta plegable ligera reciclada para mujer - XS,1,0,visible,,,,,taxable,parent,1,1,,0,0,,,,,0,,106242,124990,,,,,,,WRO1323RSF-NVY,,,,,,1,5054916640374,Hunter,Hunter,Talla,XS,,1,
19994,variation,WFT2200RMA-BLK39,,BOTAS DE AGUA LARGAS PARA MUJER SLIM FIT (ajustadas) - 39,1,0,visible,,,,,taxable,parent,0,0,,0,0,,,,,0,,95994,159990,,,,,,,WFT2200RMA-BLK,,,"UAS3036AAB-HWT, UZF3003LSK-NTR",,,1,5054916809450,Hunter,Hunter,Talla,39,,1,
19999,variation,WFS2200RMA-BLK39,,BOTAS REFINED CORTAS PARA MUJER NEGRO - 39,1,0,visible,,,,,taxable,parent,0,0,,0,0,,,,,0,,89994,149990,,,,,,,WFS2200RMA-BLK,,,,,,1,5054916809313,Hunter,Hunter,Talla,39,,1,
20005,variation,WFS2106WWU-BLK39,,Bota Nieve Negra - 39,1,0,visible,,,,2026-07-19 23:59:59,taxable,parent,0,0,,0,0,,,,,0,,83994,139990,,,,,,,WFS2106WWU-BLK,,,,,,1,5054916732277,Hunter,Hunter,Talla,39,,1,
20159,variable,WFS1018RMA-BLK,,Bota Commando Chelsea Negro,1,0,visible,,"La bota Commando Chelsea con certificación FSC® se elaboró ​​con caucho natural de bosques auditados de forma independiente según los estándares del Forest Stewardship Council®. Estas botas 100% impermeables están hechas a mano con estrictos estándares para proteger los bosques, así como a los animales y las comunidades que dependen de ellos.\n\nFabricado con caucho natural vegano certificado por FSC®, el Commando Chelsea 100% impermeable es una nueva incorporación a nuestra icónica colección Original. Manteniendo todas las características queridas de la bota Chelsea original, como el refuerzo flexible y el agarre Hunter, esta nueva silueta tiene un perfil más alto, alcanzando 15 mm (0,59"") más arriba de la pierna. Este estilo híbrido de comando Chelsea negro para mujer también presenta un reciclado reciclado Forro y plantilla de poliéster.\n<ul>\n 	<li>vegano certificado</li>\n 	<li>Impermeable</li>\n 	<li>Hecho a mano</li>\n 	<li>Forro y plantilla de poliéster reciclado</li>\n 	<li>Suela exterior de goma moldeada con dibujo original de la banda de rodadura de Hunter</li>\n 	<li>Refuerzos laterales elásticos y lengüeta de nailon para facilitar la entrada del pie</li>\n 	<li>Elaborado a partir de caucho vulcanizado natural procedente de una plantación con certificación FSC®</li>\n</ul>",,,taxable,,1,144,2,0,0,,,,,0,,86994,144990,"Tipo de producto > Botas, Género, Género > Mujer, Tipo de producto","Impermeables, Invierno, Ofertas",,"https://trendseeker.cl/wp-content/uploads/2023/11/WFS1018RMA-BLK-1.jpg, https://trendseeker.cl/wp-content/uploads/2022/11/Botas-chelsea-cortas-mujer-Hunter.png, https://trendseeker.cl/wp-content/uploads/2022/11/WFS1018RMA-BLK-2.jpg, https://trendseeker.cl/wp-content/uploads/2022/11/WFS1018RMA-BLK-3.jpg, https://trendseeker.cl/wp-content/uploads/2022/11/WFS1018RMA-BLK-4.jpg",,,,,,,,,1,50054500,Hunter,Hunter,Talla,"36, 37, 38, 39, 40/41",1,1,
20174,variation,WFS2010CNV-BLK39,,Botas Commando Desert Mujer Negras - 39,1,0,visible,,,,,taxable,parent,0,0,,0,0,,,,,0,,83994,139990,,,,,,,WFS2010CNV-BLK,,,,,,1,5054916895569,Hunter,Hunter,Talla,39,,1,
20181,variation,WFS2010CNV-ATM37,,Botas Commando Desert Mujer Verde Musgo - 37,1,0,visible,,,,,taxable,parent,0,0,,0,0,,,,,0,,83994,139990,,,,,,,WFS2010CNV-ATM,,,,,,1,5054916895682,Hunter,Hunter,Talla,37,,1,
20206,variation,WFS1018RMA-DOV40,,Bota Commando Chelsea Verde Militar - 40/41,1,0,visible,,,,,taxable,parent,0,0,,0,0,,,,,0,,86994,144990,,,,,,,WFS1018RMA-DOV,,,,,,1,5054916897310,Hunter,Hunter,Talla,40/41,,1,
20214,variation,WFS1018RMA-BLK39,,Bota Commando Chelsea Negro - 39,1,0,visible,,,,,taxable,parent,0,0,,0,0,,,,,0,,86994,144990,,,,,,,WFS1018RMA-BLK,,,,,,1,,Hunter,Hunter,Talla,39,,1,
20225,variation,WFS1000RMA-OVL39,,Botas de Agua Bajas para Mujer Hoja de Olivo - 39,1,0,visible,,,,,taxable,parent,0,0,,0,0,,,,,0,,72594,120990,,,,,,,WFS1000RMA-OVL,,,"WAS1017AAC-WHT, WAS1017AAC-WHTL, WAS1017AAC-BLK",,,1,5054916916929,Hunter,Hunter,Talla,39,,1,
20230,variation,MFS9000CNV-BLK43,,Botas Commando Desert Hombre Negras - 43,1,0,visible,,,,,taxable,parent,0,0,,0,0,,,,,0,,83994,139990,,,,,,,MFS9000CNV-BLK,,,,,,1,,Hunter,Hunter,Talla,43,,1,
20237,variation,WFS1013RMA-GSC38,,Botas De Agua Baja y Ajustables Por Detrás Para Mujer Rosado Oscuro - 38,1,0,visible,,,,,taxable,parent,0,0,,0,0,,,,,0,,86994,144990,,,,,,,WFS1013RMA-GSC,,,,,,1,5054916887700,Hunter,Hunter,Talla,38,,1,
20246,variation,WFT1000RMA-OVL39,,Botas de Agua Altas para Mujer Hoja de Olivo - 39,1,0,visible,,,,2026-07-19 23:59:59,taxable,parent,0,0,,0,0,,,,,0,,101994,169990,,,,,,,WFT1000RMA-OVL,,,"UAS3036AAB-GZB, UAS3036AAB-GRG, UAS3000AAA-HWT, UZF3003LSK-NTR",,,1,5054916916998,Hunter,Hunter,Talla,39,,1,
20256,variation,WFT1000RMA-SWG39,,Botas de Agua Altas para Mujer Verde Sweet Gale - 39,1,0,visible,,,,2026-07-19 23:59:59,taxable,parent,0,0,,0,0,,,,,0,,101994,169990,,,,,,,WFT1000RMA-SWG,,,"UAS3036AAB-BLK, UAS3036AAB-GRG, UZF3003LSK-NTR",,,1,5054916888691,Hunter,Hunter,Talla,39,,1,
20264,variation,WFT1001RMA-GSC39,,Botas De Agua Altas Y Ajustables Por Detrás Para Mujer Glenmore Rosa - 39,1,0,visible,,,,2026-07-19 23:59:59,taxable,parent,0,0,,0,0,,,,,0,,107994,179990,,,,,,,WFT1001RMA-GSC,,,"UAS3036AAB-BLK, UZC4007XXX-CLR, UZF3003LSK-NTR",,,1,5054916888905,Hunter,Hunter,Talla,39,,1,
20276,variation,WFS1000RMA-MLR39,,Botas de Agua Bajas para Mujer Rojo Militar - 39,1,0,visible,,,,,taxable,parent,0,0,,0,0,,,,,0,,80994,134990,,,,,,,WFS1000RMA-MLR,,,"WAS1017AAC-WHT, UZC3011XXX-CLR, UBB1210KBM-BLK",,,1,5013441406855,Hunter,Hunter,Talla,39,,1,
20286,variation,WFT2007RMA-ATM39,,Botas De Agua Altas Original Play Para Mujer Verde Musgo - 39,1,0,visible,,,,2026-07-19 23:59:59,taxable,parent,0,0,,0,0,2,32,,13,0,,65994,109990,,,,,,,WFT2007RMA-ATM,,,"UAS3036AAB-HWT, UZF3003LSK-NTR",,,1,5054916857505,Hunter,Hunter,Talla,39,,1,
20316,variation,WFS1020RMA-ATM39,,Botas de Agua Bajas Play Neopreno Verde Musgo Mujer - 39,1,0,visible,,,,,taxable,parent,0,0,,0,0,,,,,0,,65994,109990,,,,,,,WFS1020RMA-ATM,,,"WFS2048RMA-BLK, UAH3345WXA-BLK",,,1,,Hunter,Hunter,Talla,39,,1,
20327,variation,WFS1020RMA-BLK39,,Botas de Agua Bajas Play Neopreno Black Mujer - 39,1,0,visible,,,,,taxable,parent,0,0,,0,0,,,,,0,,65994,109990,,,,,,,WFS1020RMA-BLK,,,"WFS2006RMA-BLK, UAH3031WXA-MRG, UBB2004KBM-DOV",,,1,,Hunter,Hunter,Talla,39,,1,
20339,variation,WFT2007RMA-KOM39,,Botas De Agua Altas Original Play Para Mujer Kombu - 39,1,0,visible,,,,,taxable,parent,0,0,,0,0,,,,,0,,65994,109990,,,,,,,WFT2007RMA-KOM,,,"UAH3345WXA-BLK, UAS3036AAB-GZB, UBP7012KBM-BLK, UZF3003LSK-NTR",,,1,5054916619158,Hunter,Hunter,Talla,39,,1,
20348,variation,WFT2052NRE-DOV38,,Botas Estilo Sherpa Con Parte Superior Enrollable Para Mujer Verde Oliva - 38,1,0,visible,,,,,taxable,parent,1,83,,0,0,,,,,0,,86994,144990,,,,,,,WFT2052NRE-DOV,,,"UAH3031WXA-GZB, UBB1204KBM-BLK, UAU1004UPM-BLK",,,1,5054916744713,Hunter,Hunter,Talla,38,,1,
20358,variation,JFT6000RMA-HGR34,,Botas De Agua Original Para Niños Verde - 34/35,1,0,visible,,,,,taxable,parent,1,28,,0,0,1.7,32,,14,0,,47994,79990,,,,,,,JFT6000RMA-HGR,,,"JBB1119KBM-NVY, JBB1119KBM-RBP",,,1,5013441725864,Hunter,Hunter,Talla,34/35,,1,
20437,variation,WFS2236NYL-BLK39,,Botas Commando Explorer Aislantes Para Mujer Negro - 39,1,0,visible,,,2026-06-12 0:00:00,2026-07-19 23:59:59,taxable,parent,0,0,,0,0,,,,,0,,119994,199990,,,,,,,WFS2236NYL-BLK,,,"WFS1018RMA-DOV, WFS2010CNV-BLK, WFS2010CNV-ATM",,,1,5054916951302,Hunter,Hunter,Talla,39,,1,
20447,variation,WFS2236NYL-MRF39,,Botas Commando Explorer Aislantes Para Mujer Berry - 39,1,0,visible,,,,,taxable,parent,0,0,,0,0,,,,,0,,119994,199990,,,,,,,WFS2236NYL-MRF,,,"WFS1018RMA-BLK, WFS2010CNV-BLK, WFS2236NYL-BLK",,,1,5054916951371,Hunter,Hunter,Talla,39,,1,
20455,variation,WRO1400WAP-HUB-L,,Chaqueta de lluvia para mujer Negra - L,1,0,visible,,,,,taxable,parent,0,0,,0,0,,,,,0,,178492,209990,,,,,,,WRO1400WAP-HUB,,,"WRO1345WAP-DOV, WRO1323RSF-NVY",,,1,5054916995122,Hunter,Hunter,Talla,L,,1,
20459,variation,WRO1400WAP-DOV-M,,Chaqueta de lluvia para mujer Verde Oliva - M,1,0,visible,,,,,taxable,parent,0,0,,0,0,,,,,0,,178492,209990,,,,,,,WRO1400WAP-DOV,,,"WRO1323RSF-BLK, WRO1323RSF-NVY",,,1,5054916995238,Hunter,Hunter,Talla,M,,1,
20465,variation,WRO1400WAP-FRD-L,,Chaqueta de lluvia para mujer Rojo - L,1,0,visible,,,,,taxable,parent,0,0,,0,0,,,,,0,,178492,209990,,,,,,,WRO1400WAP-FRD,,,"WRO1258WAP-NVY, WRO1258WAP-DOV",,,1,5054916995429,Hunter,Hunter,Talla,L,,1,
20470,variation,WRO1404VYL-DOB-L,,Chaqueta Play Impermeable de Vinilo para Mujer Verde Oscuro - L,1,0,visible,,,,,taxable,parent,0,0,,0,0,,,,,0,,178492,209990,,,,,,,WRO1404VYL-DOB,,,"WRO1400WAP-HUB, WRO1400WAP-DOV",,,1,5054916996440,Hunter,Hunter,Talla,L,,1,
20482,variation,MRO1401WAP-DOV-XL,,Chaqueta de lluvia para hombre Verde Oscuro - XL,1,0,visible,,,,,taxable,parent,0,0,,0,0,,,,,0,,178492,209990,,,,,,,MRO1401WAP-DOV,,,"MRO4245WAP-BLK, MRO4245WAP-DOV",,,1,5054916995672,Hunter,Hunter,Talla,XL,,1,
20491,variation,UFF1102EVA-PER36,,Zueco In & Out Espuma de Alga Rosado - 36,1,0,visible,,,,,taxable,parent,0,0,,0,0,,,,,0,,29994,49990,,,,,,,UFF1102EVA-PER,,,,,,1,5052956016104,Hunter,Hunter,Talla,36,,1,
20501,variation,UFF1102EVA-BLK36,,Zueco In & Out Espuma de Alga Negro - 36,1,0,visible,,,,,taxable,parent,1,12,,0,0,,,,,0,,29994,49990,,,,,,,UFF1102EVA-BLK,,,,,,1,5052956015800,Hunter,Hunter,Talla,36,,1,
20669,variation,MFS2335LNR-BLK40,,Botas Commando de Piel Con Cordones Urban Explorer Para Hombre - 40/41,1,0,visible,,,,,taxable,parent,1,8,,0,0,,,,,0,,137994,229990,,,,,,,MFS2335LNR-BLK,,,"MFS9000CNV-ATM, MFT9000RMA-DOV, MRO4245WAP-BLK",,,1,,Hunter,Hunter,Talla,40/41,,1,
20916,variation,MFF9100REN-BLK-43,,Zapatillas Deportivas Travel - Hombre Black - 43,1,0,visible,,,,,taxable,parent,0,0,,0,0,,,,,0,,,119990,,,,,,,MFF9100REN-BLK,,,"UBB1204KBM-BID, UBP1152KBM-MLR",,,4,5052956048907,Hunter,,size,43,,1,
20925,variation,MFF9100REN-ZSB-43,,Zapatillas Deportivas Travel - Hombre Zesty Yellow - 43,1,0,visible,,,,,taxable,parent,0,0,,0,0,,,,,0,,,119990,,,,,,,MFF9100REN-ZSB,,,"UBB1204KBM-BID, UBP1152KBM-MLR",,,4,5052956058340,Hunter,,size,43,,1,
20978,variation,WFF1100REN-BLK-39,5052956048594,Zapatillas Deportivas Travel - Mujer - Black - 39,1,0,visible,,,,,taxable,parent,1,23,,0,0,,,,,0,,,119990,,,,,,,WFF1100REN-BLK,,,"PK13PH, UBP1152KBM-DOV",,,4,5052956048594,Hunter,,Talla,39,,1,
20985,variation,WFF1100REN-SSH-39,,"Zapatillas Deportivas Travel - Mujer White, Green & Coral - 39",1,0,visible,,,,,taxable,parent,1,5,,0,0,,,,,0,,,119990,,,,,,,WFF1100REN-SSH,,,"PK13PH, UBP7012KBM-BLK",,,4,5052956058012,Hunter,,Talla,39,,1,
20992,variation,WFF1100REN-SSA-39,,Zapatillas Deportivas Travel - Mujer Shaded White - 39,1,0,visible,,,,,taxable,parent,1,11,,0,0,,,,,0,,,119990,,,,,,,WFF1100REN-SSA,,,"PK13PH, UBB1210KBM-MLR",,,4,5052956040956,Hunter,,Talla,39,,1,
21007,variation,WFF1100REN-RCG-38,,Zapatillas Deportivas Travel - Mujer Red Tang - 38,1,0,visible,,,,,taxable,parent,1,4,,0,0,,,,,0,,,119990,,,,,,,WFF1100REN-RCG,,,"PK13PH, UBP7012KBM-HRE",,,4,5052956057862,Hunter,,Talla,38,,1,
21016,variation,WFF1100REN-BSH-39,,Zapatillas Deportivas Travel - Mujer Black Shaded White - 39,1,0,visible,,,,,taxable,parent,1,42,,0,0,,,,,0,,,119990,,,,,,,WFF1100REN-BSH,,,"PK13PH, UBP1152KBM-DOV",,,4,5052956040888,Hunter,,Talla,39,,1,
21206,variation,WFS2336REN-BLK-39,,Botas Commando Travel Explorer Black - Mujer - 39,1,0,visible,,,,,taxable,parent,1,6,,0,0,,,,,0,,119994,199990,,,,,,,WFS2336REN-BLK,,,"WFS1018RMA-BLK, WFS2010CNV-BLK, WFS2010CNV-ATM",,,1,5052956048662,Hunter,Hunter,Talla,39,,1,
21213,variation,WFS2336REN-SED-39,,Botas Commando Travel Explorer White - Mujer - 39,1,0,visible,,,,,taxable,parent,1,14,,0,0,,,,,0,,119994,199990,,,,,,,WFS2336REN-SED,,,,,,1,5052956040741,Hunter,Hunter,Talla,39,,1,
21227,variation,WFT2235RMA-BLK-39,,Botas Play Alta Aislante Con Forro De Shearling Black Para Mujer - 39,1,0,visible,,,,2026-07-19 23:59:59,taxable,parent,0,0,,0,0,,,,,0,,83994,139990,,,,,,,WFT2235RMA-BLK,,,"WFS2020RMA-BBO, WFS2020RMA-BLK, WFS2020RMA-LRD",,,1,5054916957236,Hunter,Hunter,Talla,39,,1,
21238,variation,WFT2235RMA-WHW-39,,Botas Play Altas Aislante Con Forro - Shearling White - Mujer - 39,1,0,visible,,,,,taxable,parent,1,40,,0,0,,,,,0,,83994,139990,,,,,,,WFT2235RMA-WHW,,,"WFS2020RMA-BBO, WFS2020RMA-BLK, WFS2020RMA-LRD",,,1,5054916957441,Hunter,Hunter,Talla,39,,1,
21252,variation,WRO1434RPD-HUB-M,,Chaqueta Acolchada De Nylon Reciclado Explorer Para Mujer - M,1,0,visible,,,,,taxable,parent,1,4,,0,0,,,,,0,,127492,149990,,,,,,,WRO1434RPD-HUB,,,"WRO1227SBC-DOV, WRO1400WAP-HUB",,,1,,Hunter,Hunter,size,M,,1,
21258,variation,WRO1435RPD-HUB-XS,,Chaqueta Acolchada Explorer De Nylon Reciclado Para Mujer - XS,1,0,visible,,,,,taxable,parent,1,5,,0,0,,,,,0,,148742,174990,,,,,,,WRO1435RPD-HUB,,,"WRO1400WAP-FRD, WRO1258WAP-DOV",,,1,,Hunter,Hunter,size,XS,,1,
21843,variation,WFS1018RGL-BLK39,,Botas Chelsea Commando Negras Brillantes Para Mujer - 39,1,0,visible,,,,,taxable,parent,1,21,,0,0,,,,,0,,89994,149990,,,,,,,WFS1018RGL-BLK,,,"WFS2006RMA-BLK, WFS1043RMA-MLR, WFS1043RMA-SUG",,,1,5054916921510,Hunter,Hunter,size,39,,1,
21854,variation,WFS1018RMA-CAS39,,Botas Chelsea Commando Para Mujer Gris Pálido - 39,1,0,visible,,,,,taxable,parent,1,15,,0,0,,,,,0,,89994,149990,,,,,,,WFS1018RMA-CAS,,,"WFS1018RMA-BLK, WFS2006RMA-BLK",,,1,5054916901420,Hunter,Hunter,size,39,,1,
21880,variation,WFS2240NRE-BWI39,,Bota Enrollable - Sherpa Vegano - Mujeres - Negro con Blanco - 39,1,0,visible,,,,,taxable,parent,0,0,,0,0,,,,,0,,92994,154990,,,,,,,WFS2240NRE-BWI,,,"WFT2041RMA-BLK, WFT2052NRE-NVY",,,1,5054916964135,Hunter,Hunter,size,39,,1,
21890,variation,WFT2007RMA-APL39,,Botas De Agua Play Altas Para Mujer Rosadas - 39,1,0,visible,,,,,taxable,parent,0,0,,0,0,,,,,0,,65994,109990,,,,,,,WFT2007RMA-APL,,,"WFS2020RMA-BBO, WFS2020RMA-BLK, WFS2020RMA-LRD, UAS3036AAB-HWT, UZF3003LSK-NTR",,,1,5054916889049,Hunter,Hunter,size,39,,1,
21896,variation,WFS2020RMA-APL39,,Botas De Agua Play Cortas Para Mujer Rosada - 39,1,0,visible,,,,,taxable,parent,0,0,,0,0,,,,,0,,59994,99990,,,,,,,WFS2020RMA-APL,,,"WFS2020RMA-BBO, WFS2020RMA-BLK, WFS2020RMA-LRD",,,1,5054916887922,Hunter,Hunter,size,39,,1,
24451,variation,WFK2000PTP-BLK39,,Zapatilla Travel Trainer Black Mujer - 39,1,0,visible,,,,,taxable,parent,1,38,,0,0,,,,,0,,,,,,,,,,WFK2000PTP-BLK,,,,,,4,5059997102193,Hunter,Hunter,size,39,,1,
24464,variation,MFK1000PTP-BLK43,,Zapatilla Travel Trainer Black Hombre - 43,1,0,visible,,,,,taxable,parent,1,1,,0,0,,,,,0,,,119990,,,,,,,MFK1000PTP-BLK,,,"UBB1210KBM-DOV, MFF9100REN-ZSB",,,4,5059997100632,Hunter,Hunter,size,43,,1,
24472,variation,MFF9100REN-SED43,,Zapatillas Deportivas Travel - Hombre Shaded White - 43,1,0,visible,,,,,taxable,parent,1,38,,0,0,,,,,0,,,119990,,,,,,,MFF9100REN-SED,,,,,,4,5052956048761,Hunter,,size,43,,1,
24816,variation,MFF9100REN-LTB-43,,Zapatillas Deportivas Travel - Hombre Verde Musgo - 43,1,0,visible,,,,,taxable,parent,0,0,,0,0,,,,,0,,,119990,,,,,,,MFF9100REN-LTB,,,,,,4,5052956048839,Hunter,,size,43,,1,
24829,variation,WFF1100REN-VPY-39,5059997082402,Zapatillas Deportivas Travel - Mujer - Red - 39,1,0,visible,,,,,taxable,parent,1,21,,0,0,,,,,0,,,119990,,,,,,,WFF1100REN-VPY,,,,,,4,5059997082402,Hunter,,size,39,,1,
18531,variation,WFS1000RGL-BLK42,,Botas De Agua Bajas Y Brillantes Original Para Mujer Negro - 42,1,0,visible,,,,,taxable,parent,0,,,0,0,1.9,20,,10,0,,72594,120990,,,,,,,WFS1000RGL-BLK,,,,,,1,5013441352817,Hunter,Hunter,Talla,42,,1,
18542,variation,WFS1000RMA-DOV40/41,,Botas De Agua Bajas Original Para Mujer Verde Oliva - 40/41,1,0,visible,,,,,taxable,parent,0,0,,0,0,1.9,20,,10,0,,72594,120990,,,,,,,WFS1000RMA-DOV,,,"UAH3031WXA-GZB, UBP1152KBM-DOV",,,1,5013441406503,Hunter,Hunter,Talla,40/41,,1,
18560,variation,WFS2020RMA-BLK40/41,,Botas De Agua Bajas Play Mujer Negro - 40/41,1,0,visible,,,,,taxable,parent,0,0,,0,0,1.5,32,,12,0,,59994,99990,,,,,,,WFS2020RMA-BLK,,,,,,1,5054916381185,Hunter,Hunter,Talla,40/41,,1,
18566,variation,WFS2020RMA-LRD40/41,,Botas de Agua Bajas Play para Mujer Rojo - 40/41,1,0,visible,,,,,taxable,parent,0,0,,0,0,1.5,32,,12,0,,65994,109990,,,,,,,WFS2020RMA-LRD,,,,,,1,5054916560528,Hunter,Hunter,Talla,40/41,,1,
18572,variation,WFS2048RMA-BLK40/41,,Botas De Agua Aislantes Bajas Original Para Mujer BLK - 40/41,1,0,visible,,,,,taxable,parent,0,0,,0,0,1.5,32,,12,0,,83994,139990,,,,,,,WFS2048RMA-BLK,,,"UAH3031WXA-GZB, UBB6017ACD-BTB",,,1,5054916540087,Hunter,Hunter,Talla,40/41,,1,
18592,variation,WFT1000RGL-BLK40/41,,Botas Altas Y Brillantes Original Para Mujer Negro - 40/41,1,0,visible,,,,2026-07-19 23:59:59,taxable,parent,0,0,,0,0,2,,,,0,,101994,169990,,,,,,,WFT1000RGL-BLK,,,"UAH3031WXA-GZB, UAS3036AAB-BLK",,,1,5013441353272,Hunter,Hunter,Talla,40/41,,1,
18607,variation,WFT1000RGL-MLR37,,Botas Altas Y Brillantes Original Para Mujer Rojo Militar - 37,1,0,visible,,,,2026-07-19 23:59:59,taxable,parent,0,0,,0,0,2,35,,12,0,,101994,169990,,,,,,,WFT1000RGL-MLR,,,"UZC3011XXX-CLR, UBB1210KBM-DOV, UZF3003LSK-NTR",,,1,5013441413181,Hunter,Hunter,Talla,37,,1,
18628,variation,WFT1000RMA-HGR40/41,,Botas De Agua Altas Original Para Mujer Verde - 40/41,1,0,visible,,,,,taxable,parent,0,0,,0,0,2,32,,11,0,,101994,169990,,,,,,,WFT1000RMA-HGR,,,"UAS3036AAB-HWT, UZF3003LSK-NTR",,,1,5013441579030,Hunter,Hunter,Talla,40/41,,1,
18640,variation,JFT6000RMA-RBP36,,Botas De Agua Original Para Niños Rosado Brillante - 36,1,0,visible,,,,,taxable,parent,0,0,,0,0,1.7,32,,14,0,,47994,79990,,,,,,,JFT6000RMA-RBP,,,,,,1,5054916211000,Hunter,Hunter,Talla,36,,1,
18653,variation,JFT6000RMA-DOV36,,Botas De Agua Original Para Niños Verde Oliva - 36,1,0,visible,,,,,taxable,parent,0,0,,0,0,1.7,32,,14,0,,47994,79990,,,,,,,JFT6000RMA-DOV,,,,,,1,5054916210942,Hunter,Hunter,Talla,36,,1,
18657,variation,JFT6000RMA-BLK36,,Botas De Agua Original Para Niños - 36,1,0,visible,,,,,taxable,parent,0,0,,0,0,1.7,32,,14,0,,47994,79990,,,,,,,JFT6000RMA-BLK,,,,,,1,5013441355719,Hunter,Hunter,Talla,36,,1,
18662,variation,MFS9014RMA-SGE43,,Zapato de Agua para Hombre - 43,1,0,visible,,"Condicion del producto: Nuevo\n\n\n\n\n\n\n\nGenero: Hombre\n\n\n\n\n\n\n\nHecho en: China\n\n\n\n\n\n\n\nMaterial calzado: Sintético\n\n\n\n\n\n\n\nMaterial de la suela: Goma\n\n\n\n\n\n\n\nPais: Chile\n\n\n\n\n\n\n\nTemporada: Otoño-Invierno\n\n\n\n\n\n\n\nTipo calzado de hombre: Botines",,,taxable,parent,0,0,,0,0,1.3,32,,14,0,,86994,144990,,,,,,,MFS9014RMA-SGE,,,,,,1,5054916132831,Hunter,Hunter,Talla,43,,1,
18669,variation,MFS9014RMA-BLK43,,Zapato de Agua para Hombre Negro - 43,1,0,visible,,,,,taxable,parent,0,0,,0,0,1.3,32,,14,0,,86994,144990,,,,,,,MFS9014RMA-BLK,,,,,,1,5054916132763,Hunter,Hunter,Talla,43,,1,
18678,variation,WFT1000RMA-MLR40/41,,Botas de Agua Altas para Mujer Rojo Militar - 40/41,1,0,visible,,,,,taxable,parent,0,0,,0,0,2,32,,11,0,,101994,169990,,,,,,,WFT1000RMA-MLR,,,"UAH3031WXA-MRG, UAS3036AAB-GRG",,,1,5013441415895,Hunter,Hunter,Talla,40/41,,1,
18689,variation,WFT1000RMA-RYL40/41,,Botas De Agua Altas Original Para Mujer Amarillo - 40/41,1,0,visible,,,,,taxable,parent,0,0,,0,0,2,32,,11,0,,89994,149990,,,,,,,WFT1000RMA-RYL,,,"UAH3031WXA-MRG, UBB6017ACD-BLK",,,1,5054916097512,Hunter,Hunter,Talla,40/41,,1,
18694,variation,WFT1000RMA-SIL39,,Botas De Agua Altas Original Para Mujer Plateado - 39,1,0,visible,,,,,taxable,parent,0,0,,0,0,2,32,,11,0,,89994,149990,,,,,,,WFT1000RMA-SIL,,,,,,1,5054916097789,Hunter,Hunter,Talla,39,,1,
19024,variation,MFS9014RMA-LKB43,,Zapato de Agua para Hombre LKB - 43,1,0,visible,,,,,taxable,parent,0,0,,0,0,1.3,32,,14,0,,86994,144990,,,,,,,MFS9014RMA-LKB,,,,,,1,5054916132695,Hunter,Hunter,Talla,43,,1,
19038,variation,JFT6000RMA-NVY36,,Botas De Agua Original Para Niños Azul Marino - 36,1,0,visible,,,,,taxable,parent,0,0,,0,0,1.7,32,,14,0,,47994,79990,,,,,,,JFT6000RMA-NVY,,,,,,1,5013441356617,Hunter,Hunter,Talla,36,,1,
19044,variation,MFT9000RMA-HGR44,,Botas De Agua Altas Original Para Hombre Verde - 44,1,0,visible,,,,,taxable,parent,0,0,,0,0,2,28,,13,0,,89994,149990,,,,,,,MFT9000RMA-HGR,,,,,,1,5013441733050,Hunter,Hunter,Talla,44,,1,
19058,variation,UZF3003LSK-NTR39,,Plantilla Luxury Shearling - 39,1,0,visible,,,,,taxable,parent,0,0,,0,0,0.4,15,,7,0,,,18990,,,,,,,UZF3003LSK-NTR,,,,,,5,5013441390826,Hunter,Hunter,Talla,39,,1,
19069,variation,WFS1000RGL-MLR42,,Botas De Agua Bajas Y Brillantes Original Para Mujer Rojo Militar - 42,1,0,visible,,,,,taxable,parent,0,0,,0,0,1.9,20,,10,0,,72594,120990,,,,,,,WFS1000RGL-MLR,,,"D62SI, UAH3031WXA-MRG",,,1,5013441405100,Hunter,Hunter,Talla,42,,1,
19087,variation,WFS1043RMA-SUG36,,Botas Chelsea Original Para Mujer Verde Suculenta - 36,1,0,visible,,,,,taxable,parent,0,0,,0,0,1.5,26,,11,0,,70194,116990,,,,,,,WFS1043RMA-SUG,,,"UBB6017ACD-DOV, UBP1152KBM-BLK",,,1,5054916117937,Hunter,Hunter,Talla,36,,1,
19108,variation,WFS2020RMA-LIH39,,Botas De Agua Bajas Original Play Para Mujer LIH - 39,1,0,visible,,,,,taxable,parent,0,0,,0,0,1.5,32,,12,0,,44994,74990,,,,,,,WFS2020RMA-LIH,,,,,,1,5054916449946,Hunter,Hunter,Talla,39,,1,
19115,variation,WFS2020RMA-ZNC40/41,,Botas De Agua Bajas Original Play Para Mujer ZNC - 40/41,1,0,visible,,,,,taxable,parent,0,0,,0,0,1.5,32,,12,0,,59994,99990,,,,,,,WFS2020RMA-ZNC,,,,,,1,5054916381321,Hunter,Hunter,Talla,40/41,,1,
19120,variation,WFT1000RGL-NVY38,,Botas Altas Y Brillantes Original Para Mujer Azul Marino - 38,1,0,visible,,,,,taxable,parent,0,0,,0,0,2,35,,12,0,,77994,129990,,,,,,,WFT1000RGL-NVY,,,"UBB6017ACD-BTB, UBP7020KBM-NVY",,,1,5013441413334,Hunter,Hunter,Talla,38,,1,
19132,variation,WFT1001RGL-BLK39,,Botas De Agua Altas Y Ajustables Por Detrás Para Mujer Negro - 39,1,0,visible,,,,,taxable,parent,0,0,,0,0,2,32,,11,0,,107994,179990,,,,,,,WFT1001RGL-BLK,,,"UZC3011XXX-CLR, UAS3036AAB-GRG, UZF3003LSK-NTR",,,1,5013441419459,Hunter,Hunter,Talla,39,,1,
19136,variation,WFT1001RMA-BLK37,,Botas De Agua Altas Y Ajustables Por Detrás Original Para Mujer Negro - 37,1,0,visible,,,,,taxable,parent,0,0,,0,0,2,35,,12,0,,107994,179990,,,,,,,WFT1001RMA-BLK,,,"UAS3036AAB-HWT, AC1SI, UAH3031WXA-GZB, UZF3003LSK-NTR",,,1,5013441579078,Hunter,Hunter,Talla,37,,1,
19150,variation,WFT1071RMA-BLK40/41,,Botas Original Refined Para Mujer Negro - 40/41,1,0,visible,,,,,taxable,parent,0,0,,0,0,2,32,,11,0,,101994,169990,,,,,,,WFT1071RMA-BLK,,,"D62SI, UAH3031WXA-GZB",,,1,5054916020282,Hunter,Hunter,Talla,40/41,,1,
19162,variation,WFT2007RMA-BLK40/41,,Botas De Agua Altas Original Play Para Mujer BLK - 40/41,1,0,visible,,,,,taxable,parent,0,0,,0,0,2,32,20,13,0,,65994,109990,,,,,,,WFT2007RMA-BLK,,,,,,1,5054916380621,Hunter,Hunter,Talla,40/41,,1,
19174,variation,WFT2007RMA-LRD40/41,,Botas De Agua Altas Original Play Para Mujer LRD - 40/41,1,0,visible,,,,,taxable,parent,0,0,,0,0,2,32,,13,0,,65994,109990,,,,,,,WFT2007RMA-LRD,,,,,,1,5054916633949,Hunter,Hunter,Talla,40/41,,1,
19177,variation,WFT2007RMA-ZNC37,,Botas De Agua Altas Original Play Para Mujer ZNC - 37,1,0,visible,,,,,taxable,parent,0,0,,0,0,2,32,,13,0,,65994,109990,,,,,,,WFT2007RMA-ZNC,,,,,,1,5054916380737,Hunter,Hunter,Talla,37,,1,
19185,variation,WFT2041RMA-BLK39,,Botas Altas Aislantes Original Para Mujer BLK - 39,1,0,visible,,,,,taxable,parent,0,0,,0,0,2,32,,13,0,,107994,179990,,,,,,,WFT2041RMA-BLK,,,"UAH3031WXA-GZB, UBP1152KBM-MLR",,,1,5054916540285,Hunter,Hunter,Talla,39,,1,
19191,variation,WFT2052NRE-BLK39,,Botas Estilo Sherpa Con Parte Superior Enrollable Para Mujer Negro - 39,1,0,visible,,,,,taxable,parent,0,0,,0,0,2,32,,13,0,,86994,144990,,,,,,,WFT2052NRE-BLK,,,"UAH3031WXA-MRG, UBB6017ACD-MLR",,,1,5054916540704,Hunter,Hunter,Talla,39,,1,
19203,variation,WFT2078RMA-BHE39,,Botas Altas Calendar Original Para Mujer - 39,1,0,visible,,,,,taxable,parent,0,0,,0,0,2,32,,13,0,,92994,154990,,,,,,,WFT2078RMA-BHE,,,"UAH3031WXA-MRG, UBP7020KBM-NVY",,,1,5054916633796,Hunter,Hunter,Talla,39,,1,
19355,variation,MFT9000RMA-BLK44,,Botas De Agua Altas Original Para Hombre Negra - 44,1,0,visible,,,,,taxable,parent,0,0,,0,0,2,28,,13,0,,95994,159990,,,,,,,MFT9000RMA-BLK,,,"UAS3036AAB-HWT, UZC3011XXX-CLR, UAS3036AAB-BLK",,,1,5013441371054,Hunter,Hunter,Talla,44,,1,
19359,variation,MFT9000RMA-DOV42,,Botas De Agua Altas Original Para Hombre Verde Oliva - 42,1,0,visible,,,,,taxable,parent,1,27,,0,0,2,28,,13,0,,95994,159990,,,,,,,MFT9000RMA-DOV,,,,,,1,5013441371177,Hunter,Hunter,Talla,42,,1,
19368,variation,WFT1000RMA-BLK40/41,,Botas De Agua Altas Original Para Mujer - 40/41,1,0,visible,,,,,taxable,parent,0,0,,0,0,2,32,,11,0,,101994,169990,,,,,,,WFT1000RMA-BLK,,,"UAS3036AAB-GZB, UAS3036AAB-BLK, UAS3036AAB-GRG",,,1,5013441352879,Hunter,Hunter,Talla,40/41,,1,
19501,variation,WFS1051RMA-BLK40,,BOTA ANKLE BLACK - 40/41,1,0,visible,,,,,taxable,parent,0,0,,0,0,,,,,0,,80994,134990,,,,,,,WFS1051RMA-BLK,,,"W14SI, UBB6017ACD-MLR",,,1,5013441853420,Hunter,Hunter,Talla,40/41,,1,
19522,variation,WFS2020RMA-BBO40,,Botas De Agua Bajas Original Play Para Mujer Celeste - 40/41,1,0,visible,,,,,taxable,parent,0,0,,0,0,,,,,0,,65994,109990,,,,,,,WFS2020RMA-BBO,,,"UAH3031WXA-MRG, UBP7020KBM-NVY",,,1,5054916618816,Hunter,Hunter,Talla,40/41,,1,
19652,variation,WFF1088RMA-DOC40,,Zueco de Jardin para Mujer Verde Oliva - 40,1,0,visible,,,,,taxable,parent,1,2,,0,0,,,,,0,,53994,89990,,,,,,,WFF1088RMA-DOC,,,,,,1,5054916827829,Hunter,Hunter,Talla,40,,1,
19869,variation,WFS2018RMA-DOC40,,Bota Corta de Jardinera - 40/41,1,0,visible,,,,,taxable,parent,0,0,,0,0,,,,,0,,68994,114990,,,,,,,WFS2018RMA-DOC,,,,,,1,5054916802482,Hunter,Hunter,Talla,40/41,,1,
19995,variation,WFT2200RMA-BLK40,,BOTAS DE AGUA LARGAS PARA MUJER SLIM FIT (ajustadas) - 40/41,1,0,visible,,,,,taxable,parent,0,0,,0,0,,,,,0,,95994,159990,,,,,,,WFT2200RMA-BLK,,,"UAS3036AAB-HWT, UZF3003LSK-NTR",,,1,5054916809467,Hunter,Hunter,Talla,40/41,,1,
20000,variation,WFS2200RMA-BLK40,,BOTAS REFINED CORTAS PARA MUJER NEGRO - 40/41,1,0,visible,,,,,taxable,parent,0,0,,0,0,,,,,0,,89994,149990,,,,,,,WFS2200RMA-BLK,,,,,,1,5054916809320,Hunter,Hunter,Talla,40/41,,1,
20006,variation,WFS2106WWU-BLK40,,Bota Nieve Negra - 40,1,0,visible,,,,2026-07-19 23:59:59,taxable,parent,0,0,,0,0,2,,,,0,,83994,139990,,,,,,,WFS2106WWU-BLK,,,,,,1,5054916732284,Hunter,Hunter,Talla,40,,1,
20175,variation,WFS2010CNV-BLK40,,Botas Commando Desert Mujer Negras - 40/41,1,0,visible,,,,,taxable,parent,0,0,,0,0,,,,,0,,83994,139990,,,,,,,WFS2010CNV-BLK,,,,,,1,5054916895576,Hunter,Hunter,Talla,40/41,,1,
20180,variation,WFS2010CNV-ATM36,,Botas Commando Desert Mujer Verde Musgo - 36,1,0,visible,,,,,taxable,parent,1,1,,0,0,,,,,0,,83994,139990,,,,,,,WFS2010CNV-ATM,,,,,,1,5054916895675,Hunter,Hunter,Talla,36,,1,
20202,variation,WFS1018RMA-DOV36,,Bota Commando Chelsea Verde Militar - 36,1,0,visible,,,,,taxable,parent,0,0,,0,0,,,,,0,,86994,144990,,,,,,,WFS1018RMA-DOV,,,,,,1,5054916897273,Hunter,Hunter,Talla,36,,1,
20211,variation,WFS1018RMA-BLK36,,Bota Commando Chelsea Negro - 36,1,0,visible,,,,,taxable,parent,0,0,,0,0,,,,,0,,86994,144990,,,,,,,WFS1018RMA-BLK,,,,,,1,,Hunter,Hunter,Talla,36,,1,
20226,variation,WFS1000RMA-OVL40,,Botas de Agua Bajas para Mujer Hoja de Olivo - 40/41,1,0,visible,,,,,taxable,parent,0,0,,0,0,,,,,0,,72594,120990,,,,,,,WFS1000RMA-OVL,,,"WAS1017AAC-WHT, WAS1017AAC-WHTL, WAS1017AAC-BLK",,,1,5054916916936,Hunter,Hunter,Talla,40/41,,1,
20231,variation,MFS9000CNV-BLK44,,Botas Commando Desert Hombre Negras - 44,1,0,visible,,,,,taxable,parent,0,0,,0,0,,,,,0,,83994,139990,,,,,,,MFS9000CNV-BLK,,,,,,1,,Hunter,Hunter,Talla,44,,1,
20238,variation,WFS1013RMA-GSC39,,Botas De Agua Baja y Ajustables Por Detrás Para Mujer Rosado Oscuro - 39,1,0,visible,,,,,taxable,parent,1,12,,0,0,,,,,0,,86994,144990,,,,,,,WFS1013RMA-GSC,,,,,,1,5054916887717,Hunter,Hunter,Talla,39,,1,
20247,variation,WFT1000RMA-OVL40,,Botas de Agua Altas para Mujer Hoja de Olivo - 40/41,1,0,visible,,,,2026-07-19 23:59:59,taxable,parent,0,0,,0,0,,,,,0,,101994,169990,,,,,,,WFT1000RMA-OVL,,,"UAS3036AAB-GZB, UAS3036AAB-GRG, UAS3000AAA-HWT, UZF3003LSK-NTR",,,1,5054916917001,Hunter,Hunter,Talla,40/41,,1,
20257,variation,WFT1000RMA-SWG40,,Botas de Agua Altas para Mujer Verde Sweet Gale - 40/41,1,0,visible,,,,2026-07-19 23:59:59,taxable,parent,0,0,,0,0,,,,,0,,101994,169990,,,,,,,WFT1000RMA-SWG,,,"UAS3036AAB-BLK, UAS3036AAB-GRG, UZF3003LSK-NTR",,,1,5054916888707,Hunter,Hunter,Talla,40/41,,1,
20265,variation,WFT1001RMA-GSC40,,Botas De Agua Altas Y Ajustables Por Detrás Para Mujer Glenmore Rosa - 40/41,1,0,visible,,,,2026-07-19 23:59:59,taxable,parent,0,0,,0,0,,,,,0,,107994,179990,,,,,,,WFT1001RMA-GSC,,,"UAS3036AAB-BLK, UZC4007XXX-CLR, UZF3003LSK-NTR",,,1,5054916888912,Hunter,Hunter,Talla,40/41,,1,
20277,variation,WFS1000RMA-MLR40,,Botas de Agua Bajas para Mujer Rojo Militar - 40/41,1,0,visible,,,,,taxable,parent,0,0,,0,0,,,,,0,,80994,134990,,,,,,,WFS1000RMA-MLR,,,"WAS1017AAC-WHT, UZC3011XXX-CLR, UBB1210KBM-BLK",,,1,5013441406862,Hunter,Hunter,Talla,40/41,,1,
20282,variation,WFT2007RMA-ATM40,,Botas De Agua Altas Original Play Para Mujer Verde Musgo - 40/41,1,0,visible,,,,2026-07-19 23:59:59,taxable,parent,0,0,,0,0,2,32,,13,0,,65994,109990,,,,,,,WFT2007RMA-ATM,,,"UAS3036AAB-HWT, UZF3003LSK-NTR",,,1,5054916857512,Hunter,Hunter,Talla,40/41,,1,
20317,variation,WFS1020RMA-ATM40,,Botas de Agua Bajas Play Neopreno Verde Musgo Mujer - 40/41,1,0,visible,,,,,taxable,parent,0,0,,0,0,,,,,0,,65994,109990,,,,,,,WFS1020RMA-ATM,,,"WFS2048RMA-BLK, UAH3345WXA-BLK",,,1,,Hunter,Hunter,Talla,40/41,,1,
20328,variation,WFS1020RMA-BLK40,,Botas de Agua Bajas Play Neopreno Black Mujer - 40/41,1,0,visible,,,,,taxable,parent,0,0,,0,0,,,,,0,,65994,109990,,,,,,,WFS1020RMA-BLK,,,"WFS2006RMA-BLK, UAH3031WXA-MRG, UBB2004KBM-DOV",,,1,,Hunter,Hunter,Talla,40/41,,1,
20340,variation,WFT2007RMA-KOM40,,Botas De Agua Altas Original Play Para Mujer Kombu - 40/41,1,0,visible,,,,,taxable,parent,0,0,,0,0,,,,,0,,65994,109990,,,,,,,WFT2007RMA-KOM,,,"UAH3345WXA-BLK, UAS3036AAB-GZB, UBP7012KBM-BLK, UZF3003LSK-NTR",,,1,5054916619165,Hunter,Hunter,Talla,40/41,,1,
20350,variation,WFT2052NRE-DOV40,,Botas Estilo Sherpa Con Parte Superior Enrollable Para Mujer Verde Oliva - 40/41,1,0,visible,,,,,taxable,parent,1,13,,0,0,,,,,0,,86994,144990,,,,,,,WFT2052NRE-DOV,,,"UAH3031WXA-GZB, UBB1204KBM-BLK, UAU1004UPM-BLK",,,1,5054916744737,Hunter,Hunter,Talla,40/41,,1,
20359,variation,JFT6000RMA-HGR36,,Botas De Agua Original Para Niños Verde - 36,1,0,visible,,,,,taxable,parent,0,0,,0,0,1.7,32,,14,0,,47994,79990,,,,,,,JFT6000RMA-HGR,,,"JBB1119KBM-NVY, JBB1119KBM-RBP",,,1,5013441725871,Hunter,Hunter,Talla,36,,1,
20438,variation,WFS2236NYL-BLK40,,Botas Commando Explorer Aislantes Para Mujer Negro - 40/41,1,0,visible,,,2026-06-12 0:00:00,2026-07-19 23:59:59,taxable,parent,0,0,,0,0,,,,,0,,119994,199990,,,,,,,WFS2236NYL-BLK,,,"WFS1018RMA-DOV, WFS2010CNV-BLK, WFS2010CNV-ATM",,,1,5054916951319,Hunter,Hunter,Talla,40/41,,1,
20448,variation,WFS2236NYL-MRF40,,Botas Commando Explorer Aislantes Para Mujer Berry - 40/41,1,0,visible,,,,,taxable,parent,0,0,,0,0,,,,,0,,119994,199990,,,,,,,WFS2236NYL-MRF,,,"WFS1018RMA-BLK, WFS2010CNV-BLK, WFS2236NYL-BLK",,,1,5054916951388,Hunter,Hunter,Talla,40/41,,1,
20492,variation,UFF1102EVA-PER37,,Zueco In & Out Espuma de Alga Rosado - 37,1,0,visible,,,,,taxable,parent,0,0,,0,0,,,,,0,,29994,49990,,,,,,,UFF1102EVA-PER,,,,,,1,5052956016111,Hunter,Hunter,Talla,37,,1,
20502,variation,UFF1102EVA-BLK37,,Zueco In & Out Espuma de Alga Negro - 37,1,0,visible,,,,,taxable,parent,1,12,,0,0,,,,,0,,29994,49990,,,,,,,UFF1102EVA-BLK,,,,,,1,5052956015817,Hunter,Hunter,Talla,37,,1,
20670,variation,MFS2335LNR-BLK42,,Botas Commando de Piel Con Cordones Urban Explorer Para Hombre - 42,1,0,visible,,,,,taxable,parent,1,13,,0,0,,,,,0,,137994,229990,,,,,,,MFS2335LNR-BLK,,,"MFS9000CNV-ATM, MFT9000RMA-DOV, MRO4245WAP-BLK",,,1,,Hunter,Hunter,Talla,42,,1,
20917,variation,MFF9100REN-BLK-44,,Zapatillas Deportivas Travel - Hombre Black - 44,1,0,visible,,,,,taxable,parent,1,2,,0,0,,,,,0,,,119990,,,,,,,MFF9100REN-BLK,,,"UBB1204KBM-BID, UBP1152KBM-MLR",,,5,5052956048846,Hunter,,size,44,,1,
20926,variation,MFF9100REN-ZSB-44,,Zapatillas Deportivas Travel - Hombre Zesty Yellow - 44,1,0,visible,,,,,taxable,parent,1,8,,0,0,,,,,0,,,119990,,,,,,,MFF9100REN-ZSB,,,"UBB1204KBM-BID, UBP1152KBM-MLR",,,5,5052956058289,Hunter,,size,44,,1,
20979,variation,WFF1100REN-BLK-40,5052956048600,Zapatillas Deportivas Travel - Mujer - Black - 40/41,1,0,visible,,,,,taxable,parent,1,16,,0,0,,,,,0,,,119990,,,,,,,WFF1100REN-BLK,,,"PK13PH, UBP1152KBM-DOV",,,5,5052956048600,Hunter,,Talla,40/41,,1,
20986,variation,WFF1100REN-SSH-40,,"Zapatillas Deportivas Travel - Mujer White, Green & Coral - 40/41",1,0,visible,,,,,taxable,parent,0,0,,0,0,,,,,0,,,119990,,,,,,,WFF1100REN-SSH,,,"PK13PH, UBP7012KBM-BLK",,,5,5052956058029,Hunter,,Talla,40/41,,1,
20993,variation,WFF1100REN-SSA-40,,Zapatillas Deportivas Travel - Mujer Shaded White - 40/41,1,0,visible,,,,,taxable,parent,0,0,,0,0,,,,,0,,,119990,,,,,,,WFF1100REN-SSA,,,"PK13PH, UBB1210KBM-MLR",,,5,5052956040963,Hunter,,Talla,40/41,,1,
21008,variation,WFF1100REN-RCG-39,,Zapatillas Deportivas Travel - Mujer Red Tang - 39,1,0,visible,,,,,taxable,parent,1,3,,0,0,,,,,0,,,119990,,,,,,,WFF1100REN-RCG,,,"PK13PH, UBP7012KBM-HRE",,,5,5052956057879,Hunter,,Talla,39,,1,
21017,variation,WFF1100REN-BSH-40,,Zapatillas Deportivas Travel - Mujer Black Shaded White - 40/41,1,0,visible,,,,,taxable,parent,1,20,,0,0,,,,,0,,,119990,,,,,,,WFF1100REN-BSH,,,"PK13PH, UBP1152KBM-DOV",,,5,5052956040895,Hunter,,Talla,40/41,,1,
21207,variation,WFS2336REN-BLK-40,,Botas Commando Travel Explorer Black - Mujer - 40/41,1,0,visible,,,,,taxable,parent,1,1,,0,0,,,,,0,,119994,199990,,,,,,,WFS2336REN-BLK,,,"WFS1018RMA-BLK, WFS2010CNV-BLK, WFS2010CNV-ATM",,,1,5052956048679,Hunter,Hunter,Talla,40/41,,1,
21214,variation,WFS2336REN-SED-40,,Botas Commando Travel Explorer White - Mujer - 40/41,1,0,visible,,,,,taxable,parent,1,5,,0,0,,,,,0,,119994,199990,,,,,,,WFS2336REN-SED,,,,,,1,5052956040758,Hunter,Hunter,Talla,40/41,,1,
21228,variation,WFT2235RMA-BLK-40,,Botas Play Alta Aislante Con Forro De Shearling Black Para Mujer - 40/41,1,0,visible,,,,2026-07-19 23:59:59,taxable,parent,0,0,,0,0,,,,,0,,83994,139990,,,,,,,WFT2235RMA-BLK,,,"WFS2020RMA-BBO, WFS2020RMA-BLK, WFS2020RMA-LRD",,,1,5054916957243,Hunter,Hunter,Talla,40/41,,1,
21239,variation,WFT2235RMA-WHW-40,,Botas Play Altas Aislante Con Forro - Shearling White - Mujer - 40/41,1,0,visible,,,,,taxable,parent,0,0,,0,0,,,,,0,,83994,139990,,,,,,,WFT2235RMA-WHW,,,"WFS2020RMA-BBO, WFS2020RMA-BLK, WFS2020RMA-LRD",,,1,5054916957458,Hunter,Hunter,Talla,40/41,,1,
21844,variation,WFS1018RGL-BLK40,,Botas Chelsea Commando Negras Brillantes Para Mujer - 40/41,1,0,visible,,,,,taxable,parent,0,0,,0,0,,,,,0,,89994,149990,,,,,,,WFS1018RGL-BLK,,,"WFS2006RMA-BLK, WFS1043RMA-MLR, WFS1043RMA-SUG",,,1,5054916921527,Hunter,Hunter,size,40/41,,1,
21855,variation,WFS1018RMA-CAS40,,Botas Chelsea Commando Para Mujer Gris Pálido - 40/41,1,0,visible,,,,,taxable,parent,1,1,,0,0,,,,,0,,89994,149990,,,,,,,WFS1018RMA-CAS,,,"WFS1018RMA-BLK, WFS2006RMA-BLK",,,1,5054916901437,Hunter,Hunter,size,40/41,,1,
21881,variation,WFS2240NRE-BWI40,,Bota Enrollable - Sherpa Vegano - Mujeres - Negro con Blanco - 40/41,1,0,visible,,,,,taxable,parent,0,0,,0,0,,,,,0,,92994,154990,,,,,,,WFS2240NRE-BWI,,,"WFT2041RMA-BLK, WFT2052NRE-NVY",,,1,5054916964142,Hunter,Hunter,size,40/41,,1,
21891,variation,WFT2007RMA-APL40,,Botas De Agua Play Altas Para Mujer Rosadas - 40/41,1,0,visible,,,,,taxable,parent,0,0,,0,0,,,,,0,,65994,109990,,,,,,,WFT2007RMA-APL,,,"WFS2020RMA-BBO, WFS2020RMA-BLK, WFS2020RMA-LRD, UAS3036AAB-HWT, UZF3003LSK-NTR",,,1,5054916889056,Hunter,Hunter,size,40/41,,1,
21897,variation,WFS2020RMA-APL40,,Botas De Agua Play Cortas Para Mujer Rosada - 40/41,1,0,visible,,,,,taxable,parent,0,0,,0,0,,,,,0,,59994,99990,,,,,,,WFS2020RMA-APL,,,"WFS2020RMA-BBO, WFS2020RMA-BLK, WFS2020RMA-LRD",,,1,5054916887939,Hunter,Hunter,size,40/41,,1,
24453,variation,WFK2000PTP-BLK40,,Zapatilla Travel Trainer Black Mujer - 40/41,1,0,visible,,,,,taxable,parent,1,13,,0,0,,,,,0,,,,,,,,,,WFK2000PTP-BLK,,,,,,5,5059997102179,Hunter,Hunter,size,40/41,,1,
24465,variation,MFK1000PTP-BLK44,,Zapatilla Travel Trainer Black Hombre - 44,1,0,visible,,,,,taxable,parent,1,7,,0,0,,,,,0,,,119990,,,,,,,MFK1000PTP-BLK,,,"UBB1210KBM-DOV, MFF9100REN-ZSB",,,5,5059997100601,Hunter,Hunter,size,44,,1,
24473,variation,MFF9100REN-SED44,,Zapatillas Deportivas Travel - Hombre Shaded White - 44,1,0,visible,,,,,taxable,parent,1,23,,0,0,,,,,0,,,119990,,,,,,,MFF9100REN-SED,,,,,,5,5052956048709,Hunter,,size,44,,1,
24817,variation,MFF9100REN-LTB-44,,Zapatillas Deportivas Travel - Hombre Verde Musgo - 44,1,0,visible,,,,,taxable,parent,0,0,,0,0,,,,,0,,,119990,,,,,,,MFF9100REN-LTB,,,,,,5,5052956048778,Hunter,,size,44,,1,
24830,variation,WFF1100REN-VPY-40,5059997082389,Zapatillas Deportivas Travel - Mujer - Red - 40/41,1,0,visible,,,,,taxable,parent,1,16,,0,0,,,,,0,,,119990,,,,,,,WFF1100REN-VPY,,,,,,5,5059997082389,Hunter,,size,40/41,,1,
18526,variation,WFS1000RGL-BLK36,,Botas De Agua Bajas Y Brillantes Original Para Mujer Negro - 36,1,0,visible,,,,,taxable,parent,0,0,,0,0,1.9,20,,10,0,,72594,120990,,,,,,,WFS1000RGL-BLK,,,,,,1,5013441352763,Hunter,Hunter,Talla,36,,1,
18561,variation,WFS2020RMA-BLK42,,Botas De Agua Bajas Play Mujer Negro - 42,1,0,visible,,,,,taxable,parent,0,0,,0,0,1.5,32,,12,0,,59994,99990,,,,,,,WFS2020RMA-BLK,,,,,,1,5054916381192,Hunter,Hunter,Talla,42,,1,
18567,variation,WFS2020RMA-LRD42,,Botas de Agua Bajas Play para Mujer Rojo - 42,1,0,visible,,,,,taxable,parent,0,0,,0,0,1.5,32,,12,0,,65994,109990,,,,,,,WFS2020RMA-LRD,,,,,,1,5054916560535,Hunter,Hunter,Talla,42,,1,
18573,variation,WFS2048RMA-BLK42,,Botas De Agua Aislantes Bajas Original Para Mujer BLK - 42,1,0,visible,,,,,taxable,parent,0,0,,0,0,1.5,32,,12,0,,83994,139990,,,,,,,WFS2048RMA-BLK,,,"UAH3031WXA-GZB, UBB6017ACD-BTB",,,1,5054916540094,Hunter,Hunter,Talla,42,,1,
18593,variation,WFT1000RGL-BLK42,,Botas Altas Y Brillantes Original Para Mujer Negro - 42,1,0,visible,,,,2026-07-19 23:59:59,taxable,parent,0,0,,0,0,2,35,,12,0,,101994,169990,,,,,,,WFT1000RGL-BLK,,,"UAH3031WXA-GZB, UAS3036AAB-BLK",,,1,5013441353289,Hunter,Hunter,Talla,42,,1,
18599,variation,WFT1000RGL-DOV42,,Botas Altas Y Brillantes Original Para Mujer Verde Oliva - 42,1,0,visible,,,,,taxable,parent,0,0,,0,0,2,35,,12,0,,77994,129990,,,,,,,WFT1000RGL-DOV,,,,,,1,5054916098502,Hunter,Hunter,Talla,42,,1,
18606,variation,WFT1000RGL-MLR36,,Botas Altas Y Brillantes Original Para Mujer Rojo Militar - 36,1,0,visible,,,,2026-07-19 23:59:59,taxable,parent,0,0,,0,0,2,35,,12,0,,101994,169990,,,,,,,WFT1000RGL-MLR,,,"UZC3011XXX-CLR, UBB1210KBM-DOV, UZF3003LSK-NTR",,,1,5013441413174,Hunter,Hunter,Talla,36,,1,
18623,variation,WFT1000RMA-DOV42,,Botas De Agua Altas Original Para Mujer Verde Oliva - 42,1,0,visible,,,,,taxable,parent,0,0,,0,0,2,32,,11,0,,77994,129990,,,,,,,WFT1000RMA-DOV,,,,,,1,5013441352985,Hunter,Hunter,Talla,42,,1,
18629,variation,WFT1000RMA-HGR42,,Botas De Agua Altas Original Para Mujer Verde - 42,1,0,visible,,,,,taxable,parent,0,0,,0,0,2,32,,11,0,,101994,169990,,,,,,,WFT1000RMA-HGR,,,"UAS3036AAB-HWT, UZF3003LSK-NTR",,,1,5013441579047,Hunter,Hunter,Talla,42,,1,
18641,variation,JFT6000RMA-RBP37,,Botas De Agua Original Para Niños Rosado Brillante - 37,1,0,visible,,,,,taxable,parent,0,0,,0,0,1.7,32,,14,0,,47994,79990,,,,,,,JFT6000RMA-RBP,,,,,,1,5054916211017,Hunter,Hunter,Talla,37,,1,
18654,variation,JFT6000RMA-DOV37,,Botas De Agua Original Para Niños Verde Oliva - 37,1,0,visible,,,,,taxable,parent,0,0,,0,0,1.7,32,,14,0,,47994,79990,,,,,,,JFT6000RMA-DOV,,,,,,1,5054916210959,Hunter,Hunter,Talla,37,,1,
18658,variation,JFT6000RMA-BLK37,,Botas De Agua Original Para Niños - 37,1,0,visible,,,,,taxable,parent,0,0,,0,0,1.7,32,,14,0,,47994,79990,,,,,,,JFT6000RMA-BLK,,,,,,1,5013441355726,Hunter,Hunter,Talla,37,,1,
18663,variation,MFS9014RMA-SGE44,,Zapato de Agua para Hombre - 44,1,0,visible,,"Condicion del producto: Nuevo\n\n\n\n\n\n\n\nGenero: Hombre\n\n\n\n\n\n\n\nHecho en: China\n\n\n\n\n\n\n\nMaterial calzado: Sintético\n\n\n\n\n\n\n\nMaterial de la suela: Goma\n\n\n\n\n\n\n\nPais: Chile\n\n\n\n\n\n\n\nTemporada: Otoño-Invierno\n\n\n\n\n\n\n\nTipo calzado de hombre: Botines",,,taxable,parent,0,0,,0,0,1.3,32,,14,0,,86994,144990,,,,,,,MFS9014RMA-SGE,,,,,,1,5054916132770,Hunter,Hunter,Talla,44,,1,
18670,variation,MFS9014RMA-BLK44,,Zapato de Agua para Hombre Negro - 44,1,0,visible,,,,,taxable,parent,0,0,,0,0,1.3,32,,14,0,,86994,144990,,,,,,,MFS9014RMA-BLK,,,,,,1,5054916132701,Hunter,Hunter,Talla,44,,1,
18684,variation,WFT1000RMA-MLR42,,Botas de Agua Altas para Mujer Rojo Militar - 42,1,0,visible,,,,,taxable,parent,0,0,,0,0,2,32,,11,0,,101994,169990,,,,,,,WFT1000RMA-MLR,,,"UAH3031WXA-MRG, UAS3036AAB-GRG",,,1,5013441415901,Hunter,Hunter,Talla,42,,1,
18690,variation,WFT1000RMA-RYL42,,Botas De Agua Altas Original Para Mujer Amarillo - 42,1,0,visible,,,,,taxable,parent,0,0,,0,0,2,32,,11,0,,89994,149990,,,,,,,WFT1000RMA-RYL,,,"UAH3031WXA-MRG, UBB6017ACD-BLK",,,1,5054916097529,Hunter,Hunter,Talla,42,,1,
18696,variation,WFT1000RMA-SIL42,,Botas De Agua Altas Original Para Mujer Plateado - 42,1,0,visible,,,,,taxable,parent,0,0,,0,0,2,32,,11,0,,89994,149990,,,,,,,WFT1000RMA-SIL,,,,,,1,5054916097802,Hunter,Hunter,Talla,42,,1,
19025,variation,MFS9014RMA-LKB44,,Zapato de Agua para Hombre LKB - 44,1,0,visible,,,,,taxable,parent,0,0,,0,0,1.3,32,,14,0,,86994,144990,,,,,,,MFS9014RMA-LKB,,,,,,1,5054916132633,Hunter,Hunter,Talla,44,,1,
19039,variation,JFT6000RMA-NVY37,,Botas De Agua Original Para Niños Azul Marino - 37,1,0,visible,,,,,taxable,parent,0,0,,0,0,1.7,32,,14,0,,47994,79990,,,,,,,JFT6000RMA-NVY,,,,,,1,5013441356624,Hunter,Hunter,Talla,37,,1,
19071,variation,WFS1000RGL-MLR37,,Botas De Agua Bajas Y Brillantes Original Para Mujer Rojo Militar - 37,1,0,visible,,,,,taxable,parent,0,0,,0,0,1.9,20,,10,0,,72594,120990,,,,,,,WFS1000RGL-MLR,,,"D62SI, UAH3031WXA-MRG",,,1,5013441405063,Hunter,Hunter,Talla,37,,1,
19092,variation,WFS1043RMA-SUG42,,Botas Chelsea Original Para Mujer Verde Suculenta - 42,1,0,visible,,,,,taxable,parent,0,0,,0,0,1.5,26,,11,0,,70194,116990,,,,,,,WFS1043RMA-SUG,,,"UBB6017ACD-DOV, UBP1152KBM-BLK",,,1,5054916117982,Hunter,Hunter,Talla,42,,1,
19109,variation,WFS2020RMA-LIH40/41,,Botas De Agua Bajas Original Play Para Mujer LIH - 40/41,1,0,visible,,,,,taxable,parent,0,0,,0,0,1.5,32,,12,0,,44994,74990,,,,,,,WFS2020RMA-LIH,,,,,,1,5054916449953,Hunter,Hunter,Talla,40/41,,1,
19116,variation,WFS2020RMA-ZNC42,,Botas De Agua Bajas Original Play Para Mujer ZNC - 42,1,0,visible,,,,,taxable,parent,0,0,,0,0,1.5,32,,12,0,,59994,99990,,,,,,,WFS2020RMA-ZNC,,,,,,1,5054916381338,Hunter,Hunter,Talla,42,,1,
19121,variation,WFT1000RGL-NVY39,,Botas Altas Y Brillantes Original Para Mujer Azul Marino - 39,1,0,visible,,,,,taxable,parent,0,0,,0,0,2,32,,11,0,,77994,129990,,,,,,,WFT1000RGL-NVY,,,"UBB6017ACD-BTB, UBP7020KBM-NVY",,,1,5013441413341,Hunter,Hunter,Talla,39,,1,
19128,variation,WFT1000RGL-RVI42,,Botas Altas Y Brillantes Original Para Mujer Morada - 42,1,0,visible,,,,,taxable,parent,0,0,,0,0,2,32,,11,0,,77994,129990,,,,,,,WFT1000RGL-RVI,,,,,,1,5054916097949,Hunter,Hunter,Talla,42,,1,
19134,variation,WFT1001RGL-BLK42,,Botas De Agua Altas Y Ajustables Por Detrás Para Mujer Negro - 42,1,0,visible,,,,,taxable,parent,0,0,,0,0,2,32,,11,0,,107994,179990,,,,,,,WFT1001RGL-BLK,,,"UZC3011XXX-CLR, UAS3036AAB-GRG, UZF3003LSK-NTR",,,1,5013441419473,Hunter,Hunter,Talla,42,,1,
19135,variation,WFT1001RMA-BLK36,,Botas De Agua Altas Y Ajustables Por Detrás Original Para Mujer Negro - 36,1,0,visible,,,,,taxable,parent,0,0,,0,0,2,35,,12,0,,107994,179990,,,,,,,WFT1001RMA-BLK,,,"UAS3036AAB-HWT, AC1SI, UAH3031WXA-GZB, UZF3003LSK-NTR",,,1,5013441579061,Hunter,Hunter,Talla,36,,1,
19151,variation,WFT1071RMA-BLK42,,Botas Original Refined Para Mujer Negro - 42,1,0,visible,,,,,taxable,parent,0,0,,0,0,2,32,,11,0,,101994,169990,,,,,,,WFT1071RMA-BLK,,,"D62SI, UAH3031WXA-GZB",,,1,5054916020299,Hunter,Hunter,Talla,42,,1,
19157,variation,WFT2007EXL-OEX42,,Botas Altas Original Play Con Logotipo Ampliado Para Mujer - 42,1,0,visible,,,,,taxable,parent,0,0,,0,0,2,32,,13,0,,65400,109000,,,,,,,WFT2007EXL-OEX,,,,,,1,5054916630122,Hunter,Hunter,Talla,42,,1,
19163,variation,WFT2007RMA-BLK42,,Botas De Agua Altas Original Play Para Mujer BLK - 42,1,0,visible,,,,,taxable,parent,0,0,,0,0,2,32,,13,0,,65994,109990,,,,,,,WFT2007RMA-BLK,,,,,,1,5054916380638,Hunter,Hunter,Talla,42,,1,
19169,variation,WFT2007RMA-LIH42,,Botas De Agua Altas Original Play Para Mujer LIH - 42,1,0,visible,,,,,taxable,parent,0,0,,0,0,2,32,,13,0,,53994,89990,,,,,,,WFT2007RMA-LIH,,,,,,1,5054916450249,Hunter,Hunter,Talla,42,,1,
19175,variation,WFT2007RMA-LRD42,,Botas De Agua Altas Original Play Para Mujer LRD - 42,1,0,visible,,,,,taxable,parent,0,0,,0,0,2,32,,13,0,,65994,109990,,,,,,,WFT2007RMA-LRD,,,,,,1,5054916633956,Hunter,Hunter,Talla,42,,1,
19176,variation,WFT2007RMA-ZNC36,,Botas De Agua Altas Original Play Para Mujer ZNC - 36,1,0,visible,,,,,taxable,parent,0,0,,0,0,2,32,,13,0,,65994,109990,,,,,,,WFT2007RMA-ZNC,,,,,,1,5054916380720,Hunter,Hunter,Talla,36,,1,
19187,variation,WFT2041RMA-BLK42,,Botas Altas Aislantes Original Para Mujer BLK - 42,1,0,visible,,,,,taxable,parent,0,0,,0,0,2,32,,13,0,,107994,179990,,,,,,,WFT2041RMA-BLK,,,"UAH3031WXA-GZB, UBP1152KBM-MLR",,,1,5054916540308,Hunter,Hunter,Talla,42,,1,
19193,variation,WFT2052NRE-BLK42,,Botas Estilo Sherpa Con Parte Superior Enrollable Para Mujer Negro - 42,1,0,visible,,,,,taxable,parent,0,0,,0,0,2,32,,13,0,,86994,144990,,,,,,,WFT2052NRE-BLK,,,"UAH3031WXA-MRG, UBB6017ACD-MLR",,,1,5054916540728,Hunter,Hunter,Talla,42,,1,
19205,variation,WFT2078RMA-BHE42,,Botas Altas Calendar Original Para Mujer - 42,1,0,visible,,,,,taxable,parent,0,0,,0,0,3,32,,13,0,,92994,154990,,,,,,,WFT2078RMA-BHE,,,"UAH3031WXA-MRG, UBP7020KBM-NVY",,,1,5054916633819,Hunter,Hunter,Talla,42,,1,
19356,variation,MFT9000RMA-BLK45/46,,Botas De Agua Altas Original Para Hombre Negra - 45/46,1,0,visible,,,,,taxable,parent,0,0,,0,0,2,28,,13,0,,95994,159990,,,,,,,MFT9000RMA-BLK,,,"UAS3036AAB-HWT, UZC3011XXX-CLR, UAS3036AAB-BLK",,,1,5013441371061,Hunter,Hunter,Talla,45/46,,1,
19358,variation,MFT9000RMA-DOV40/41,,Botas De Agua Altas Original Para Hombre Verde Oliva - 40/41,1,0,visible,,,,,taxable,parent,1,37,,0,0,2,28,,13,0,,95994,159990,,,,,,,MFT9000RMA-DOV,,,,,,1,5013441371160,Hunter,Hunter,Talla,40/41,,1,
19369,variation,WFT1000RMA-BLK42,,Botas De Agua Altas Original Para Mujer - 42,1,0,visible,,,,,taxable,parent,0,0,,0,0,2,32,,11,0,,101994,169990,,,,,,,WFT1000RMA-BLK,,,"UAS3036AAB-GZB, UAS3036AAB-BLK, UAS3036AAB-GRG",,,1,5013441352886,Hunter,Hunter,Talla,42,,1,
19502,variation,WFS1051RMA-BLK42,,BOTA ANKLE BLACK - 42,1,0,visible,,,,,taxable,parent,0,0,,0,0,,,,,0,,80994,134990,,,,,,,WFS1051RMA-BLK,,,"W14SI, UBB6017ACD-MLR",,,1,,Hunter,Hunter,Talla,42,,1,
19523,variation,WFS2020RMA-BBO42,,Botas De Agua Bajas Original Play Para Mujer Celeste - 42,1,0,visible,,,,,taxable,parent,1,7,,0,0,,,,,0,,65994,109990,,,,,,,WFS2020RMA-BBO,,,"UAH3031WXA-MRG, UBP7020KBM-NVY",,,1,5054916618823,Hunter,Hunter,Talla,42,,1,
20232,variation,MFS9000CNV-BLK45,,Botas Commando Desert Hombre Negras - 45/46,1,0,visible,,,,,taxable,parent,0,0,,0,0,,,,,0,,83994,139990,,,,,,,MFS9000CNV-BLK,,,,,,1,,Hunter,Hunter,Talla,45/46,,1,
20239,variation,WFS1013RMA-GSC40,,Botas De Agua Baja y Ajustables Por Detrás Para Mujer Rosado Oscuro - 40/41,1,0,visible,,,,,taxable,parent,1,2,,0,0,,,,,0,,86994,144990,,,,,,,WFS1013RMA-GSC,,,,,,1,5054916887724,Hunter,Hunter,Talla,40/41,,1,
20258,variation,WFT1000RMA-SWG42,,Botas de Agua Altas para Mujer Verde Sweet Gale - 42,1,0,visible,,,,2026-07-19 23:59:59,taxable,parent,0,0,,0,0,,,,,0,,101994,169990,,,,,,,WFT1000RMA-SWG,,,"UAS3036AAB-BLK, UAS3036AAB-GRG, UZF3003LSK-NTR",,,1,,Hunter,Hunter,Talla,42,,1,
20266,variation,WFT1001RMA-GSC42,,Botas De Agua Altas Y Ajustables Por Detrás Para Mujer Glenmore Rosa - 42,1,0,visible,,,,2026-07-19 23:59:59,taxable,parent,0,0,,0,0,,,,,0,,107994,179990,,,,,,,WFT1001RMA-GSC,,,"UAS3036AAB-BLK, UZC4007XXX-CLR, UZF3003LSK-NTR",,,1,,Hunter,Hunter,Talla,42,,1,
20360,variation,JFT6000RMA-HGR37,,Botas De Agua Original Para Niños Verde - 37,1,0,visible,,,,,taxable,parent,0,0,,0,0,1.7,32,,14,0,,47994,79990,,,,,,,JFT6000RMA-HGR,,,"JBB1119KBM-NVY, JBB1119KBM-RBP",,,1,5013441725888,Hunter,Hunter,Talla,37,,1,
20493,variation,UFF1102EVA-PER38,,Zueco In & Out Espuma de Alga Rosado - 38,1,0,visible,,,,,taxable,parent,0,0,,0,0,,,,,0,,29994,49990,,,,,,,UFF1102EVA-PER,,,,,,1,5052956016128,Hunter,Hunter,Talla,38,,1,
20503,variation,UFF1102EVA-BLK38,,Zueco In & Out Espuma de Alga Negro - 38,1,0,visible,,,,,taxable,parent,1,12,,0,0,,,,,0,,29994,49990,,,,,,,UFF1102EVA-BLK,,,,,,1,5052956015824,Hunter,Hunter,Talla,38,,1,
20671,variation,MFS2335LNR-BLK43,,Botas Commando de Piel Con Cordones Urban Explorer Para Hombre - 43,1,0,visible,,,,,taxable,parent,1,16,,0,0,,,,,0,,137994,229990,,,,,,,MFS2335LNR-BLK,,,"MFS9000CNV-ATM, MFT9000RMA-DOV, MRO4245WAP-BLK",,,1,,Hunter,Hunter,Talla,43,,1,
20918,variation,MFF9100REN-BLK-45,,Zapatillas Deportivas Travel - Hombre Black - 45/46,1,0,visible,,,,,taxable,parent,1,12,,0,0,,,,,0,,,119990,,,,,,,MFF9100REN-BLK,,,"UBB1204KBM-BID, UBP1152KBM-MLR",,,6,5052956048853,Hunter,,size,45/46,,1,
20927,variation,MFF9100REN-ZSB-45,,Zapatillas Deportivas Travel - Hombre Zesty Yellow - 45/46,1,0,visible,,,,,taxable,parent,1,11,,0,0,,,,,0,,,119990,,,,,,,MFF9100REN-ZSB,,,"UBB1204KBM-BID, UBP1152KBM-MLR",,,6,5052956058296,Hunter,,size,45/46,,1,
24466,variation,MFK1000PTP-BLK45,71994,Zapatilla Travel Trainer Black Hombre - 45/46,1,0,visible,,,,,taxable,parent,1,11,,0,0,,,,,0,,,119990,,,,,,,MFK1000PTP-BLK,,,"UBB1210KBM-DOV, MFF9100REN-ZSB",,,6,5059997100663,Hunter,Hunter,size,45/46,,1,
24474,variation,MFF9100REN-SED45,,Zapatillas Deportivas Travel - Hombre Shaded White - 45/46,1,0,visible,,,,,taxable,parent,1,14,,0,0,,,,,0,,,119990,,,,,,,MFF9100REN-SED,,,,,,6,5052956048716,Hunter,,size,45/46,,1,
24818,variation,MFF9100R5N-LTB-44,,Zapatillas Deportivas Travel - Hombre Verde Musgo - 45/46,1,0,visible,,,,,taxable,parent,0,0,,0,0,,,,,0,,,119990,,,,,,,MFF9100REN-LTB,,,,,,6,5052956048785,Hunter,,size,45/46,,1,
18665,variation,MFS9014RMA-SGE47,,Zapato de Agua para Hombre - 47,1,0,visible,,"Condicion del producto: Nuevo\n\n\n\n\n\n\n\nGenero: Hombre\n\n\n\n\n\n\n\nHecho en: China\n\n\n\n\n\n\n\nMaterial calzado: Sintético\n\n\n\n\n\n\n\nMaterial de la suela: Goma\n\n\n\n\n\n\n\nPais: Chile\n\n\n\n\n\n\n\nTemporada: Otoño-Invierno\n\n\n\n\n\n\n\nTipo calzado de hombre: Botines",,,taxable,parent,0,0,,0,0,1.3,32,,14,0,,86994,144990,,,,,,,MFS9014RMA-SGE,,,,,,1,5054916132794,Hunter,Hunter,Talla,47,,1,
18671,variation,MFS9014RMA-BLK45/46,,Zapato de Agua para Hombre Negro - 45/46,1,0,visible,,,,,taxable,parent,0,0,,0,0,1.3,32,,14,0,,86994,144990,,,,,,,MFS9014RMA-BLK,,,,,,1,,Hunter,Hunter,Talla,45/46,,1,
19027,variation,MFS9014RMA-LKB47,,Zapato de Agua para Hombre LKB - 47,1,0,visible,,,,,taxable,parent,0,0,,0,0,1.3,32,,14,0,,86994,144990,,,,,,,MFS9014RMA-LKB,,,,,,1,5054916132657,Hunter,Hunter,Talla,47,,1,
19046,variation,MFT9000RMA-HGR47,,Botas De Agua Altas Original Para Hombre Verde - 47,1,0,visible,,,,,taxable,parent,0,0,,0,0,2,28,,13,0,,89994,149990,,,,,,,MFT9000RMA-HGR,,,,,,1,5013441733074,Hunter,Hunter,Talla,47,,1,
19110,variation,WFS2020RMA-LIH42,,Botas De Agua Bajas Original Play Para Mujer LIH - 42,1,0,visible,,,,,taxable,parent,0,0,,0,0,1.5,32,,12,0,,44994,74990,,,,,,,WFS2020RMA-LIH,,,,,,1,5054916449960,Hunter,Hunter,Talla,42,,1,
19357,variation,MFT9000RMA-DOV39,,Botas De Agua Altas Original Para Hombre Verde Oliva - 39,1,0,visible,,,,,taxable,parent,0,0,,0,0,2,28,,13,0,,95994,159990,,,,,,,MFT9000RMA-DOV,,,,,,1,5013441371153,Hunter,Hunter,Talla,39,,1,
20494,variation,UFF1102EVA-PER39,,Zueco In & Out Espuma de Alga Rosado - 39,1,0,visible,,,,,taxable,parent,0,0,,0,0,,,,,0,,29994,49990,,,,,,,UFF1102EVA-PER,,,,,,1,5052956016135,Hunter,Hunter,Talla,39,,1,
20504,variation,UFF1102EVA-BLK39,,Zueco In & Out Espuma de Alga Negro - 39,1,0,visible,,,,,taxable,parent,1,12,,0,0,,,,,0,,29994,49990,,,,,,,UFF1102EVA-BLK,,,,,,1,5052956015831,Hunter,Hunter,Talla,39,,1,
20495,variation,UFF1102EVA-PER40,,Zueco In & Out Espuma de Alga Rosado - 40/41,1,0,visible,,,,,taxable,parent,0,0,,0,0,,,,,0,,29994,49990,,,,,,,UFF1102EVA-PER,,,,,,1,5052956016142,Hunter,Hunter,Talla,40/41,,1,
20505,variation,UFF1102EVA-BLK40,,Zueco In & Out Espuma de Alga Negro - 40/41,1,0,visible,,,,,taxable,parent,1,11,,0,0,,,,,0,,29994,49990,,,,,,,UFF1102EVA-BLK,,,,,,1,5052956015848,Hunter,Hunter,Talla,40/41,,1,
27820,simple,UBX2238CPE-BLK,,Intrepid Puffer Mini Crossbody,0,0,visible,,"El mini bolso cruzado Intrepid Puffer es súper liviano y versátil, combina con nuestras chaquetas Intrepid Puffer. El bolso tiene un compartimento principal compacto y un bolsillo frontal adicional con cremallera para objetos de valor, correas ajustables en color mate y tiradores de cremallera con la marca del mismo tono. Se pueden llevar al hombro o cruzadas según sus necesidades.\n\n<ul>\n\n 	<li>Poliéster 100 % reciclado</li>\n\n 	<li>Forro poliéster reciclado</li>\n\n 	<li>Resistente al agua</li>\n\n 	<li>Correas ajustables</li>\n\n 	<li>Logotipo original de PVC Hunter</li>\n\n</ul>",,,taxable,,0,0,,0,0,,,,,0,,,59990,"Género, Tipo de producto > Mochilas, Género > Mujer, Tipo de producto","Bolsos, Hunter, Impermeables, Negros",,https://trendseeker.cl/wp-content/uploads/2024/04/UBX2238CPE-BLK-1.jpg,,,,,,"UBS1115SHA-BLK, UBB2022LRS-DOV, UBB2241KBM-WHW",,,8,5059997079631,Hunter,Hunter,One Size,Alto 13 cm x ancho 17 cm x profundidad 7 cm,1,0,
20496,variation,UFF1102EVA-PER42,,Zueco In & Out Espuma de Alga Rosado - 42,1,0,visible,,,,,taxable,parent,0,0,,0,0,,,,,0,,29994,49990,,,,,,,UFF1102EVA-PER,,,,,,1,5052956016159,Hunter,Hunter,Talla,42,,1,
20506,variation,UFF1102EVA-BLK42,,Zueco In & Out Espuma de Alga Negro - 42,1,0,visible,,,,,taxable,parent,1,12,,0,0,,,,,0,,29994,49990,,,,,,,UFF1102EVA-BLK,,,,,,1,5052956015855,Hunter,Hunter,Talla,42,,1,
27609,simple,UBB1175CPL-BLK,,Mochila Exploradora DayPack,0,0,visible,,"Perfecta para caminatas de un día, la Mochila Exploradora Daypack es nuestro elemento esencial para explorar. Los bucles de cinta en cadena en la parte delantera son perfectos para colgar mosquetones para botellas de agua, mientras que el panel trasero de malla proporciona transpirabilidad.\n\n<ul>\n\n 	<li>Confeccionada con poliéster reciclado resistente</li>\n\n 	<li>Poliéster reciclado recubierto de PVC</li>\n\n 	<li>Gruesa hebilla de paracaídas</li>\n\n 	<li>Bolsillos laterales con cierre de hebilla</li>\n\n 	<li>Capacidad de 16 litros</li>\n\n</ul>",,,taxable,,0,0,,0,0,,,,,0,,,134990,"Género, Tipo de producto > Mochilas, Tipo de producto, Género > Unisex","Exploradora, Hunter, Mochilas, Negra, Outdoor",,"https://trendseeker.cl/wp-content/uploads/2024/03/UBB1175CPL-BLK-1.png, https://trendseeker.cl/wp-content/uploads/2024/03/UBB1175CPL-BLK-2.png, https://trendseeker.cl/wp-content/uploads/2024/03/UBB1175CPL-BLK-3.png",,,,,,,,,9,5054916988988,Hunter,Hunter,,,,,
27606,simple,UBS2235CPE-BLK,,Tote Emgomado Negro,0,0,visible,,"La nueva colección icónica de bolsos de Hunter, nuestro Tote Emgomado está confeccionado con un tejido de poliéster reciclado con tacto de goma resistente al agua. Ideal para escapadas de fin de semana o viajes por la ciudad. Puedes transportar tu bolso con el asa corta o con la correa para el hombro más larga y las correas externas para abrigo le permiten simplemente sujetar prendas ligeras para facilitar el transporte.\n\n<ul>\n\n 	<li>Resistente al agua</li>\n\n 	<li>Cierre de cremallera impermeable</li>\n\n 	<li>Forrado con poliéster 100% reciclado</li>\n\n 	<li>Logo de PVC Hunter</li>\n\n 	<li>Capacidad de 16,5 litros</li>\n\n</ul>",,,taxable,,0,0,,0,0,,,,,0,,,99990,"Género, Tipo de producto > Mochilas, Género > Mujer, Tipo de producto","Bolsos, Engomado, Hunter, Impermeables, Negro",,https://trendseeker.cl/wp-content/uploads/2024/03/UBS2235CPE-BLK.jpg,,,,,,"UBS4031RPU-BLK, UBS6004KBM-BLK, UBS6004KBM-RBP, UBB2022LRS-DOV",,,10,5059997079440,Hunter,Hunter,,,,,
27581,simple,UBS1167KBM-RBO,,Mini Tote Negro,0,0,visible,,El Mini Tote es nuestro accesorio de invierno elegante y multiusos. La correa cruzada más larga se puede quitar para poder llevar el modelo en la mano.\n\n<ul>\n\n 	<li>Nailon con tacto de goma</li>\n\n 	<li>Resistente al agua</li>\n\n 	<li>Bolsillo interno con cremallera</li>\n\n 	<li>Bolsillo interno acolchado</li>\n\n 	<li>Cordón interno para las llaves</li>\n\n</ul>,,,taxable,,0,0,,0,0,,,,,0,,,99990,"Género, Tipo de producto > Mochilas, Género > Mujer, Tipo de producto","Bolsos, Hunter, Impermeables, Invierno, Negro",,https://trendseeker.cl/wp-content/uploads/2024/03/UBS1167KBM-RBO.jpg,,,,,,"UBX1200KBM-BLK, UBS1115SHA-BLK, UBB1116SHA-BLK",,,11,5052956035105,Hunter,Hunter,,,,,
27564,simple,UBC1515NRS-BLK,,Cartera De Viaje Antidesgarro Negra,0,0,visible,,"Diseñado con una función expandible que le permite ajustar el volumen del bolso, la Cartera De Viaje Antidesgarro será tu compañera confiable definitiva para las aventuras cotidianas además de que podrás llevar todos los elementos esenciales de viaje con facilidad.\n\n<ul>\n\n 	<li style=""text-align: left;"">Nailon reciclado resistente al agua</li>\n\n 	<li style=""text-align: left;"">Bolsillo externo y cremallera</li>\n\n 	<li style=""text-align: left;"">Tiradores de cremallera adaptables</li>\n\n 	<li>Logotipo de PVC de Hunter</li>\n\n</ul>",,,taxable,,0,0,,0,0,,,,,0,,,54990,"Género, Tipo de producto > Mochilas, Género > Mujer, Tipo de producto","Cartera, Hunter, Mochilas, Negro",,https://trendseeker.cl/wp-content/uploads/2024/03/UBC1515NRS-BLK.png,,,,,,"UBS4031RPU-BLK, UBP1170ACD-DOV, UBB1116SHA-BLK",,,12,5059997022408,Hunter,Hunter,,,,,
24447,variable,WFK2000PTP-BLK,,Zapatilla Travel Trainer Black Mujer,0,0,visible,,"Listo para los elementos, el Travel Trainer ahora se ha actualizado con una membrana interna impermeable y está aislado hasta -5°C (23°F). El diseño liviano está confeccionado con nailon reciclado, neopreno y malla transpirable. Las duraderas suelas de caucho con certificación FSC® brindan agarre adicional en todos los terrenos, mientras que las entresuelas de EVA reciclada que absorben los impactos y las plantillas Ortholite recicladas garantizan una comodidad superior y un uso flexible. Una línea de protección de TPU súper liviana agrega un nivel adicional de protección contra la lluvia. Acabado con detalles reflectantes y una lengüeta con el logotipo tricolor de Hunter en la parte posterior para facilitar el acceso. Esta zapatilla es 100% impermeable.",,,taxable,,0,,,0,0,,,,,0,,,,"Género, Género > Mujer, Tipo de producto, Tipo de producto > Zapatillas","Black, Hunter, Negros, Zapatillas",,"https://trendseeker.cl/wp-content/uploads/2023/09/WFK2000PTP-BLK-1.png, https://trendseeker.cl/wp-content/uploads/2023/09/WFK2000PTP-BLK-2.png, https://trendseeker.cl/wp-content/uploads/2023/09/WFK2000PTP-BLK-3.png, https://trendseeker.cl/wp-content/uploads/2023/09/WFK2000PTP-BLK-4.png",,,,,,,,,13,,Hunter,Hunter,size,"36, 37, 38, 39, 40, 40/41",1,1,
25005,simple,UBX2234CPE-MLR,,Mini Bolso Para Celular Rubberised Rojo,0,0,visible,,"<p style=""font-weight: 400;"">La nueva colección icónica de bolsos de Hunter: El mini bolso para celular Rubberised está confeccionado con un tejido de poliéster con tacto de goma resistente al agua. Compacto pero muy funcional, el bolso bandolera Mini recubierto de goma tiene un tamaño ideal para llevar lo esencial del día a día.</p>\n\n<p style=""font-weight: 400;"">Con una correa de tejido mate ajustable que se puede llevar al hombro o cruzado, el bolso viene con un compartimento principal y un bolsillo frontal adicional asegurado con un cierre de cremallera impermeable con una amplia apertura que ofrece fácil acceso. Acabado con nuestro característico logotipo de PVC de Hunter en la parte delantera y detalles metálicos en relieve.</p>\n\n\n\n<ul>\n\n 	<li style=""font-weight: 400;"">Tejido resistente al agua</li>\n\n 	<li style=""font-weight: 400;"">Bolsillo delantero</li>\n\n 	<li style=""font-weight: 400;"">Correo ajustable</li>\n\n 	<li style=""font-weight: 400;"">Cierre de cremallera impermeable</li>\n\n 	<li style=""font-weight: 400;"">Sostenibilidad</li>\n\n 	<li style=""font-weight: 400;"">Forro 100% poliéster reciclado</li>\n\n 	<li style=""font-weight: 400;"">Vegano</li>\n\n</ul>",,,taxable,,0,0,,0,0,,,,,0,,,61990,"Género, Género > Hombre, Tipo de producto > Mochilas, Género > Mujer, Tipo de producto, Género > Unisex","Bolsos, Celular, Engomado, Hunter, Impermeables, Mini, Rojo",,"https://trendseeker.cl/wp-content/uploads/2023/11/UBX2234CPE-MLR1.png, https://trendseeker.cl/wp-content/uploads/2023/11/UBX2234CPE-MLR2.png, https://trendseeker.cl/wp-content/uploads/2023/11/UBX2234CPE-MLR3.png, https://trendseeker.cl/wp-content/uploads/2023/11/UBX2234CPE-MLR4.png",,,,,"UBP1170ACD-TTP, UBX2234CPE-BLK, UBX2234CPE-DOV",,,,14,5059997079600,Hunter,Hunter,,,,,
25000,simple,UBX2234CPE-DOV,,Mini Bolso Para Celular Rubberised Verde,0,0,visible,,"<p style=""font-weight: 400;"">La nueva colección icónica de bolsos de Hunter: El mini bolso para celular Rubberised está confeccionado con un tejido de poliéster con tacto de goma resistente al agua. Compacto pero muy funcional, el bolso bandolera Mini recubierto de goma tiene un tamaño ideal para llevar lo esencial del día a día.</p>\n\n<p style=""font-weight: 400;"">Con una correa de tejido mate ajustable que se puede llevar al hombro o cruzado, el bolso viene con un compartimento principal y un bolsillo frontal adicional asegurado con un cierre de cremallera impermeable con una amplia apertura que ofrece fácil acceso. Acabado con nuestro característico logotipo de PVC de Hunter en la parte delantera y detalles metálicos en relieve.</p>\n\n\n\n<ul>\n\n 	<li style=""font-weight: 400;"">Tejido resistente al agua</li>\n\n 	<li style=""font-weight: 400;"">Bolsillo delantero</li>\n\n 	<li style=""font-weight: 400;"">Correo ajustable</li>\n\n 	<li style=""font-weight: 400;"">Cierre de cremallera impermeable</li>\n\n 	<li style=""font-weight: 400;"">Sostenibilidad</li>\n\n 	<li style=""font-weight: 400;"">Forro 100% poliéster reciclado</li>\n\n 	<li style=""font-weight: 400;"">Vegano</li>\n\n</ul>",,,taxable,,0,0,,0,0,,,,,0,,,61990,"Género, Género > Hombre, Tipo de producto > Mochilas, Género > Mujer, Tipo de producto, Género > Unisex","Bolsos, Celular, Engomado, Hunter, Impermeables, Mini, Verde",,"https://trendseeker.cl/wp-content/uploads/2023/11/2-3.png, https://trendseeker.cl/wp-content/uploads/2023/11/1-3.png, https://trendseeker.cl/wp-content/uploads/2023/11/4-2.png, https://trendseeker.cl/wp-content/uploads/2023/11/3-2.png",,,,,"UBP7012KBM-WMD, UBP7012KBM-BLK, UBX2234CPE-BLK",,,,15,5059997079594,Hunter,Hunter,,,,,
24994,simple,UBX2234CPE-BLK,,Mini Bolso Para Celular Rubberised Negro,0,0,visible,,"<p style=""font-weight: 400;"">La nueva colección icónica de bolsos de Hunter: El mini bolso para celular Rubberised está confeccionado con un tejido de poliéster con tacto de goma resistente al agua. Compacto pero muy funcional, el bolso bandolera Mini recubierto de goma tiene un tamaño ideal para llevar lo esencial del día a día.</p>\n\n<p style=""font-weight: 400;"">Con una correa de tejido mate ajustable que se puede llevar al hombro o cruzado, el bolso viene con un compartimento principal y un bolsillo frontal adicional asegurado con un cierre de cremallera impermeable con una amplia apertura que ofrece fácil acceso. Acabado con nuestro característico logotipo de PVC de Hunter en la parte delantera y detalles metálicos en relieve.</p>\n\n\n\n<ul>\n\n 	<li style=""font-weight: 400;"">Tejido resistente al agua</li>\n\n 	<li style=""font-weight: 400;"">Bolsillo delantero</li>\n\n 	<li style=""font-weight: 400;"">Correo ajustable</li>\n\n 	<li style=""font-weight: 400;"">Cierre de cremallera impermeable</li>\n\n 	<li style=""font-weight: 400;"">Sostenibilidad</li>\n\n 	<li style=""font-weight: 400;"">Forro 100% poliéster reciclado</li>\n\n 	<li style=""font-weight: 400;"">Vegano</li>\n\n</ul>",,,taxable,,0,0,,0,0,,,,,0,,,61990,"Género, Género > Hombre, Tipo de producto > Mochilas, Género > Mujer, Tipo de producto, Género > Unisex","Bolsos, Celular, Engomado, Hunter, Impermeables, Mini, Negro",,"https://trendseeker.cl/wp-content/uploads/2023/11/UBX2234CPE-BLK2.png, https://trendseeker.cl/wp-content/uploads/2023/11/UBX2234CPE-BLK1.png, https://trendseeker.cl/wp-content/uploads/2023/11/UBX2234CPE-BLK3.png, https://trendseeker.cl/wp-content/uploads/2023/11/UBX2234CPE-BLK4.png",,,,,"UBP1170ACD-BLK, UBP1170ATR-BSV",,,,16,5059997079587,Hunter,Hunter,,,,,
24981,simple,UBS2236CPE-MLR,,Mochila de Viaje Rubberised Rojo,0,0,visible,,"<p style=""font-weight: 400;"">La nueva colección icónica de bolsos de Hunter: La mochila Rubberised está confeccionada con un tejido de poliéster con tacto de goma resistente al agua.</p>\n\n<p style=""font-weight: 400;"">Diseñada para salidas por la ciudad y perfecta para guardar todos los elementos esenciales, la mochila está revestida de goma tiene una forma delgada con un asa superior para llevarla como bolso de mano y correas ajustables para los hombros para usarla como mochila.</p>\n\n<p style=""font-weight: 400;"">Forrado con poliéster 100% reciclado, este bolso viene con dos compartimentos separados y puede contener una computadora portátil de 13'. La bolsa tiene una capacidad de 8 L. Acabado con cierres de cremallera impermeables para proteger objetos de valor de los elementos y nuestra exclusiva PC Hunter en el frente.</p>\n\n\n\n<ul>\n\n 	<li style=""font-weight: 400;"">Tejido resistente al agua</li>\n\n 	<li>Dos compartimentos separados: Se adaptan a portátiles de 13´pulgadas.</li>\n\n 	<li>Cierre de cremallera impermeable</li>\n\n 	<li>Asa de transporte superior</li>\n\n 	<li>Correa de mochila ajustable</li>\n\n 	<li>Forro 100% poliéster reciclado</li>\n\n 	<li>Vegano</li>\n\n</ul>",,,taxable,,0,0,,0,0,,,,,0,,,109990,"Género, Género > Hombre, Tipo de producto > Mochilas, Género > Mujer, Tipo de producto, Género > Unisex","Engomado, Hunter, Impermeables, Mochilas, Rojo",,"https://trendseeker.cl/wp-content/uploads/2023/11/UBS2236CPE-MLR1.png, https://trendseeker.cl/wp-content/uploads/2023/11/UBS2236CPE-MLR2.png, https://trendseeker.cl/wp-content/uploads/2023/11/UBS2236CPE-MLR4.png, https://trendseeker.cl/wp-content/uploads/2023/11/UBS2236CPE-MLR3.png, https://trendseeker.cl/wp-content/uploads/2023/11/UBS2236CPE-MLR5.png, https://trendseeker.cl/wp-content/uploads/2023/11/UBS2236CPE-MLR6.png",,,,,"UBS2236CPE-BLK, UBS2236CPE-DOV",,,,17,5059997079488,Hunter,Hunter,,,,,
19976,variable,WFS2106WWU-BLK,,Bota Nieve Negra,0,0,visible,,"<p style=""font-weight: 400;"">Prepárate para los días más fríos en cualquier terreno con la bota baja para la nieve para mujer. Este modelo ofrece la máxima protección y calidez a los exploradores más audaces, incluso en los lugares más difíciles.</p>\nDiseñadas con una clásica combinación de colores con adornos en contraste, podrás salir a caminar por la nieve con estilo y mantener los pies calientes.\n<p style=""font-weight: 400;"">Elaborada a mano con un forro de vellón, la parte superior de nylon acolchado con PU, una membrana impermeable de Hydroguard y una innovadora plantilla Ortholite, te permite realizar excursiones a pie en condiciones gélidas con un confort y un apoyo de confianza.</p>\n<p style=""font-weight: 400;"">Se pueden poner con temperaturas de hasta -22 ºC para mantener calentitos tus pies gracias al cordón ajustable en la parte superior que retiene el calor de manera natural. Específicamente desarrollada para ofrecer un agarre máximo en superficies mojadas, esta bota 100 % impermeable incluye una suela duradera que ofrece mayor tracción y más movilidad para las exploraciones en temperaturas congeladas.</p>\n\n<ul style=""font-weight: 400;"">\n 	<li>Impermeables</li>\n 	<li>De fabricación artesanal</li>\n 	<li>Modelo sin cierre</li>\n 	<li>Botín de neopreno con forro de vellón</li>\n 	<li>Cordón ajustable en la parte superior para retener el calor</li>\n 	<li>Plantilla Ortholite</li>\n 	<li>Espuela en el talón para quitarlas con facilidad</li>\n 	<li>Membrana interna impermeable de Hydroguard para mantener los pies secos</li>\n 	<li>Pueden llevarse en temperaturas de hasta -22 ºC</li>\n</ul>",,,taxable,,0,,,0,0,,,,,0,,83994,139990,"Tipo de producto > Botas, Género, Género > Mujer, Tipo de producto","Impermeables, Invierno, Nieve, Ofertas",,"https://trendseeker.cl/wp-content/uploads/2023/07/hunter_3.png, https://trendseeker.cl/wp-content/uploads/2023/07/hunter_4.png, https://trendseeker.cl/wp-content/uploads/2023/07/hunter_2.png, https://trendseeker.cl/wp-content/uploads/2023/07/hunter_1.png, https://trendseeker.cl/wp-content/uploads/2023/07/hunter_5.png",,,,,,,,,1,,Hunter,Hunter,Talla,"36, 37, 38, 39, 40",1,1,
24976,simple,UBS2236CPE-DOV,,Mochila de Viaje Rubberised Verde Militar,0,0,visible,,"<p style=""font-weight: 400;"">La nueva colección icónica de bolsos de Hunter: La mochila Rubberised está confeccionada con un tejido de poliéster con tacto de goma resistente al agua.</p>\n\n<p style=""font-weight: 400;"">Diseñada para salidas por la ciudad y perfecta para guardar todos los elementos esenciales, la mochila está revestida de goma tiene una forma delgada con un asa superior para llevarla como bolso de mano y correas ajustables para los hombros para usarla como mochila.</p>\n\n<p style=""font-weight: 400;"">Forrado con poliéster 100% reciclado, este bolso viene con dos compartimentos separados y puede contener una computadora portátil de 13'. La bolsa tiene una capacidad de 8 L. Acabado con cierres de cremallera impermeables para proteger objetos de valor de los elementos y nuestra exclusiva PC Hunter en el frente.</p>\n\n\n\n<ul>\n\n 	<li style=""font-weight: 400;"">Tejido resistente al agua</li>\n\n 	<li>Dos compartimentos separados: Se adaptan a portátiles de 13´pulgadas.</li>\n\n 	<li>Cierre de cremallera impermeable</li>\n\n 	<li>Asa de transporte superior</li>\n\n 	<li>Correa de mochila ajustable</li>\n\n 	<li>Forro 100% poliéster reciclado</li>\n\n 	<li>Vegano</li>\n\n</ul>",,,taxable,,0,0,,0,0,,,,,0,,,109990,"Género, Género > Hombre, Tipo de producto > Mochilas, Género > Mujer, Tipo de producto, Género > Unisex","Engomado, Hunter, Impermeables, Mochilas, Verde",,"https://trendseeker.cl/wp-content/uploads/2023/11/UBS2236CPE-DOV1.png, https://trendseeker.cl/wp-content/uploads/2023/11/UBS2236CPE-DOV2.png, https://trendseeker.cl/wp-content/uploads/2023/11/UBS2236CPE-DOV3.png",,,,,"UBS2236CPE-BLK, UBB2237CPE-DOV",,,,18,5059997079471,Hunter,Hunter,,,,,
24968,simple,UBS2236CPE-BLK,,Mochila de Viaje Rubberised Black,0,0,visible,,"<p style=""font-weight: 400;"">La nueva colección icónica de bolsos de Hunter: La mochila Rubberised está confeccionada con un tejido de poliéster con tacto de goma resistente al agua.</p>\n\n<p style=""font-weight: 400;"">Diseñada para salidas por la ciudad y perfecta para guardar todos los elementos esenciales, la mochila está revestida de goma tiene una forma delgada con un asa superior para llevarla como bolso de mano y correas ajustables para los hombros para usarla como mochila.</p>\n\n<p style=""font-weight: 400;"">Forrado con poliéster 100% reciclado, este bolso viene con dos compartimentos separados y puede contener una computadora portátil de 13'. La bolsa tiene una capacidad de 8 L. Acabado con cierres de cremallera impermeables para proteger objetos de valor de los elementos y nuestra exclusiva PC Hunter en el frente.</p>\n\n\n\n<ul>\n\n 	<li style=""font-weight: 400;"">Tejido resistente al agua</li>\n\n 	<li>Dos compartimentos separados: Se adaptan a portátiles de 13´pulgadas.</li>\n\n 	<li>Cierre de cremallera impermeable</li>\n\n 	<li>Asa de transporte superior</li>\n\n 	<li>Correa de mochila ajustable</li>\n\n 	<li>Forro 100% poliéster reciclado</li>\n\n 	<li>Vegano</li>\n\n</ul>",,,taxable,,0,0,,0,0,,,,,0,,,109990,"Género, Género > Hombre, Tipo de producto > Mochilas, Género > Mujer, Tipo de producto, Género > Unisex","Engomado, Hunter, Impermeables, Mochilas, Negro",,"https://trendseeker.cl/wp-content/uploads/2023/11/UBS2236CPE-BLK1.png, https://trendseeker.cl/wp-content/uploads/2023/11/UBS2236CPE-BLK2.png, https://trendseeker.cl/wp-content/uploads/2023/11/UBS2236CPE-BLK4.png, https://trendseeker.cl/wp-content/uploads/2023/11/UBS2236CPE-BLK3.png",,,,,"UBB2237CPE-BLK, UBB2237CPE-MLR",,,,19,5059997079464,Hunter,Hunter,,,,,
24964,simple,UBB2237CPE-MLR,,Mochila Rubberised Rojo,0,0,visible,,"La nueva colección icónica de bolsos de Hunter: La Rubberised Original está confeccionada con un tejido de poliéster reciclado con tacto de goma resistente al agua. La mochila está revestida de goma y eso la convierte en la compañera perfecta para los desplazamientos diarios.\n\n\n\nTiene capacidad de almacenamiento para transportar una computadora portátil de 15' con un bolsillo adicional en el reverso, que está asegurado con una cremallera impermeable para protegerse del clima húmedo.\n\n\n\nForrado con poliéster 100% reciclado, las correas ajustables para los hombros permiten un uso cómodo. La bolsa tiene una capacidad de 16 L. Este bolso está acabado con herrajes metálicos y detalles de clip superior en relieve de Hunter, inspirados en los Pioneers característicos de Hunter. Acabado con el detalle del logotipo de PVC original de Hunter en la parte delantera.",,,taxable,,0,0,,0,0,,,,,0,,,139990,"Género, Género > Hombre, Tipo de producto > Mochilas, Género > Mujer, Tipo de producto, Género > Unisex","Engomado, Hunter, Impermeables, Mochilas, Rojo",,"https://trendseeker.cl/wp-content/uploads/2023/11/UBB2237CPE-MLR-1.png, https://trendseeker.cl/wp-content/uploads/2023/11/UBB2237CPE-MLR-2.png, https://trendseeker.cl/wp-content/uploads/2023/11/UBB2237CPE-MLR-3.png",,,,,"UBB1204KBM-TTP, UBB2237CPE-BLK, UBB2237CPE-DOV",,,,20,5059997079211,Hunter,Hunter,,,,,
24960,simple,UBB2237CPE-DOV,,Mochila Rubberised Verde Oliva,0,0,visible,,"La nueva colección icónica de bolsos de Hunter: La Rubberised Original está confeccionada con un tejido de poliéster reciclado con tacto de goma resistente al agua. La mochila está revestida de goma y eso la convierte en la compañera perfecta para los desplazamientos diarios.\n\n\n\nTiene capacidad de almacenamiento para transportar una computadora portátil de 15' con un bolsillo adicional en el reverso, que está asegurado con una cremallera impermeable para protegerse del clima húmedo.\n\n\n\nForrado con poliéster 100% reciclado, las correas ajustables para los hombros permiten un uso cómodo. La bolsa tiene una capacidad de 16 L. Este bolso está acabado con herrajes metálicos y detalles de clip superior en relieve de Hunter, inspirados en los Pioneers característicos de Hunter. Acabado con el detalle del logotipo de PVC original de Hunter en la parte delantera.",,,taxable,,0,0,,0,0,,,,,0,,,139990,"Género, Género > Hombre, Tipo de producto > Mochilas, Género > Mujer, Tipo de producto, Género > Unisex","Engomado, Hunter, Impermeables, Mochilas, Verde",,"https://trendseeker.cl/wp-content/uploads/2023/11/1-2.png, https://trendseeker.cl/wp-content/uploads/2023/11/2-2.png",,,,,"UBB1210KBM-DOV, UBB2237CPE-BLK",,,,21,5059997079204,Hunter,Hunter,,,,,
18673,variable,WFS2020RMA-BBO,,Botas De Agua Bajas Original Play Para Mujer Celeste,1,0,visible,,"Simplificando el diseño icónico de la bota Original, la bota Play ofrece una silueta dinámica con una suela de plataforma más plana para aportar el máximo confort y versatilidad. Confeccionada en caucho natural de la más alta calidad, esta bota de agua para mujer es 100 % impermeable. Apenas rozando la parte superior del tobillo, la bota corta cuenta con una elegante altura que complementa la moda urbana, el estilo festivalero y cualquier otro atuendo que te guste para que puedas llevarla a tu manera.",2021-07-11 0:00:00,2021-07-17 23:59:59,taxable,,1,,,0,0,0.5,,,,0,,65994,109990,"Tipo de producto > Botas, Género, Género > Mujer, Tipo de producto","Impermeables, Invierno, winter-style, Ofertas",,"https://trendseeker.cl/wp-content/uploads/2023/07/WFS2020RMA-BBO-1-princ.jpg, https://trendseeker.cl/wp-content/uploads/2023/07/Botas-play-cortas-mujer-Hunter-2.png, https://trendseeker.cl/wp-content/uploads/2023/07/WFS2020RMA-BBO-2.jpg, https://trendseeker.cl/wp-content/uploads/2023/07/WFS2020RMA-BBO-3.jpg, https://trendseeker.cl/wp-content/uploads/2023/07/WFS2020RMA-BBO-4.jpg, https://trendseeker.cl/wp-content/uploads/2023/07/WFS2020RMA-BBO-5.jpg",,,,,,"UAH3031WXA-MRG, UBP7020KBM-NVY",,,1,,Hunter,Hunter,Talla,"36, 37, 38, 39, 40/41, 42",1,1,
24954,simple,UBB2237CPE-BLK,,Mochila Rubberised Black,0,0,visible,,"La nueva colección icónica de bolsos de Hunter: La Rubberised Original está confeccionada con un tejido de poliéster reciclado con tacto de goma resistente al agua. La mochila está revestida de goma y eso la convierte en la compañera perfecta para los desplazamientos diarios.\n\n\n\nTiene capacidad de almacenamiento para transportar una computadora portátil de 15' con un bolsillo adicional en el reverso, que está asegurado con una cremallera impermeable para protegerse del clima húmedo.\n\n\n\nForrado con poliéster 100% reciclado, las correas ajustables para los hombros permiten un uso cómodo. La bolsa tiene una capacidad de 16 L. Este bolso está acabado con herrajes metálicos y detalles de clip superior en relieve de Hunter, inspirados en los Pioneers característicos de Hunter. Acabado con el detalle del logotipo de PVC original de Hunter en la parte delantera.",,,taxable,,0,0,,0,0,,,,,0,,,139990,"Género, Género > Hombre, Tipo de producto > Mochilas, Género > Mujer, Tipo de producto, Género > Unisex","Engomado, Hunter, Impermeables, Negros",,"https://trendseeker.cl/wp-content/uploads/2023/11/1-1.png, https://trendseeker.cl/wp-content/uploads/2023/11/2-1.png, https://trendseeker.cl/wp-content/uploads/2023/11/3-1.png, https://trendseeker.cl/wp-content/uploads/2023/11/4-1.png, https://trendseeker.cl/wp-content/uploads/2023/11/5.png",,,,,,"UBB1210KBM-DOV, UBB7015KBM-CAN",,,22,5059997079198,Hunter,Hunter,,,,,
18831,simple,UBB5010LRS-MLR,,Mochila Mini Con Clip En La Parte Superior Original - Cuero Engomado Rojo Militar,0,0,visible,,"Mochila práctica e impermeable elaborada con cuero engomado impermeable. El elegante y compacto cuerpo de la mochila se cierra con un clip y una cremallera en la parte superior, mientras que el detalle del bigote en la parte delantera hace referencia a nuestra bota de agua alta Original.\n\n\n\n● Impermeable\n\n\n\n● Exterior de cuero engomado\n\n\n\n● Forro impermeable para una mayor protección de las pertenencias\n\n\n\n● Correas posteriores ajustables y acolchadas para un mayor confort\n\n\n\n● Cordón de seguridad interno con gancho para sujetar el llavero\n\n\n\n● Cierres de cremallera impermeables en todos los bolsillos externos\n\n\n\n● Disponible en un tamaño más grande",,,taxable,,0,0,,0,0,,,,,0,,,239990,"Género, Tipo de producto > Mochilas, Género > Mujer, Tipo de producto",,,"https://trendseeker.cl/wp-content/uploads/2023/07/UBB5010LRS-MLR-1-princ.jpg, https://trendseeker.cl/wp-content/uploads/2023/07/UBB5010LRS-MLR-2.jpg, https://trendseeker.cl/wp-content/uploads/2023/07/UBB5010LRS-MLR-5.jpg, https://trendseeker.cl/wp-content/uploads/2023/07/UBB5010LRS-MLR-4.jpg, https://trendseeker.cl/wp-content/uploads/2023/07/UBB5010LRS-MLR-3.jpg",,,,,,"PK13PH, D62SI",,,23,5054916212168,Hunter,Hunter,,,,,
20472,variable,UFF1102EVA-PER,,Zueco In & Out Espuma de Alga Rosado,1,0,visible,,"El Zueco In &amp; Out Bloom Alga es liviano, fácil de poner y quitar y divertido. Con nuestra nueva plantilla de EVA y flor de algas que garantiza la comodidad, el detalle de corte en el lateral permite la transpirabilidad. Son fáciles de limpiar y de secado rápido, y están disponibles en una gama de colores vibrantes.",,,taxable,,1,72,,0,0,,,,,0,,29994,49990,"Tipo de producto, Tipo de producto > Zuecos","Impermeables, Ofertas",,"https://trendseeker.cl/wp-content/uploads/2022/11/UFF1102EVA-PER1-1.png, https://trendseeker.cl/wp-content/uploads/2022/11/UFF1102EVA-PER2.png, https://trendseeker.cl/wp-content/uploads/2022/11/UFF1102EVA-PER3.png, https://trendseeker.cl/wp-content/uploads/2022/11/UFF1102EVA-PER4.png, https://trendseeker.cl/wp-content/uploads/2022/11/UFF1102EVA-PER5.png",,,,,,,,,1,,Hunter,Hunter,Talla,"36, 37, 38, 39, 40/41, 42, 43, 44, 45/46",1,1,
21353,simple,UBB1122ATR-BSV,,Mochila Patchwork Negro & Morado,0,0,visible,,<ul>\n 	<li>Correas ajustables.</li>\n 	<li>Nylon reciclable.</li>\n 	<li>24 cm de largo y 12 cm de ancho.</li>\n</ul>,,,taxable,,0,0,1,0,0,,,,,0,,,89990,"Género, Género > Hombre, Tipo de producto > Mochilas, Género > Mujer, Tipo de producto, Género > Unisex","Hunter, Impermeables, Mochilas",,"https://trendseeker.cl/wp-content/uploads/2023/03/UBB1122ATR-BSV-1.png, https://trendseeker.cl/wp-content/uploads/2023/03/UBB1122ATR-BSV-2.png, https://trendseeker.cl/wp-content/uploads/2023/03/UBB1122ATR-BSV-3.png, https://trendseeker.cl/wp-content/uploads/2023/03/UBB1122ATR-BSV-4.png, https://trendseeker.cl/wp-content/uploads/2023/03/UBB1122ATR-BSV-5.png, https://trendseeker.cl/wp-content/uploads/2023/03/UBB1122ATR-BSV-6.png",,,,,,,,,24,5059997022781,Hunter,Hunter,,,,,
20473,variable,UFF1102EVA-BLK,,Zueco In & Out Espuma de Alga Negro,0,0,visible,,"El Zueco In &amp; Out Bloom Alga es liviano, fácil de poner y quitar y divertido. Con nuestra nueva plantilla de EVA y flor de algas que garantiza la comodidad, el detalle de corte en el lateral permite la transpirabilidad. Son fáciles de limpiar y de secado rápido, y están disponibles en una gama de colores vibrantes.",,,taxable,,1,72,,0,0,,,,,0,,29994,49990,"Género, Género > Hombre, Tipo de producto, Tipo de producto > Zuecos","Impermeables, Ofertas",,"https://trendseeker.cl/wp-content/uploads/2022/11/UFF1102EVA-BLK3.png, https://trendseeker.cl/wp-content/uploads/2022/11/UFF1102EVA-BLK2.png, https://trendseeker.cl/wp-content/uploads/2022/11/UFF1102EVA-BLK3-1.png, https://trendseeker.cl/wp-content/uploads/2022/11/UFF1102EVA-BLK4.png",,,,,,,,,1,,Hunter,Hunter,Talla,"36, 37, 38, 39, 40/41, 42, 43, 44, 45/46",1,1,
20292,variable,WFT2007RMA-KOM,,Botas De Agua Altas Original Play Para Mujer Kombu,0,0,visible,,"Simplificando el diseño icónico de la bota alta Original, la bota Play ofrece una silueta dinámica con una suela de plataforma más plana para aportar el máximo confort y versatilidad. Confeccionada en caucho natural de la más alta calidad, esta bota de agua para mujer es 100 % impermeable. Con una elegante altura que llega a media pantorrilla, la bota alta complementa la moda urbana, el estilo festivalero y cualquier otro atuendo que te guste para que puedas llevarla a tu manera.\n\n<ul>\n\n 	<li>Completamente impermeables</li>\n\n 	<li>Confeccionadas artesanalmente con caucho natural</li>\n\n 	<li>Forro de poliéster</li>\n\n 	<li>Rediseñadas para ofrecer una sensación de ligereza</li>\n\n 	<li>Suela moldeada con la marca Hunter</li>\n\n</ul>",,,taxable,,0,,,0,0,,,,,0,,65994,109990,"Tipo de producto > Botas, Género, Género > Mujer, Tipo de producto","Destacado, Impermeables, Ofertas",,"https://trendseeker.cl/wp-content/uploads/2022/11/WFT2007RMA-KOM-1.png, https://trendseeker.cl/wp-content/uploads/2023/07/Botas-play-largas-mujer-Hunter-5.png, https://trendseeker.cl/wp-content/uploads/2022/11/WFT2007RMA-KOM-2.png, https://trendseeker.cl/wp-content/uploads/2022/11/WFT2007RMA-KOM-3.png, https://trendseeker.cl/wp-content/uploads/2022/11/WFT2007RMA-KOM-4.png, https://trendseeker.cl/wp-content/uploads/2022/11/WFT2007RMA-KOM-5.png",,,,,,"UAH3345WXA-BLK, UAS3036AAB-GZB, UBP7012KBM-BLK, UZF3003LSK-NTR",,,1,,Hunter,Hunter,Talla,"36, 37, 38, 39, 40/41",1,1,
18858,simple,UBB6018ACD-NVY,,Mochila Mini Con Clip En La Parte Superior Original Azul Marino,0,0,visible,,"Mochila práctica e impermeable con adorno de cuero. Elaborada con nailon impermeable, el elegante y compacto cuerpo de la mochila se cierra con un clip y una cremallera en la parte superior.\n\n\n\n● Impermeable\n\n\n\n● Exterior de sarga de nailon\n\n\n\n● Forro de jacquard impermeable para una mayor protección de las pertenencias\n\n\n\n● Correas posteriores ajustables y acolchadas para un mayor confort\n\n\n\n● Cremalleras distintivas de Hunter en rojo, blanco y negro\n\n\n\n● Disponible en un tamaño más grande",,,taxable,,0,0,2,0,0,,,,,0,,,104990,"Género, Tipo de producto > Mochilas, Género > Mujer, Tipo de producto",winter-style,,"https://trendseeker.cl/wp-content/uploads/2023/07/UBB6018ACD-NVY-1-princ.jpg, https://trendseeker.cl/wp-content/uploads/2023/07/UBB6018ACD-NVY-2.jpg, https://trendseeker.cl/wp-content/uploads/2023/07/UBB6018ACD-NVY-6.jpg, https://trendseeker.cl/wp-content/uploads/2023/07/UBB6018ACD-NVY-5.jpg, https://trendseeker.cl/wp-content/uploads/2023/07/UBB6018ACD-NVY-4.jpg, https://trendseeker.cl/wp-content/uploads/2023/07/UBB6018ACD-NVY-3.jpg",,,,,,,,,28,5054916474153,Hunter,Hunter,,,,,
18857,simple,UBB6018ACD-MLR,,Mochila Mini Con Clip En La Parte Superior Original Rojo Militar,0,0,visible,,"Mochila práctica e impermeable con adorno de cuero. Elaborada con nailon impermeable, el elegante y compacto cuerpo de la mochila se cierra con un clip y una cremallera en la parte superior.\n\n\n\n● Impermeable\n\n\n\n● Exterior de sarga de nailon\n\n\n\n● Forro de jacquard impermeable para una mayor protección de las pertenencias\n\n\n\n● Correas posteriores ajustables y acolchadas para un mayor confort\n\n\n\n● Cremalleras distintivas de Hunter en rojo, blanco y negro\n\n\n\n● Disponible en un tamaño más grande",,,taxable,,0,0,,0,0,,,,,0,,,104990,"Género, Tipo de producto > Mochilas, Género > Mujer, Tipo de producto",winter-style,,"https://trendseeker.cl/wp-content/uploads/2023/07/UBB6018ACD-MLR-1-princ.jpg, https://trendseeker.cl/wp-content/uploads/2023/07/UBB6018ACD-MLR-6.jpg, https://trendseeker.cl/wp-content/uploads/2023/07/UBB6018ACD-MLR-2.jpg, https://trendseeker.cl/wp-content/uploads/2023/07/UBB6018ACD-MLR-3.jpg, https://trendseeker.cl/wp-content/uploads/2023/07/UBB6018ACD-MLR-4.jpg, https://trendseeker.cl/wp-content/uploads/2023/07/UBB6018ACD-MLR-5.jpg",,,,,,"PK13PH, UAH3031WXA-MRG",,,29,5054916211840,Hunter,Hunter,,,,,
18856,simple,UBB6018ACD-DOV,,Mochila Mini Con Clip En La Parte Superior Original Verde Oliva,0,0,visible,,"Mochila práctica e impermeable con adorno de cuero. Elaborada con nailon impermeable, el elegante y compacto cuerpo de la mochila se cierra con un clip y una cremallera en la parte superior.\n\n\n\n● Impermeable\n\n\n\n● Exterior de sarga de nailon\n\n\n\n● Forro de jacquard impermeable para una mayor protección de las pertenencias\n\n\n\n● Correas posteriores ajustables y acolchadas para un mayor confort\n\n\n\n● Cremalleras distintivas de Hunter en rojo, blanco y negro\n\n\n\n● Disponible en un tamaño más grande",,,taxable,,0,0,,0,0,,,,,0,,,104990,"Género, Tipo de producto > Mochilas, Género > Mujer, Tipo de producto",winter-style,,"https://trendseeker.cl/wp-content/uploads/2023/07/UBB6018ACD-DOV-1-princ.jpg, https://trendseeker.cl/wp-content/uploads/2023/07/UBB6018ACD-DOV-2.jpg, https://trendseeker.cl/wp-content/uploads/2023/07/UBB6018ACD-DOV-3.jpg",,,,,,,,,30,5054916211833,Hunter,Hunter,,,,,
18844,simple,UBB6017ACD-NVY,,Mochila Con Clip En La Parte Superior Original - Nylon Azul Marino,0,0,visible,,"Mochila práctica e impermeable con adorno de cuero. Elaborada con nailon impermeable, el elegante y compacto cuerpo de la mochila se cierra con un clip y una cremallera en la parte superior.\n\n\n\n● Impermeable\n\n\n\n● Exterior de sarga de nailon\n\n\n\n● Forro de jacquard impermeable para una mayor protección de las pertenencias\n\n\n\n● Correas posteriores ajustables y acolchadas para un mayor confort\n\n\n\n● Cremalleras distintivas de Hunter en rojo, blanco y negro\n\n\n\n● Disponible en un tamaño más pequeño",,,taxable,,0,0,,0,0,,,,,0,,,134990,"Género, Tipo de producto > Mochilas, Género > Mujer, Tipo de producto",,,"https://trendseeker.cl/wp-content/uploads/2023/07/UBB6017ACD-NVY-1-princ.jpg, https://trendseeker.cl/wp-content/uploads/2023/07/UBB6017ACD-NVY-5.jpg, https://trendseeker.cl/wp-content/uploads/2023/07/UBB6017ACD-NVY-2.jpg, https://trendseeker.cl/wp-content/uploads/2023/07/UBB6017ACD-NVY-3.jpg, https://trendseeker.cl/wp-content/uploads/2023/07/UBB6017ACD-NVY-4.jpg",,,,,,,,,31,5054916474146,Hunter,Hunter,,,,,
20221,variable,WFT1000RMA-OVL,,Botas de Agua Altas para Mujer Hoja de Olivo,0,0,visible,,"Perfecta para los días de lluvia, esta bota de agua para mujer ha sido la esencia de la marca Hunter Original desde su presentación en 1956. Elaborado con caucho natural, cada par está formado por 28 piezas cortadas a mano y se ensambla durante tres días sobre una horma de aluminio realizada a medida para Hunter, antes de someterse al proceso de vulcanizado para ofrecer mayor protección. Con el dibujo de Hunter Original y un cómodo forro de poliéster, esta bota impermeable de clásico es un accesorio imprescindible para los días de lluvia.\n\n\n\nRecomendamos utilizar calcetines con todas las botas Hunter para proteger la piel del contacto con el caucho. Todos los calcetines para botas Hunter están especialmente diseñados para su uso con nuestra gama de botas e incluyen una vuelta en la parte superior que permite cubrir el caucho y el nailon del borde de la bota, evitando así cualquier roce durante el uso.\n\n<div class=""copy trim-stacked-margins has-inner-html product-page-description__features"">\n\n<ul>\n\n 	<li>Completamente impermeables</li>\n\n 	<li>Elaboradas a mano a partir de 28 piezas</li>\n\n 	<li>Ajuste normal</li>\n\n 	<li>Forro de poliéster</li>\n\n 	<li>Suela de goma con dibujo de Hunter Original</li>\n\n 	<li>Confeccionadas en caucho vulcanizado natural con acabado mate</li>\n\n</ul>\n\n</div>",,,taxable,,0,,,0,0,,,,,0,,101994,169990,"Tipo de producto > Botas, Género, Género > Mujer, Tipo de producto","Destacado, Impermeables, Invierno, Verde, Ofertas",,"https://trendseeker.cl/wp-content/uploads/2022/11/PROD-SS22-ORG-WFT1000RMA-OVL-2.jpg, https://trendseeker.cl/wp-content/uploads/2023/07/Botas-largas-mujer-Hunter-14.png, https://trendseeker.cl/wp-content/uploads/2022/11/PROD-SS22-ORG-WFT1000RMA-OVL-1.jpg",,,,,,"UAS3036AAB-GZB, UAS3036AAB-GRG, UAS3000AAA-HWT, UZF3003LSK-NTR",,,1,,Hunter,Hunter,Talla,"36, 37, 38, 39, 40/41, 42",1,1,
18842,simple,UBB6017ACD-DOV,,Mochila Con Clip En La Parte Superior Original - Nylon Verde Oliva,0,0,visible,,"Mochila práctica e impermeable con adorno de cuero. Elaborada con nailon impermeable, el elegante y compacto cuerpo de la mochila se cierra con un clip y una cremallera en la parte superior.\n\n\n\n● Impermeable\n\n\n\n● Exterior de sarga de nailon\n\n\n\n● Forro de jacquard impermeable para una mayor protección de las pertenencias\n\n\n\n● Correas posteriores ajustables y acolchadas para un mayor confort\n\n\n\n● Cremalleras distintivas de Hunter en rojo, blanco y negro\n\n\n\n● Disponible en un tamaño más pequeño",,,taxable,,0,0,,0,0,,,,,0,,,134990,"Género, Tipo de producto > Mochilas, Género > Mujer, Tipo de producto",winter-style,,"https://trendseeker.cl/wp-content/uploads/2023/07/UBB6017ACD-DOV-1-princ.jpg, https://trendseeker.cl/wp-content/uploads/2023/07/UBB6017ACD-DOV-5.jpg, https://trendseeker.cl/wp-content/uploads/2023/07/UBB6017ACD-DOV-2.jpg, https://trendseeker.cl/wp-content/uploads/2023/07/UBB6017ACD-DOV-3.jpg, https://trendseeker.cl/wp-content/uploads/2023/07/UBB6017ACD-DOV-4.jpg",,,,,,"PK13PH, AC1SI",,,32,5054916211932,Hunter,Hunter,,,,,
19595,simple,UBB1157KBM-BLK,,Mochila Plegable Negra,0,0,visible,,"Elaborada con nylon irrompible y ligero, la mochila irrompible y plegable es tu complemento impermeable de uso diario. Esta práctica mochila se puede enrollar y plegar de un modo ingenioso para guardarla en su bolsillo frontal cuando no la necesites y además cuenta con bolsillos laterales elásticos y correas ajustables para un mayor confort.\n\n<ul>\n\n 	<li>Nylon impermeable e irrompible</li>\n\n 	<li>Se guarda en el bolsillo frontal</li>\n\n 	<li>Correas de malla de nylon ajustables</li>\n\n 	<li>Bolsillos laterales elásticos para una botella de agua</li>\n\n 	<li>Bolsillo delantero de acceso fácil con cierre para los objetos valiosos</li>\n\n 	<li>Logotipo del recuadro de Hunter serigrafiado</li>\n\n 	<li>Altura: 40 cm. Profundidad: 13,5 cm. Anchura: 37 cm</li>\n\n</ul>\n\n<div class=""product-page-description__product-code""><span class=""product-page-description__title"">Product code: </span><span class=""product-page-description__number"">UBB1157KBM-BLK</span></div>",,,taxable,,0,0,,0,0,,,,,0,,,54990,"Género, Tipo de producto > Mochilas, Género > Mujer, Tipo de producto",,,"https://trendseeker.cl/wp-content/uploads/2023/07/PROD-AW20-UBB1157KBM-BLK-1.jpg, https://trendseeker.cl/wp-content/uploads/2023/07/PROD-AW20-UBB1157KBM-BLK-2.jpg, https://trendseeker.cl/wp-content/uploads/2023/07/PROD-AW20-UBB1157KBM-BLK-3.jpg, https://trendseeker.cl/wp-content/uploads/2023/07/PROD-AW20-UBB1157KBM-BLK-4.jpg, https://trendseeker.cl/wp-content/uploads/2023/07/PROD-AW20-UBB1157KBM-BLK-5.jpg, https://trendseeker.cl/wp-content/uploads/2023/07/PROD-AW20-UBB1157KBM-BLK-6.jpg",,,,,,,,,33,5054916740890,Hunter,Hunter,,,,,
19510,simple,UBB1204KBM-BLK,,Mochila Pioneer Negra,0,0,visible,,"Para el aventurero de todos los días, existe la mochila Original Nylon Pioneer Topclip, fácil de limpiar y resistente al agua.\n\n\n\nAdemás, es única en materias de sostenibilidad, ya que está hecha de Nylon 100% reciclado.\n\n\n\nAprovechando el conocimiento de Hunter para todo tipo de clima, esta mochila puede guardar de manera segura una computadora portátil dentro de la funda interior, que se encuentra dentro de un compartimento forrado resistente al agua.\n\n\n\nEn la parte externa hay más espacio de almacenamiento con un bolsillo lateral de malla ajustable que se adapta a una botella de agua y un bolsillo delantero para guardar un teléfono.\n\n\n\nPara mayor comodidad, un panel trasero de malla proporciona transpirabilidad y las correas ajustables acolchadas permiten un ajuste a la medida.\n\n<ul>\n\n 	<li>Nylon resistente al agua</li>\n\n 	<li>Funda interna para notebook en el compartimiento principal</li>\n\n 	<li>Compartimientos internos en el bolsillo delantero</li>\n\n 	<li>Ancho 27cm,  profundidad 16cm, alto 38cm</li>\n\n</ul>",,,taxable,,0,0,,0,0,,,,,0,,,89990,"Género, Tipo de producto > Mochilas, Género > Mujer, Tipo de producto",spring-is-coming,,"https://trendseeker.cl/wp-content/uploads/2023/07/UBB1204KBM-BLK-1.jpg, https://trendseeker.cl/wp-content/uploads/2023/07/UBB1204KBM-BLK-3.jpg, https://trendseeker.cl/wp-content/uploads/2023/07/UBB1204KBM-BLK-2.jpg",,,,,,,,,34,5054916830706,Hunter,Hunter,,,,,
19350,variable,WFT1000RMA-BLK,,Botas De Agua Altas Original Para Mujer,0,0,visible,,"Perfecta para los días de lluvia, esta bota de agua para mujer ha sido la esencia de la marca Hunter Original desde su presentación en 1956. Elaborado con caucho natural, cada par está formado por 28 piezas cortadas a mano y se ensambla durante tres días sobre una horma de aluminio realizada a medida para Hunter. Luego se somete al proceso de vulcanizado para ofrecer mayor protección.\n\n\n\nCon el dibujo de Hunter Original y un cómodo forro de poliéster, esta bota impermeable de clásico es un accesorio imprescindible para los días de lluvia.\n\n\n\nRecomendamos utilizar calcetines con todas las botas Hunter para proteger la piel del contacto con el caucho. Todos los calcetines para botas Hunter están especialmente diseñados para su uso con nuestra gama de botas.  Los modelos incluyen una vuelta en la parte superior que permite cubrir el caucho y el nailon del borde de la bota, evitando así cualquier roce durante el uso.\n\n<ul>\n\n 	<li>Completamente impermeables</li>\n\n 	<li>Elaboradas a mano a partir de 28 piezas</li>\n\n 	<li>Ajuste normal</li>\n\n 	<li>Forro de poliéster</li>\n\n 	<li>Suela de goma con dibujo de Hunter Original</li>\n\n</ul>",,,taxable,,1,144,,0,0,,,,,0,,101994,169990,"Tipo de producto > Botas, Género, Género > Mujer, Tipo de producto","Impermeables, Invierno, Ofertas",,"https://trendseeker.cl/wp-content/uploads/2023/07/WFT1000RMA-BLK-1-princ.jpg, https://trendseeker.cl/wp-content/uploads/2023/07/Botas-largas-mujer-Hunter-12.png, https://trendseeker.cl/wp-content/uploads/2023/07/WFT1000RMA-BLK-2.jpg, https://trendseeker.cl/wp-content/uploads/2023/07/WFT1000RMA-BLK-3.jpg, https://trendseeker.cl/wp-content/uploads/2023/07/WFT1000RMA-BLK-4.jpg, https://trendseeker.cl/wp-content/uploads/2023/07/WFT1000RMA-BLK-5.jpg",,,,,,"UAS3036AAB-GZB, UAS3036AAB-BLK, UAS3036AAB-GRG",,,1,,Hunter,Hunter,Talla,"36, 37, 38, 39, 40/41, 42",0,1,
18865,simple,UBB6018ACD-RPB,,Mochila Mini Con Clip En La Parte Superior Original Azul Palido,0,0,visible,,"Mochila práctica e impermeable con adorno de cuero. Elaborada con nailon impermeable, el elegante y compacto cuerpo de la mochila se cierra con un clip y una cremallera en la parte superior.\n\n\n\n● Impermeable\n\n\n\n● Exterior de sarga de nailon\n\n\n\n● Forro de jacquard impermeable para una mayor protección de las pertenencias\n\n\n\n● Correas posteriores ajustables y acolchadas para un mayor confort\n\n\n\n● Cremalleras distintivas de Hunter en rojo, blanco y negro\n\n\n\n● Disponible en un tamaño más grande",,,taxable,,0,0,,0,0,0.6,11.5,,32,0,,,99990,"Género, Tipo de producto > Mochilas, Género > Mujer, Tipo de producto",,,,,,,,,,,,37,5054916211871,Hunter,Hunter,,,,,
19862,simple,UAH5101WXA-HRE,,Gorro Stripe Negro,0,0,visible,,"Para los días fríos, el gorro Stripe ofrece una capa de aislamiento con un estilo increíble. Además tiene una sensación suave al tacto, y gana distinción adicional con la marca Hunter entretejida en el diseño. Completa el look con tu mochila Hunter favorita o unas botas a juego.",,,taxable,,0,0,,0,0,,,,,0,,14994,24990,"Tipo de producto > Accesorios, Tipo de producto > Accesorios > Gorros, Tipo de producto","Invierno, Ofertas",,https://trendseeker.cl/wp-content/uploads/2023/07/UAH5101WXA-HRE-1.jpg,,,,,,,,,1,5054916831352,Hunter,Hunter,,,,,
22490,simple,UBB2238CPE-BLK,,Mochila Intrepid Puffer Black,0,0,visible,,"La mochila Intrepid Puffer está fabricada con un nylon con tacto de goma con un sello de revestimiento de PU resistente al agua especializado. Tiene una capacidad de 9,5 L. Con bolsillos laterales con cierre de cordón para guardar botellas de agua o sombrillas, un bolsillo interno acolchado para guardar una computadora portátil de 13.5 ' y un cordón interno para tener las llaves a mano.\n\n<ul>\n\n 	<li>Funda para portátil de 13,5 pulgadas</li>\n\n 	<li>Bolsillos laterales</li>\n\n 	<li>Bolsillo delantero con cremallera</li>\n\n 	<li>Bolsillo deslizante interno y cordón</li>\n\n 	<li>100% nylon reciclado</li>\n\n 	<li>Forro 100% poliéster reciclado</li>\n\n 	<li>Con certificado vegano</li>\n\n 	<li>Resistente al agua</li>\n\n 	<li>100% nylon tacto goma</li>\n\n 	<li>100% poliéster reciclado</li>\n\n 	<li>Peso del producto 0.56 Kg</li>\n\n 	<li>Dimensiones alto 43cm, ancho 35cm y profundidad 15cm</li>\n\n</ul>",,,taxable,,0,0,,0,0,,,,,0,,,109990,"Género, Tipo de producto > Mochilas, Género > Mujer, Tipo de producto, Género > Unisex","Black, Hunter, Impermeables, Mochilas, Red",,"https://trendseeker.cl/wp-content/uploads/2023/07/UBB2238CPE-BLK1.png, https://trendseeker.cl/wp-content/uploads/2023/07/UBB2238CPE-BLK2.png",,,,,,"UBB2241KBM-RBO, UBB2241KBM-WHW, UBB1210KBM-RWP",,,39,5059997079631,Hunter,Hunter,,,,,
22488,simple,UBB2241KBM-RBO,,Mochila Intrepid Puffer Black & Red,0,0,visible,,"La mochila Intrepid Puffer está fabricada con un nylon con tacto de goma con un sello de revestimiento de PU resistente al agua especializado. Tiene una capacidad de 9,5 L. Con bolsillos laterales con cierre de cordón para guardar botellas de agua o sombrillas, un bolsillo interno acolchado para guardar una computadora portátil de 13.5 ' y un cordón interno para tener las llaves a mano.\n\n<ul>\n\n 	<li>Funda para portátil de 13,5 pulgadas</li>\n\n 	<li>Bolsillos laterales</li>\n\n 	<li>Bolsillo delantero con cremallera</li>\n\n 	<li>Bolsillo deslizante interno y cordón</li>\n\n 	<li>100% nylon reciclado</li>\n\n 	<li>Forro 100% poliéster reciclado</li>\n\n 	<li>Con certificado vegano</li>\n\n 	<li>Resistente al agua</li>\n\n 	<li>100% nylon tacto goma</li>\n\n 	<li>100% poliéster reciclado</li>\n\n 	<li>Peso del producto 0.56 Kg</li>\n\n 	<li>Dimensiones alto 43cm, ancho 35cm y profundidad 15cm</li>\n\n</ul>",,,taxable,,0,0,,0,0,,,,,0,,,109990,"Género, Tipo de producto > Mochilas, Género > Mujer, Tipo de producto, Género > Unisex","Black, Hunter, Impermeables, Mochilas, Negro",,https://trendseeker.cl/wp-content/uploads/2023/07/UBB2241KBM-RBO1.png,,,,,,"UBB2241KBM-WHW, UBB1204KBM-BID, UBB1204KBM-BLK",,,40,5059997079259,Hunter,Hunter,,,,,
19623,variable,WFF1088RMA-DOC,,Zueco de Jardin para Mujer Verde Oliva,1,0,visible,,"<p style=""font-weight: 400;"">Estos estilosos zuecos Hunter son la comodidad que buscabas para las calurosas temporadas de primavera y verano con todo el estilo británico de esta icónica marca. Los zapatos no tienen cierres y son hechos a mano con goma impermeable, diseñados para estar cómodamente y se inspiran en el clásico look británico para la jardinería. El zueco tiene una forma natural y flexible hecha de goma y además cuenta con la firma de Hunter en el dibujo de la suela para un mejor agarre. Forrado de neopreno, protege de los elementos a la vez que proporciona sujeción al pie.</p>\n\n<ul style=""font-weight: 400;"">\n 	<li>100% impermeables</li>\n 	<li>Hechos a mano</li>\n 	<li>Forro de neopreno</li>\n 	<li>Estructura de goma natural con un acabado mate</li>\n 	<li>Suela con logo Hunter</li>\n 	<li>Exterior de caucho natural</li>\n 	<li>Forro de poliéster reciclado</li>\n 	<li>Suela de caucho diseñada para un buen agarre en todo tipo de suelos</li>\n</ul>",,,taxable,,1,,,0,0,,,,,0,,53994,89990,"Tipo de producto > Botas, Género, Género > Mujer, Tipo de producto","Impermeables, Invierno, Verde, Ofertas",,"https://trendseeker.cl/wp-content/uploads/2022/11/WFF1088RMA-DOC-1-1.jpg, https://trendseeker.cl/wp-content/uploads/2022/11/WFF1088RMA-DOC-2.jpg, https://trendseeker.cl/wp-content/uploads/2023/07/WFF1088RMA-DOC-3.jpg, https://trendseeker.cl/wp-content/uploads/2022/11/WFF1088RMA-DOC-4.jpg, https://trendseeker.cl/wp-content/uploads/2022/11/WFF1088RMA-DOC-5.jpg",,,,,,,,,1,,Hunter,Hunter,Talla,"36, 37, 38, 39, 40",1,1,
20140,simple,UBB1204KBM-RWP,,Mochila Pioneer Rosado,0,0,visible,,"Para el aventurero de todos los días, existe la mochila Original Nylon Pioneer Topclip, fácil de limpiar y resistente al agua.\n\nAdemás, es única en materias de sostenibilidad, ya que está hecha de Nylon 100% reciclado.\n\nAprovechando el conocimiento de Hunter para todo tipo de clima, esta mochila puede guardar de manera segura una computadora portátil dentro de la funda interior, que se encuentra dentro de un compartimento forrado resistente al agua.\n\nEn la parte externa hay más espacio de almacenamiento con un bolsillo lateral de malla ajustable que se adapta a una botella de agua y un bolsillo delantero para guardar un teléfono.\n\nPara mayor comodidad, un panel trasero de malla proporciona transpirabilidad y las correas ajustables acolchadas permiten un ajuste a la medida.\n<ul>\n 	<li>Nylon resistente al agua</li>\n 	<li>Funda interna para notebook en el compartimiento principal</li>\n 	<li>Compartimientos internos en el bolsillo delantero</li>\n 	<li>Ancho 27cm,  profundidad 16cm, alto 38cm</li>\n</ul>",,,taxable,,0,0,,0,0,,,,,0,,,89990,"Género, Tipo de producto > Mochilas, Género > Mujer, Tipo de producto",,,"https://trendseeker.cl/wp-content/uploads/2023/07/UBB1204KBM-RWP-1-1.jpg, https://trendseeker.cl/wp-content/uploads/2023/07/UBB1204KBM-RWP-3-1.jpg, https://trendseeker.cl/wp-content/uploads/2023/07/UBB1204KBM-RWP-2-1.jpg, https://trendseeker.cl/wp-content/uploads/2023/07/UBB1204KBM-RWP-5-1.jpg, https://trendseeker.cl/wp-content/uploads/2023/07/UBB1204KBM-RWP-4-1.jpg, https://trendseeker.cl/wp-content/uploads/2023/07/UBB1204KBM-RWP-6-1.jpg",,,,,,,,,41,5054916926058,Hunter,Hunter,,,,,
20133,simple,UBB1204KBM-SWG,,Mochila Pioneer Verde Sweet Gale,0,0,visible,,"Para el aventurero de todos los días, existe la mochila Original Nylon Pioneer Topclip, fácil de limpiar y resistente al agua.\n\n\n\nAdemás, es única en materias de sostenibilidad, ya que está hecha de Nylon 100% reciclado.\n\n\n\nAprovechando el conocimiento de Hunter para todo tipo de clima, esta mochila puede guardar de manera segura una computadora portátil dentro de la funda interior, que se encuentra dentro de un compartimento forrado resistente al agua.\n\n\n\nEn la parte externa hay más espacio de almacenamiento con un bolsillo lateral de malla ajustable que se adapta a una botella de agua y un bolsillo delantero para guardar un teléfono.\n\n\n\nPara mayor comodidad, un panel trasero de malla proporciona transpirabilidad y las correas ajustables acolchadas permiten un ajuste a la medida.\n\n<ul>\n\n 	<li>Nylon resistente al agua</li>\n\n 	<li>Funda interna para notebook en el compartimiento principal</li>\n\n 	<li>Compartimientos internos en el bolsillo delantero</li>\n\n 	<li>Ancho 27cm,  profundidad 16cm, alto 38cm</li>\n\n</ul>",,,taxable,,0,0,,0,0,,,,,0,,,89990,"Género, Tipo de producto > Mochilas, Género > Mujer, Tipo de producto",,,"https://trendseeker.cl/wp-content/uploads/2023/07/Mochilas-Hunter-12-marzo-2022.png, https://trendseeker.cl/wp-content/uploads/2023/07/PROD-SS22-ORG-UBB1204KBM-SWG-2.jpg, https://trendseeker.cl/wp-content/uploads/2023/07/PROD-SS22-ORG-UBB1204KBM-SWG-3.jpg, https://trendseeker.cl/wp-content/uploads/2023/07/PROD-SS22-ORG-UBB1204KBM-SWG-4.jpg, https://trendseeker.cl/wp-content/uploads/2023/07/PROD-SS22-ORG-UBB1204KBM-SWG-7.jpg, https://trendseeker.cl/wp-content/uploads/2023/07/PROD-SS22-ORG-UBB1204KBM-SWG-6.jpg",,,,,,,,,42,5054916885478,Hunter,Hunter,,,,,
18617,variable,WFT1000RMA-HGR,,Botas De Agua Altas Original Para Mujer Verde,0,0,visible,,"Perfecta para los días de lluvia, esta bota de agua para mujer ha sido la esencia de la marca Hunter Original desde su presentación en 1956. Elaborado con caucho natural, cada par está formado por 28 piezas cortadas a mano y se ensambla durante tres días sobre una horma de aluminio realizada a medida para Hunter, antes de someterse al proceso de vulcanizado para ofrecer mayor protección. Con el dibujo de Hunter Original y un cómodo forro de poliéster, esta bota impermeable de clásico es un accesorio imprescindible para los días de lluvia.\n\n\n\nRecomendamos utilizar calcetines con todas las botas Hunter para proteger la piel del contacto con el caucho. Todos los calcetines para botas Hunter están especialmente diseñados para su uso con nuestra gama de botas e incluyen una vuelta en la parte superior que permite cubrir el caucho y el nailon del borde de la bota, evitando así cualquier roce durante el uso.\n\n\n\n- Completamente impermeables\n\n\n\n- Elaboradas a mano a partir de 28 piezas\n\n\n\n- Ajuste normal\n\n\n\n- Forro de poliéster\n\n\n\n- Suela de goma con dibujo de Hunter Original",,,taxable,,0,,,0,0,,,,,0,,101994,169990,"Tipo de producto > Botas, Género, Género > Mujer, Tipo de producto","Impermeables, Invierno, Verde, Ofertas",,"https://trendseeker.cl/wp-content/uploads/2023/07/WFT1000RMA-HGR-1-princ.jpg, https://trendseeker.cl/wp-content/uploads/2023/07/Botas-largas-mujer-Hunter-5.png, https://trendseeker.cl/wp-content/uploads/2023/07/WFT1000RMA-HGR-2.jpg, https://trendseeker.cl/wp-content/uploads/2023/07/WFT1000RMA-HGR-3.jpg, https://trendseeker.cl/wp-content/uploads/2023/07/WFT1000RMA-HGR-4.jpg, https://trendseeker.cl/wp-content/uploads/2023/07/WFT1000RMA-HGR-5.jpg",,,,,,"UAS3036AAB-HWT, UZF3003LSK-NTR",,,1,,Hunter,Hunter,Talla,"36, 37, 38, 39, 40/41, 42",1,1,
20484,simple,UBB6029RPU-RBP,,Mochila Engomada Pink,0,0,visible,,"Un nuevo diseño de Hunter, esta mochila engomada impermeable es el complemento ideal para cualquier outfit.\n\n<div class=""copy trim-stacked-margins has-inner-html product-page-description__features"">\n\n<ul>\n\n 	<li>Elaborada con cuero engomado impermeable</li>\n\n 	<li>Cremalleras Hunter.</li>\n\n 	<li>Correas posteriores acolchadas para un mayor confort</li>\n\n 	<li>Bolsillo delantero</li>\n\n 	<li>Apertura sencilla</li>\n\n 	<li>Alto 37 cm</li>\n\n 	<li>Ancho 27 cm</li>\n\n 	<li>Profundidad 13 cm</li>\n\n</ul>\n\n</div>",,,taxable,,0,0,,0,0,,,,,0,,,139990,"Género, Tipo de producto > Mochilas, Género > Mujer, Tipo de producto",Impermeables,,"https://trendseeker.cl/wp-content/uploads/2023/07/UBB6029RPU-RBP-1-1.png, https://trendseeker.cl/wp-content/uploads/2023/07/UBB6029RPU-RBP-2-2.png, https://trendseeker.cl/wp-content/uploads/2023/07/UBB6029RPU-RBP-3-1.png, https://trendseeker.cl/wp-content/uploads/2023/07/UBB6029RPU-RBP-5-1.png",,,,,,"UBB1116SHA-BLK, UBB2022LRS-BLK, UBB6017ACD-PKB",,,45,5054916278102,Hunter,Hunter,,,,,
20125,simple,UBB1204KBM-SBR,,Mochila Pioneer Celeste Intenso,0,0,visible,,"Para el aventurero de todos los días, existe la mochila Original Nylon Pioneer Topclip, fácil de limpiar y resistente al agua.\n\nAdemás, es única en materias de sostenibilidad, ya que está hecha de Nylon 100% reciclado.\n\nAprovechando el conocimiento de Hunter para todo tipo de clima, esta mochila puede guardar de manera segura una computadora portátil dentro de la funda interior, que se encuentra dentro de un compartimento forrado resistente al agua.\n\nEn la parte externa hay más espacio de almacenamiento con un bolsillo lateral de malla ajustable que se adapta a una botella de agua y un bolsillo delantero para guardar un teléfono.\n\nPara mayor comodidad, un panel trasero de malla proporciona transpirabilidad y las correas ajustables acolchadas permiten un ajuste a la medida.\n<ul>\n 	<li>Nylon resistente al agua</li>\n 	<li>Funda interna para notebook en el compartimiento principal</li>\n 	<li>Compartimientos internos en el bolsillo delantero</li>\n 	<li>Ancho 27cm,  profundidad 16cm, alto 38cm</li>\n</ul>",,,taxable,,0,0,,0,0,,,,,0,,,89990,"Género, Tipo de producto > Mochilas, Género > Mujer, Tipo de producto",,,"https://trendseeker.cl/wp-content/uploads/2023/07/PROD-SS22-ORG-UBB1204KBM-SBR-1-1.jpg, https://trendseeker.cl/wp-content/uploads/2023/07/PROD-SS22-ORG-UBB1204KBM-SBR-2-1.jpg, https://trendseeker.cl/wp-content/uploads/2023/07/PROD-SS22-ORG-UBB1204KBM-SBR-3-1-1.jpg, https://trendseeker.cl/wp-content/uploads/2023/07/PROD-SS22-ORG-UBB1204KBM-SBR-4-1.jpg, https://trendseeker.cl/wp-content/uploads/2023/07/PROD-SS22-ORG-UBB1204KBM-SBR-5-1.jpg, https://trendseeker.cl/wp-content/uploads/2023/07/PROD-SS22-ORG-UBB1204KBM-SBR-7-1.jpg, https://trendseeker.cl/wp-content/uploads/2023/07/PROD-SS22-ORG-UBB1204KBM-SBR-6-1.jpg",,,,,,,,,46,5054916885492,Hunter,Hunter,,,,,
19525,simple,UBB6017ACD-RYL-1,,Mochila Con Clip En La Parte Superior Original - Nylon Amarillo,0,1,visible,,"Mochila práctica e impermeable con adorno de cuero. Elaborada con nailon impermeable, el elegante y compacto cuerpo de la mochila se cierra con un clip y una cremallera en la parte superior.\n\n\n\n● Impermeable\n\n\n\n● Exterior de sarga de nailon\n\n\n\n● Forro de jacquard impermeable para una mayor protección de las pertenencias\n\n\n\n● Correas posteriores ajustables y acolchadas para un mayor confort\n\n\n\n● Cremalleras distintivas de Hunter en rojo, blanco y negro\n\n\n\n● Disponible en un tamaño más pequeño",,,taxable,,0,0,,0,0,1,11.5,,37,0,,,119990,"Género, Tipo de producto > Mochilas, Género > Mujer, Tipo de producto",,,"https://trendseeker.cl/wp-content/uploads/2023/07/UBB6017ACD-RYL-1-princ.jpg, https://trendseeker.cl/wp-content/uploads/2023/07/UBB6017ACD-RYL-5.jpg, https://trendseeker.cl/wp-content/uploads/2023/07/UBB6017ACD-RYL-2.jpg, https://trendseeker.cl/wp-content/uploads/2023/07/UBB6017ACD-RYL-3.jpg, https://trendseeker.cl/wp-content/uploads/2023/07/UBB6017ACD-RYL-4.jpg",,,,,,"PK13PH, D62SI",,,47,5054916211987,Hunter,Hunter,,,,,
18943,variable,WFT1071RMA-BLK,,Botas Original Refined Para Mujer Negro,0,0,visible,,"Con un ajuste más ceñido para la vida urbana, la bota de agua alta Refined incluye un diseño personalizado y una estructura con menos capas de caucho para aportar una sensación de mayor ligereza. Elaborada a mano y completamente impermeable, esta bota de agua para mujer con un clásico acabado mate combina a la perfección funcionalidad y estilo para ofrecer un aspecto elegante en los días de lluvia.\n\n\n\n- Ajuste ceñido\n\n\n\n- Completamente impermeables\n\n\n\n- De fabricación artesanal\n\n\n\n- Forro de poliéster\n\n\n\n- Estructura con menos capas de caucho para una sensación de mayor ligereza\n\n\n\n- Plantilla moldeada para mayor comodidad y apoyo",,,taxable,,0,,,0,0,,,,,0,,101994,169990,"Tipo de producto > Botas, Género, Género > Mujer, Tipo de producto","Impermeables, Invierno, Ofertas",,"https://trendseeker.cl/wp-content/uploads/2023/07/WFT1001RMA-BLK-1-princ-1.jpg, https://trendseeker.cl/wp-content/uploads/2023/07/Botas-refined-largas-mujer-Hunter.png, https://trendseeker.cl/wp-content/uploads/2023/07/WFT1001RMA-BLK-2-1.jpg, https://trendseeker.cl/wp-content/uploads/2023/07/WFT1001RMA-BLK-3-1.jpg, https://trendseeker.cl/wp-content/uploads/2023/07/WFT1001RMA-BLK-4-1.jpg, https://trendseeker.cl/wp-content/uploads/2023/07/WFT1001RMA-BLK-5-1.jpg",,,,,,"D62SI, UAH3031WXA-GZB",,,1,,Hunter,Hunter,Talla,"36, 37, 38, 39, 40/41, 42",0,1,
18869,simple,UBB6018ACD-RYL,,Mochila Mini Con Clip En La Parte Superior Original Amarillo,0,0,visible,,"Mochila práctica e impermeable con adorno de cuero. Elaborada con nailon impermeable, el elegante y compacto cuerpo de la mochila se cierra con un clip y una cremallera en la parte superior.\n\n\n\n● Impermeable\n\n\n\n● Exterior de sarga de nailon\n\n\n\n● Forro de jacquard impermeable para una mayor protección de las pertenencias\n\n\n\n● Correas posteriores ajustables y acolchadas para un mayor confort\n\n\n\n● Cremalleras distintivas de Hunter en rojo, blanco y negro\n\n\n\n● Disponible en un tamaño más grande",,,taxable,,0,0,,0,0,0.6,11.5,,32,0,,,99990,"Género, Tipo de producto > Mochilas, Género > Mujer, Tipo de producto",,,"https://trendseeker.cl/wp-content/uploads/2023/07/UBB6018ACD-RYL-1-prin.jpg, https://trendseeker.cl/wp-content/uploads/2023/07/UBB6018ACD-RYL-6.jpg, https://trendseeker.cl/wp-content/uploads/2023/07/UBB6018ACD-RYL-2.jpg, https://trendseeker.cl/wp-content/uploads/2023/07/UBB6018ACD-RYL-3.jpg, https://trendseeker.cl/wp-content/uploads/2023/07/UBB6018ACD-RYL-4.jpg, https://trendseeker.cl/wp-content/uploads/2023/07/UBB6018ACD-RYL-5.jpg",,,,,,,,,49,5054916211918,Hunter,Hunter,,,,,
18864,simple,UBB6018ACD-ROR,,Mochila Mini Con Clip En La Parte Superior Original Naranjo,0,0,visible,,"Mochila práctica e impermeable con adorno de cuero. Elaborada con nailon impermeable, el elegante y compacto cuerpo de la mochila se cierra con un clip y una cremallera en la parte superior.\n\n\n\n● Impermeable\n\n\n\n● Exterior de sarga de nailon\n\n\n\n● Forro de jacquard impermeable para una mayor protección de las pertenencias\n\n\n\n● Correas posteriores ajustables y acolchadas para un mayor confort\n\n\n\n● Cremalleras distintivas de Hunter en rojo, blanco y negro\n\n\n\n● Disponible en un tamaño más grande",,,taxable,,0,0,,0,0,0.6,11.5,,32,0,,,99990,"Género, Tipo de producto > Mochilas, Género > Mujer, Tipo de producto",winter-style,,"https://trendseeker.cl/wp-content/uploads/2023/07/UBB6018ACD-ROR-1-princ.jpg, https://trendseeker.cl/wp-content/uploads/2023/07/UBB6018ACD-ROR-2.jpg, https://trendseeker.cl/wp-content/uploads/2023/07/UBB6018ACD-ROR-3.jpg, https://trendseeker.cl/wp-content/uploads/2023/07/UBB6018ACD-ROR-4.jpg",,,,,,"PK13PH, D62SI",,,50,5054916211864,Hunter,Hunter,,,,,
18855,simple,UBB6018ACD-BTB,,Mochila Mini Con Clip En La Parte Superior Original Azul,0,0,visible,,"Mochila práctica e impermeable con adorno de cuero. Elaborada con nailon impermeable, el elegante y compacto cuerpo de la mochila se cierra con un clip y una cremallera en la parte superior.\n\n\n\n● Impermeable\n\n\n\n● Exterior de sarga de nailon\n\n\n\n● Forro de jacquard impermeable para una mayor protección de las pertenencias\n\n\n\n● Correas posteriores ajustables y acolchadas para un mayor confort\n\n\n\n● Cremalleras distintivas de Hunter en rojo, blanco y negro\n\n\n\n● Disponible en un tamaño más grande",,,taxable,,0,0,,0,0,0.6,11.5,,32,0,,,99990,"Género, Tipo de producto > Mochilas, Género > Mujer, Tipo de producto",,,"https://trendseeker.cl/wp-content/uploads/2023/07/UBB6018ACD__Bucket_Blue_BTB-1.jpg, https://trendseeker.cl/wp-content/uploads/2023/07/UBB6018ACD__Bucket_Blue_BTB-2.jpg, https://trendseeker.cl/wp-content/uploads/2023/07/UBB6018ACD__Bucket_Blue_BTB-3.jpg, https://trendseeker.cl/wp-content/uploads/2023/07/UBB6018ACD__Bucket_Blue_BTB-4.jpg, https://trendseeker.cl/wp-content/uploads/2023/07/UBB6018ACD__Bucket_Blue_BTB-5.jpg, https://trendseeker.cl/wp-content/uploads/2023/07/UBB6018ACD__Bucket_Blue_BTB-6.jpg",,,,,,,,,51,5054916438063,Hunter,Hunter,,,,,
21223,variable,WFT2235RMA-BLK,,Botas Play Alta Aislante Con Forro De Shearling Black Para Mujer,0,0,visible,,"Salta al clima más frío con la nueva bota Alta Aislada Play, que ofrece una silueta dinámica con una suela de plataforma más plana para una máxima comodidad y versatilidad. Fabricadas con caucho natural de la más alta calidad y con una acogedora capa interior de borrego vegano, estas botas están aisladas para soportar temperaturas de hasta -5°C (23°F).\n\nRecomendamos que todas las botas Hunter sean llevadas con calcetines para proteger las pieles más sensibles del contacto con el caucho.\n<div class=""copy trim-stacked-margins has-inner-html product-page-description__features"">\n<ul>\n 	<li>Vegano certificado</li>\n 	<li>Impermeable</li>\n 	<li>Hecho a mano</li>\n 	<li>Forro de piel sintética de poliéster</li>\n 	<li>Lengüeta para facilitar la entrada del pie</li>\n 	<li>Plantilla de aislamiento térmico para extra aislamiento</li>\n 	<li>Suela más plana para mayor comodidad</li>\n 	<li>Puede llevarse a temperaturas de hasta -5°C</li>\n 	<li><strong>Revisar imagen con tabla de medidas por talla </strong></li>\n</ul>\n</div>",,,taxable,,0,,,0,0,,,,,0,,83994,139990,"Tipo de producto > Botas, Calzado, Género, Género > Mujer, Tipo de producto, Tipo de producto > Zapatos","Botas, Hunter, Negra, Play, Sherpa, Ofertas",,"https://trendseeker.cl/wp-content/uploads/2023/02/5.png, https://trendseeker.cl/wp-content/uploads/2023/07/Botas-play-largas-mujer-Hunter-6.png, https://trendseeker.cl/wp-content/uploads/2023/02/4.png, https://trendseeker.cl/wp-content/uploads/2023/02/3.png, https://trendseeker.cl/wp-content/uploads/2023/02/2.png, https://trendseeker.cl/wp-content/uploads/2023/02/1.png",,,,,,"WFS2020RMA-BBO, WFS2020RMA-BLK, WFS2020RMA-LRD",,,1,,Hunter,Hunter,Talla,"36, 37, 38, 39, 40/41",1,1,
18680,variable,WFT1000RMA-RYL,,Botas De Agua Altas Original Para Mujer Amarillo,0,0,visible,,"Perfecta para los días de lluvia, esta bota de agua para mujer ha sido la esencia de la marca Hunter Original desde su presentación en 1956. Elaborado con caucho natural, cada par está formado por 28 piezas cortadas a mano y se ensambla durante tres días sobre una horma de aluminio realizada a medida para Hunter, antes de someterse al proceso de vulcanizado para ofrecer mayor protección. Con el dibujo de Hunter Original y un cómodo forro de poliéster, esta bota impermeable de clásico es un accesorio imprescindible para los días de lluvia.\n\n\n\nRecomendamos utilizar calcetines con todas las botas Hunter para proteger la piel del contacto con el caucho. Todos los calcetines para botas Hunter están especialmente diseñados para su uso con nuestra gama de botas e incluyen una vuelta en la parte superior que permite cubrir el caucho y el nailon del borde de la bota, evitando así cualquier roce durante el uso.\n\n\n\n- Completamente impermeables\n\n\n\n- Elaboradas a mano a partir de 28 piezas\n\n\n\n- Ajuste normal\n\n\n\n- Forro de poliéster\n\n\n\n- Suela de goma con dibujo de Hunter Original\n\n\n\n<strong>SIN CAMBIOS NI DEVOLUCIONES</strong>",,,taxable,,0,,,0,0,,,,,0,,89994,149990,"Tipo de producto > Botas, Género, Género > Mujer, Tipo de producto","Impermeables, Invierno, Ofertas",,"https://trendseeker.cl/wp-content/uploads/2023/07/WFT1000RMA-RYL-1-princ.jpg, https://trendseeker.cl/wp-content/uploads/2023/07/Botas-largas-mujer-Hunter-7.png, https://trendseeker.cl/wp-content/uploads/2023/07/WFT1000RMA-RYL-2.jpg, https://trendseeker.cl/wp-content/uploads/2023/07/WFT1000RMA-RYL-3.jpg, https://trendseeker.cl/wp-content/uploads/2023/07/WFT1000RMA-RYL-4.jpg, https://trendseeker.cl/wp-content/uploads/2023/07/WFT1000RMA-RYL-5.jpg",,,,,,"UAH3031WXA-MRG, UBB6017ACD-BLK",,,1,,Hunter,Hunter,Talla,"36, 37, 38, 39, 40/41, 42",1,1,
19658,variable,UAS3000AAA-MLR,,Hunter Calcetin Bota Rojo,1,0,visible,,"Diseñados para usarse con botas de agua Hunter, estos cálidos calcetines para botas ofrecen comodidad y calidez al tiempo que mejoran el ajuste de la bota.\n\nForro de vellón 100 % poliéster\n\nVuelta que se dobla\n\nDiseñados para ajustarse a las botas de agua altas Original\n\nLogotipo de la marca en PVC",2025-08-28 0:00:00,2025-09-07 23:59:59,taxable,,1,108,,0,0,,,,,0,,14994,24990,"Tipo de producto > Accesorios, Tipo de producto > Accesorios > Calcetín, Tipo de producto","Hunter, Invierno, Mujer, Ofertas",,"https://trendseeker.cl/wp-content/uploads/2022/11/UAS3000AAA-MLR-1.png, https://trendseeker.cl/wp-content/uploads/2022/11/PROD-AW16-ORG-UAS3000AAA-MLR-2-scaled-1.jpg, https://trendseeker.cl/wp-content/uploads/2023/07/Calcetines-Hunter-10.png",,,,,,,,,1,,Hunter,Hunter,Talla,"L, M",1,1,
19659,variable,UAS3000AAA-HWT,,Hunter Calcetin Bota Blanco Hueso,1,0,visible,,"Diseñados para usarse con botas de agua Hunter, estos cálidos calcetines para botas ofrecen comodidad y calidez al tiempo que mejoran el ajuste de la bota.\n\nForro de vellón 100 % poliéster\n\nVuelta que se dobla\n\nDiseñados para ajustarse a las botas de agua altas Original\n\nLogotipo de la marca en PVC\n\nRecomendamos las siguientes tallas para usar con sus Botas Altas Originales Hunter. Talla M = Talla de Mujer EU 36-38. Talla L = Talla de Mujer EU 39-42, Talla de Hombre EU 39-42. Talla XL = Talla de Hombre UK 43-45",2025-08-28 0:00:00,2025-09-07 23:59:59,taxable,,1,103,,0,0,,,,,0,,14994,24990,"Tipo de producto > Accesorios, Tipo de producto > Accesorios > Calcetín, Tipo de producto","Hunter, Invierno, Mujer, Ofertas",,"https://trendseeker.cl/wp-content/uploads/2022/11/UAS3000AAA-HWT-1.png, https://trendseeker.cl/wp-content/uploads/2023/07/Calcetines-Hunter-11.png",,,,,,,,,1,,Hunter,Hunter,Talla,"L, M",1,1,
22272,simple,UBB1204KBM-TTP,,Mochila Pioneer Turquesa,0,0,visible,,"Para el aventurero de todos los días, existe la mochila Original Nylon Pioneer Topclip, fácil de limpiar y resistente al agua.\n\n\n\nAdemás, es única en materias de sostenibilidad, ya que está hecha de Nylon 100% reciclado.\n\n\n\nAprovechando el conocimiento de Hunter para todo tipo de clima, esta mochila puede guardar de manera segura una computadora portátil dentro de la funda interior, que se encuentra dentro de un compartimento forrado resistente al agua.\n\n\n\nEn la parte externa hay más espacio de almacenamiento con un bolsillo lateral de malla ajustable que se adapta a una botella de agua y un bolsillo delantero para guardar un teléfono.\n\n\n\nPara mayor comodidad, un panel trasero de malla proporciona transpirabilidad y las correas ajustables acolchadas permiten un ajuste a la medida.\n\n<ul>\n\n 	<li>Nylon resistente al agua</li>\n\n 	<li>Funda interna para notebook en el compartimiento principal</li>\n\n 	<li>Compartimientos internos en el bolsillo delantero</li>\n\n 	<li>Ancho 27cm,  profundidad 16cm, alto 38cm</li>\n\n</ul>",,,taxable,,0,0,3,0,0,,,,,0,,,109990,"Género, Tipo de producto > Mochilas, Género > Mujer, Tipo de producto, Género > Unisex","Hunter, Impermeables, Mochilas, Pioneer, Turquesa",,https://trendseeker.cl/wp-content/uploads/2023/06/UBB1204KBM-TTP-1.png,,,,,,,,,53,5059997079167,Hunter,Hunter,,,,,
19314,variable,UAS3036AAB-HWT,,Calcetín Bota Alta 6 Puntadas Blanco,1,0,visible,,"Personaliza tus botas Hunter con estos calcetines para botas cálidos y cómodos. Diseñados para ajustarse cómodamente dentro de la bota de agua alta Original y mejorar el ajuste, al tiempo que añaden comodidad y calidez, estos calcetines para botas cuentan con el logotipo de Hunter Original y una confortable vuelta de punto que se dobla.\n\nPierna con forro de vellón 100 % poliéster\n\nVuelta que se dobla\n\nVuelta de punto de ochos\n\nDiseñados para ajustarse a las botas de agua altas Original\n\nLogotipo de la marca en PVC\n\nsku UAS3036AAB-HWT",2025-08-28 0:00:00,2025-09-07 23:59:59,taxable,,0,0,,0,0,,,,,0,,23994,39990,"Tipo de producto > Accesorios, Tipo de producto > Accesorios > Calcetín, Tipo de producto","Hunter, Invierno, Mujer, Ofertas",,"https://trendseeker.cl/wp-content/uploads/2022/11/UAS3036AAB-HWT.jpg, https://trendseeker.cl/wp-content/uploads/2023/07/Calcetines-Hunter-9.png",,,,,,,,,1,,Hunter,Hunter,Talla,"L, M",1,1,
21312,simple,UBB1176CPL-MAE,,Mochila Explorador Green,0,0,visible,,"Con 43,5 litros de almacenamiento, es un bolso imprescindible para viajar y explorar todos los días. Confeccionado con poliéster reciclado duradero y poliéster reciclado recubierto de PVC con un acabado de panel en contraste. Equipado con una hebilla de paracaídas para mayor protección y un bolsillo oculto para una botella de agua o un paraguas. El detalle de correas superpuestas en la parte delantera de la bolsa se adapta a las botas mojadas. Además, la forma de la correa permite un mejor flujo de aire, para que puedas secar tus zapatos mientras los llevas. La parte posterior utiliza un material de malla altamente transpirable.\n\n<ul>\n\n 	<li>Certificado vegano.</li>\n\n 	<li>Exterior de poliéster reciclado 100 % resistente al agua.</li>\n\n 	<li>Forro impermeable 100 % poliéster reciclado para mayor protección.</li>\n\n 	<li>Funda acolchada para portátil de 13,5 pulgadas.</li>\n\n 	<li>Bolsillo externo con cremallera para objetos de valor.</li>\n\n 	<li>Bucle de cincha de cadena tipo margarita para mosquetón colgante.</li>\n\n 	<li>Correas acolchadas y ajustables para ponérselas fácilmente.</li>\n\n 	<li>Bolsillo lateral para objetos de valor.</li>\n\n 	<li>Alto 44cm, profundidad 16cm, ancho 30cm, capacidad 43.5 L.</li>\n\n</ul>",,,taxable,,0,0,,0,0,,,,,0,,,144990,"Género, Género > Hombre, Tipo de producto > Mochilas, Género > Mujer, Tipo de producto, Género > Unisex","Hunter, Impermeables, Mochilas, Vegano, Verde",,"https://trendseeker.cl/wp-content/uploads/2023/02/UBB1176CPL-MAE-1.png, https://trendseeker.cl/wp-content/uploads/2023/02/UBB1176CPL-MAE-2.png, https://trendseeker.cl/wp-content/uploads/2023/02/UBB1176CPL-MAE-3.png, https://trendseeker.cl/wp-content/uploads/2023/02/UBB1176CPL-MAE-4.png, https://trendseeker.cl/wp-content/uploads/2023/02/UBB1176CPL-MAE-5.png, https://trendseeker.cl/wp-content/uploads/2023/02/UBB1176CPL-MAE-6.png",,,,,,"UBB1176CPL-BLK, UBB1157KBM-HRE, UBB1157KBM-DOV",,,54,5054916989022,Hunter,Hunter,,,,,
19861,simple,UAH5101WXA-SPK,,Gorro Stripe Celeste,1,0,visible,,"Para los días fríos, el gorro Stripe ofrece una capa de aislamiento con un estilo increíble. Además tiene una sensación suave al tacto, y gana distinción adicional con la marca Hunter entretejida en el diseño. Completa el look con tu mochila Hunter favorita o unas botas a juego.",,,taxable,,1,17,,0,0,,,,,0,,16194,26990,"Tipo de producto > Accesorios, Tipo de producto > Accesorios > Gorros, Tipo de producto","Invierno, Ofertas",,https://trendseeker.cl/wp-content/uploads/2023/07/UAH5101WXA-SPK-1.jpg,,,,,,,,,1,5054916831390,Hunter,Hunter,,,,,
21305,simple,UBB1176CPL-BLK,,Mochila Explorador Black,0,0,visible,,"Con 43,5 litros de almacenamiento, es un bolso imprescindible para viajar y explorar todos los días. Confeccionado con poliéster reciclado duradero y poliéster reciclado recubierto de PVC con un acabado de panel en contraste. Equipado con una hebilla de paracaídas para mayor protección y un bolsillo oculto para una botella de agua o un paraguas. El detalle de correas superpuestas en la parte delantera de la bolsa se adapta a las botas mojadas. Además, la forma de la correa permite un mejor flujo de aire, para que puedas secar tus zapatos mientras los llevas. La parte posterior utiliza un material de malla altamente transpirable.\n\n<ul>\n\n 	<li>Certificado vegano.</li>\n\n 	<li>Exterior de poliéster reciclado 100 % resistente al agua.</li>\n\n 	<li>Forro impermeable 100 % poliéster reciclado para mayor protección.</li>\n\n 	<li>Funda acolchada para portátil de 13,5 pulgadas.</li>\n\n 	<li>Bolsillo externo con cremallera para objetos de valor.</li>\n\n 	<li>Bucle de cincha de cadena tipo margarita para mosquetón colgante.</li>\n\n 	<li>Correas acolchadas y ajustables para ponérselas fácilmente.</li>\n\n 	<li>Bolsillo lateral para objetos de valor.</li>\n\n 	<li>Alto 44cm, profundidad 16cm, ancho 30cm, capacidad 43.5 L.</li>\n\n</ul>",,,taxable,,0,0,,0,0,,,,,0,,,144990,"Género, Género > Hombre, Tipo de producto > Mochilas, Género > Mujer, Tipo de producto, Género > Unisex","Hunter, Mochilas, Negro",,"https://trendseeker.cl/wp-content/uploads/2023/02/UBB1176CPL-BLK-1.png, https://trendseeker.cl/wp-content/uploads/2023/02/UBB1176CPL-BLK-2.png, https://trendseeker.cl/wp-content/uploads/2023/02/UBB1176CPL-BLK-3.png, https://trendseeker.cl/wp-content/uploads/2023/02/UBB1176CPL-BLK-4.png, https://trendseeker.cl/wp-content/uploads/2023/02/UBB1176CPL-BLK-5.png, https://trendseeker.cl/wp-content/uploads/2023/02/UBB1176CPL-BLK-6.png",,,,,,"UBP7012KBM-NVY, UBB1157KBM-DOV",,,55,5054916989015,Hunter,Hunter,,,,,
18521,simple,UAH3031WXA-GZB,,Gorro con Pon Pon Moustache Original Negro,1,0,visible,,"<p id=""tw-target-text"" class=""tw-data-text tw-text-large XcVN5d tw-ta"" dir=""ltr"" data-placeholder=""Traducción""><span class=""Y2IQFc"" lang=""es"">El complemento perfecto para tus looks de otoño e invierno es este gorro de la colección Moustache. En un color gris oscuro con detalles negros, este icónico gorro combina con todo además de ser abrigado y muy suave al tacto. Disponible en un tamaño único que se ajusta a todos y con un divertido pon pon de gran tamaño, tu cabeza se sentirá cómoda en los días más fríos del año. El tejido flexible se ajusta cómodamente a la cabeza y tiene un dobladillo clásico. Combínalo con las botas y tu mochila a juego para lograr un estilo clásico de Hunter. </span></p>\n<p class=""tw-data-text tw-text-large XcVN5d tw-ta"" dir=""ltr"" data-placeholder=""Traducción""><span class=""Y2IQFc"" lang=""es"">Sensación suave al tacto</span></p>\n<p class=""tw-data-text tw-text-large XcVN5d tw-ta"" dir=""ltr"" data-placeholder=""Traducción""><span class=""Y2IQFc"" lang=""es"">Diseño clásico y atemporal</span></p>\n<p class=""tw-data-text tw-text-large XcVN5d tw-ta"" dir=""ltr"" data-placeholder=""Traducción""><span class=""Y2IQFc"" lang=""es"">Pompón en la parte superior del gorro</span></p>\n<p class=""tw-data-text tw-text-large XcVN5d tw-ta"" dir=""ltr"" data-placeholder=""Traducción""><span class=""Y2IQFc"" lang=""es"">Etiqueta tejida Hunter </span></p>\n<p class=""tw-data-text tw-text-large XcVN5d tw-ta"" dir=""ltr"" data-placeholder=""Traducción""><span class=""Y2IQFc"" lang=""es"">Código de producto: UAH3031WXA-MRG</span></p>",,,taxable,,1,42,,0,0,,,,,0,,16194,26990,"Tipo de producto > Accesorios, Tipo de producto > Accesorios > Gorros, Tipo de producto","Invierno, Moustache, winter-style, Ofertas",,"https://trendseeker.cl/wp-content/uploads/2022/11/UAH3031WXA-GZB-1.jpg, https://trendseeker.cl/wp-content/uploads/2023/07/UAH3031WXA-GZB-2.jpg, https://trendseeker.cl/wp-content/uploads/2023/07/UAH3031WXA-GZB-3.jpg",,,,,,,,,1,5054916533423,Hunter,Hunter,,,,,
20117,simple,UBB1204KBM-RYL,,Mochila Pioneer Amarillo,0,0,visible,,"Para el aventurero de todos los días, existe la mochila Original Nylon Pioneer Topclip, fácil de limpiar y resistente al agua.\n\nAdemás, es única en materias de sostenibilidad, ya que está hecha de Nylon 100% reciclado.\n\nAprovechando el conocimiento de Hunter para todo tipo de clima, esta mochila puede guardar de manera segura una computadora portátil dentro de la funda interior, que se encuentra dentro de un compartimento forrado resistente al agua.\n\nEn la parte externa hay más espacio de almacenamiento con un bolsillo lateral de malla ajustable que se adapta a una botella de agua y un bolsillo delantero para guardar un teléfono.\n\nPara mayor comodidad, un panel trasero de malla proporciona transpirabilidad y las correas ajustables acolchadas permiten un ajuste a la medida.\n<ul>\n 	<li>Nylon resistente al agua</li>\n 	<li>Funda interna para notebook en el compartimiento principal</li>\n 	<li>Compartimientos internos en el bolsillo delantero</li>\n 	<li>Ancho 27cm,  profundidad 16cm, alto 38cm</li>\n</ul>",,,taxable,,0,0,,0,0,,,,,0,,,89990,"Género, Tipo de producto > Mochilas, Género > Mujer, Tipo de producto",,,"https://trendseeker.cl/wp-content/uploads/2023/07/PROD-AW21-ORG-UBB1204KBM-RYL-1-2.jpg, https://trendseeker.cl/wp-content/uploads/2023/07/PROD-AW21-ORG-UBB1204KBM-RYL-2-1.jpg, https://trendseeker.cl/wp-content/uploads/2023/07/PROD-AW21-ORG-UBB1204KBM-RYL-3-1.jpg, https://trendseeker.cl/wp-content/uploads/2023/07/PROD-AW21-ORG-UBB1204KBM-RYL-4-1.jpg, https://trendseeker.cl/wp-content/uploads/2023/07/PROD-AW21-ORG-UBB1204KBM-RYL-5-1.jpg",,,,,,,,,56,5054916866798,Hunter,Hunter,,,,,
20001,variable,UAS3000AAA-DOV,,Calcetin Verde Oliva para Bota Alta,1,0,visible,,"El calcetín para botas Hunter Original está diseñado para encajar cómodamente dentro de la bota de agua alta Original y mejorar el ajuste al tiempo que agrega comodidad y calidez. El puño plegable está acabado con el logotipo exclusivo de Hunter Original.\n\nRecomendamos las siguientes tallas para usar con sus Botas Altas Originales Hunter. Talla M = Talla de Mujer EU 36-38. Talla L = Talla de Mujer EU 39-42, Talla de Hombre EU 39-42. Talla XL = Talla de Hombre UK 43-45",2025-08-28 0:00:00,2025-09-07 23:59:59,taxable,,1,25,,0,0,,,,,0,,14994,24990,"Tipo de producto > Accesorios, Tipo de producto > Accesorios > Calcetín, Tipo de producto","Hunter, Invierno, Mujer, Ofertas",,"https://trendseeker.cl/wp-content/uploads/2022/11/UAS3000AAA-DOV-1.png, https://trendseeker.cl/wp-content/uploads/2023/07/hunter_6.png, https://trendseeker.cl/wp-content/uploads/2022/11/Calcetines-Hunter.png",,,,,,,,,1,,Hunter,Hunter,Talla,"L, M",1,1,
20103,simple,UBB1204KBM-MLR,,Mochila Pioneer Rojo Militar,0,0,visible,,"Para el aventurero de todos los días, existe la mochila Original Nylon Pioneer Topclip, fácil de limpiar y resistente al agua.\n\n\n\nAdemás, es única en materias de sostenibilidad, ya que está hecha de Nylon 100% reciclado.\n\n\n\nAprovechando el conocimiento de Hunter para todo tipo de clima, esta mochila puede guardar de manera segura una computadora portátil dentro de la funda interior, que se encuentra dentro de un compartimento forrado resistente al agua.\n\n\n\nEn la parte externa hay más espacio de almacenamiento con un bolsillo lateral de malla ajustable que se adapta a una botella de agua y un bolsillo delantero para guardar un teléfono.\n\n\n\nPara mayor comodidad, un panel trasero de malla proporciona transpirabilidad y las correas ajustables acolchadas permiten un ajuste a la medida.\n\n<ul>\n\n 	<li>Nylon resistente al agua</li>\n\n 	<li>Funda interna para notebook en el compartimiento principal</li>\n\n 	<li>Compartimientos internos en el bolsillo delantero</li>\n\n 	<li>Ancho 27cm,  profundidad 16cm, alto 38cm</li>\n\n</ul>",,,taxable,,0,0,,0,0,,,,,0,,,89990,"Género, Tipo de producto > Mochilas, Género > Mujer, Tipo de producto",,,"https://trendseeker.cl/wp-content/uploads/2023/07/UBB1204KBM-MLR-1-1.jpg, https://trendseeker.cl/wp-content/uploads/2023/07/UBB1204KBM-MLR-2-1.jpg, https://trendseeker.cl/wp-content/uploads/2023/07/UBB1204KBM-MLR-3-1.jpg, https://trendseeker.cl/wp-content/uploads/2023/07/UBB1204KBM-MLR-4-1.jpg, https://trendseeker.cl/wp-content/uploads/2023/07/UBB1204KBM-MLR-5-1.jpg, https://trendseeker.cl/wp-content/uploads/2023/07/UBB1204KBM-MLR-6-1.jpg",,,,,,,,,57,5054916866781,Hunter,Hunter,,,,,
18622,variable,JFT6000RMA-DOV,,Botas De Agua Original Para Niños Verde Oliva,1,0,visible,,"Ya sea para los charcos del patio como para pasear por el bosque, nuestras botas Original para niños son la opción perfecta para niños de 5 a 11 años (talla 31-37).\n\n\n\nLa bota de agua Original para niños es una versión reducida de la icónica bota alta Original y un sueño para los jóvenes exploradores. Esta bota impermeable de color azul marino neutro está elaborada a mano con caucho natural. Diseñadas para vivir aventuras, nuestras botas de agua especiales para niños son sumamente resistentes al desgaste y la abrasión, e incluyen un forro de poliéster para una mayor comodidad. Los parches reflectantes y el dibujo de Hunter Original ofrecen una seguridad añadida que te permite dejar que se enfrenten a los elementos con toda tranquilidad sea cual sea el clima.\n\n\n\n- Completamente impermeables\n\n\n\n- De fabricación artesanal\n\n\n\n- Forro de poliéster\n\n\n\n- Suela de goma con dibujo de Hunter Original\n\n\n\n- Parches reflectantes para una mayor visibilidad",2025-08-28 0:00:00,2025-09-07 23:59:59,taxable,,1,3,,0,0,,,,,0,,47994,79990,"Tipo de producto > Botas, Género, Género > Niño, Tipo de producto","Impermeables, Invierno, oferta, Verde, Ofertas",,"https://trendseeker.cl/wp-content/uploads/2023/07/JFT6000RMA-DOV-1-princ.jpg, https://trendseeker.cl/wp-content/uploads/2023/07/JFT6000RMA-DOV-2.jpg, https://trendseeker.cl/wp-content/uploads/2023/07/JFT6000RMA-DOV-3.jpg, https://trendseeker.cl/wp-content/uploads/2023/07/JFT6000RMA-DOV-4.jpg, https://trendseeker.cl/wp-content/uploads/2023/07/JFT6000RMA-DOV-5.jpg, https://trendseeker.cl/wp-content/uploads/2023/07/Botas-infantil-Hunter-1.png",,,,,,,,,1,,Hunter,Hunter,Talla,"31, 32, 33, 34/35, 36, 37",1,1,
20082,simple,UBB1210KBM-SBR,,Mochila Pioneer Mini Celeste Intenso,0,0,visible,,"La nueva Mochila Mini Pioneer con Clip Superior es resistente al agua y tiene una capacidad de 11 L. Fabricada a partir de tejido de nylon 100% reciclado con un forro de jacquard de poliéster reciclado y resistente al agua, cuenta con un panel trasero de malla para la transpiración y correas acolchadas y ajustables para garantizar un ajuste a medida.\n\n\n\nEsta mini mochila tiene 29cm de alto, a diferencia de la Mochila Pioneer original que tiene 38 cm de alto.\n\n<ul>\n\n 	<li>Vegano certificado.</li>\n\n 	<li>Exterior de sarga de nylon 100% reciclado resistente al agua.</li>\n\n 	<li>Forro de poliéster 100% reciclado, resistente al agua para una mayor protección.</li>\n\n 	<li>Bolsillo con cremallera externa para los objetos más valiosos.</li>\n\n 	<li>Espalda de rejilla Hunter para mayor comodidad y ventilación.</li>\n\n 	<li>Correas ajustables acolchadas para una mayor comodidad.</li>\n\n 	<li>Bolsillos laterales elásticos con asas ajustables perfectos para la botella de agua.</li>\n\n 	<li>Etiqueta PVC Hunter.</li>\n\n 	<li>Altura 29cm, profundidad 13cm, ancho 22cm y capacidad 11L.</li>\n\n</ul>",,,taxable,,0,0,,0,0,,,,,0,,,79990,"Género, Tipo de producto > Mochilas, Género > Mujer, Tipo de producto",,,"https://trendseeker.cl/wp-content/uploads/2023/07/PROD-SS22-ORG-UBB1210KBM-SBR-1-1.jpg, https://trendseeker.cl/wp-content/uploads/2023/07/PROD-SS22-ORG-UBB1210KBM-SBR-3-1.jpg, https://trendseeker.cl/wp-content/uploads/2023/07/PROD-SS22-ORG-UBB1210KBM-SBR-2-1.jpg, https://trendseeker.cl/wp-content/uploads/2023/07/PROD-SS22-ORG-UBB1210KBM-SBR-4-1.jpg, https://trendseeker.cl/wp-content/uploads/2023/07/PROD-SS22-ORG-UBB1210KBM-SBR-5-1.jpg, https://trendseeker.cl/wp-content/uploads/2023/07/PROD-SS22-ORG-UBB1210KBM-SBR-6-1.jpg",,,,,,,,,58,5054916885577,Hunter,Hunter,,,,,
18921,variable,JFT6000RMA-NVY,,Botas De Agua Original Para Niños Azul Marino,1,0,visible,,"Ya sea para los charcos del patio como para pasear por el bosque, nuestras botas Original para niños son la opción perfecta para niños de 5 a 11 años (talla 31-37).\n\n\n\nLa bota de agua Original para niños es una versión reducida de la icónica bota alta Original y un sueño para los jóvenes exploradores. Esta bota impermeable de color azul marino neutro está elaborada a mano con caucho natural. Diseñadas para vivir aventuras, nuestras botas de agua especiales para niños son sumamente resistentes al desgaste y la abrasión, e incluyen un forro de poliéster para una mayor comodidad. Los parches reflectantes y el dibujo de Hunter Original ofrecen una seguridad añadida que te permite dejar que se enfrenten a los elementos con toda tranquilidad sea cual sea el clima.\n\n\n\n- Completamente impermeables\n\n\n\n- De fabricación artesanal\n\n\n\n- Forro de poliéster\n\n\n\n- Suela de goma con dibujo de Hunter Original\n\n\n\n- Parches reflectantes para una mayor visibilidad",2025-08-28 0:00:00,2025-09-07 23:59:59,taxable,,1,85,,0,0,,,,,0,,47994,79990,"Tipo de producto > Botas, Género, Género > Niño, Tipo de producto","Impermeables, Invierno, Navy, oferta, Ofertas",,"https://trendseeker.cl/wp-content/uploads/2023/07/JFT6000RMA-NVY-1-princ.jpg, https://trendseeker.cl/wp-content/uploads/2023/07/Botas-infantil-Hunter-5.png, https://trendseeker.cl/wp-content/uploads/2023/07/JFT6000RMA-NVY-3.jpg, https://trendseeker.cl/wp-content/uploads/2023/07/JFT6000RMA-NVY-2.jpg",,,,,,,,,1,,Hunter,Hunter,Talla,"31, 32, 33, 34/35, 36, 37",1,1,
20066,simple,UBB1210KBM-RWP,,Mochila Pioneer Mini Rosado,0,0,visible,,"La nueva Mochila Mini Pioneer con Clip Superior es resistente al agua y tiene una capacidad de 11 L. Fabricada a partir de tejido de nylon 100% reciclado con un forro de jacquard de poliéster reciclado y resistente al agua, cuenta con un panel trasero de malla para la transpiración y correas acolchadas y ajustables para garantizar un ajuste a medida.\n\n\n\nEsta mini mochila tiene 29cm de alto, a diferencia de la Mochila Pioneer original que tiene 38 cm de alto.\n\n<ul>\n\n 	<li>Vegano certificado.</li>\n\n 	<li>Exterior de sarga de nylon 100% reciclado resistente al agua.</li>\n\n 	<li>Forro de poliéster 100% reciclado, resistente al agua para una mayor protección.</li>\n\n 	<li>Bolsillo con cremallera externa para los objetos más valiosos.</li>\n\n 	<li>Espalda de rejilla Hunter para mayor comodidad y ventilación.</li>\n\n 	<li>Correas ajustables acolchadas para una mayor comodidad.</li>\n\n 	<li>Bolsillos laterales elásticos con asas ajustables perfectos para la botella de agua.</li>\n\n 	<li>Etiqueta PVC Hunter.</li>\n\n 	<li>Altura 29cm, profundidad 13cm, ancho 22cm y capacidad 11L.</li>\n\n</ul>",,,taxable,,0,0,,0,0,,,,,0,,,79990,"Género, Tipo de producto > Mochilas, Género > Mujer, Tipo de producto",,,"https://trendseeker.cl/wp-content/uploads/2023/07/PROD-SS22-ORG-UBB1210KBM-RWP-1.jpg, https://trendseeker.cl/wp-content/uploads/2023/07/PROD-SS22-ORG-UBB1210KBM-RWP-3.jpg, https://trendseeker.cl/wp-content/uploads/2023/07/PROD-SS22-ORG-UBB1210KBM-RWP-2.jpg, https://trendseeker.cl/wp-content/uploads/2023/07/PROD-SS22-ORG-UBB1210KBM-RWP-5.jpg, https://trendseeker.cl/wp-content/uploads/2023/07/PROD-SS22-ORG-UBB1210KBM-RWP-4.jpg, https://trendseeker.cl/wp-content/uploads/2023/07/PROD-SS22-ORG-UBB1210KBM-RWP.jpg",,,,,,,,,59,5054916926065,Hunter,Hunter,,,,,
18621,variable,JFT6000RMA-RBP,,Botas De Agua Original Para Niños Rosado Brillante,1,0,visible,,"Ya sea para los charcos del patio como para pasear por el bosque, nuestras botas Original para niños son la opción perfecta para niños de 5 a 11 años (talla 31-37).\n\n\n\nLa bota de agua Original para niños es una versión reducida de la icónica bota alta Original y un sueño para los jóvenes exploradores. Esta bota impermeable de color azul marino neutro está elaborada a mano con caucho natural. Diseñadas para vivir aventuras, nuestras botas de agua especiales para niños son sumamente resistentes al desgaste y la abrasión, e incluyen un forro de poliéster para una mayor comodidad. Los parches reflectantes y el dibujo de Hunter Original ofrecen una seguridad añadida que te permite dejar que se enfrenten a los elementos con toda tranquilidad sea cual sea el clima.\n\n\n\n- Completamente impermeables\n\n\n\n- De fabricación artesanal\n\n\n\n- Forro de poliéster\n\n\n\n- Suela de goma con dibujo de Hunter Original\n\n\n\n- Parches reflectantes para una mayor visibilidad",2025-08-28 0:00:00,2025-09-07 23:59:59,taxable,,1,46,,0,0,,,,,0,,47994,79990,"Tipo de producto > Botas, Género, Género > Niño, Tipo de producto","Impermeables, Invierno, oferta, Ofertas",,"https://trendseeker.cl/wp-content/uploads/2023/07/JFT6000RMA-RBP-1-princ.jpg, https://trendseeker.cl/wp-content/uploads/2023/07/Botas-infantil-Hunter.png, https://trendseeker.cl/wp-content/uploads/2023/07/JFT6000RMA-RBP-2.jpg, https://trendseeker.cl/wp-content/uploads/2023/07/JFT6000RMA-RBP-3.jpg, https://trendseeker.cl/wp-content/uploads/2023/07/JFT6000RMA-RBP-4.jpg, https://trendseeker.cl/wp-content/uploads/2023/07/JFT6000RMA-RBP-5.jpg",,,,,,,,,1,,Hunter,Hunter,Talla,"31, 32, 33, 34/35, 36, 37",1,1,
20059,simple,UBB1210KBM-NVY,,Mochila Pioneer Mini Azul Marino,0,0,visible,,"La nueva Mochila Mini Pioneer con Clip Superior es resistente al agua y tiene una capacidad de 11 L. Fabricada a partir de tejido de nylon 100% reciclado con un forro de jacquard de poliéster reciclado y resistente al agua, cuenta con un panel trasero de malla para la transpiración y correas acolchadas y ajustables para garantizar un ajuste a medida.\n\n\n\nEsta mini mochila tiene 29cm de alto, a diferencia de la Mochila Pioneer original que tiene 38 cm de alto.\n\n<ul>\n\n 	<li>Vegano certificado.</li>\n\n 	<li>Exterior de sarga de nylon 100% reciclado resistente al agua.</li>\n\n 	<li>Forro de poliéster 100% reciclado, resistente al agua para una mayor protección.</li>\n\n 	<li>Bolsillo con cremallera externa para los objetos más valiosos.</li>\n\n 	<li>Espalda de rejilla Hunter para mayor comodidad y ventilación.</li>\n\n 	<li>Correas ajustables acolchadas para una mayor comodidad.</li>\n\n 	<li>Bolsillos laterales elásticos con asas ajustables perfectos para la botella de agua.</li>\n\n 	<li>Etiqueta PVC Hunter.</li>\n\n 	<li>Altura 29cm, profundidad 13cm, ancho 22cm y capacidad 11L.</li>\n\n</ul>",,,taxable,,0,0,,0,0,,,,,0,,,79990,"Género, Tipo de producto > Mochilas, Género > Mujer, Tipo de producto",,,"https://trendseeker.cl/wp-content/uploads/2023/07/PROD-SS22-ORG-UBB1210KBM-NVY-1.jpg, https://trendseeker.cl/wp-content/uploads/2023/07/PROD-SS22-ORG-UBB1210KBM-NVY-3.jpg, https://trendseeker.cl/wp-content/uploads/2023/07/PROD-SS22-ORG-UBB1210KBM-NVY-2.jpg, https://trendseeker.cl/wp-content/uploads/2023/07/PROD-SS22-ORG-UBB1210KBM-NVY-5.jpg, https://trendseeker.cl/wp-content/uploads/2023/07/PROD-SS22-ORG-UBB1210KBM-NVY-4.jpg, https://trendseeker.cl/wp-content/uploads/2023/07/PROD-SS22-ORG-UBB1210KBM-NVY-6.jpg",,,,,,,,,60,5054916885522,Hunter,Hunter,,,,,
18646,variable,JFT6000RMA-BLK,,Botas De Agua Original Para Niños,1,0,visible,,"Ya sea para los charcos del patio como para pasear por el bosque, nuestras botas Original para niños son la opción perfecta para niños de 5 a 11 años (talla 31-37).\n\n\n\nLa bota de agua Original para niños es una versión reducida de la icónica bota alta Original y un sueño para los jóvenes exploradores. Esta bota impermeable de color azul marino neutro está elaborada a mano con caucho natural. Diseñadas para vivir aventuras, nuestras botas de agua especiales para niños son sumamente resistentes al desgaste y la abrasión, e incluyen un forro de poliéster para una mayor comodidad. Los parches reflectantes y el dibujo de Hunter Original ofrecen una seguridad añadida que te permite dejar que se enfrenten a los elementos con toda tranquilidad sea cual sea el clima.\n\n\n\n- Completamente impermeables\n\n\n\n- De fabricación artesanal\n\n\n\n- Forro de poliéster\n\n\n\n- Suela de goma con dibujo de Hunter Original\n\n\n\nParches reflectantes para una mayor visibilidad\n\n\n\n- Confeccionadas en caucho vulcanizado natural con acabado mate",2025-08-28 0:00:00,2025-09-07 23:59:59,taxable,,1,46,,0,0,,,,,0,,47994,79990,"Tipo de producto > Botas, Género, Género > Niño, Tipo de producto","Impermeables, Invierno, oferta, winter-style, Ofertas",,"https://trendseeker.cl/wp-content/uploads/2023/07/JFT6000RMA-BLK-1-princ.jpg, https://trendseeker.cl/wp-content/uploads/2023/07/Botas-infantil-Hunter-2.png, https://trendseeker.cl/wp-content/uploads/2023/07/JFT6000RMA-BLK-2.jpg, https://trendseeker.cl/wp-content/uploads/2023/07/JFT6000RMA-BLK-3.jpg, https://trendseeker.cl/wp-content/uploads/2023/07/JFT6000RMA-BLK-4.jpg, https://trendseeker.cl/wp-content/uploads/2023/07/JFT6000RMA-BLK-5.jpg",,,,,,,,,1,,Hunter,Hunter,Talla,"31, 32, 33, 34/35, 36, 37",1,1,
20052,simple,UBB1210KBM-MLR,,Mochila Pioneer Mini Rojo Militar,0,0,visible,,"La nueva Mochila Mini Pioneer con Clip Superior es resistente al agua y tiene una capacidad de 11 L. Fabricada a partir de tejido de nylon 100% reciclado con un forro de jacquard de poliéster reciclado y resistente al agua, cuenta con un panel trasero de malla para la transpiración y correas acolchadas y ajustables para garantizar un ajuste a medida.\n\n\n\nEsta mini mochila tiene 29cm de alto, a diferencia de la Mochila Pioneer original que tiene 38 cm de alto.\n\n<ul>\n\n 	<li>Vegano certificado.</li>\n\n 	<li>Exterior de sarga de nylon 100% reciclado resistente al agua.</li>\n\n 	<li>Forro de poliéster 100% reciclado, resistente al agua para una mayor protección.</li>\n\n 	<li>Bolsillo con cremallera externa para los objetos más valiosos.</li>\n\n 	<li>Espalda de rejilla Hunter para mayor comodidad y ventilación.</li>\n\n 	<li>Correas ajustables acolchadas para una mayor comodidad.</li>\n\n 	<li>Bolsillos laterales elásticos con asas ajustables perfectos para la botella de agua.</li>\n\n 	<li>Etiqueta PVC Hunter.</li>\n\n 	<li>Altura 29cm, profundidad 13cm, ancho 22cm y capacidad 11L.</li>\n\n</ul>",,,taxable,,0,0,,0,0,,,,,0,,,79990,"Género, Tipo de producto > Mochilas, Género > Mujer, Tipo de producto",,,"https://trendseeker.cl/wp-content/uploads/2023/07/PROD-SS22-ORG-UBB1210KBM-MLR-1.jpg, https://trendseeker.cl/wp-content/uploads/2023/07/PROD-SS22-ORG-UBB1210KBM-MLR-3.jpg, https://trendseeker.cl/wp-content/uploads/2023/07/PROD-SS22-ORG-UBB1210KBM-MLR-2.jpg, https://trendseeker.cl/wp-content/uploads/2023/07/PROD-SS22-ORG-UBB1210KBM-MLR-5.jpg, https://trendseeker.cl/wp-content/uploads/2023/07/PROD-SS22-ORG-UBB1210KBM-MLR-4.jpg, https://trendseeker.cl/wp-content/uploads/2023/07/PROD-SS22-ORG-UBB1210KBM-MLR-6.jpg",,,,,,,,,61,5054916885539,Hunter,Hunter,,,,,
19512,simple,UBB1204KBM-BID,,Mochila Pioneer Azul,0,0,visible,,"Para el aventurero de todos los días, existe la mochila Original Nylon Pioneer Topclip, fácil de limpiar y resistente al agua.\n\n\n\nAdemás, es única en materias de sostenibilidad, ya que está hecha de Nylon 100% reciclado.\n\n\n\nAprovechando el conocimiento de Hunter para todo tipo de clima, esta mochila puede guardar de manera segura una computadora portátil dentro de la funda interior, que se encuentra dentro de un compartimento forrado resistente al agua.\n\n\n\nEn la parte externa hay más espacio de almacenamiento con un bolsillo lateral de malla ajustable que se adapta a una botella de agua y un bolsillo delantero para guardar un teléfono.\n\n\n\nPara mayor comodidad, un panel trasero de malla proporciona transpirabilidad y las correas ajustables acolchadas permiten un ajuste a la medida.\n\n<ul>\n\n 	<li>Nylon resistente al agua</li>\n\n 	<li>Funda interna para notebook en el compartimiento principal</li>\n\n 	<li>Compartimientos internos en el bolsillo delantero</li>\n\n 	<li>Ancho 27cm,  profundidad 16cm, alto 38cm</li>\n\n</ul>",,,taxable,,0,0,,0,0,,,,,0,,,89990,"Género, Tipo de producto > Mochilas, Género > Mujer, Tipo de producto",spring-is-coming,,"https://trendseeker.cl/wp-content/uploads/2023/07/UBB1204KBM-BID-1.jpg, https://trendseeker.cl/wp-content/uploads/2023/07/UBB1204KBM-BID-4.jpg, https://trendseeker.cl/wp-content/uploads/2023/07/UBB1204KBM-BID-3.jpg, https://trendseeker.cl/wp-content/uploads/2023/07/UBB1204KBM-BID-2.jpg",,,,,,,,,62,5054916830737,Hunter,Hunter,,,,,
20294,variable,JFT6000RMA-HGR,,Botas De Agua Original Para Niños Verde,1,0,visible,,"Ya sea para los charcos del patio como para pasear por el bosque, nuestras botas Original para niños son la opción perfecta para niños de 5 a 11 años (talla 31-37).\n\nLa bota de agua Original para niños es una versión reducida de la icónica bota alta Original y un sueño para los jóvenes exploradores. Esta bota impermeable de color azul marino neutro está elaborada a mano con caucho natural. Diseñadas para vivir aventuras, nuestras botas de agua especiales para niños son sumamente resistentes al desgaste y la abrasión, e incluyen un forro de poliéster para una mayor comodidad. Los parches reflectantes y el dibujo de Hunter Original ofrecen una seguridad añadida que te permite dejar que se enfrenten a los elementos con toda tranquilidad sea cual sea el clima.\n\n- Completamente impermeables\n\n- De fabricación artesanal\n\n- Forro de poliéster\n\n- Suela de goma con dibujo de Hunter Original\n\n- Parches reflectantes para una mayor visibilidad",2025-08-28 0:00:00,2025-08-28 23:59:59,taxable,,1,134,,0,0,,,,,0,,47994,79990,"Tipo de producto > Botas, Género, Género > Niño, Tipo de producto","Impermeables, Invierno, oferta, Verde, Ofertas",,"https://trendseeker.cl/wp-content/uploads/2022/11/JFT6000RMA-HGR2-1.png, https://trendseeker.cl/wp-content/uploads/2022/11/JFT6000RMA-HGR2.png, https://trendseeker.cl/wp-content/uploads/2022/11/Botas-infantil-Hunter.png, https://trendseeker.cl/wp-content/uploads/2022/11/JFT6000RMA-HGR3.png, https://trendseeker.cl/wp-content/uploads/2022/11/JFT6000RMA-HGR4.png",,,,,,"JBB1119KBM-NVY, JBB1119KBM-RBP",,,1,,Hunter,Hunter,Talla,"31, 32, 33, 34/35, 36, 37",1,1,
18587,simple,UBB1210KBM-DOV,,Mochila Pioneer Mini Verde Oliva,0,0,visible,,"La nueva Mochila Mini Pioneer con Clip Superior es resistente al agua y tiene una capacidad de 11 L. Fabricada a partir de tejido de nylon 100% reciclado con un forro de jacquard de poliéster reciclado y resistente al agua, cuenta con un panel trasero de malla para la transpiración y correas acolchadas y ajustables para garantizar un ajuste a medida.\n\n\n\nEsta mini mochila tiene 29cm de alto, a diferencia de la Mochila Pioneer original que tiene 38 cm de alto.\n\n<ul>\n\n 	<li>Vegano certificado.</li>\n\n 	<li>Exterior de sarga de nylon 100% reciclado resistente al agua.</li>\n\n 	<li>Forro de poliéster 100% reciclado, resistente al agua para una mayor protección.</li>\n\n 	<li>Bolsillo con cremallera externa para los objetos más valiosos.</li>\n\n 	<li>Espalda de rejilla Hunter para mayor comodidad y ventilación.</li>\n\n 	<li>Correas ajustables acolchadas para una mayor comodidad.</li>\n\n 	<li>Bolsillos laterales elásticos con asas ajustables perfectos para la botella de agua.</li>\n\n 	<li>Etiqueta PVC Hunter.</li>\n\n 	<li>Altura 29cm, profundidad 13cm, ancho 22cm y capacidad 11L.</li>\n\n</ul>",,,taxable,,0,0,,0,0,,,,,0,,,79990,"Género, Tipo de producto > Mochilas, Género > Mujer, Tipo de producto",,,"https://trendseeker.cl/wp-content/uploads/2022/11/PROD-SS22-ORG-UBB1210KBM-DOV-1.jpg, https://trendseeker.cl/wp-content/uploads/2022/11/PROD-SS22-ORG-UBB1210KBM-DOV-5.jpg, https://trendseeker.cl/wp-content/uploads/2022/11/PROD-SS22-ORG-UBB1210KBM-DOV-4.jpg, https://trendseeker.cl/wp-content/uploads/2022/11/PROD-SS22-ORG-UBB1210KBM-DOV-6.jpg",,,,,,,,,63,5054916885515,Hunter,Hunter,,,,,
20156,simple,UBS1155LRS-BLK,,Bolso Tote East-West Cuero Engomado,0,0,visible,,"Con un tamaño generoso y una estructura protectora, el bolso East West de cuero engomado Original es ideal para los desplazamientos diarios y las escapadas de fin de semana. Con un exterior de cuero engomado y un forro extraimpermeable confeccionado con fibras recicladas, este bolso tote mantendrá tus objetos valiosos a salvo en los días más lluviosos. Adornado con una icónica y nueva correa de tejido de cincha y estampado con el nombre de Hunter, este bolso elegante e impermeable es toda una declaración de intenciones de la marca.\n\n<div class=""copy trim-stacked-margins has-inner-html product-page-description__features"">\n\n<ul>\n\n 	<li>Impermeable</li>\n\n 	<li>Exterior de cuero engomado</li>\n\n 	<li>Forro impermeable para una mayor protección de las pertenencias</li>\n\n 	<li>Correas de tejido de cincha exclusivo de Hunter</li>\n\n 	<li>Altura 33 cm. Profundidad: 5,5 cm. Anchura: 14 cm</li>\n\n</ul>\n\n</div>",,,taxable,,0,0,,0,0,,,,,1,,,239990,"Género, Tipo de producto > Mochilas, Género > Mujer, Tipo de producto",,,"https://trendseeker.cl/wp-content/uploads/2023/07/UBS1155LRS-BLK.png, https://trendseeker.cl/wp-content/uploads/2023/07/PROD-AW21-ORG-UBS1155LRS-BLK-4-scaled-2.jpg",,,,,,,,,65,5054916740784,Hunter,Hunter,,,,,
21514,simple,UBX1215ATR-BSV,,Bandolera Patchwork Negro & Morado,0,0,visible,,"Esta riñonera pequeña y elegante tiene múltiples funciones. Confeccionada con nylon impermeable e irrompible, tiene correas ajustables, y el diseño triangular implica que la base esté plana cuando se coloca cruzada en el cuerpo para que sea más cómoda y fácil de llevar. Con una solapa superior, es lo bastante grande como para guardar todo lo esencial.\n\n<ul>\n\n 	<li>Impermeable.</li>\n\n 	<li>Nylon irrompible.</li>\n\n 	<li>Puede enrollarse para guardarse.</li>\n\n 	<li>Correa multifuncional y ajustable que se puede llevar cruzada o a la cintura.</li>\n\n</ul>",,,taxable,,0,0,2,0,0,,,,,0,,,49990,"Género, Tipo de producto > Mochilas, Género > Mujer, Tipo de producto","bandoleras, Bolsos, Hunter, Morado",,"https://trendseeker.cl/wp-content/uploads/2023/03/UBX1215ATR-BSV-1.png, https://trendseeker.cl/wp-content/uploads/2023/03/UBX1215ATR-BSV-2.png, https://trendseeker.cl/wp-content/uploads/2023/03/UBX1215ATR-BSV-3.png, https://trendseeker.cl/wp-content/uploads/2023/03/UBX1215ATR-BSV-4.png, https://trendseeker.cl/wp-content/uploads/2023/03/UBX1215ATR-BSV-5.png",,,,,"UBP1152KBM-DOV, UBP7020KBM-NVY",,,,67,5059997022835,Hunter,Hunter,,,,,
20096,simple,UBB1204KBM-DOV,,Mochila Pioneer Verde Oliva,0,0,visible,,"Para el aventurero de todos los días, existe la mochila Original Nylon Pioneer Topclip, fácil de limpiar y resistente al agua.\n\n\n\nAdemás, es única en materias de sostenibilidad, ya que está hecha de Nylon 100% reciclado.\n\n\n\nAprovechando el conocimiento de Hunter para todo tipo de clima, esta mochila puede guardar de manera segura una computadora portátil dentro de la funda interior, que se encuentra dentro de un compartimento forrado resistente al agua.\n\n\n\nEn la parte externa hay más espacio de almacenamiento con un bolsillo lateral de malla ajustable que se adapta a una botella de agua y un bolsillo delantero para guardar un teléfono.\n\n\n\nPara mayor comodidad, un panel trasero de malla proporciona transpirabilidad y las correas ajustables acolchadas permiten un ajuste a la medida.\n\n<ul>\n\n 	<li>Nylon resistente al agua</li>\n\n 	<li>Funda interna para notebook en el compartimiento principal</li>\n\n 	<li>Compartimientos internos en el bolsillo delantero</li>\n\n 	<li>Ancho 27cm,  profundidad 16cm, alto 38cm</li>\n\n</ul>",,,taxable,,0,0,,0,0,,,,,0,,,89990,"Género, Tipo de producto > Mochilas, Género > Mujer, Tipo de producto",,,"https://trendseeker.cl/wp-content/uploads/2023/07/UBB1204KBM-DOV-1-1.jpg, https://trendseeker.cl/wp-content/uploads/2023/07/UBB1204KBM-DOV-2-1.jpg, https://trendseeker.cl/wp-content/uploads/2023/07/UBB1204KBM-DOV-3-1.jpg, https://trendseeker.cl/wp-content/uploads/2023/07/UBB1204KBM-DOV-4-1.jpg",,,,,,,,,68,5054916830713,Hunter,Hunter,,,,,
18620,variable,UAS3000AAA-BLK,,Hunter Calcetín Bota Negra,1,0,visible,,"Diseñados para usarse con botas de agua Hunter, estos cálidos calcetines para botas ofrecen comodidad y calidez al tiempo que mejoran el ajuste de la bota.\n\nForro de vellón 100 % poliéster\n\nVuelta que se dobla\n\nDiseñados para ajustarse a las botas de agua altas Original\n\nLogotipo de la marca en PVC\n\nRecomendamos las siguientes tallas para usar con sus Botas Altas Originales Hunter. Talla M = Talla de Mujer EU 36-38. Talla L = Talla de Mujer EU 39-42, Talla de Hombre EU 39-42. Talla XL = Talla de Hombre UK 43-45",2025-08-28 0:00:00,2025-09-07 23:59:59,taxable,,1,59,,0,0,,,,,0,,14994,24990,"Tipo de producto > Accesorios, Tipo de producto > Accesorios > Calcetín, Tipo de producto","Hunter, Invierno, Mujer, Ofertas",,"https://trendseeker.cl/wp-content/uploads/2022/11/UAS3000AAA-BLK-1-princ.jpg, https://trendseeker.cl/wp-content/uploads/2023/07/Calcetines-Hunter-3.png, https://trendseeker.cl/wp-content/uploads/2023/07/UAS3000AAA-BLK-2.jpg, https://trendseeker.cl/wp-content/uploads/2023/07/UAS3000AAA-BLK-3.jpg, https://trendseeker.cl/wp-content/uploads/2023/07/UAS3000AAA-BLK-4.jpg",,,,,,,,,1,,Hunter,Hunter,size,"L, M",1,1,
20083,simple,UBB1210KBM-SWG,,Mochila Pioneer Mini Verde Sweet Gale,0,0,visible,,"La nueva Mochila Mini Pioneer con Clip Superior es resistente al agua y tiene una capacidad de 11 L. Fabricada a partir de tejido de nylon 100% reciclado con un forro de jacquard de poliéster reciclado y resistente al agua, cuenta con un panel trasero de malla para la transpiración y correas acolchadas y ajustables para garantizar un ajuste a medida.\n\nEsta mini mochila tiene 29cm de alto, a diferencia de la Mochila Pioneer original que tiene 38 cm de alto.\n<ul>\n 	<li>Vegano certificado.</li>\n 	<li>Exterior de sarga de nylon 100% reciclado resistente al agua.</li>\n 	<li>Forro de poliéster 100% reciclado, resistente al agua para una mayor protección.</li>\n 	<li>Bolsillo con cremallera externa para los objetos más valiosos.</li>\n 	<li>Espalda de rejilla Hunter para mayor comodidad y ventilación.</li>\n 	<li>Correas ajustables acolchadas para una mayor comodidad.</li>\n 	<li>Bolsillos laterales elásticos con asas ajustables perfectos para la botella de agua.</li>\n 	<li>Etiqueta PVC Hunter.</li>\n 	<li>Altura 29cm, profundidad 13cm, ancho 22cm y capacidad 11L.</li>\n</ul>",,,taxable,,0,0,,0,0,,,,,0,,,79990,"Género, Tipo de producto > Mochilas, Género > Mujer, Tipo de producto",,,"https://trendseeker.cl/wp-content/uploads/2023/07/PROD-SS22-ORG-UBB1210KBM-SWG-1-1.jpg, https://trendseeker.cl/wp-content/uploads/2023/07/PROD-SS22-ORG-UBB1210KBM-SWG-3-1.jpg, https://trendseeker.cl/wp-content/uploads/2023/07/PROD-SS22-ORG-UBB1210KBM-SWG-2-1.jpg, https://trendseeker.cl/wp-content/uploads/2023/07/PROD-SS22-ORG-UBB1210KBM-SWG-5-1.jpg, https://trendseeker.cl/wp-content/uploads/2023/07/PROD-SS22-ORG-UBB1210KBM-SWG-4-1.jpg, https://trendseeker.cl/wp-content/uploads/2023/07/PROD-SS22-ORG-UBB1210KBM-SWG-6-1.jpg",,,,,,,,,70,5054916885553,Hunter,Hunter,,,,,
18590,variable,WFT1000RMA-DOV,,Botas De Agua Altas Original Para Mujer Verde Oliva,0,0,visible,,"Perfecta para los días de lluvia, esta bota de agua para mujer ha sido la esencia de la marca Hunter Original desde su presentación en 1956. Elaborado con caucho natural, cada par está formado por 28 piezas cortadas a mano y se ensambla durante tres días sobre una horma de aluminio realizada a medida para Hunter, antes de someterse al proceso de vulcanizado para ofrecer mayor protección. Con el dibujo de Hunter Original y un cómodo forro de poliéster, esta bota impermeable de clásico es un accesorio imprescindible para los días de lluvia.\n\n\n\nRecomendamos utilizar calcetines con todas las botas Hunter para proteger la piel del contacto con el caucho. Todos los calcetines para botas Hunter están especialmente diseñados para su uso con nuestra gama de botas e incluyen una vuelta en la parte superior que permite cubrir el caucho y el nailon del borde de la bota, evitando así cualquier roce durante el uso.\n\n\n\n- Completamente impermeables\n\n\n\n- Elaboradas a mano a partir de 28 piezas\n\n\n\n- Ajuste normal\n\n\n\n- Forro de poliéster\n\n\n\n- Suela de goma con dibujo de Hunter Original",,,taxable,,0,,,0,0,,,,,0,,77994,129990,"Tipo de producto > Botas, Género, Género > Mujer, Tipo de producto","Impermeables, Invierno, Verde, Ofertas",,"https://trendseeker.cl/wp-content/uploads/2023/07/WFT1000RMA-DOV-1-princ.jpg, https://trendseeker.cl/wp-content/uploads/2023/07/Botas-largas-mujer-Hunter-4.png, https://trendseeker.cl/wp-content/uploads/2023/07/WFT1000RMA-DOV-2.jpg, https://trendseeker.cl/wp-content/uploads/2023/07/WFT1000RMA-DOV-3.jpg, https://trendseeker.cl/wp-content/uploads/2023/07/WFT1000RMA-DOV-4.jpg, https://trendseeker.cl/wp-content/uploads/2023/07/WFT1000RMA-DOV-5.jpg",,,,,,,,,1,,Hunter,Hunter,Talla,"36, 37, 38, 39, 40/41, 42",1,1,
18681,variable,WFT1000RMA-SIL,,Botas De Agua Altas Original Para Mujer Plateado,0,0,visible,,"Perfecta para los días de lluvia, esta bota de agua para mujer ha sido la esencia de la marca Hunter Original desde su presentación en 1956. Elaborado con caucho natural, cada par está formado por 28 piezas cortadas a mano y se ensambla durante tres días sobre una horma de aluminio realizada a medida para Hunter, antes de someterse al proceso de vulcanizado para ofrecer mayor protección. Con el dibujo de Hunter Original y un cómodo forro de poliéster, esta bota impermeable de clásico es un accesorio imprescindible para los días de lluvia.\n\n\n\nRecomendamos utilizar calcetines con todas las botas Hunter para proteger la piel del contacto con el caucho. Todos los calcetines para botas Hunter están especialmente diseñados para su uso con nuestra gama de botas e incluyen una vuelta en la parte superior que permite cubrir el caucho y el nailon del borde de la bota, evitando así cualquier roce durante el uso.\n\n\n\n- Completamente impermeables\n\n\n\n- Elaboradas a mano a partir de 28 piezas\n\n\n\n- Ajuste normal\n\n\n\n- Forro de poliéster\n\n\n\n- Suela de goma con dibujo de Hunter Original\n\n\n\n<strong>SIN CAMBIOS NI DEVOLUCIONES</strong>",,,taxable,,0,,,0,0,,,,,0,,89994,149990,"Tipo de producto > Botas, Género, Género > Mujer, Tipo de producto","Impermeables, Invierno, Ofertas",,"https://trendseeker.cl/wp-content/uploads/2023/07/WFT1000RMA-SIL-1-princ.jpg, https://trendseeker.cl/wp-content/uploads/2023/07/Botas-largas-mujer-Hunter-8.png, https://trendseeker.cl/wp-content/uploads/2023/07/WFT1000RMA-SIL-2.jpg, https://trendseeker.cl/wp-content/uploads/2023/07/WFT1000RMA-SIL-3.jpg, https://trendseeker.cl/wp-content/uploads/2023/07/WFT1000RMA-SIL-4.jpg, https://trendseeker.cl/wp-content/uploads/2023/07/WFT1000RMA-SIL-5.jpg",,,,,,,,,1,,Hunter,Hunter,Talla,"36, 37, 38, 39, 40/41, 42",1,1,
21394,simple,UBP1170ATR-BSV,,Mini Bolso Para Celular Patchwork Negro & Morado,0,0,visible,,"El Keeper es perfecto para llevar lo esencial. Esta mini funda para teléfono resistente al agua está hecha con un exterior de nylon 100 % reciclado y un forro de poliéster reciclado resistente al agua. El bolso tiene una correa desmontable para que se pueda llevar como bandolera o como cartera, y cuenta con una práctica ranura para tarjetas de crédito en el exterior forrada con microfibra para mantener tus tarjetas seguras.\n\n<div class=""copy trim-stacked-margins has-inner-html product-page-description__features"">\n\n<ul>\n\n 	<li>Vegano certificado.</li>\n\n 	<li>Exterior de sarga de nailon resistente al agua 100 % reciclado.</li>\n\n 	<li>Forro 100 % poliéster reciclado resistente al agua para mayor protección.</li>\n\n 	<li>Se puede llevar como cartera o como bandolera.</li>\n\n 	<li>Ranura para tarjeta externa para un fácil acceso.</li>\n\n 	<li>Etiqueta de PVC Hunter.</li>\n\n 	<li>Altura 11 cm, profundidad 3,5 cm, ancho 18 cm, longitud de la correa (cuando está completamente extendida) 130 cm.</li>\n\n</ul>\n\n</div>\n\n&nbsp;",,,taxable,,0,0,2,0,0,,,,,0,,,39990,"Género, Tipo de producto > Mochilas, Género > Mujer, Tipo de producto, Género > Unisex","Bolsos, Celular, Hunter",,"https://trendseeker.cl/wp-content/uploads/2023/03/UBP1170ATR-BSV-1.png, https://trendseeker.cl/wp-content/uploads/2023/03/UBP1170ATR-BSV-2.png, https://trendseeker.cl/wp-content/uploads/2023/03/UBP1170ATR-BSV-3.png, https://trendseeker.cl/wp-content/uploads/2023/03/UBP1170ATR-BSV-4.png",,,,,,,,,74,5059997022651,Hunter,Hunter,,,,,
21387,simple,UBP1170ACD-NVY,,Mini Bolso Para Celular Keeper Azul Marino,0,0,visible,,"El Keeper es perfecto para llevar lo esencial. Esta mini funda para teléfono resistente al agua está hecha con un exterior de nylon 100 % reciclado y un forro de poliéster reciclado resistente al agua. El bolso tiene una correa desmontable para que se pueda llevar como bandolera o como cartera, y cuenta con una práctica ranura para tarjetas de crédito en el exterior forrada con microfibra para mantener tus tarjetas seguras.\n\n<div class=""copy trim-stacked-margins has-inner-html product-page-description__features"">\n\n<ul>\n\n 	<li>Vegano certificado.</li>\n\n 	<li>Exterior de sarga de nailon resistente al agua 100 % reciclado.</li>\n\n 	<li>Forro 100 % poliéster reciclado resistente al agua para mayor protección.</li>\n\n 	<li>Se puede llevar como cartera o como bandolera.</li>\n\n 	<li>Ranura para tarjeta externa para un fácil acceso.</li>\n\n 	<li>Etiqueta de PVC Hunter.</li>\n\n 	<li>Altura 11 cm, profundidad 3,5 cm, ancho 18 cm, longitud de la correa (cuando está completamente extendida) 130 cm.</li>\n\n</ul>\n\n</div>",,,taxable,,0,0,2,0,0,,,,,0,,,39990,"Género, Tipo de producto > Mochilas, Género > Mujer, Tipo de producto, Género > Unisex","Azul, Bolsos, Hunter, Impermeables",,"https://trendseeker.cl/wp-content/uploads/2023/03/UBP1170ACD-NVY-1-1.png, https://trendseeker.cl/wp-content/uploads/2023/03/UBP1170ACD-NVY-2.png, https://trendseeker.cl/wp-content/uploads/2023/03/UBP1170ACD-NVY-3.png, https://trendseeker.cl/wp-content/uploads/2023/03/UBP1170ACD-NVY-4.png",,,,,"UBP1170ACD-BLK, UBP1170ACD-DOV",,,,75,5052956001407,Hunter,Hunter,,,,,
21415,simple,UBP1514NRS-BLK,,Mini bolso para Celular Travel Ripstop Negro,0,0,visible,,"Mantenga su teléfono seguro y a mano con nuestra funda para teléfono Travel Ripstop. Imprescindible para festivales y aventuras casuales en la ciudad, esta funda para teléfono negra está confeccionada con nylon resistente al agua reciclado y cuenta con una correa de cordón ajustable en varias direcciones que se puede usar cruzada o en el hombro. El compartimento seguro con cremallera y el bolsillo trasero adicional también mantendrán seguras sus necesidades diarias.\n\n<div class=""copy trim-stacked-margins has-inner-html product-page-description__features"">\n\n<ul>\n\n 	<li>Vegano certificado.</li>\n\n 	<li>Nylon reciclado antidesgarro resistente al agua (resistente al desgarro).</li>\n\n 	<li>Se puede usar en el cuerpo o en el hombro.</li>\n\n 	<li>Cordón de nailon ajustable.</li>\n\n 	<li>Entrada con cremallera y bolsillo externo con cremallera de fácil acceso.</li>\n\n 	<li>Logotipo de PVC de caja Hunter grande.</li>\n\n 	<li>Tiradores de cremallera con lazo de la marca Hunter para facilitar el acceso.</li>\n\n 	<li>Altura 20 cm, ancho 13 cm.</li>\n\n</ul>\n\n</div>",,,taxable,,0,0,2,0,0,,,,,0,,,39990,"Género, Tipo de producto > Mochilas, Género > Mujer, Tipo de producto, Género > Unisex","Bolsos, Celular, Hunter, Negro",,"https://trendseeker.cl/wp-content/uploads/2023/03/UBP1514NRS-BLK-1.png, https://trendseeker.cl/wp-content/uploads/2023/03/UBP1514NRS-BLK-2.png, https://trendseeker.cl/wp-content/uploads/2023/03/UBP1514NRS-BLK-3.png, https://trendseeker.cl/wp-content/uploads/2023/03/UBP1514NRS-BLK-4.png",,,,,,,,,77,5059997022330,Hunter,Hunter,,,,,
20075,simple,UBB1210KBM-RYL,,Mochila Pioneer Mini Amarillo,0,0,visible,,"La nueva Mochila Mini Pioneer con Clip Superior es resistente al agua y tiene una capacidad de 11 L. Fabricada a partir de tejido de nylon 100% reciclado con un forro de jacquard de poliéster reciclado y resistente al agua, cuenta con un panel trasero de malla para la transpiración y correas acolchadas y ajustables para garantizar un ajuste a medida.\n\nEsta mini mochila tiene 29cm de alto, a diferencia de la Mochila Pioneer original que tiene 38 cm de alto.\n<ul>\n 	<li>Vegano certificado.</li>\n 	<li>Exterior de sarga de nylon 100% reciclado resistente al agua.</li>\n 	<li>Forro de poliéster 100% reciclado, resistente al agua para una mayor protección.</li>\n 	<li>Bolsillo con cremallera externa para los objetos más valiosos.</li>\n 	<li>Espalda de rejilla Hunter para mayor comodidad y ventilación.</li>\n 	<li>Correas ajustables acolchadas para una mayor comodidad.</li>\n 	<li>Bolsillos laterales elásticos con asas ajustables perfectos para la botella de agua.</li>\n 	<li>Etiqueta PVC Hunter.</li>\n 	<li>Altura 29cm, profundidad 13cm, ancho 22cm y capacidad 11L.</li>\n</ul>",,,taxable,,0,0,,0,0,,,,,0,,,79990,"Género, Tipo de producto > Mochilas, Género > Mujer, Tipo de producto",,,"https://trendseeker.cl/wp-content/uploads/2023/07/PROD-SS22-ORG-UBB1210KBM-RYL-1-1.jpg, https://trendseeker.cl/wp-content/uploads/2023/07/PROD-SS22-ORG-UBB1210KBM-RYL-3-1.jpg, https://trendseeker.cl/wp-content/uploads/2023/07/PROD-SS22-ORG-UBB1210KBM-RYL-2-1.jpg, https://trendseeker.cl/wp-content/uploads/2023/07/PROD-SS22-ORG-UBB1210KBM-RYL-4-1.jpg, https://trendseeker.cl/wp-content/uploads/2023/07/PROD-SS22-ORG-UBB1210KBM-RYL-5-1.jpg, https://trendseeker.cl/wp-content/uploads/2023/07/PROD-SS22-ORG-UBB1210KBM-RYL-6-1.jpg",,,,,,,,,78,5054916885546,Hunter,Hunter,,,,,
18649,simple,UAH3031WXA-MRG,,Gorro con Pon Pon Moustache Original,1,0,visible,,"<p id=""tw-target-text"" class=""tw-data-text tw-text-large XcVN5d tw-ta"" dir=""ltr"" data-placeholder=""Traducción""><span class=""Y2IQFc"" lang=""es"">El complemento perfecto para tus looks de otoño e invierno es este gorro de la colección Moustache. En un color gris oscuro con detalles rojos, este icónico gorro combina con todo además de ser abrigado y muy suave al tacto. Disponible en un tamaño único que se ajusta a todos y con un divertido pon pon de gran tamaño, tu cabeza se sentirá cómoda en los días más fríos del año. El tejido flexible se ajusta cómodamente a la cabeza y tiene un dobladillo clásico. Combínalo con las botas y tu mochila a juego para lograr un estilo clásico de Hunter. </span></p>\n<p class=""tw-data-text tw-text-large XcVN5d tw-ta"" dir=""ltr"" data-placeholder=""Traducción""><span class=""Y2IQFc"" lang=""es"">Sensación suave al tacto</span></p>\n<p class=""tw-data-text tw-text-large XcVN5d tw-ta"" dir=""ltr"" data-placeholder=""Traducción""><span class=""Y2IQFc"" lang=""es"">Diseño clásico y atemporal</span></p>\n<p class=""tw-data-text tw-text-large XcVN5d tw-ta"" dir=""ltr"" data-placeholder=""Traducción""><span class=""Y2IQFc"" lang=""es"">Pompón en la parte superior del gorro</span></p>\n<p class=""tw-data-text tw-text-large XcVN5d tw-ta"" dir=""ltr"" data-placeholder=""Traducción""><span class=""Y2IQFc"" lang=""es"">Etiqueta tejida Hunter </span></p>\n<p class=""tw-data-text tw-text-large XcVN5d tw-ta"" dir=""ltr"" data-placeholder=""Traducción""><span class=""Y2IQFc"" lang=""es"">Código de producto: UAH3031WXA-MRG</span></p>",,,taxable,,1,67,,0,0,,,,,0,,16194,26990,"Tipo de producto > Accesorios, Tipo de producto > Accesorios > Gorros, Tipo de producto","Invierno, Moustache, winter-style, Ofertas",,"https://trendseeker.cl/wp-content/uploads/2023/07/UAH3031WXA-MRG-1.jpg, https://trendseeker.cl/wp-content/uploads/2023/07/UAH3031WXA-MRG-3.jpg, https://trendseeker.cl/wp-content/uploads/2023/07/UAH3031WXA-MRG-2.jpg",,,,,,,,,1,5054916533447,Hunter,Hunter,,,,,
21481,simple,UBS1121ATR-BLK,,Mini Tote Patchwork Negro,0,0,visible,,"Con un forro de poliéster reciclado, un exterior resistente al agua y una base reforzada, nuestro Mini Tote Patchwork de Nylon protegerá todas tus cosas, independientemente del clima. Es del tamaño ideal para tu día a día y tiene una correa ajustable desmontable para que se pueda llevar de varias maneras diferentes.\n\n<ul>\n\n 	<li>Vegano certificado</li>\n\n 	<li>Exterior de nylon resistente al agua</li>\n\n 	<li>Forro de poliéster 100% reciclado, resistente al agua para una mayor protección</li>\n\n 	<li>Correa superior para transportarla</li>\n\n 	<li>Correa ajustable desmontable para mayor comodidad y versatilidad</li>\n\n 	<li>Detalle del clip lateral</li>\n\n 	<li>Bolsillo interno para los objetos más valiosos</li>\n\n 	<li>Base reforzada para proteger todas tus pertenencias</li>\n\n 	<li>Altura 18cm, profundidad 14cm, ancho en base 24cm, ancho en línea superior 30cm</li>\n\n</ul>",,,taxable,,0,0,2,0,0,,,,,0,,,74990,"Género, Tipo de producto > Mochilas, Género > Mujer, Tipo de producto","Bolsos, Hunter, Negro, Nylon, Tote",,"https://trendseeker.cl/wp-content/uploads/2023/03/UBS1121ATR-BLK-1.png, https://trendseeker.cl/wp-content/uploads/2023/03/UBS1121ATR-BLK-2.png, https://trendseeker.cl/wp-content/uploads/2023/03/UBS1121ATR-BLK-3.png, https://trendseeker.cl/wp-content/uploads/2023/03/UBS1121ATR-BLK-4.png, https://trendseeker.cl/wp-content/uploads/2023/03/UBS1121ATR-BLK-5.png",,,,,"UBS6004KBM-BLK, UBS6004KBM-DOV",,,,81,5059997022705,Hunter,Hunter,,,,,
21502,simple,UBS1517NRS-RBO,,Bolso Tote Ripstop Negro,0,0,visible,,"El bolso tote antidesgarro de viaje de Hunter tiene una especificación conveniente que le permite expandir los paneles laterales. Hay un bolsillo con cremallera en el interior, por lo que es perfecto para guardar objetos pequeños como las llaves. Debido a que utiliza tela ripstop de nailon reciclado, también es excelente en cuanto a impermeabilidad y durabilidad. Artículo recomendado para uso diario.\n\n<div class=""copy trim-stacked-margins has-inner-html product-page-description__features"">\n\n<ul>\n\n 	<li>Certificado vegano</li>\n\n 	<li>Nylon reciclado antidesgarro resistente al agua (resistente al desgarro)</li>\n\n 	<li>Correa de cordón de nylon ajustable</li>\n\n 	<li>Refuerzo expandible para ajustar el volumen del cuerpo</li>\n\n 	<li>bolsillo interior con cremallera</li>\n\n 	<li>Bolsillo exterior tipo malla para facilitar el acceso a las pertenencias</li>\n\n 	<li>Logotipo de la caja de PVC Hunter</li>\n\n 	<li>Tirador de cremallera de bucle de fácil acceso</li>\n\n 	<li>Altura 35 cm, profundidad 15 cm, ancho inferior 34 cm, capacidad 17,85 L</li>\n\n</ul>\n\n</div>",,,taxable,,0,0,2,0,0,,,,,0,,,69990,"Género, Tipo de producto > Mochilas, Género > Mujer, Tipo de producto","Bolsos, Hunter, Negro",,"https://trendseeker.cl/wp-content/uploads/2023/03/UBS1517NRS-RBO-1.png, https://trendseeker.cl/wp-content/uploads/2023/03/UBS1517NRS-RBO-2.png, https://trendseeker.cl/wp-content/uploads/2023/03/UBS1517NRS-RBO-3.png, https://trendseeker.cl/wp-content/uploads/2023/03/UBS1517NRS-RBO-4.png, https://trendseeker.cl/wp-content/uploads/2023/03/UBS1517NRS-RBO-5.png",,,,,"UBS1115SHA-BLK, UBS6004KBM-DOV",,,,83,5059997022514,Hunter,Hunter,,,,,
18939,variable,WFT1000RGL-RVI,,Botas Altas Y Brillantes Original Para Mujer Morada,0,0,visible,,"Perfecta para los días de lluvia, esta bota de agua para mujer ha sido la esencia de la marca Hunter Original desde su presentación en 1956. Elaborado con caucho natural, cada par está formado por 28 piezas cortadas a mano y se ensambla durante tres días sobre una horma de aluminio realizada a medida para Hunter, antes de someterse al proceso de vulcanizado para ofrecer mayor protección. Con el dibujo de Hunter Original y un cómodo forro de poliéster, la bota de agua alta y brillante Original es un accesorio esencial y atemporal para los días de lluvia.\n\n\n\n- Completamente impermeables\n\n\n\n- Elaboradas a mano a partir de 28 piezas\n\n\n\n- Ajuste normal\n\n\n\n- Forro de poliéster\n\n\n\n- Suela de goma con dibujo de Hunter Original\n\n\n\n- Confeccionadas en caucho vulcanizado natural con acabado brillante",,,taxable,,0,,,0,0,,,,,0,,77994,129990,"Tipo de producto > Botas, Género, Género > Mujer, Tipo de producto","Impermeables, Invierno, Ofertas",,"https://trendseeker.cl/wp-content/uploads/2023/07/WFT1000RGL-RVI-1-princ.jpg, https://trendseeker.cl/wp-content/uploads/2023/07/Botas-largas-mujer-Hunter-10.png, https://trendseeker.cl/wp-content/uploads/2023/07/WFT1000RGL-RVI-3.jpg, https://trendseeker.cl/wp-content/uploads/2023/07/WFT1000RGL-RVI-4.jpg, https://trendseeker.cl/wp-content/uploads/2023/07/WFT1000RGL-RVI-2.jpg",,,,,,,,,1,,Hunter,Hunter,Talla,"36, 37, 38, 39, 40/41, 42",0,1,
18583,variable,WFT1000RGL-DOV,,Botas Altas Y Brillantes Original Para Mujer Verde Oliva,0,0,visible,,"Perfecta para los días de lluvia, esta bota de agua para mujer ha sido la esencia de la marca Hunter Original desde su presentación en 1956. Elaborado con caucho natural, cada par está formado por 28 piezas cortadas a mano y se ensambla durante tres días sobre una horma de aluminio realizada a medida para Hunter, antes de someterse al proceso de vulcanizado para ofrecer mayor protección. Con el dibujo de Hunter Original y un cómodo forro de poliéster, la bota de agua alta y brillante Original es un accesorio esencial y atemporal para los días de lluvia.\n\n\n\n- Completamente impermeables\n\n\n\n- Elaboradas a mano a partir de 28 piezas\n\n\n\n- Ajuste normal\n\n\n\n- Forro de poliéster\n\n\n\n- Suela de goma con dibujo de Hunter Original\n\n\n\n- Confeccionadas en caucho vulcanizado natural con acabado brillante",,,taxable,,0,,,0,0,,,,,0,,77994,129990,"Tipo de producto > Botas, Género, Género > Mujer, Tipo de producto","Impermeables, Invierno, Verde, Ofertas",,"https://trendseeker.cl/wp-content/uploads/2023/07/WFT1000RGL-DOV-1-princ.jpg, https://trendseeker.cl/wp-content/uploads/2023/07/Botas-largas-mujer-Hunter-1.png, https://trendseeker.cl/wp-content/uploads/2023/07/WFT1000RGL-DOV-2.jpg, https://trendseeker.cl/wp-content/uploads/2023/07/WFT1000RGL-DOV-3.jpg, https://trendseeker.cl/wp-content/uploads/2023/07/WFT1000RGL-DOV-4.jpg, https://trendseeker.cl/wp-content/uploads/2023/07/WFT1000RGL-DOV-5.jpg",,,,,,,,,1,,Hunter,Hunter,Talla,"36, 37, 38, 39, 40/41, 42",1,1,
18585,variable,WFT1000RGL-GRA,,Botas Altas Y Brillantes Original Para Mujer Grafito,0,0,visible,,"Perfecta para los días de lluvia, esta bota de agua para mujer ha sido la esencia de la marca Hunter Original desde su presentación en 1956. Elaborado con caucho natural, cada par está formado por 28 piezas cortadas a mano y se ensambla durante tres días sobre una horma de aluminio realizada a medida para Hunter, antes de someterse al proceso de vulcanizado para ofrecer mayor protección. Con el dibujo de Hunter Original y un cómodo forro de poliéster, la bota de agua alta y brillante Original es un accesorio esencial y atemporal para los días de lluvia.\n\n\n\n- Completamente impermeables\n\n\n\n- Elaboradas a mano a partir de 28 piezas\n\n\n\n- Ajuste normal\n\n\n\n- Forro de poliéster\n\n\n\n- Suela de goma con dibujo de Hunter Original\n\n\n\n- Confeccionadas en caucho vulcanizado natural con acabado brillante",,,taxable,,0,,,0,0,,,,,0,,101994,169990,"Tipo de producto > Botas, Género, Género > Mujer, Tipo de producto","Impermeables, Invierno, Ofertas",,"https://trendseeker.cl/wp-content/uploads/2023/07/WFT1000RGL-DSL-1-princ.jpg, https://trendseeker.cl/wp-content/uploads/2023/07/Botas-largas-mujer-Hunter-2.png, https://trendseeker.cl/wp-content/uploads/2022/11/Captura-de-pantalla-2025-04-04-a-las-1.04.33 p.-m.png",,,,,,"AC1SI, UAH3031WXA-GZB",,,1,,Hunter,Hunter,Talla,"36, 37, 38, 39, 40/41, 42",1,1,
20015,simple,UBB1210KBM-BLK,,Mochila Pioneer Mini Negra,0,0,visible,,"La nueva Mochila Mini Pioneer con Clip Superior resistente al agua tiene una capacidad de 11 L. Fabricada a partir de tejido de nylon 100% reciclado con un forro de jacquard de poliéster reciclado resistente al agua, cuenta con un panel trasero de malla para la transpiración y correas acolchadas y ajustables para garantizar un ajuste a medida.\n\n\n\nEsta mini mochila tiene 29cm de alto, a diferencia de la Mochila Pioneer original que tiene 38 cm de alto.\n\n<ul>\n\n 	<li>Vegano certificado.</li>\n\n 	<li>Exterior de sarga de nylon 100% reciclado resistente al agua.</li>\n\n 	<li>Forro de poliéster 100% reciclado, resistente al agua para una mayor protección.</li>\n\n 	<li>Bolsillo con cremallera externa para los objetos más valiosos.</li>\n\n 	<li>Espalda de rejilla Hunter para mayor comodidad y ventilación.</li>\n\n 	<li>Correas ajustables acolchadas para una mayor comodidad.</li>\n\n 	<li>Bolsillos laterales elásticos con asas ajustables perfectos para la botella de agua.</li>\n\n 	<li>Etiqueta PVC Hunter.</li>\n\n 	<li>Altura 29cm, profundidad 13cm, ancho 22cm y capacidad 11L.</li>\n\n</ul>",,,taxable,,0,0,,0,0,,,,,0,,,99990,"Género, Tipo de producto > Mochilas, Género > Mujer, Tipo de producto",,,"https://trendseeker.cl/wp-content/uploads/2023/07/PROD-SS22-ORG-UBB1210KBM-BLK-1.jpg, https://trendseeker.cl/wp-content/uploads/2023/07/PROD-SS22-ORG-UBB1210KBM-BLK-3.jpg, https://trendseeker.cl/wp-content/uploads/2023/07/PROD-SS22-ORG-UBB1210KBM-BLK-2.jpg, https://trendseeker.cl/wp-content/uploads/2023/07/PROD-SS22-ORG-UBB1210KBM-BLK-5.jpg, https://trendseeker.cl/wp-content/uploads/2023/07/PROD-SS22-ORG-UBB1210KBM-BLK-4.jpg, https://trendseeker.cl/wp-content/uploads/2023/07/PROD-SS22-ORG-UBB1210KBM-BLK-6.jpg",,,,,,,,,90,5054916885508,Hunter,Hunter,,,,,
19489,variable,WFT1000RGL-BCE,,Botas De Agua Altas Original Para Mujer - Brillante / Gloss,0,0,visible,,"Perfecta para los días de lluvia, esta bota de agua para mujer ha sido la esencia de la marca Hunter Original desde su presentación en 1956. Elaborado con caucho natural, cada par está formado por 28 piezas cortadas a mano y se ensambla durante tres días sobre una horma de aluminio realizada a medida para Hunter, antes de someterse al proceso de vulcanizado para ofrecer mayor protección. Con el dibujo de Hunter Original y un cómodo forro de poliéster, esta bota impermeable de clásico es un accesorio imprescindible para los días de lluvia.\n\n\n\nRecomendamos utilizar calcetines con todas las botas Hunter para proteger la piel del contacto con el caucho. Todos los calcetines para botas Hunter están especialmente diseñados para su uso con nuestra gama de botas e incluyen una vuelta en la parte superior que permite cubrir el caucho y el nailon del borde de la bota, evitando así cualquier roce durante el uso.\n\n\n\n- Completamente impermeables\n\n\n\n- Elaboradas a mano a partir de 28 piezas\n\n\n\n- Ajuste normal\n\n\n\n- Forro de poliéster\n\n\n\n- Suela de goma con dibujo de Hunter Original\n\n\n\n- Brillante (Gloss)",2022-05-24 0:00:00,2022-06-01 23:59:59,taxable,,0,,,0,0,,,,,0,,77994,129990,"Tipo de producto > Botas, Género, Género > Mujer, Tipo de producto","Impermeables, Invierno, Ofertas",,"https://trendseeker.cl/wp-content/uploads/2023/07/5034071-2-scaled-1.jpg, https://trendseeker.cl/wp-content/uploads/2023/07/5034071-3-scaled-1.jpg, https://trendseeker.cl/wp-content/uploads/2023/07/Botas-largas-mujer-Hunter-13.png",,,,,,,,,1,,Hunter,Hunter,Talla,"37, 38, 40/41, 42",1,1,
19564,simple,UBB1204KBM-NVY,,Mochila Pioneer Azul Marino,0,0,visible,,"Para el aventurero de todos los días, existe la mochila Original Nylon Pioneer Topclip, fácil de limpiar y resistente al agua.\n\n\n\nAdemás, es única en materias de sostenibilidad, ya que está hecha de Nylon 100% reciclado.\n\n\n\nAprovechando el conocimiento de Hunter para todo tipo de clima, esta mochila puede guardar de manera segura una computadora portátil dentro de la funda interior, que se encuentra dentro de un compartimento forrado resistente al agua.\n\n\n\nEn la parte externa hay más espacio de almacenamiento con un bolsillo lateral de malla ajustable que se adapta a una botella de agua y un bolsillo delantero para guardar un teléfono.\n\n\n\nPara mayor comodidad, un panel trasero de malla proporciona transpirabilidad y las correas ajustables acolchadas permiten un ajuste a la medida.\n\n<ul>\n\n 	<li>Nylon resistente al agua</li>\n\n 	<li>Funda interna para notebook en el compartimiento principal</li>\n\n 	<li>Compartimientos internos en el bolsillo delantero</li>\n\n 	<li>Ancho 27cm,  profundidad 16cm, alto 38cm</li>\n\n</ul>",,,taxable,,0,0,,0,0,,,,,0,,,89990,"Género, Tipo de producto > Mochilas, Género > Mujer, Tipo de producto",,,"https://trendseeker.cl/wp-content/uploads/2023/07/UBB1204KBM-NVY-1-1.jpg, https://trendseeker.cl/wp-content/uploads/2023/07/UBB1204KBM-NVY-2-1.jpg",,,,,,,,,94,5054916830720,Hunter,Hunter,,,,,
18938,variable,WFT1000RGL-NVY,,Botas Altas Y Brillantes Original Para Mujer Azul Marino,0,0,visible,,"Perfecta para los días de lluvia, esta bota de agua para mujer ha sido la esencia de la marca Hunter Original desde su presentación en 1956. Elaborado con caucho natural, cada par está formado por 28 piezas cortadas a mano y se ensambla durante tres días sobre una horma de aluminio realizada a medida para Hunter. Luego se somete al proceso de vulcanizado para ofrecer mayor protección.\n\n\n\nCon el dibujo de Hunter Original y un cómodo forro de poliéster, la bota de agua alta y brillante Original es un accesorio esencial y atemporal para los días de lluvia.\n\n\n\n- Completamente impermeables\n\n\n\n- Elaboradas a mano a partir de 28 piezas\n\n\n\n- Ajuste normal\n\n\n\n- Forro de poliéster\n\n\n\n- Suela de goma con dibujo de Hunter Original\n\n\n\n- Confeccionadas en caucho vulcanizado natural con acabado brillante",,,taxable,,0,,,0,0,,,,,0,,77994,129990,"Tipo de producto > Botas, Género, Género > Mujer, Tipo de producto","Impermeables, Invierno, Ofertas",,"https://trendseeker.cl/wp-content/uploads/2023/07/WFT1000RGL-NVY-1-princ.jpg, https://trendseeker.cl/wp-content/uploads/2023/07/Botas-largas-mujer-Hunter-9.png, https://trendseeker.cl/wp-content/uploads/2023/07/WFT1000RGL-NVY-2.jpg, https://trendseeker.cl/wp-content/uploads/2023/07/WFT1000RGL-NVY-3.jpg",,,,,,"UBB6017ACD-BTB, UBP7020KBM-NVY",,,1,,Hunter,Hunter,Talla,"36, 37, 38, 39, 40/41, 42",0,1,
19511,simple,UBB2004KBM-DOV,,Mochila Pioneer Verde Oliva,0,0,visible,,"Para el aventurero de todos los días, existe la mochila Original Nylon Pioneer Topclip, fácil de limpiar y resistente al agua.\n\nAdemás, es única en materias de sostenibilidad, ya que está hecha de Nylon 100% reciclado.\n\nAprovechando el conocimiento de Hunter para todo tipo de clima, esta mochila puede guardar de manera segura una computadora portátil dentro de la funda interior, que se encuentra dentro de un compartimento forrado resistente al agua.\n\nEn la parte externa hay más espacio de almacenamiento con un bolsillo lateral de malla ajustable que se adapta a una botella de agua y un bolsillo delantero para guardar un teléfono.\n\nPara mayor comodidad, un panel trasero de malla proporciona transpirabilidad y las correas ajustables acolchadas permiten un ajuste a la medida.\n<ul>\n 	<li>Nylon resistente al agua</li>\n 	<li>Funda interna para notebook en el compartimiento principal</li>\n 	<li>Compartimientos internos en el bolsillo delantero</li>\n 	<li>Ancho 27cm,  profundidad 16cm, alto 38cm</li>\n</ul>",,,taxable,,0,0,,0,0,,,,,0,,,89990,"Género, Tipo de producto > Mochilas, Género > Mujer, Tipo de producto",,,"https://trendseeker.cl/wp-content/uploads/2023/07/UBB1204KBM-DOV-1.jpg, https://trendseeker.cl/wp-content/uploads/2023/07/UBB1204KBM-DOV-4.jpg, https://trendseeker.cl/wp-content/uploads/2023/07/UBB1204KBM-DOV-3.jpg, https://trendseeker.cl/wp-content/uploads/2023/07/UBB1204KBM-DOV-2.jpg",,,,,,,,,96,5054916830713,Hunter,Hunter,,,,,
18940,variable,WFT1001RGL-BLK,,Botas De Agua Altas Y Ajustables Por Detrás Para Mujer Negro,0,0,visible,,"Diseñada para ofrecer un ajuste flexible, la bota alta y ajustable Original imita la icónica bota alta Original con la incorporación de un refuerzo extensible en la parte posterior. Perfecta para una pantorrilla más ancha, esta bota de agua brillante permite libertad de movimientos y adapta el ajuste Hunter personalizado tradicional a una forma más relajada cuando el refuerzo se extiende por completo. Elaborada a mano con caucho natural, esta bota ajustable Original es completamente impermeable gracias a su cómodo forro de poliéster y distintivo dibujo de Hunter Original.\n\n<ul>\n\n 	<li>Completamente impermeables</li>\n\n 	<li>De fabricación artesanal</li>\n\n 	<li>Forro de poliéster</li>\n\n 	<li>Refuerzo y hebilla ajustables en la parte posterior para adaptar el ajuste</li>\n\n 	<li>Suela de goma con dibujo Original</li>\n\n 	<li>Confeccionadas en caucho vulcanizado natural con acabado brillante</li>\n\n</ul>",,,taxable,,0,,,0,0,,,,,0,,107994,179990,"Tipo de producto > Botas, Género, Género > Mujer, Tipo de producto","Impermeables, Invierno, Ofertas",,"https://trendseeker.cl/wp-content/uploads/2023/07/WFT1001RGL-BLK-1-princ.jpg, https://trendseeker.cl/wp-content/uploads/2023/07/Botas-largas-ajuste-trasero-mujer-Hunter.png, https://trendseeker.cl/wp-content/uploads/2023/07/WFT1001RGL-BLK-2.jpg, https://trendseeker.cl/wp-content/uploads/2023/07/WFT1001RGL-BLK-3.jpg, https://trendseeker.cl/wp-content/uploads/2023/07/WFT1001RGL-BLK-4.jpg, https://trendseeker.cl/wp-content/uploads/2023/07/WFT1001RGL-BLK-5.jpg",,,,,,"UZC3011XXX-CLR, UAS3036AAB-GRG, UZF3003LSK-NTR",,,1,,Hunter,Hunter,Talla,"36, 37, 38, 39, 40/41, 42",0,1,
20091,simple,UBB1157KBM-DOV,,Mochila Plegable Verde Oliva,0,0,visible,,"Elaborada con nylon irrompible y ligero, la mochila irrompible y plegable es tu complemento impermeable de uso diario. Esta práctica mochila se puede enrollar y plegar de un modo ingenioso para guardarla en su bolsillo frontal cuando no la necesites y además cuenta con bolsillos laterales elásticos y correas ajustables para un mayor confort.\n\n<ul>\n\n 	<li>Nylon impermeable e irrompible</li>\n\n 	<li>Se guarda en el bolsillo frontal</li>\n\n 	<li>Correas de malla de nylon ajustables</li>\n\n 	<li>Bolsillos laterales elásticos para una botella de agua</li>\n\n 	<li>Bolsillo delantero de acceso fácil con cierre para los objetos valiosos</li>\n\n 	<li>Logotipo del recuadro de Hunter serigrafiado</li>\n\n 	<li>Altura: 40 cm. Profundidad: 13,5 cm. Anchura: 37 cm</li>\n\n</ul>",,,taxable,,0,0,,0,0,,,,,0,,,54990,"Género, Tipo de producto > Mochilas, Género > Mujer, Tipo de producto",,,"https://trendseeker.cl/wp-content/uploads/2023/07/PROD-SS22-ORG-UBB1157KBM-DOV-1-1.jpg, https://trendseeker.cl/wp-content/uploads/2023/07/UBB1157KBM-DOV-2-1.jpg, https://trendseeker.cl/wp-content/uploads/2023/07/PROD-SS22-ORG-UBB1157KBM-DOV-3-1.jpg, https://trendseeker.cl/wp-content/uploads/2023/07/PROD-SS22-ORG-UBB1157KBM-DOV-4-1.jpg, https://trendseeker.cl/wp-content/uploads/2023/07/PROD-SS22-ORG-UBB1157KBM-DOV-5-1.jpg, https://trendseeker.cl/wp-content/uploads/2023/07/PROD-SS22-ORG-UBB1157KBM-DOV-6-1.jpg",,,,,,,,,99,5054916885393,Hunter,Hunter,,,,,
18949,variable,WFT2041RMA-BLK,,Botas Altas Aislantes Original Para Mujer BLK,0,0,visible,,"Diseñada para los climas más fríos, la bota de agua alta Original se ha mejorado con un forro aislante estilo Sherpa para ofrecer mayor protección contra el frío del invierno. Adecuadas para usarse en temperaturas de hasta -5 ºC, mantendrán tus piernas y pies calientes y cómodos. Presentada por primera vez en 1956, la bota alta Original se conoce en todo el mundo como un icono. Elaborada a mano a partir de 28 piezas, cada bota se fabrica con caucho natural, que se ha vulcanizado para lograr un acabado totalmente impermeable y duradero. En un clásico tono mate, sal a la aventura con la confianza de que estarás completamente protegido.\n\n<ul>\n\n 	<li>Ajuste normal</li>\n\n 	<li>Completamente impermeables</li>\n\n 	<li>De fabricación artesanal</li>\n\n 	<li>Pueden llevarse en temperaturas de hasta -5 ºC</li>\n\n 	<li>Forro estilo Sherpa negro para aportar una mayor calidez</li>\n\n 	<li>Suela de goma con dibujo de Hunter Original</li>\n\n</ul>",,,taxable,,0,,,0,0,,,,,0,,107994,179990,"Tipo de producto > Botas, Género, Género > Mujer, Tipo de producto","Impermeables, Invierno, Ofertas",,"https://trendseeker.cl/wp-content/uploads/2023/07/WFT2041RMA-BLK-1.jpg, https://trendseeker.cl/wp-content/uploads/2023/07/Botas-largas-mujer-Hunter-11.png, https://trendseeker.cl/wp-content/uploads/2023/07/WFT2041RMA-BLK-2-2.jpg, https://trendseeker.cl/wp-content/uploads/2023/07/WFT2041RMA-BLK-3-2.jpg, https://trendseeker.cl/wp-content/uploads/2023/07/WFT2041RMA-BLK-4-2.jpg, https://trendseeker.cl/wp-content/uploads/2023/07/WFT2041RMA-BLK-5-2.jpg",,,,,,"UAH3031WXA-GZB, UBP1152KBM-MLR",,,1,,Hunter,Hunter,Talla,"36, 37, 38, 39, 40/41, 42",0,1,
20141,simple,UBP7012KBM-HRE,,MINI BOLSO PARA CELULAR PLEGABLE ROJO,0,0,visible,,"Un artículo imprescindible en los festivales, la funda plegable para móvil Original está confeccionada con nylon impermeable e irrompible. Con una práctica correa ajustable y multiusos, es lo bastante grande como para guardar todas las cosas indispensables, y se enrolla para ocupar el mínimo espacio posible en las mochilas.\n\n<ul>\n\n 	<li>Impermeable.</li>\n\n 	<li>Nylon irrompible.</li>\n\n 	<li>Puede enrollarse para guardarse.</li>\n\n 	<li>Correa multifuncional y ajustable que se puede llevar cruzada o al cuello.</li>\n\n 	<li>Altura 20 cm y ancho 15 cm.</li>\n\n</ul>",,,taxable,,0,0,,0,0,,,,,0,,,27990,"Género, Tipo de producto > Mochilas, Género > Mujer, Tipo de producto",,,"https://trendseeker.cl/wp-content/uploads/2023/07/PROD-AW21-ORG-UBP7012KBM-HRE-1-1.jpg, https://trendseeker.cl/wp-content/uploads/2023/07/PROD-AW21-ORG-UBP7012KBM-HRE-3-1.jpg, https://trendseeker.cl/wp-content/uploads/2023/07/PROD-AW21-ORG-UBP7012KBM-HRE-2-1.jpg, https://trendseeker.cl/wp-content/uploads/2023/07/PROD-AW21-ORG-UBP7012KBM-HRE-4-1.jpg, https://trendseeker.cl/wp-content/uploads/2023/07/PROD-AW21-ORG-UBP7012KBM-HRE-5-1.jpg, https://trendseeker.cl/wp-content/uploads/2023/07/PROD-AW21-ORG-UBP7012KBM-HRE-6-1.jpg",,,,,,,,,104,5054916556378,Hunter,Hunter,,,,,
18952,variable,WFT2078RMA-BHE,,Botas Altas Calendar Original Para Mujer,0,0,visible,,"Hemos mejorado la icónica bota de agua alta Original impermeable de Hunter con una nueva suela técnica en zigzag que aporta un agarre excepcional en superficies difíciles. Completamente confeccionadas a mano, estas botas de agua se completan con paneles de textura y una plantilla envolvente. Estas botas totalmente forradas están preparadas para enfrentarse a terrenos complicados. Recomendamos utilizar calcetines con todas las botas Hunter para proteger la piel del contacto con el caucho. Todos los calcetines para botas Hunter están especialmente diseñados para su uso con nuestra gama de botas e incluyen una vuelta en la parte superior que permite cubrir el caucho y el nailon del borde de la bota, evitando así cualquier roce durante el uso.\n\n\n\n- Impermeable\n\n\n\n- De fabricación artesanal\n\n\n\n- Forro de poliéster\n\n\n\n- Suela de goma envolvente con dibujo en zigzag de Hunter Original\n\n\n\n- Confeccionadas en caucho vulcanizado natural con acabado mate y con textura\n\n\n\n- Componentes de la marca Hunter\n\n\n\n<strong>SIN CAMBIOS NI DEVOLUCIONES</strong>",,,taxable,,0,,,0,0,,,,,0,,92994,154990,"Tipo de producto > Botas, Género, Género > Mujer, Tipo de producto","Impermeables, Invierno, winter-style, Ofertas",,"https://trendseeker.cl/wp-content/uploads/2023/07/WFT2078RMA-BHE-1-princ.jpg, https://trendseeker.cl/wp-content/uploads/2023/07/WFT2078RMA-BHE-5.jpg, https://trendseeker.cl/wp-content/uploads/2023/07/WFT2078RMA-BHE-6.jpg, https://trendseeker.cl/wp-content/uploads/2023/07/WFT2078RMA-BHE-3.jpg, https://trendseeker.cl/wp-content/uploads/2023/07/WFT2078RMA-BHE-4.jpg",,,,,,"UAH3031WXA-MRG, UBP7020KBM-NVY",,,1,,Hunter,Hunter,Talla,"36, 37, 38, 39, 40/41, 42",0,1,
20070,simple,UBP7012KBM-WMD,,MINI BOLSO PARA CELULAR PLEGABLE CELESTE,0,0,visible,,"Un artículo imprescindible en los festivales, la funda plegable para móvil Original está confeccionada con nylon impermeable e irrompible. Con una práctica correa ajustable y multiusos, es lo bastante grande como para guardar todas las cosas indispensables, y se enrolla para ocupar el mínimo espacio posible en las mochilas.\n\n<ul>\n\n 	<li> Impermeable.</li>\n\n 	<li>Nylon irrompible.</li>\n\n 	<li>Puede enrollarse para guardarse.</li>\n\n 	<li>Correa multifuncional y ajustable que se puede llevar cruzada o al cuello.</li>\n\n 	<li>Altura 20 cm y ancho 15 cm.</li>\n\n</ul>",,,taxable,,0,0,,0,0,,,,,0,,,27990,"Género, Tipo de producto > Mochilas, Género > Mujer, Tipo de producto",,,https://trendseeker.cl/wp-content/uploads/2023/07/16082816-1.png,,,,,,,,,107,5054916885263,Hunter,Hunter,,,,,
20068,simple,UBP7012KBM-DOV,,MINI BOLSO PARA CELULAR PLEGABLE VERDE OLIVA,0,0,visible,,"Un artículo imprescindible en los festivales, la funda plegable para móvil Original está confeccionada con nylon impermeable e irrompible. Con una práctica correa ajustable y multiusos, es lo bastante grande como para guardar todas las cosas indispensables, y se enrolla para ocupar el mínimo espacio posible en las mochilas.\n\n<ul>\n\n 	<li> Impermeable.</li>\n\n 	<li>Nylon irrompible.</li>\n\n 	<li>Puede enrollarse para guardarse.</li>\n\n 	<li>Correa multifuncional y ajustable que se puede llevar cruzada o al cuello.</li>\n\n 	<li>Altura 20 cm y ancho 15 cm.</li>\n\n</ul>",,,taxable,,0,0,,0,0,,,,,0,,,27990,"Género, Tipo de producto > Mochilas, Género > Mujer, Tipo de producto",,,https://trendseeker.cl/wp-content/uploads/2023/07/16082804-1.png,,,,,,,,,110,5054916556361,Hunter,Hunter,,,,,
18947,variable,WFT2007RMA-LRD,,Botas De Agua Altas Original Play Para Mujer LRD,0,0,visible,,"Simplificando el diseño icónico de la bota alta Original, la bota Play ofrece una silueta dinámica con una suela de plataforma más plana para aportar el máximo confort y versatilidad. Confeccionada en caucho natural de la más alta calidad, esta bota de agua para mujer es 100 % impermeable. Con una elegante altura que llega a media pantorrilla, la bota alta complementa la moda urbana, el estilo festivalero y cualquier otro atuendo que te guste para que puedas llevarla a tu manera.\n\n<ul>\n\n 	<li>Completamente impermeables</li>\n\n 	<li>Confeccionadas artesanalmente con caucho natural</li>\n\n 	<li>Forro de poliéster</li>\n\n 	<li>Rediseñadas para ofrecer una sensación de ligereza</li>\n\n 	<li>Suela moldeada con la marca Hunter</li>\n\n</ul>",,,taxable,,0,,,0,0,,,,,0,,65994,109990,"Tipo de producto > Botas, Género, Género > Mujer, Tipo de producto","Impermeables, Invierno, Ofertas",,"https://trendseeker.cl/wp-content/uploads/2023/07/WFT2007RMA-LRD-1-princ.jpg, https://trendseeker.cl/wp-content/uploads/2023/07/Botas-play-largas-mujer-Hunter-2.png, https://trendseeker.cl/wp-content/uploads/2023/07/WFT2007RMA-LRD-2.jpg, https://trendseeker.cl/wp-content/uploads/2023/07/WFT2007RMA-LRD-3.jpg, https://trendseeker.cl/wp-content/uploads/2023/07/WFT2007RMA-LRD-4.jpg, https://trendseeker.cl/wp-content/uploads/2023/07/WFT2007RMA-LRD-5.jpg",,,,,,,,,1,,Hunter,Hunter,Talla,"36, 37, 38, 39, 40/41, 42",0,1,
20067,simple,UBP7012KBM-BGC,,MINI BOLSO PARA CELULAR PLEGABLE VERDE,0,0,visible,,"Un artículo imprescindible en los festivales, la funda plegable para móvil Original está confeccionada con nylon impermeable e irrompible. Con una práctica correa ajustable y multiusos, es lo bastante grande como para guardar todas las cosas indispensables, y se enrolla para ocupar el mínimo espacio posible en las mochilas.\n\n<ul>\n\n 	<li>Impermeable.</li>\n\n 	<li>Nylon irrompible.</li>\n\n 	<li>Puede enrollarse para guardarse.</li>\n\n 	<li>Correa multifuncional y ajustable que se puede llevar cruzada o al cuello.</li>\n\n 	<li>Altura 20 cm y ancho 15 cm.</li>\n\n</ul>",,,taxable,,0,0,,0,0,,,,,0,,,27990,"Género, Tipo de producto > Mochilas, Género > Mujer, Tipo de producto",,,https://trendseeker.cl/wp-content/uploads/2023/07/16082803-1.png,,,,,,,,,113,5054916885256,Hunter,Hunter,,,,,
19610,simple,UBP7012KBM-BLK,,Mini Bolso Para Celular Plegable Negro,0,0,visible,,"Un artículo imprescindible para cualquier lugar, ya sea para salir a la calle, viajar o disfrutar de un festival o de una salida a comer. El mini bolso plegable para celulares está confeccionado con nylon impermeable e irrompible. Con una práctica correa ajustable y multiusos, es lo bastante grande como para guardar todas las cosas indispensables, y se enrolla para ocupar el mínimo espacio posible en las mochilas.\n\n<ul>\n\n 	<li>Impermeable</li>\n\n 	<li>Nailon irrompible</li>\n\n 	<li>Puede enrollarse para guardarse</li>\n\n 	<li>Correa multifuncional y ajustable que se puede llevar cruzada o al cuello</li>\n\n</ul>\n\n<div class=""product-page-description__product-code""><span class=""product-page-description__title"">Product code: </span><span class=""product-page-description__number"">UBP7012KBM-BLK</span></div>",,,taxable,,0,0,,0,0,,,,,0,,,27990,"Género, Tipo de producto > Mochilas, Género > Mujer, Tipo de producto",,,"https://trendseeker.cl/wp-content/uploads/2023/07/UBP7012KBM-BLK-1.jpg, https://trendseeker.cl/wp-content/uploads/2023/07/UBP7012KBM-BLK-4.jpg, https://trendseeker.cl/wp-content/uploads/2023/07/UBP7012KBM-BLK-2.jpg, https://trendseeker.cl/wp-content/uploads/2023/07/UBP7012KBM-BLK-3.jpg",,,,,,,,,116,5054916278126,Hunter,Hunter,,,,,
18946,variable,WFT2007RMA-LIH,,Botas De Agua Altas Original Play Para Mujer LIH,0,0,visible,,"Simplificando el diseño icónico de la bota alta Original, la bota Play ofrece una silueta dinámica con una suela de plataforma más plana para aportar el máximo confort y versatilidad. Confeccionada en caucho natural de la más alta calidad, esta bota de agua para mujer es 100 % impermeable. Con una elegante altura que llega a media pantorrilla, la bota alta complementa la moda urbana, el estilo festivalero y cualquier otro atuendo que te guste para que puedas llevarla a tu manera.\n\n\n\n- Completamente impermeables\n\n\n\n- Confeccionadas artesanalmente con caucho natural\n\n\n\n- Forro de poliéster\n\n\n\n- Rediseñadas para ofrecer una sensación de ligereza\n\n\n\n- Suela moldeada con la marca Hunter",,,taxable,,0,,,0,0,,,,,0,,53994,89990,"Tipo de producto > Botas, Género, Género > Mujer, Tipo de producto","Impermeables, Invierno, Ofertas",,"https://trendseeker.cl/wp-content/uploads/2023/07/WFT2007RMA-LIH-1-princ.jpg, https://trendseeker.cl/wp-content/uploads/2023/07/Botas-play-largas-mujer-Hunter-1.png",,,,,,,,,1,,Hunter,Hunter,Talla,"36, 37, 38, 39, 40/41, 42",0,1,
18944,variable,WFT2007EXL-OEX,,Botas Altas Original Play Con Logotipo Ampliado Para Mujer,0,0,visible,,"El icónico diseño de la bota Original inspiró nuestra bota alta PLAY, que es más minimalista y tiene una suela de plataforma plana para ofrecer el máximo confort. Hemos mejorado este modelo con el estampado tonal del logotipo ampliado. Esta bota de agua para mujer apenas roza la altura media de la pantorrilla, está confeccionada en caucho natural de la más alta calidad y es 100 % impermeable. Recomendamos utilizar calcetines Play de Hunter con todas las botas Play de Hunter para proteger la piel de quien las lleva del contacto con el caucho.\n\n\n\n- Impermeable\n\n- Confeccionadas artesanalmente con caucho natural\n\n- Forro de poliéster\n\n- Rediseñadas para ofrecer una sensación de ligereza\n\n- Suela moldeada con la marca Hunter\n\n- Lengüeta para facilitar la introducción del pie",,,taxable,,0,,,0,0,,,,,0,,65400,109000,"Tipo de producto > Botas, Género, Género > Mujer, Tipo de producto","Impermeables, Invierno, Ofertas",,,,,,,,,,,1,,Hunter,Hunter,Talla,"36, 37, 38, 39, 40/41, 42",0,1,
18846,simple,UBB6017ACD-RBP,,Mochila Con Clip En La Parte Superior Original - Nylon Rosado Intenso,0,0,visible,,"Mochila práctica e impermeable con adorno de cuero. Elaborada con nailon impermeable, el elegante y compacto cuerpo de la mochila se cierra con un clip y una cremallera en la parte superior.\n\n\n\n● Impermeable\n\n\n\n● Exterior de sarga de nailon\n\n\n\n● Forro de jacquard impermeable para una mayor protección de las pertenencias\n\n\n\n● Correas posteriores ajustables y acolchadas para un mayor confort\n\n\n\n● Cremalleras distintivas de Hunter en rojo, blanco y negro\n\n\n\n● Disponible en un tamaño más pequeño",,,taxable,,0,0,,0,0,0.6,11.5,,37,0,,,119990,"Género, Tipo de producto > Mochilas, Género > Mujer, Tipo de producto",,,"https://trendseeker.cl/wp-content/uploads/2023/07/UBB6017ACD-RBP-1-princ.jpg, https://trendseeker.cl/wp-content/uploads/2023/07/UBB6017ACD-RBP-5.jpg, https://trendseeker.cl/wp-content/uploads/2023/07/UBB6017ACD-RBP-2.jpg, https://trendseeker.cl/wp-content/uploads/2023/07/UBB6017ACD-RBP-3.jpg, https://trendseeker.cl/wp-content/uploads/2023/07/UBB6017ACD-RBP-4.jpg",,,,,,,,,123,5054916211956,Hunter,Hunter,,,,,
19974,variable,WFT2200RMA-BLK,,BOTAS DE AGUA LARGAS PARA MUJER SLIM FIT (ajustadas),0,0,visible,,"Con un ajuste más ceñido ideal para la vida en la ciudad, la bota Refined presenta una forma entallada y está construida con menos capas de caucho para una sensación más liviana. Hecha a mano y completamente impermeable, esta bota de agua para mujer con un acabado en negro mate combina a la perfección practicidad y estilo para un estilo chic en clima húmedo.\n\n<div class=""copy trim-stacked-margins has-inner-html product-page-description__features"">\n\n<ul>\n\n 	<li>Impermeable.</li>\n\n 	<li>Hecho a mano.</li>\n\n 	<li>Forro de poliéster.</li>\n\n 	<li>Fabricado con menos capas de goma para una sensación de ligereza.</li>\n\n 	<li>Plantilla moldeada para mayor comodidad y apoyo.</li>\n\n 	<li>Suela exterior de caucho con patrón de huella Hunter Refined.</li>\n\n 	<li>Confeccionado en caucho natural vulcanizado con acabado mate.</li>\n\n 	<li>Con certificado vegano.</li>\n\n</ul>\n\n</div>",,,taxable,,0,,,0,0,,,,,0,,95994,159990,"Tipo de producto > Botas, Género, Género > Mujer, Tipo de producto","Impermeables, Invierno, Ofertas",,"https://trendseeker.cl/wp-content/uploads/2023/07/73227_WFT2200RMABLK_womens_refined_tall_black-1.jpg, https://trendseeker.cl/wp-content/uploads/2022/11/Botas-refined-largas-mujer-Hunter.png, https://trendseeker.cl/wp-content/uploads/2023/07/73227_WFT2200RMABLK_womens_refined_tall_black-2.jpg, https://trendseeker.cl/wp-content/uploads/2023/07/73227_WFT2200RMABLK_womens_refined_tall_black-3.jpg, https://trendseeker.cl/wp-content/uploads/2023/07/73227_WFT2200RMABLK_womens_refined_tall_black-4.jpg",,,,,,"UAS3036AAB-HWT, UZF3003LSK-NTR",,,1,,Hunter,Hunter,Talla,"36, 37, 38, 39, 40/41",1,1,
19462,variable,WFT1009NRE-BLK,,Bota Ecuestre de Neopreno elástico,0,0,visible,,"Esta bota que combina el caucho original característico de Hunter y el neopreno ofrece un ajuste perfecto y cómodo para todo tipo de personas.\n\n\n\nEs perfecta para resaltar cualquier tenida, ya que estiliza y combina con todo tipo de prendas y aporta el estilo inigualable de Hunter gracias a su logo y forma inconfundible.\n\n\n\nPerfecta para el clima frío y para días de lluvia es el tipo de calzado que no vas a querer dejar de usar!\n\n\n\n&nbsp;",,,taxable,,0,,,0,0,2.5,60,,60,0,,83994,139990,"Tipo de producto > Botas, Género, Género > Mujer, Tipo de producto","Impermeables, Invierno, Ofertas",,"https://trendseeker.cl/wp-content/uploads/2023/07/WFT1009NRE-ECUESTRE_LARGA_NEGRA-1.jpg, https://trendseeker.cl/wp-content/uploads/2023/07/WFT1009NRE-ECUESTRE_LARGA_NEGRA-4.jpg, https://trendseeker.cl/wp-content/uploads/2023/07/WFT1009NRE-ECUESTRE_LARGA_NEGRA-3.jpg, https://trendseeker.cl/wp-content/uploads/2023/07/WFT1009NRE-ECUESTRE_LARGA_NEGRA-2.jpg",,,,,,"UAH3031WXA-GZB, UBP7020KBM-BTB",,,1,,Hunter,Hunter,Talla,"36, 37, 38, 39, 40/41",1,1,
18862,simple,UBB6018ACD-REA,,Mochila Mini Con Clip En La Parte Superior Original Rojo Alga,0,0,visible,,"Mochila práctica e impermeable con adorno de cuero. Elaborada con nailon impermeable, el elegante y compacto cuerpo de la mochila se cierra con un clip y una cremallera en la parte superior.\n\n\n\n● Impermeable\n\n\n\n● Exterior de sarga de nailon\n\n\n\n● Forro de jacquard impermeable para una mayor protección de las pertenencias\n\n\n\n● Correas posteriores ajustables y acolchadas para un mayor confort\n\n\n\n● Cremalleras distintivas de Hunter en rojo, blanco y negro\n\n\n\n● Disponible en un tamaño más grande",,,taxable,,0,0,,0,0,0.6,11.5,,32,0,,,99990,"Género, Tipo de producto > Mochilas, Género > Mujer, Tipo de producto",winter-style,,"https://trendseeker.cl/wp-content/uploads/2023/07/UBB6018ACD-REA-1-princ.jpg, https://trendseeker.cl/wp-content/uploads/2023/07/UBB6018ACD-REA-6.jpg, https://trendseeker.cl/wp-content/uploads/2023/07/UBB6018ACD-REA-2.jpg, https://trendseeker.cl/wp-content/uploads/2023/07/UBB6018ACD-REA-3.jpg, https://trendseeker.cl/wp-content/uploads/2023/07/UBB6018ACD-REA-4.jpg, https://trendseeker.cl/wp-content/uploads/2023/07/UBB6018ACD-REA-5.jpg",,,,,,,,,129,5054916646758,Hunter,Hunter,,,,,
18861,simple,UBB6018ACD-RBP,,Mochila Mini Con Clip En La Parte Superior Original Rosado Intenso,0,0,visible,,"Mochila práctica e impermeable con adorno de cuero. Elaborada con nailon impermeable, el elegante y compacto cuerpo de la mochila se cierra con un clip y una cremallera en la parte superior.\n\n\n\n● Impermeable\n\n\n\n● Exterior de sarga de nailon\n\n\n\n● Forro de jacquard impermeable para una mayor protección de las pertenencias\n\n\n\n● Correas posteriores ajustables y acolchadas para un mayor confort\n\n\n\n● Cremalleras distintivas de Hunter en rojo, blanco y negro\n\n\n\n● Disponible en un tamaño más grande",,,taxable,,0,0,,0,0,0.6,11.5,,32,0,,,99990,"Género, Tipo de producto > Mochilas, Género > Mujer, Tipo de producto",winter-style,,"https://trendseeker.cl/wp-content/uploads/2023/07/UBB6018ACD-RBP-1-princ.jpg, https://trendseeker.cl/wp-content/uploads/2023/07/UBB6018ACD-RBP-5.jpg, https://trendseeker.cl/wp-content/uploads/2023/07/UBB6018ACD-RBP-2.jpg, https://trendseeker.cl/wp-content/uploads/2023/07/UBB6018ACD-RBP-3.jpg, https://trendseeker.cl/wp-content/uploads/2023/07/UBB6018ACD-RBP-4.jpg",,,,,,,,,131,5054916212007,Hunter,Hunter,,,,,
18922,variable,MFT9000RMA-HGR,,Botas De Agua Altas Original Para Hombre Verde,0,0,visible,,"Diseñada para proteger de los elementos, esta bota de agua alta Original ha sido la esencia de la marca Hunter Original desde su presentación en 1956. Elaborado con caucho natural, cada par está formado por 28 piezas cortadas a mano y se ensambla durante tres días sobre una horma de aluminio realizada a medida para Hunter, antes de someterse al proceso de vulcanizado para ofrecer mayor protección. Con el dibujo de Hunter Original y un cómodo forro de poliéster, esta bota impermeable para hombre con un clásico acabado mate es un accesorio imprescindible para los días de lluvia. Recomendamos utilizar calcetines con todas las botas Hunter para proteger la piel del contacto con el caucho. Todos los calcetines para botas Hunter están especialmente diseñados para su uso con nuestra gama de botas e incluyen una vuelta en la parte superior que permite cubrir el caucho y el nailon del borde de la bota, evitando así cualquier roce durante el uso.\n\n\n\n- Completamente impermeables\n\n\n\n- Elaboradas a mano a partir de 28 piezas\n\n\n\n- Ajuste normal\n\n\n\n- Forro de poliéster\n\n\n\n- Suela de goma con dibujo de Hunter Original\n\n\n\n- Confeccionadas en caucho vulcanizado natural con acabado mate",,,taxable,,0,,,0,0,,,,,0,,89994,149990,"Tipo de producto > Botas, Género, Género > Hombre, Tipo de producto","Impermeables, Invierno, Verde, Ofertas",,"https://trendseeker.cl/wp-content/uploads/2023/07/MFT9000RMA-HGR-1-priinc.jpg, https://trendseeker.cl/wp-content/uploads/2023/07/Botas-largas-hombre-Hunter.png, https://trendseeker.cl/wp-content/uploads/2023/07/MFT9000RMA-HGR-2.jpg",,,,,,,,,1,,Hunter,Hunter,Talla,"39, 40/41, 42, 43, 44, 45/46, 47",0,1,
18860,simple,UBB6018ACD-PKB,,Mochila Mini Con Clip En La Parte Superior Original Azul,0,0,visible,,"Mochila práctica e impermeable con adorno de cuero. Elaborada con nailon impermeable, el elegante y compacto cuerpo de la mochila se cierra con un clip y una cremallera en la parte superior.\n\n● Impermeable\n\n● Exterior de sarga de nailon\n\n● Forro de jacquard impermeable para una mayor protección de las pertenencias\n\n● Correas posteriores ajustables y acolchadas para un mayor confort\n\n● Cremalleras distintivas de Hunter en rojo, blanco y negro\n\n● Disponible en un tamaño más grande",,,taxable,,0,0,,0,0,0.6,11.5,,32,0,,,99990,"Género, Tipo de producto > Mochilas, Género > Mujer, Tipo de producto",winter-style,,"https://trendseeker.cl/wp-content/uploads/2023/07/UBB6018ACD__Peak_Blue_PKB-1.jpg, https://trendseeker.cl/wp-content/uploads/2023/07/UBB6018ACD__Peak_Blue_PKB-2.jpg, https://trendseeker.cl/wp-content/uploads/2023/07/UBB6018ACD__Peak_Blue_PKB-4.jpg, https://trendseeker.cl/wp-content/uploads/2023/07/UBB6018ACD__Peak_Blue_PKB-3.jpg",,,,,,,,,134,5054916438056,Hunter,Hunter,,,,,
18520,variable,WFS1000RMA-BLK,,Botas De Agua Bajas Original Para Mujer Negro,0,0,visible,,"Perfecta para los días de lluvia, esta bota de agua para mujer es una versión más baja de la clásica bota alta de Hunter Original. Elaborada con caucho natural, cada bota se confecciona y monta de manera artesanal durante tres días antes de someterse al proceso de vulcanizado para ofrecer una mayor protección. Con el dibujo de Hunter Original y un cómodo forro de poliéster, esta bota impermeable de color verde oscuro es un accesorio imprescindible para los días de lluvia.\n\n\n\n- Completamente impermeables\n\n\n\n- Elaboradas a mano a partir de 28 piezas\n\n\n\n- Ajuste normal\n\n\n\n- Forro de poliéster\n\n\n\n- Suela de goma con dibujo de Hunter Original\n\n\n\n- Confeccionadas en caucho vulcanizado natural con acabado mate",,,taxable,,0,,,0,0,,,,,0,,72594,120990,"Tipo de producto > Botas, Género, Género > Mujer, Tipo de producto","Impermeables, Invierno, Ofertas",,"https://trendseeker.cl/wp-content/uploads/2023/07/WFS1000RMA-BLK-1-princ.jpg, https://trendseeker.cl/wp-content/uploads/2023/07/Botas-cortas-mujer-Hunter-1.png, https://trendseeker.cl/wp-content/uploads/2023/07/WFS1000RMA-BLK-2.jpg, https://trendseeker.cl/wp-content/uploads/2023/07/WFS1000RMA-BLK-3.jpg, https://trendseeker.cl/wp-content/uploads/2023/07/WFS1000RMA-BLK-4.jpg, https://trendseeker.cl/wp-content/uploads/2023/07/WFS1000RMA-BLK-5.jpg",,,,,,,,,1,,Hunter,Hunter,Talla,"36, 37, 38, 39, 40/41, 42",1,1,
18523,variable,WFS1000RMA-DOV,,Botas De Agua Bajas Original Para Mujer Verde Oliva,0,0,visible,,"Perfecta para los días de lluvia, esta bota de agua para mujer es una versión más baja de la clásica bota alta de Hunter Original. Elaborada con caucho natural, cada bota se confecciona y monta de manera artesanal durante tres días antes de someterse al proceso de vulcanizado para ofrecer una mayor protección. Con el dibujo de Hunter Original y un cómodo forro de poliéster, esta bota impermeable de color verde oscuro es un accesorio imprescindible para los días de lluvia.\n\n\n\n- Completamente impermeables\n\n\n\n- Elaboradas a mano a partir de 28 piezas\n\n\n\n- Ajuste normal\n\n\n\n- Forro de poliéster\n\n\n\n- Suela de goma con dibujo de Hunter Original\n\n\n\n- Confeccionadas en caucho vulcanizado natural con acabado mate",,,taxable,,0,,,0,0,,,,,0,,72594,120990,"Tipo de producto > Botas, Género, Género > Mujer, Tipo de producto","Impermeables, Invierno, Verde, Ofertas",,"https://trendseeker.cl/wp-content/uploads/2023/07/WFS1000RMA-DOV-1-princ.jpg, https://trendseeker.cl/wp-content/uploads/2023/07/Botas-cortas-mujer-Hunter-2.png, https://trendseeker.cl/wp-content/uploads/2023/07/WFS1000RMA-DOV-2.jpg, https://trendseeker.cl/wp-content/uploads/2023/07/WFS1000RMA-DOV-3.jpg, https://trendseeker.cl/wp-content/uploads/2023/07/WFS1000RMA-DOV-4.jpg, https://trendseeker.cl/wp-content/uploads/2023/07/WFS1000RMA-DOV-5.jpg",,,,,,"UAH3031WXA-GZB, UBP1152KBM-DOV",,,1,,Hunter,Hunter,Talla,"36, 37, 38, 39, 40/41, 42",1,1,
18932,variable,WFS1043RMA-SUG,,Botas Chelsea Original Para Mujer Verde Suculenta,0,0,visible,,"La bota Chelsea Original de Hunter es una nueva versión del clásico botín. Preparada para la lluvia, cada bota está elaborada a mano con caucho natural y vulcanizada para ofrecer una mayor protección. Conserva las características icónicas de la bota Chelsea tradicional, los refuerzos elásticos y una lengüeta de nailon para ponérsela con facilidad. Con un clásico acabado mate, estos botines impermeables son un complemento esencial en tu armario para los días de lluvia. Recomendamos utilizar calcetines con todas las botas Chelsea de Hunter para proteger la piel del contacto con el caucho. Si estás entre dos tallas, te recomendamos que optes por la más grande.\n\n\n\n- De fabricación artesanal\n\n\n\n- Impermeables\n\n\n\n- Forro de poliéster\n\n\n\n- Suela de goma con dibujo de Hunter Original\n\n\n\n- Refuerzos elásticos laterales y lengüetas de nailon\n\n\n\n- Confeccionadas en caucho vulcanizado natural con acabado mate\n\n\n\n<strong>SIN CAMBIOS NI DEVOLUCIONES</strong>",,,taxable,,0,,,0,0,,,,,0,,70194,116990,"Tipo de producto > Botas, Género, Género > Mujer, Tipo de producto","Impermeables, Invierno, Verde, Ofertas",,"https://trendseeker.cl/wp-content/uploads/2023/07/WFS1043RMA-SUG-1-princ.jpg, https://trendseeker.cl/wp-content/uploads/2023/07/Botas-chelsea-cortas-mujer-Hunter-3.png, https://trendseeker.cl/wp-content/uploads/2023/07/WFS1043RMA-SUG-2.jpg, https://trendseeker.cl/wp-content/uploads/2023/07/WFS1043RMA-SUG-3.jpg, https://trendseeker.cl/wp-content/uploads/2023/07/WFS1043RMA-SUG-4.jpg",,,,,,"UBB6017ACD-DOV, UBP1152KBM-BLK",,,1,,Hunter,Hunter,Talla,"36, 37, 38, 39, 40/41, 42",0,1,
18832,simple,UBB5010LRS-NVY,,Mochila Mini Con Clip En La Parte Superior Original - Cuero Engomado Azul Marino,0,0,visible,,"Mochila práctica e impermeable elaborada con cuero engomado impermeable. El elegante y compacto cuerpo de la mochila se cierra con un clip y una cremallera en la parte superior, mientras que el detalle del bigote en la parte delantera hace referencia a nuestra bota de agua alta Original.\n\n● Impermeable\n\n● Exterior de cuero engomado\n\n● Forro impermeable para una mayor protección de las pertenencias\n\n● Correas posteriores ajustables y acolchadas para un mayor confort\n\n● Cordón de seguridad interno con gancho para sujetar el llavero\n\n● Cierres de cremallera impermeables en todos los bolsillos externos\n\n● Disponible en un tamaño más grande",,,taxable,,0,0,,0,0,1,7.5,,26,0,,,239990,"Género, Tipo de producto > Mochilas, Género > Mujer, Tipo de producto",winter-style,,"https://trendseeker.cl/wp-content/uploads/2023/07/UBB5010LRS-NVY-1-princ.jpg, https://trendseeker.cl/wp-content/uploads/2023/07/UBB5010LRS-NVY-3.jpg, https://trendseeker.cl/wp-content/uploads/2023/07/UBB5010LRS-NVY-2.jpg, https://trendseeker.cl/wp-content/uploads/2023/07/UBB5010LRS-NVY-5.jpg, https://trendseeker.cl/wp-content/uploads/2023/07/UBB5010LRS-NVY-4.jpg",,,,,,,,,143,5054916474139,Hunter,Hunter,,,,,
18519,variable,WFS1000RGL-BLK,,Botas De Agua Bajas Y Brillantes Original Para Mujer Negro,0,0,visible,,"Perfecta para los días de lluvia, esta bota de agua para mujer es una versión más baja de la clásica bota alta de Hunter Original. Elaborada con caucho natural, cada bota se confecciona y monta de manera artesanal durante tres días antes de someterse al proceso de vulcanizado para ofrecer una mayor protección. Con el dibujo de Hunter Original y un cómodo forro de poliéster, esta bota impermeable de brillante es un accesorio imprescindible para los días de lluvia.\n\n\n\n- Completamente impermeables\n\n\n\n- Elaboradas a mano a partir de 28 piezas\n\n\n\n- Ajuste normal\n\n\n\n- Forro de poliéster\n\n\n\n- Suela de goma con dibujo de Hunter Original\n\n\n\n- Confeccionadas en caucho vulcanizado natural con acabado brillante",,,taxable,,0,,,0,0,,,,,0,,72594,120990,"Tipo de producto > Botas, Género, Género > Mujer, Tipo de producto","Impermeables, Invierno, Ofertas",,"https://trendseeker.cl/wp-content/uploads/2023/07/WFS1000RGL-BLK-1-princ.jpg, https://trendseeker.cl/wp-content/uploads/2023/07/Botas-cortas-mujer-Hunter.png, https://trendseeker.cl/wp-content/uploads/2023/07/WFS1000RGL-BLK-2.jpg, https://trendseeker.cl/wp-content/uploads/2023/07/WFS1000RGL-BLK-3.jpg, https://trendseeker.cl/wp-content/uploads/2023/07/WFS1000RGL-BLK-4.jpg, https://trendseeker.cl/wp-content/uploads/2023/07/WFS1000RGL-BLK-5.jpg",,,,,,,,,1,,Hunter,Hunter,Talla,"36, 37, 38, 39, 40/41, 42",1,1,
18929,variable,WFS1000RGL-MLR,,Botas De Agua Bajas Y Brillantes Original Para Mujer Rojo Militar,0,0,visible,,"Perfecta para los días de lluvia, esta bota de agua para mujer es una versión más baja de la clásica bota alta de Hunter Original. Elaborada con caucho natural, cada bota se confecciona y monta de manera artesanal durante tres días antes de someterse al proceso de vulcanizado para ofrecer una mayor protección. Con el dibujo de Hunter Original y un cómodo forro de poliéster, esta bota impermeable de brillante es un accesorio imprescindible para los días de lluvia.\n\n\n\n- Completamente impermeables\n\n\n\n- Elaboradas a mano a partir de 28 piezas\n\n\n\n- Ajuste normal\n\n\n\n- Forro de poliéster\n\n\n\n- Suela de goma con dibujo de Hunter Original\n\n\n\n- Confeccionadas en caucho vulcanizado natural con acabado brillante\n\n\n\n<strong>SIN CAMBIOS NI DEVOLUCIONES</strong>",,,taxable,,0,0,,0,0,,,,,0,,72594,120990,"Tipo de producto > Accesorios, Tipo de producto > Botas, Género, Género > Mujer, Tipo de producto","Impermeables, Invierno, Ofertas",,"https://trendseeker.cl/wp-content/uploads/2023/12/WFS1000RGL-MLR.png, https://trendseeker.cl/wp-content/uploads/2023/07/Botas-cortas-mujer-Hunter-4.png",,,,,,"D62SI, UAH3031WXA-MRG",,,1,,Hunter,Hunter,Talla,"36, 37, 38, 39, 40/41, 42",0,1,
18829,simple,UBB5010LRS-BLK,,Mochila Mini Con Clip En La Parte Superior Original - Cuero Engomado Negro,0,0,visible,,"Mochila práctica e impermeable elaborada con cuero engomado impermeable. El elegante y compacto cuerpo de la mochila se cierra con un clip y una cremallera en la parte superior, mientras que el detalle del bigote en la parte delantera hace referencia a nuestra bota de agua alta Original.\n\n● Impermeable\n\n● Exterior de cuero engomado\n\n● Forro impermeable para una mayor protección de las pertenencias\n\n● Correas posteriores ajustables y acolchadas para un mayor confort\n\n● Cordón de seguridad interno con gancho para sujetar el llavero\n\n● Cierres de cremallera impermeables en todos los bolsillos externos\n\n● Disponible en un tamaño más grande",,,taxable,,0,0,,0,0,1,7.5,,26,0,,,239990,"Género, Tipo de producto > Mochilas, Género > Mujer, Tipo de producto",,,"https://trendseeker.cl/wp-content/uploads/2023/07/UBB5010LRS-BLK-1-princ.jpg, https://trendseeker.cl/wp-content/uploads/2023/07/UBB5010LRS-BLK-2.jpg, https://trendseeker.cl/wp-content/uploads/2023/07/UBB5010LRS-BLK-3.jpg, https://trendseeker.cl/wp-content/uploads/2023/07/UBB5010LRS-BLK-4.jpg, https://trendseeker.cl/wp-content/uploads/2023/07/UBB5010LRS-BLK-5.jpg",,,,,,,,,147,5054916104173,Hunter,Hunter,,,,,
20153,simple,UBX1211KBM-SWG,,Bandolera Multifuncional de Nylon Verde Agua,0,0,visible,,"La bandolera multifuncional está diseñada para llevarse de tres maneras, sujetada por el asa superior, a través del cuerpo o alrededor de la cintura. La bolsa tiene una amplia apertura con cremallera para fácil acceso al compartimento principal. Está hecha de nylon 100% reciclado altamente resistente al agua con un forro de jacquard de poliéster reciclado resistente al agua.\n\n<ul>\n\n 	<li>Vegano certificado.</li>\n\n 	<li>Exterior de sarga de nylon 100% reciclado resistente al agua.</li>\n\n 	<li>Forro de poliéster 100% reciclado, resistente al agua para una mayor protección.</li>\n\n 	<li>Se puede llevar de tres maneras.</li>\n\n 	<li>Correas ajustables acolchadas para una mayor comodidad.</li>\n\n 	<li>Bolsillos exteriores e interiores con cremalleras para los objetos de valor.</li>\n\n 	<li>Etiqueta PVC Hunter.</li>\n\n 	<li>Altura 14cm, profundidad 10cm, ancho 21cm, longitud de la correa 130cm (cuando está completamente extendida).</li>\n\n</ul>",,,taxable,,0,0,,0,0,,,,,0,,,69990,"Género, Tipo de producto > Mochilas, Género > Mujer, Tipo de producto",,,"https://trendseeker.cl/wp-content/uploads/2023/07/PROD-SS22-ORG-UBX1211KBM-SWG-1.png, https://trendseeker.cl/wp-content/uploads/2023/07/PROD-SS22-ORG-UBX1211KBM-SWG-2.png, https://trendseeker.cl/wp-content/uploads/2023/07/PROD-SS22-ORG-UBX1211KBM-SWG-3.png, https://trendseeker.cl/wp-content/uploads/2023/07/PROD-SS22-ORG-UBX1211KBM-SWG-4.png, https://trendseeker.cl/wp-content/uploads/2023/07/PROD-SS22-ORG-UBX1211KBM-SWG-5.png",,,,,,,,,149,5054916922449,Hunter,Hunter,,,,,
18553,variable,WFS2048RMA-BLK,,Botas De Agua Aislantes Bajas Original Para Mujer BLK,0,0,visible,,"Diseñada para los climas más fríos, la bota de agua baja Original se ha mejorado con un forro aislante estilo Sherpa para ofrecer mayor protección contra el frío del invierno. Adecuadas para usarse en temperaturas de hasta -5 ºC, mantendrán tus piernas y pies calientes y cómodos. Elaborada a mano a partir de 28 piezas, cada bota se fabrica con caucho natural, que se ha vulcanizado para lograr un acabado totalmente impermeable y duradero. En un clásico tono mate, sal a la aventura con la confianza de que estarás completamente protegido.\n\n<ul>\n\n 	<li> Ajuste normal</li>\n\n 	<li>Completamente impermeables</li>\n\n 	<li>De fabricación artesanal</li>\n\n 	<li>Pueden llevarse en temperaturas de hasta -5 ºC</li>\n\n 	<li>Forro estilo Sherpa negro para aportar una mayor calidez</li>\n\n 	<li>Suela de goma con dibujo de Hunter Original</li>\n\n 	<li>Confeccionadas en caucho vulcanizado natural con acabado mate</li>\n\n</ul>",,,taxable,,0,,,0,0,,,,,0,,83994,139990,"Tipo de producto > Botas, Género, Género > Mujer, Tipo de producto","Impermeables, Invierno, winter-style, Ofertas",,"https://trendseeker.cl/wp-content/uploads/2023/07/WFS2048RMA-BLK-1-princ.jpg, https://trendseeker.cl/wp-content/uploads/2023/07/Botas-cortas-mujer-Hunter-3.png, https://trendseeker.cl/wp-content/uploads/2023/07/WFS2048RMA-BLK-2.jpg, https://trendseeker.cl/wp-content/uploads/2023/07/WFS2048RMA-BLK-3.jpg, https://trendseeker.cl/wp-content/uploads/2023/07/WFS2048RMA-BLK-4.jpg, https://trendseeker.cl/wp-content/uploads/2023/07/WFS2048RMA-BLK-5.jpg",,,,,,"UAH3031WXA-GZB, UBB6017ACD-BTB",,,1,,Hunter,Hunter,Talla,"36, 37, 38, 39, 40/41, 42",1,1,
18651,variable,UAS3036AAB-GRG,,Hunter Calcetín Bota 6 Puntadas Beige,1,0,visible,,"Personaliza tus botas Hunter con estos calcetines para botas cálidos y cómodos. Diseñados para ajustarse cómodamente dentro de la bota de agua alta Original y mejorar el ajuste, al tiempo que añaden comodidad y calidez, estos calcetines para botas cuentan con el logotipo de Hunter Original y una confortable vuelta de punto que se dobla.\n\nPierna con forro de vellón 100 % poliéster\n\nVuelta que se dobla\n\nVuelta de punto de ochos\n\nDiseñados para ajustarse a las botas de agua altas Original\n\nLogotipo de la marca en PVC\n\nRecomendamos las siguientes tallas para usar con sus Botas Altas Originales Hunter. Talla M = Talla de Mujer EU 36-38. Talla L = Talla de Mujer EU 39-42, Talla de Hombre EU 39-42. Talla XL = Talla de Hombre UK 43-45",2025-08-28 0:00:00,2025-09-07 23:59:59,taxable,,1,72,,0,0,,,,,0,,23994,39990,"Tipo de producto > Accesorios, Tipo de producto > Accesorios > Calcetín, Tipo de producto","Hunter, Invierno, Mujer, Ofertas",,"https://trendseeker.cl/wp-content/uploads/2022/11/UAS3036AAB-GRG-1.png, https://trendseeker.cl/wp-content/uploads/2023/07/Calcetines-Hunter-4.png, https://trendseeker.cl/wp-content/uploads/2023/07/UAS3036AAB-GRG-2.jpg, https://trendseeker.cl/wp-content/uploads/2023/07/UAS3036AAB-GRG-3.jpg, https://trendseeker.cl/wp-content/uploads/2023/07/UAS3036AAB-GRG-4.jpg",,,,,,,,,1,,Hunter,Hunter,size,"L, M, XL",0,1,
20165,simple,UBX1128KBM-BLK,,Riñonera Antidesgarros Negra,0,0,visible,,"El tamaño en miniatura de la riñonera antidesgarros Original no significa que carezca de alguna funcionalidad de Hunter. Elaborado de nylon irrompible e impermeable con el logotipo del recuadro serigrafiado, este modelo puede llevarse de diferentes formas, incluyendo como bandolera o como riñonera alrededor de la cintura. Dispone de un interior sorprendentemente espacioso y un bolsillo exterior para poder acceder de manera rápida a objetos como abonos de transporte o monedas.\n\n<div class=""copy trim-stacked-margins has-inner-html product-page-description__features"">\n\n<ul>\n\n 	<li>Nylon impermeable y antidesgarros (irrompible)</li>\n\n 	<li>Bolsillo delantero para un acceso fácil a objetos como, por ejemplo, abonos de transporte o monedas</li>\n\n 	<li>Puede llevarse como bandolera o como riñonera alrededor de la cintura</li>\n\n 	<li>Logotipo del recuadro de Hunter y detalle del bigote serigrafiados.</li>\n\n 	<li>Altura: 15 cm. Profundidad: 4 cm. Anchura: 10,3 cm.</li>\n\n</ul>\n\n</div>",,,taxable,,0,0,,0,0,,,,,0,,,,"Género, Tipo de producto > Mochilas, Género > Mujer, Tipo de producto",,,"https://trendseeker.cl/wp-content/uploads/2023/07/UBX1128KBM-BLK-1-1.png, https://trendseeker.cl/wp-content/uploads/2023/07/UBX1128KBM-BLK-2-1.png, https://trendseeker.cl/wp-content/uploads/2023/07/UBX1128KBM-BLK-3-1.png, https://trendseeker.cl/wp-content/uploads/2023/07/UBX1128KBM-BLK-4-1.png, https://trendseeker.cl/wp-content/uploads/2023/07/UBX1128KBM-BLK-5-1.png",,,,,,,,,154,5054916646529,Hunter,Hunter,,,,,
20041,simple,UBX1211KBM-NVY,,Bandolera Multifuncional de Nylon Azul Marino,0,0,visible,,"La bandolera multifuncional está diseñada para llevarse de tres maneras, sujetada por el asa superior, a través del cuerpo o alrededor de la cintura. La bolsa tiene una amplia apertura con cremallera para fácil acceso al compartimento principal. Está hecha de nylon 100% reciclado altamente resistente al agua con un forro de jacquard de poliéster reciclado resistente al agua.\n\n<ul>\n\n 	<li>Vegano certificado.</li>\n\n 	<li>Exterior de sarga de nylon 100% reciclado resistente al agua.</li>\n\n 	<li>Forro de poliéster 100% reciclado, resistente al agua para una mayor protección.</li>\n\n 	<li>Se puede llevar de tres maneras.</li>\n\n 	<li>Correas ajustables acolchadas para una mayor comodidad.</li>\n\n 	<li>Bolsillos exteriores e interiores con cremalleras para los objetos de valor.</li>\n\n 	<li>Etiqueta PVC Hunter.</li>\n\n 	<li>Altura 14cm, profundidad 10cm, ancho 21cm, longitud de la correa 130cm (cuando está completamente extendida).</li>\n\n</ul>",,,taxable,,0,0,,0,0,,,,,0,,,69990,"Género, Tipo de producto > Mochilas, Género > Mujer, Tipo de producto",,,"https://trendseeker.cl/wp-content/uploads/2023/07/PROD-SS22-ORG-UBX1211KBM-NVY-1.jpg, https://trendseeker.cl/wp-content/uploads/2023/07/PROD-SS22-ORG-UBX1211KBM-NVY-2.jpg, https://trendseeker.cl/wp-content/uploads/2023/07/PROD-SS22-ORG-UBX1211KBM-NVY-3.jpg, https://trendseeker.cl/wp-content/uploads/2023/07/PROD-SS22-ORG-UBX1211KBM-NVY-5.jpg, https://trendseeker.cl/wp-content/uploads/2023/07/16082819-2.png, https://trendseeker.cl/wp-content/uploads/2023/07/PROD-SS22-ORG-UBX1211KBM-NVY-4.jpg",,,,,,,,,155,5054916885423,Hunter,Hunter,,,,,
18554,variable,WFS2080RMA-BHE,,Botas De Agua Aislantes Bajas Original Para Mujer BHE,0,0,visible,,"Diseñada para los climas más fríos, la bota de agua baja Original se ha mejorado con un forro aislante estilo Sherpa para ofrecer mayor protección contra el frío del invierno. Adecuadas para usarse en temperaturas de hasta -5 ºC, mantendrán tus piernas y pies calientes y cómodos. Elaborada a mano a partir de 28 piezas, cada bota se fabrica con caucho natural, que se ha vulcanizado para lograr un acabado totalmente impermeable y duradero. En un clásico tono mate, sal a la aventura con la confianza de que estarás completamente protegido.\n\n\n\n- Ajuste normal\n\n\n\n- Completamente impermeables\n\n\n\n- De fabricación artesanal\n\n\n\n- Pueden llevarse en temperaturas de hasta -5 ºC\n\n\n\n- Forro estilo Sherpa negro para aportar una mayor calidez\n\n\n\n- Suela de goma con dibujo de Hunter Original",,,taxable,,0,,,0,0,,,,,0,,92994,154990,"Tipo de producto > Botas, Género, Género > Mujer, Tipo de producto","Impermeables, Invierno, Ofertas",,"https://trendseeker.cl/wp-content/uploads/2023/07/WFS2080RMA-BHE-1-princ.jpg, https://trendseeker.cl/wp-content/uploads/2023/07/WFS2080RMA-BHE-2.jpg, https://trendseeker.cl/wp-content/uploads/2023/07/WFS2080RMA-BHE-3.jpg, https://trendseeker.cl/wp-content/uploads/2023/07/WFS2080RMA-BHE-4.jpg, https://trendseeker.cl/wp-content/uploads/2023/07/WFS2080RMA-BHE-5.jpg, https://trendseeker.cl/wp-content/uploads/2023/07/WFS2080RMA-BHE-6.jpg",,,,,,,,,1,,Hunter,Hunter,Talla,"36, 37, 38, 39, 40/41, 42",1,1,
18933,variable,WFS1051RMA-BLK,,BOTA ANKLE BLACK,0,0,visible,,"Estas botas de caña media, con taco y ajustables por el lado tienen todo el estilo británico. Aportan un look más casual y juvenil y se lucen con cualquier tenida, ya sea con vestidos, pantalones shorts o faldas.\n\n\n\nCon la calidad inigualable de Hunter, estas botas son completamente impermeables, lo que las hace perfectas para la temporada de otoño - invierno.\n\n\n\n<strong>SIN CAMBIOS NI DEVOLUCIONES</strong>\n\n\n\n&nbsp;",,2021-06-01 23:59:59,taxable,,0,,,0,0,,,,,0,,80994,134990,"Tipo de producto > Botas, Género, Género > Mujer, Tipo de producto","Impermeables, Invierno, Oportunidades, Ofertas",,"https://trendseeker.cl/wp-content/uploads/2023/07/WFS1051RMA-BLK-1-princ.jpg, https://trendseeker.cl/wp-content/uploads/2023/07/WFS1051RMA-BLK-2.jpg, https://trendseeker.cl/wp-content/uploads/2023/07/WFS1051RMA-BLK-3.jpg, https://trendseeker.cl/wp-content/uploads/2023/07/WFS1051RMA-BLK-4.jpg",,,,,,"W14SI, UBB6017ACD-MLR",,,1,,Hunter,Hunter,Talla,"36, 37, 38, 39, 40/41, 42",0,1,
20143,simple,UBP7020KBM-RYL,,Riñonera Original Amarillo,0,0,visible,,"Luce el estilo de la temporada con la riñonera Original. Impermeable, multifuncional y con el icónico logotipo del recuadro rojo de Hunter, esta riñonera de nylon en un azul intenso y perfecto para la playa es una opción fácil para lucir con estilo de manera natural.\n\n\n\n● Impermeable\n\n\n\n● Exterior de sarga de nylon\n\n\n\n● Forro adicional resistente al agua\n\n\n\n● Correa ajustable para ponérsela con facilidad\n\n\n\n● Cremallera con las tres franjas características de Hunter\n\n\n\n● Puede llevarse como bandolera o riñonera\n\n\n\n● Altura: 16 cm. Anchura: 27 cm. Fondo: 9 cm",,,taxable,,0,0,,0,0,,,,,1,,,39990,"Género, Tipo de producto > Mochilas, Género > Mujer, Tipo de producto",,,https://trendseeker.cl/wp-content/uploads/2023/07/UBP7020KBM-RYL-1.png,,,,,,,,,159,5054916741149,Hunter,Hunter,,,,,
20035,simple,UBX1211KBM-DOV,,Bandolera Multifuncional de Nylon Verde Oliva,0,0,visible,,"La Bandolera multifuncional está diseñada para llevarse de tres maneras, sujetada por el asa superior, a través del cuerpo o alrededor de la cintura. La bolsa tiene una amplia apertura con cremallera para fácil acceso al compartimento principal. Está hecha de nylon 100% reciclado altamente resistente al agua con un forro de jacquard de poliéster reciclado resistente al agua.\n\n<ul>\n\n 	<li>Vegano certificado.</li>\n\n 	<li>Exterior de sarga de nylon 100% reciclado resistente al agua.</li>\n\n 	<li>Forro de poliéster 100% reciclado, resistente al agua para una mayor protección.</li>\n\n 	<li>Se puede llevar de tres maneras.</li>\n\n 	<li>Correas ajustables acolchadas para una mayor comodidad.</li>\n\n 	<li>Bolsillos exteriores e interiores con cremalleras para los objetos de valor.</li>\n\n 	<li>Etiqueta PVC Hunter.</li>\n\n 	<li>Altura 14cm, profundidad 10cm, ancho 21cm, longitud de la correa 130cm (cuando está completamente extendida).</li>\n\n</ul>",,,taxable,,0,0,,0,0,,,,,0,,,69990,"Género, Tipo de producto > Mochilas, Género > Mujer, Tipo de producto",,,"https://trendseeker.cl/wp-content/uploads/2023/07/PROD-SS22-ORG-UBX1211KBM-DOV-1.jpg, https://trendseeker.cl/wp-content/uploads/2023/07/PROD-SS22-ORG-UBX1211KBM-DOV-2.jpg, https://trendseeker.cl/wp-content/uploads/2023/07/PROD-SS22-ORG-UBX1211KBM-DOV-4.jpg, https://trendseeker.cl/wp-content/uploads/2023/07/PROD-SS22-ORG-UBX1211KBM-DOV-5.jpg, https://trendseeker.cl/wp-content/uploads/2023/07/PROD-SS22-ORG-UBX1211KBM-DOV-3.jpg",,,,,,,,,160,5054916885430,Hunter,Hunter,,,,,
20029,simple,UBX1211KBM-BLK,,Bandolera Multifuncional de Nylon Negra,0,0,visible,,"La bandolera multifuncional está diseñada para llevarse de tres maneras, sujetada por el asa superior, a través del cuerpo o alrededor de la cintura. La bolsa tiene una amplia apertura con cremallera para fácil acceso al compartimento principal. Está hecha de nylon 100% reciclado altamente resistente al agua con un forro de jacquard de poliéster reciclado resistente al agua.\n\n<ul>\n\n 	<li>Vegano certificado.</li>\n\n 	<li>Exterior de sarga de nylon 100% reciclado resistente al agua.</li>\n\n 	<li>Forro de poliéster 100% reciclado, resistente al agua para una mayor protección.</li>\n\n 	<li>Se puede llevar de tres maneras.</li>\n\n 	<li>Correas ajustables acolchadas para una mayor comodidad.</li>\n\n 	<li>Bolsillos exteriores e interiores con cremalleras para los objetos de valor.</li>\n\n 	<li>Etiqueta PVC Hunter.</li>\n\n 	<li>Altura 14cm, profundidad 10cm, ancho 21cm, longitud de la correa 130cm (cuando está completamente extendida).</li>\n\n</ul>",,,taxable,,0,0,,0,0,,,,,0,,,69990,"Género, Tipo de producto > Mochilas, Género > Mujer, Tipo de producto",,,"https://trendseeker.cl/wp-content/uploads/2023/07/PROD-SS22-ORG-UBX1211KBM-BLK-1.jpg, https://trendseeker.cl/wp-content/uploads/2023/07/PROD-SS22-ORG-UBX1211KBM-BLK-2.jpg, https://trendseeker.cl/wp-content/uploads/2023/07/PROD-SS22-ORG-UBX1211KBM-BLK-4.jpg, https://trendseeker.cl/wp-content/uploads/2023/07/PROD-SS22-ORG-UBX1211KBM-BLK-5.jpg, https://trendseeker.cl/wp-content/uploads/2023/07/PROD-SS22-ORG-UBX1211KBM-BLK-3.jpg",,,,,,,,,162,5054916885416,Hunter,Hunter,,,,,
20152,simple,UBS7013NSP-EXL,,Riñonera plegable con logo Hunter,0,0,visible,,"Esta riñonera pequeña y elegante tiene múltiples de funciones. Confeccionada con nylon impermeable e irrompible, tiene correas ajustables, y el diseño triangular implica que la base esté plana cuando se coloca cruzada en el cuerpo para que sea más cómoda y fácil de llevar. Con una solapa superior, es lo bastante grande como para guardar todo lo esencial.\n\n<ul>\n\n 	<li>Impermeable.</li>\n\n 	<li>Nylon irrompible.</li>\n\n 	<li>Puede enrollarse para guardarse.</li>\n\n 	<li>Correa multifuncional y ajustable que se puede llevar cruzada o a la cintura.</li>\n\n</ul>",,,taxable,,0,0,,0,0,,,,,0,,,33990,"Género, Tipo de producto > Mochilas, Género > Mujer, Tipo de producto",,,https://trendseeker.cl/wp-content/uploads/2023/07/UBS7013NSP-EXL-1.png,,,,,,,,,164,5054916278157,Hunter,Hunter,,,,,
20149,simple,UBS7013KBM-NVY,,Riñonera plegable Azul Marino,0,0,visible,,"Esta riñonera pequeña y elegante tiene múltiples de funciones. Confeccionada con nylon impermeable e irrompible, tiene correas ajustables, y el diseño triangular implica que la base esté plana cuando se coloca cruzada en el cuerpo para que sea más cómoda y fácil de llevar. Con una solapa superior, es lo bastante grande como para guardar todo lo esencial.\n\n<ul>\n\n 	<li>Impermeable.</li>\n\n 	<li>Nylon irrompible.</li>\n\n 	<li>Puede enrollarse para guardarse.</li>\n\n 	<li>Correa multifuncional y ajustable que se puede llevar cruzada o a la cintura.</li>\n\n</ul>",,,taxable,,0,0,,0,0,,,,,0,,,33990,"Género, Tipo de producto > Mochilas, Género > Mujer, Tipo de producto",,,https://trendseeker.cl/wp-content/uploads/2023/07/UBS7013KBM-NVY-1-1.png,,,,,,,,,166,5054916556415,Hunter,Hunter,,,,,
19975,variable,WFS2200RMA-BLK,,BOTAS REFINED CORTAS PARA MUJER NEGRO,0,0,visible,,"Con un ajuste más delgado ideal para la vida en la ciudad, la bota Wellington corta Refined presenta una forma entallada y está construida con menos capas de goma para una sensación más liviana. Hecha a mano y completamente impermeable, esta bota de agua para mujer con un acabado en negro mate combina a la perfección practicidad y estilo para un estilo chic en clima húmedo.\n\n\n\nRecomendamos que todas las botas Hunter se usen con calcetines para proteger la piel del usuario del contacto con la goma.\n\n<div class=""copy trim-stacked-margins has-inner-html product-page-description__features"">\n\n<ul>\n\n 	<li>Impermeable.</li>\n\n 	<li>Hecho a mano.</li>\n\n 	<li>Forro de poliéster.</li>\n\n 	<li>Fabricado con menos capas de goma para una sensación de ligereza.</li>\n\n 	<li>Plantilla moldeada para mayor comodidad y apoyo.</li>\n\n 	<li>Suela exterior de caucho con patrón de huella Hunter Refined.</li>\n\n 	<li>Confeccionado en caucho natural vulcanizado con acabado mate.</li>\n\n 	<li>Con certificado vegano.</li>\n\n</ul>\n\n</div>",,,taxable,,0,,,0,0,,,,,0,,89994,149990,"Tipo de producto > Botas, Género, Género > Mujer, Tipo de producto","Impermeables, Invierno, Ofertas",,"https://trendseeker.cl/wp-content/uploads/2023/07/WFS2200RMABLK_WOMENS_REFINED_SHORT_BLACK-1.jpg, https://trendseeker.cl/wp-content/uploads/2022/11/Botas-refined-cortas-mujer-Hunter.png, https://trendseeker.cl/wp-content/uploads/2023/07/WFS2200RMABLK_WOMENS_REFINED_SHORT_BLACK-2.jpg, https://trendseeker.cl/wp-content/uploads/2023/07/WFS2200RMABLK_WOMENS_REFINED_SHORT_BLACK-3.jpg, https://trendseeker.cl/wp-content/uploads/2023/07/WFS2200RMABLK_WOMENS_REFINED_SHORT_BLACK-4.jpg, https://trendseeker.cl/wp-content/uploads/2023/07/WFS2200RMABLK-2.jpg",,,,,,,,,1,,Hunter,Hunter,Talla,"36, 37, 38, 39, 40/41",1,1,36
20147,simple,UBS7013KBM-HRE,,Riñonera plegable rojo,0,0,visible,,"Esta riñonera pequeña y elegante tiene múltiples de funciones. Confeccionada con nylon impermeable e irrompible, tiene correas ajustables, y el diseño triangular implica que la base esté plana cuando se coloca cruzada en el cuerpo para que sea más cómoda y fácil de llevar. Con una solapa superior, es lo bastante grande como para guardar todo lo esencial.\n\n<ul>\n\n 	<li>Impermeable.</li>\n\n 	<li>Nylon irrompible.</li>\n\n 	<li>Puede enrollarse para guardarse.</li>\n\n 	<li>Correa multifuncional y ajustable que se puede llevar cruzada o a la cintura.</li>\n\n</ul>",,,taxable,,0,0,,0,0,,,,,1,,,33990,"Género, Tipo de producto > Mochilas, Género > Mujer, Tipo de producto",,,https://trendseeker.cl/wp-content/uploads/2023/07/UBS7013KBM-HRE-1-1.png,,,,,,,,,171,5054916556408,Hunter,Hunter,,,,,
20072,simple,UBS7013KBM-DOV,,Riñonera plegable verde oliva,0,0,visible,,"Esta riñonera pequeña y elegante tiene múltiples de funciones. Confeccionada con nylon impermeable e irrompible, tiene correas ajustables, y el diseño triangular implica que la base esté plana cuando se coloca cruzada en el cuerpo para que sea más cómoda y fácil de llevar. Con una solapa superior, es lo bastante grande como para guardar todo lo esencial.\n\n\n\n- Impermeable.\n\n\n\n- Nylon irrompible.\n\n\n\n- Puede enrollarse para guardarse.\n\n\n\n- Correa multifuncional y ajustable que se puede llevar cruzada o a la cintura.",,,taxable,,0,0,,0,0,,,,,0,,,33990,"Género, Tipo de producto > Mochilas, Género > Mujer, Tipo de producto",,,https://trendseeker.cl/wp-content/uploads/2023/07/16082809-1.png,,,,,,,,,172,5054916556392,Hunter,Hunter,,,,,
20150,simple,UBS7013KBM-BGC,,Riñonera plegable verde,0,0,visible,,"Esta riñonera pequeña y elegante tiene múltiples de funciones. Confeccionada con nylon impermeable e irrompible, tiene correas ajustables, y el diseño triangular implica que la base esté plana cuando se coloca cruzada en el cuerpo para que sea más cómoda y fácil de llevar. Con una solapa superior, es lo bastante grande como para guardar todo lo esencial.\n\n\n\n- Impermeable.\n\n\n\n- Nylon irrompible.\n\n\n\n- Puede enrollarse para guardarse.\n\n\n\n- Correa multifuncional y ajustable que se puede llevar cruzada o a la cintura.",,,taxable,,0,0,,0,0,,,,,1,,,33990,"Género, Tipo de producto > Mochilas, Género > Mujer, Tipo de producto",,,,,,,,,,,,174,5054916885294,Hunter,Hunter,,,,,
20023,simple,UBS7013KBM-BLK,,Riñonera plegable negra,0,0,visible,,"Esta riñonera pequeña y elegante tiene múltiples funciones. Confeccionada con nylon impermeable e irrompible, tiene correas ajustables, y el diseño triangular implica que la base esté plana cuando se coloca cruzada en el cuerpo para que sea más cómoda y fácil de llevar. Con una solapa superior, es lo bastante grande como para guardar todo lo esencial.\n\n<ul>\n\n 	<li>Impermeable.</li>\n\n 	<li>Nylon irrompible.</li>\n\n 	<li>Puede enrollarse para guardarse.</li>\n\n 	<li>Correa multifuncional y ajustable que se puede llevar cruzada o a la cintura.</li>\n\n</ul>",,,taxable,,0,0,,0,0,,,,,0,,,33990,"Género, Tipo de producto > Mochilas, Género > Mujer, Tipo de producto",,,"https://trendseeker.cl/wp-content/uploads/2023/07/16082808-1.png, https://trendseeker.cl/wp-content/uploads/2023/07/16082808-2.png, https://trendseeker.cl/wp-content/uploads/2023/07/16082808-3.png, https://trendseeker.cl/wp-content/uploads/2023/07/16082808-4.png",,,,,,,,,175,5054916278140,Hunter,Hunter,,,,,
19388,simple,UBP1152KBM-NVY,,Riñonera De Nylon Original Azul Marino,0,0,visible,,"Un poco más grande que la icónica riñonera de nailon Original, esta versión mejorada de la riñonera bandolera será tu bolsa imprescindible para cualquier día de la semana. Con un diseño práctico y novedoso y dos bolsillos con cremallera adicionales para facilitar el acceso a las llaves o las monedas, esta riñonera de nailon impermeable mantendrá tus pertenencias a salvo y te dará un aspecto elegante. Con un bolsillo interno, el logotipo del recuadro de Hunter y una correa ajustable, puedes llevarla como bandolera o como riñonera alrededor de la cintura.\n\n<ul>\n\n 	<li>Exterior de sarga de nailon impermeable</li>\n\n 	<li>Forro impermeable para una mayor protección de las pertenencias</li>\n\n 	<li>Correa ajustable para ponérsela con facilidad</li>\n\n 	<li>Puede llevarse como bandolera o riñonera</li>\n\n 	<li>Bolsillo interior con cremallera para los objetos valiosos</li>\n\n 	<li>Dos bolsillos externos con cremallera para facilitar el acceso</li>\n\n 	<li>Altura: 17 cm. Profundidad: 7 cm. Anchura: 30 cm. Longitud de la correa (totalmente extendida): 100 cm. Capacidad: 0,7 l</li>\n\n</ul>\n\n<div class=""product-page-description__product-code""></div>",,,taxable,,0,0,,0,0,,,,,0,,,54990,"Género, Tipo de producto > Mochilas, Género > Mujer, Tipo de producto",winter-style,,"https://trendseeker.cl/wp-content/uploads/2023/07/PROD-AW20-UBP1152KBM-NVY-1.jpg, https://trendseeker.cl/wp-content/uploads/2023/07/PROD-AW20-UBP1152KBM-NVY-2.jpg, https://trendseeker.cl/wp-content/uploads/2023/07/PROD-AW20-UBP1152KBM-NVY-3.jpg, https://trendseeker.cl/wp-content/uploads/2023/07/PROD-AW20-UBP1152KBM-NVY-4.jpg",,,,,,,,,177,5054916741101,Hunter,Hunter,,,,,
18936,variable,WFS2020RMA-LIH,,Botas De Agua Bajas Original Play Para Mujer LIH,0,0,visible,,"Simplificando el diseño icónico de la bota Original, la bota Play ofrece una silueta dinámica con una suela de plataforma más plana para aportar el máximo confort y versatilidad. Confeccionada en caucho natural de la más alta calidad, esta bota de agua para mujer es 100 % impermeable. Apenas rozando la parte superior del tobillo, la bota corta cuenta con una elegante altura que complementa la moda urbana, el estilo festivalero y cualquier otro atuendo que te guste para que puedas llevarla a tu manera.",,,taxable,,0,,,0,0,,,,,0,,44994,74990,"Tipo de producto > Botas, Género, Género > Mujer, Tipo de producto","Impermeables, Invierno, Ofertas",,"https://trendseeker.cl/wp-content/uploads/2023/07/WFS2020RMA-LIH-1-princ.jpg, https://trendseeker.cl/wp-content/uploads/2023/07/Botas-play-cortas-mujer-Hunter-3.png",,,,,,,,,1,,Hunter,Hunter,Talla,"36, 37, 38, 39, 40/41, 42",0,1,
18522,simple,UBP1152KBM-DOV,,Riñonera De Nylon Original Verde Oliva,0,0,visible,,"Un poco más grande que la icónica riñonera de nailon Original, esta versión mejorada de la riñonera bandolera será tu bolsa imprescindible para cualquier día de la semana. Con un diseño práctico y novedoso y dos bolsillos con cremallera adicionales para facilitar el acceso a las llaves o las monedas, esta riñonera de nailon impermeable mantendrá tus pertenencias a salvo y te dará un aspecto elegante. Con un bolsillo interno, el logotipo del recuadro de Hunter y una correa ajustable, puedes llevarla como bandolera o como riñonera alrededor de la cintura.\n\n<ul>\n\n 	<li>Exterior de sarga de nailon impermeable</li>\n\n 	<li>Forro impermeable para una mayor protección de las pertenencias</li>\n\n 	<li>Correa ajustable para ponérsela con facilidad</li>\n\n 	<li>Puede llevarse como bandolera o riñonera</li>\n\n 	<li>Bolsillo interior con cremallera para los objetos valiosos</li>\n\n 	<li>Dos bolsillos externos con cremallera para facilitar el acceso</li>\n\n 	<li>Altura: 17 cm. Profundidad: 7 cm. Anchura: 30 cm. Longitud de la correa (totalmente extendida): 100 cm. Capacidad: 0,7 l</li>\n\n</ul>\n\n<div class=""product-page-description__product-code""><span class=""product-page-description__title"">Product code: </span><span class=""product-page-description__number"">UBP1152KBM-DOV</span></div>",,,taxable,,0,0,,0,0,0.4,30,,15,0,,,54990,"Género, Tipo de producto > Mochilas, Género > Mujer, Tipo de producto",winter-style,,"https://trendseeker.cl/wp-content/uploads/2023/07/PROD-AW20-UBP1152KBM-DOV-1.jpg, https://trendseeker.cl/wp-content/uploads/2023/07/PROD-AW20-UBP1152KBM-DOV-2.jpg, https://trendseeker.cl/wp-content/uploads/2023/07/PROD-AW20-UBP1152KBM-DOV-3.jpg, https://trendseeker.cl/wp-content/uploads/2023/07/PROD-AW20-UBP1152KBM-DOV-4.jpg",,,,,,,,,180,5054916741125,Hunter,Hunter,,,,,
19627,simple,UBP1114SHA-RBO,,Riñonera Acolchada Negra,0,0,visible,,"Luce el estilo de la temporada con la riñonera esta increíble riñonera acolchada Hunter. Impermeable, multifuncional y con el icónico logotipo del recuadro rojo de Hunter, esta riñonera acolchada de nylon en perfecta para llevar tus cosas indispensables a todos lados, ya sea a un bar, a la playa o a un paseo por el cerro.\n\n<ul>\n\n 	<li>Impermeable</li>\n\n 	<li>Exterior de nylon</li>\n\n 	<li>Correa ajustable para ponérsela con facilidad</li>\n\n 	<li>Puede llevarse como bandolera o riñonera</li>\n\n</ul>\n\n&nbsp;",,,taxable,,0,0,,0,0,,,,,0,,,49990,"Género, Tipo de producto > Mochilas, Género > Mujer, Tipo de producto",,,"https://trendseeker.cl/wp-content/uploads/2023/07/UBP1114SHA-RBO-1-scaled-1.jpeg, https://trendseeker.cl/wp-content/uploads/2023/07/UBP1114SHA-RBO-2.jpg, https://trendseeker.cl/wp-content/uploads/2023/07/UBP1114SHA-RBO-3.jpg, https://trendseeker.cl/wp-content/uploads/2023/07/UBP1114SHA-RBO-4.jpg",,,,,,"UZG7000MAR-MLR, UBB1116SHA-BLK",,,183,5054916758222,Hunter,Hunter,,,,,
20474,variable,WFS2020NEB-BLK,,Botas De Agua Play Cortas Perladas Para Mujer Black,0,0,visible,,"El icónico diseño de nuestra bota Original inspiró nuestra bota PLAY, que es más minimalista y tiene una suela de plataforma plana para ofrecer el máximo confort. Esta temporada, la hemos mejorado con un diseño nebular. Inspirada en la luz del sol que alcanza las pozas de aguas resplandecientes y rodeadas de rocas cristalinas, esta bota tiene un reluciente acabado iridiscente. Esta bota de agua para mujer apenas roza la parte superior del tobillo, está confeccionada en caucho natural de la más alta calidad y es 100 % impermeable.\n\n\n\nRecomendamos utilizar calcetines Play de Hunter con todas las botas Play de Hunter para proteger la piel de quien las lleva del contacto con el caucho.\n\n<ul>\n\n 	<li>Impermeable</li>\n\n 	<li>Confeccionadas artesanalmente con caucho natural</li>\n\n 	<li>Forro de poliéster</li>\n\n 	<li>Rediseñadas para ofrecer una sensación de ligereza</li>\n\n 	<li>Suela moldeada con la marca Hunter</li>\n\n 	<li>Lengüeta para facilitar la introducción del pie</li>\n\n 	<li>Acabado iridiscente especial de Hunter</li>\n\n</ul>\n\n<strong>*Resumen de talla y ajuste: la talla es un poco más grande de lo habitual y el ajuste es normal. Si estás entre dos tallas, se recomienda pedir la talla inferior.</strong>",,,taxable,,1,72,,0,0,,,,,0,,,,"Tipo de producto > Botas, Género, Género > Mujer, Tipo de producto",Impermeables,,"https://trendseeker.cl/wp-content/uploads/2022/11/WFS2020NEB-BLK-1.png, https://trendseeker.cl/wp-content/uploads/2023/07/Botas-play-cortas-mujer-Hunter-5.png, https://trendseeker.cl/wp-content/uploads/2022/11/WFS2020NEB-BLK-2.png, https://trendseeker.cl/wp-content/uploads/2022/11/WFS2020NEB-BLK-3.png, https://trendseeker.cl/wp-content/uploads/2022/11/WFS2020NEB-BLK-4.png",,,,,,,,,185,,Hunter,Hunter,Talla,"36, 37, 38, 39, 40",1,1,
18884,simple,UBP7020KBM-BLK,,Riñonera Original Negro,0,0,visible,,"Luce el estilo de la temporada con la riñonera Original. Impermeable, multifuncional y con el icónico logotipo del recuadro rojo de Hunter, esta riñonera de nylon en un azul intenso y perfecto para la playa es una opción fácil para lucir con estilo de manera natural.\n\n\n\n● Impermeable\n\n\n\n● Exterior de sarga de nylon\n\n\n\n● Forro adicional resistente al agua\n\n\n\n● Correa ajustable para ponérsela con facilidad\n\n\n\n● Cremallera con las tres franjas características de Hunter\n\n\n\n● Puede llevarse como bandolera o riñonera\n\n\n\n● Altura: 16 cm. Anchura: 27 cm. Fondo: 9 cm",,,taxable,,0,0,,0,0,0.6,,,10,0,,,39990,"Género, Tipo de producto > Mochilas, Género > Mujer, Tipo de producto",,,"https://trendseeker.cl/wp-content/uploads/2023/07/UBP7020KBM-BLK-1-princ.jpg, https://trendseeker.cl/wp-content/uploads/2023/07/UBP7020KBM-BLK-5.jpg, https://trendseeker.cl/wp-content/uploads/2023/07/UBP7020KBM-BLK-2.jpg, https://trendseeker.cl/wp-content/uploads/2023/07/UBP7020KBM-BLK-3.jpg, https://trendseeker.cl/wp-content/uploads/2023/07/UBP7020KBM-BLK-4.jpg",,,,,,,,,186,5054916350068,Hunter,Hunter,,,,,
18887,simple,UBP7020KBM-MLR,,Riñonera Original Rojo Militar,0,0,visible,,"Luce el estilo de la temporada con la riñonera Original. Impermeable, multifuncional y con el icónico logotipo del recuadro rojo de Hunter, esta riñonera de nylon en un azul intenso y perfecto para la playa es una opción fácil para lucir con estilo de manera natural.\n\n● Impermeable\n\n● Exterior de sarga de nylon\n\n● Forro adicional resistente al agua\n\n● Correa ajustable para ponérsela con facilidad\n\n● Cremallera con las tres franjas características de Hunter\n\n● Puede llevarse como bandolera o riñonera\n\n● Altura: 16 cm. Anchura: 27 cm. Fondo: 9 cm",,,taxable,,0,0,,0,0,0.6,,,10,0,,,39990,"Género, Tipo de producto > Mochilas, Género > Mujer, Tipo de producto",,,"https://trendseeker.cl/wp-content/uploads/2023/07/UBP7020KBM-MLR-1-princ.jpg, https://trendseeker.cl/wp-content/uploads/2023/07/UBP7020KBM-MLR-5.jpg, https://trendseeker.cl/wp-content/uploads/2023/07/UBP7020KBM-MLR-2.jpg, https://trendseeker.cl/wp-content/uploads/2023/07/UBP7020KBM-MLR-3.jpg, https://trendseeker.cl/wp-content/uploads/2023/07/UBP7020KBM-MLR-4.jpg",,,,,,,,,189,5054916474184,Hunter,Hunter,,,,,
18650,simple,UBP7020KBM-NVY,,Riñonera Original Azul Marino,0,0,visible,,"Luce el estilo de la temporada con la riñonera Original. Impermeable, multifuncional y con el icónico logotipo del recuadro rojo de Hunter, esta riñonera de nylon en un azul intenso y perfecto para la playa es una opción fácil para lucir con estilo de manera natural.\n\n\n\n● Impermeable\n\n\n\n● Exterior de sarga de nylon\n\n\n\n● Forro adicional resistente al agua\n\n\n\n● Correa ajustable para ponérsela con facilidad\n\n\n\n● Cremallera con las tres franjas características de Hunter\n\n\n\n● Puede llevarse como bandolera o riñonera\n\n\n\n● Altura: 16 cm. Anchura: 27 cm. Fondo: 9 cm",,,taxable,,0,0,,0,0,0.6,,,10,0,,,39990,"Género, Tipo de producto > Mochilas, Género > Mujer, Tipo de producto",,,"https://trendseeker.cl/wp-content/uploads/2023/07/UBP7020KBM-NVY-1-princ.jpg, https://trendseeker.cl/wp-content/uploads/2023/07/UBP7020KBM-NVY-5.jpg, https://trendseeker.cl/wp-content/uploads/2023/07/UBP7020KBM-NVY-2.jpg, https://trendseeker.cl/wp-content/uploads/2023/07/UBP7020KBM-NVY-3.jpg, https://trendseeker.cl/wp-content/uploads/2023/07/UBP7020KBM-NVY-4.jpg",,,,,,,,,191,5054916474160,Hunter,Hunter,,,,,
20291,simple,UBS1202KBM-BLK,,Bolso Tote Grande Negro,0,0,visible,,"Con un forro de poliéster reciclado, un exterior resistente al agua y una base reforzada, nuestro Bolso Tote Grande Top Clip de Nylon protegerá sus posesiones, independientemente del clima. El interior tiene múltiples bolsillos para un fácil acceso a las todas las necesidades y suficiente espacio para el portátil y un recambio de ropa. En el exterior hay una correa ajustable desmontable y un clip lateral, lo que significa que esta bolsa se puede unir a nuestros otros Totes Hunter más pequeños.\n\n<div class=""copy trim-stacked-margins has-inner-html product-page-description__features"">\n\n<ul>\n\n 	<li>Vegano certificado</li>\n\n 	<li>Exterior de sarga de nylon resistente al agua</li>\n\n 	<li>Forro de poliéster 100% reciclado, resistente al agua para una mayor protección</li>\n\n 	<li>Asa superior para transportarla</li>\n\n 	<li>Correa ajustable desmontable para mayor comodidad y versatilidad</li>\n\n 	<li>Detalle del clip lateral</li>\n\n 	<li>Bolsillo interno para los objetos más valiosos</li>\n\n 	<li>Bolsillo con cremallera externa para un acceso más fácil</li>\n\n 	<li>Base reforzada para proteger todas tus pertenencias</li>\n\n 	<li>Altura 33cm, profundidad 16cm, ancho en base 43cm, ancho en línea superior 52cm</li>\n\n</ul>\n\n</div>",,,taxable,,0,0,,0,0,,,,,0,,,89990,"Género, Tipo de producto > Mochilas, Género > Mujer, Tipo de producto, Género > Unisex",Impermeables,,"https://trendseeker.cl/wp-content/uploads/2023/07/UBS1201KBM-BLK-1-1-1.png, https://trendseeker.cl/wp-content/uploads/2023/07/UBS1201KBM-BLK-2-1-1.png, https://trendseeker.cl/wp-content/uploads/2023/07/UBS1201KBM-BLK-3-1-1.png",,,,,,,,,193,5054916830690,Hunter,Hunter,,,,,
20200,variable,MFS9000CNV-BLK,,Botas Commando Desert Hombre Negras,0,0,visible,,"Diseñadas para usarse en los meses más cálidos, las Botas Commando Desert de lona para hombre son una actualización del popular estilo Commando Clásico en una lona de algodón negra transpirable. Mantiene los pies frescos en los calurosos días de verano y, al mismo tiempo, proporciona aislamiento natural en climas más fríos. El tejido a base de algodón está resaltado con foxing de goma, una suela exterior de alto agarre y un kickspur para facilitar la extracción. Se proporciona un juego adicional de cordones con cada par para una apariencia personalizada.\n\n<ul>\n\n 	<li>Vegano certificado.</li>\n\n 	<li>Parte inferior/suela impermeable.</li>\n\n 	<li>Hecho a mano.</li>\n\n 	<li>Lengüeta para facilitar la entrada del pie.</li>\n\n 	<li>Kick Spur para facilitar la extracción.</li>\n\n 	<li>Cordones adicionales para personalizar.</li>\n\n 	<li>Suela exterior de caucho de alto agarre con patrón de huella Hunter.</li>\n\n</ul>\n\n<strong>SIN CAMBIOS NI DEVOLUCIONES</strong>",,,taxable,,0,,,0,0,,,,,0,,83994,139990,"Tipo de producto > Botas, Género, Género > Hombre, Tipo de producto","Invierno, Ofertas",,"https://trendseeker.cl/wp-content/uploads/2023/07/WFS2010CNV-BLK-1.jpg, https://trendseeker.cl/wp-content/uploads/2022/11/Botas-commando-hombre-Hunter.png, https://trendseeker.cl/wp-content/uploads/2023/07/WFS2010CNV-BLK-2.jpg, https://trendseeker.cl/wp-content/uploads/2023/07/WFS2010CNV-BLK-3.jpg, https://trendseeker.cl/wp-content/uploads/2023/07/WFS2010CNV-BLK-4.jpg",,,,,,,,,1,,Hunter,Hunter,Talla,"39, 40/41, 42, 43, 44, 45/46",1,1,
18948,variable,WFT2007RMA-ZNC,,Botas De Agua Altas Original Play Para Mujer ZNC,0,0,visible,,"Simplificando el diseño icónico de la bota alta Original, la bota Play ofrece una silueta dinámica con una suela de plataforma más plana para aportar el máximo confort y versatilidad. Confeccionada en caucho natural de la más alta calidad, esta bota de agua para mujer es 100 % impermeable. Con una elegante altura que llega a media pantorrilla, la bota alta complementa la moda urbana, el estilo festivalero y cualquier otro atuendo que te guste para que puedas llevarla a tu manera.\n<ul>\n 	<li>Completamente impermeables</li>\n 	<li>Confeccionadas artesanalmente con caucho natural</li>\n 	<li>Forro de poliéster</li>\n 	<li>Rediseñadas para ofrecer una sensación de ligereza</li>\n 	<li>Suela moldeada con la marca Hunter</li>\n</ul>",,,taxable,,0,,,0,0,,,,,0,,65994,109990,"Tipo de producto > Botas, Género, Género > Mujer, Tipo de producto","Impermeables, Invierno, Ofertas",,"https://trendseeker.cl/wp-content/uploads/2023/07/WFT2007RMA-ZNC-1.princ_.jpg, https://trendseeker.cl/wp-content/uploads/2023/07/Botas-play-largas-mujer-Hunter-3.png, https://trendseeker.cl/wp-content/uploads/2023/07/WFT2007RMA-ZNC-2.jpg, https://trendseeker.cl/wp-content/uploads/2023/07/WFT2007RMA-ZNC-3.jpg, https://trendseeker.cl/wp-content/uploads/2023/07/WFT2007RMA-ZNC-4.jpg, https://trendseeker.cl/wp-content/uploads/2023/07/WFT2007RMA-ZNC-5.jpg",,,,,,,,,1,,Hunter,Hunter,Talla,"36, 37, 38, 39, 40/41, 42",0,1,
20290,simple,UBS1203KBM-NVY,,Bolso Tote Pequeño Azul Marino,0,0,visible,,"Con un forro de poliéster reciclado, un exterior resistente al agua y una base reforzada, nuestro Bolso Tote Pequeño Top Clip de Nylon protegerá todas tus cosas, independientemente del clima. Es del tamaño ideal para tu día a día y tiene una correa ajustable desmontable para que se pueda llevar de varias maneras diferentes.\n\n<ul>\n\n 	<li>Vegano certificado</li>\n\n 	<li>Exterior de nylon resistente al agua</li>\n\n 	<li>Forro de poliéster 100% reciclado, resistente al agua para una mayor protección</li>\n\n 	<li>Correa superior para transportarla</li>\n\n 	<li>Correa ajustable desmontable para mayor comodidad y versatilidad</li>\n\n 	<li>Detalle del clip lateral</li>\n\n 	<li>Bolsillo interno para los objetos más valiosos</li>\n\n 	<li>Base reforzada para proteger todas tus pertenencias</li>\n\n 	<li>Altura 18cm, profundidad 14cm, ancho en base 24cm, ancho en línea superior 30cm</li>\n\n</ul>",,,taxable,,0,0,,0,0,,,,,0,,,47990,"Género, Tipo de producto > Mochilas, Género > Mujer, Tipo de producto, Género > Unisex",Impermeables,,"https://trendseeker.cl/wp-content/uploads/2023/07/UBS1203KBM-NVY-1-1.png, https://trendseeker.cl/wp-content/uploads/2023/07/UBS1203KBM-NVY-2-1.png, https://trendseeker.cl/wp-content/uploads/2023/07/UBS1203KBM-NVY-3-1.png",,,,,,,,,196,5054916830775,Hunter,Hunter,,,,,
19600,simple,UBS1203KBM-DOV,,Bolso Tote Pequeño Verde Oliva,0,0,visible,,"Con un forro de poliéster reciclado, un exterior resistente al agua y una base reforzada, nuestro Bolso Tote Pequeño Top Clip de Nylon protegerá todas tus cosas, independientemente del clima. Es del tamaño ideal para tu día a día y tiene una correa ajustable desmontable para que se pueda llevar de varias maneras diferentes.\n\n<ul>\n\n 	<li>Vegano certificado</li>\n\n 	<li>Exterior de nylon resistente al agua</li>\n\n 	<li>Forro de poliéster 100% reciclado, resistente al agua para una mayor protección</li>\n\n 	<li>Correa superior para transportarla</li>\n\n 	<li>Correa ajustable desmontable para mayor comodidad y versatilidad</li>\n\n 	<li>Detalle del clip lateral</li>\n\n 	<li>Bolsillo interno para los objetos más valiosos</li>\n\n 	<li>Base reforzada para proteger todas tus pertenencias</li>\n\n 	<li>Altura 18cm, profundidad 14cm, ancho en base 24cm, ancho en línea superior 30cm</li>\n\n</ul>\n\n<div class=""product-page-description__product-code""><span class=""product-page-description__title"">Product code: </span><span class=""product-page-description__number"">UBS1203KBM-DOV</span></div>",,,taxable,,0,0,,0,0,,,,,0,,,47990,"Género, Tipo de producto > Mochilas, Género > Mujer, Tipo de producto",,,"https://trendseeker.cl/wp-content/uploads/2023/07/UBS1203KBM-DOV-1.jpg, https://trendseeker.cl/wp-content/uploads/2023/07/UBS1203KBM-DOV-4.jpg, https://trendseeker.cl/wp-content/uploads/2023/07/UBS1203KBM-DOV-3.jpg, https://trendseeker.cl/wp-content/uploads/2023/07/UBS1203KBM-DOV-2.jpg, https://trendseeker.cl/wp-content/uploads/2023/07/PROD-AW20-UBB1157KBM-BLK-6-1.jpg",,,,,,,,,198,5054916830782,Hunter,Hunter,,,,,
20126,variable,MFS9000CNV-ATM,,Botas Commando Desert Hombre Verde Musgo,0,0,visible,,"Diseñadas para usarse en los meses más cálidos, las Botas Commando Desert de lona para hombre son una actualización del popular estilo Commando Clásico en una lona de algodón negra transpirable. Mantiene los pies frescos en los calurosos días de verano y, al mismo tiempo, proporciona aislamiento natural en climas más fríos. El tejido a base de algodón está resaltado con foxing de goma, una suela exterior de alto agarre y un kickspur para facilitar la extracción. Se proporciona un juego adicional de cordones con cada par para una apariencia personalizada.\n\n<ul>\n\n 	<li>Vegano certificado.</li>\n\n 	<li>Parte inferior/suela impermeable.</li>\n\n 	<li>Hecho a mano.</li>\n\n 	<li>Lengüeta para facilitar la entrada del pie.</li>\n\n 	<li>Kick Spur para facilitar la extracción.</li>\n\n 	<li>Cordones adicionales para personalizar.</li>\n\n 	<li>Suela exterior de caucho de alto agarre con patrón de huella Hunter.</li>\n\n 	<li>Resiste al agual Nivel 1, la lona de la parte superior no es waterproof.</li>\n\n</ul>\n\n<strong>*DESPACHO DESDE 21 DE ABRIL 2022</strong>",,,taxable,,1,144,2,0,0,,,,,0,,83994,139990,"Tipo de producto > Botas, Género, Género > Hombre, Tipo de producto","Invierno, Verde, Ofertas",,"https://trendseeker.cl/wp-content/uploads/2022/11/MFS9000CNV-ATM-1.jpg, https://trendseeker.cl/wp-content/uploads/2023/07/Botas-commando-hombre-Hunter.png, https://trendseeker.cl/wp-content/uploads/2022/11/MFS9000CNV-ATM-2.jpg, https://trendseeker.cl/wp-content/uploads/2022/11/MFS9000CNV-ATM-3.jpg, https://trendseeker.cl/wp-content/uploads/2022/11/MFS9000CNV-ATM-4.jpg",,,,,,,,,1,,Hunter,Hunter,Talla,"39, 40/41, 42, 43, 44, 45/46",1,1,
20289,simple,UBS1201KBM-NVY,,Bolso Tote Mediano Azul Marino,0,0,visible,,"Con un forro de poliéster reciclado, un exterior resistente al agua y una base reforzada, nuestro Bolso Tote Mediano Top Clip de Nylon protegerá todas tus cosas, independientemente del clima. Tiene el tamaño ideal para llevar un kit para el gimnasio o incluso las compras. Además tiene una correa ajustable desmontable para que se pueda llevar de varias maneras diferentes.\n\n<ul>\n\n 	<li>Vegano certificado</li>\n\n 	<li>Exterior de nylon resistente al agua</li>\n\n 	<li>Forro de poliéster 100% reciclado, resistente al agua para una mayor protección</li>\n\n 	<li>Asa superior para transportarla</li>\n\n 	<li>Correa ajustable desmontable para mayor comodidad y versatilidad</li>\n\n 	<li>Detalle del clip lateral</li>\n\n 	<li>Bolsillo interno para los objetos más valiosos</li>\n\n 	<li>Bolsillo con cremallera externa para un acceso más fácil</li>\n\n 	<li>Base reforzada para proteger todas tus pertenencias</li>\n\n 	<li>Altura 30cm, profundidad 14cm, ancho en base 37cm, ancho en línea superior 46cm</li>\n\n</ul>",,,taxable,,0,0,,0,0,,,,,0,,,84990,"Género, Tipo de producto > Mochilas, Género > Mujer, Tipo de producto, Género > Unisex",Impermeables,,"https://trendseeker.cl/wp-content/uploads/2023/07/UBS1201KBM-NVY-1-1.png, https://trendseeker.cl/wp-content/uploads/2023/07/UBS1201KBM-NVY-2-1.png, https://trendseeker.cl/wp-content/uploads/2023/07/UBS1201KBM-NVY-3-1.png, https://trendseeker.cl/wp-content/uploads/2023/07/UBS1201KBM-NVY-4-1.png",,,,,,,,,201,5054916830669,Hunter,Hunter,,,,,
20288,simple,UBS1201KBM-DOV,,Bolso Tote Mediano Verde Oliva,0,0,visible,,"Con un forro de poliéster reciclado, un exterior resistente al agua y una base reforzada, nuestro Bolso Tote Mediano Top Clip de Nylon protegerá todas tus cosas, independientemente del clima. Tiene el tamaño ideal para llevar un kit para el gimnasio o incluso las compras. Además tiene una correa ajustable desmontable para que se pueda llevar de varias maneras diferentes.\n\n<ul>\n\n 	<li>Vegano certificado</li>\n\n 	<li>Exterior de nylon resistente al agua</li>\n\n 	<li>Forro de poliéster 100% reciclado, resistente al agua para una mayor protección</li>\n\n 	<li>Asa superior para transportarla</li>\n\n 	<li>Correa ajustable desmontable para mayor comodidad y versatilidad</li>\n\n 	<li>Detalle del clip lateral</li>\n\n 	<li>Bolsillo interno para los objetos más valiosos</li>\n\n 	<li>Bolsillo con cremallera externa para un acceso más fácil</li>\n\n 	<li>Base reforzada para proteger todas tus pertenencias</li>\n\n 	<li>Altura 30cm, profundidad 14cm, ancho en base 37cm, ancho en línea superior 46cm</li>\n\n</ul>",,,taxable,,0,0,,0,0,,,,,0,,,84990,"Género, Tipo de producto > Mochilas, Género > Mujer, Tipo de producto, Género > Unisex","Impermeables, Verde",,"https://trendseeker.cl/wp-content/uploads/2023/07/UBS1201KBM-DOV-1-1.png, https://trendseeker.cl/wp-content/uploads/2023/07/UBS1201KBM-DOV-2-1.png, https://trendseeker.cl/wp-content/uploads/2023/07/UBS1201KBM-DOV-3-1.png, https://trendseeker.cl/wp-content/uploads/2023/07/UBS1201KBM-DOV-4-2.png",,,,,,,,,203,5054916830676,Hunter,Hunter,,,,,
19601,simple,UBS1203KBM-BLK,,Bolso Tote Pequeño Negro,0,0,visible,,"Con un forro de poliéster reciclado, un exterior resistente al agua y una base reforzada, nuestro Bolso Tote Pequeño Top Clip de Nylon protegerá todas tus cosas, independientemente del clima. Es del tamaño ideal para tu día a día y tiene una correa ajustable desmontable para que se pueda llevar de varias maneras diferentes.\n\n<ul>\n\n 	<li>Vegano certificado</li>\n\n 	<li>Exterior de nylon resistente al agua</li>\n\n 	<li>Forro de poliéster 100% reciclado, resistente al agua para una mayor protección</li>\n\n 	<li>Correa superior para transportarla</li>\n\n 	<li>Correa ajustable desmontable para mayor comodidad y versatilidad</li>\n\n 	<li>Detalle del clip lateral</li>\n\n 	<li>Bolsillo interno para los objetos más valiosos</li>\n\n 	<li>Base reforzada para proteger todas tus pertenencias</li>\n\n 	<li>Altura 18cm, profundidad 14cm, ancho en base 24cm, ancho en línea superior 30cm</li>\n\n</ul>\n\n<div class=""product-page-description__product-code""><span class=""product-page-description__title"">Product code: </span><span class=""product-page-description__number"">UBS1203KBM-BLK</span></div>",,,taxable,,0,0,,0,0,,,,,0,,,47990,"Género, Tipo de producto > Mochilas, Género > Mujer, Tipo de producto, Género > Unisex","Impermeables, Invierno",,"https://trendseeker.cl/wp-content/uploads/2023/07/UBS1203KBM-BLK-1.jpg, https://trendseeker.cl/wp-content/uploads/2023/07/UBS1203KBM-BLK-3.jpg, https://trendseeker.cl/wp-content/uploads/2023/07/UBS1203KBM-BLK-2.jpg, https://trendseeker.cl/wp-content/uploads/2023/07/UBS1203KBM-BLK-4.jpg",,,,,,,,,205,5054916830751,Hunter,Hunter,,,,,
20157,simple,UBS1201KBM-BLK,,Bolso Tote Mediano Negro,0,0,visible,,"Con un forro de poliéster reciclado, un exterior resistente al agua y una base reforzada, nuestro Bolso Tote Mediano Top Clip de Nylon protegerá todas tus cosas, independientemente del clima. Tiene el tamaño ideal para llevar un kit para el gimnasio o incluso las compras. Además tiene una correa ajustable desmontable para que se pueda llevar de varias maneras diferentes.\n\n<ul>\n\n 	<li>Vegano certificado</li>\n\n 	<li>Exterior de nylon resistente al agua</li>\n\n 	<li>Forro de poliéster 100% reciclado, resistente al agua para una mayor protección</li>\n\n 	<li>Asa superior para transportarla</li>\n\n 	<li>Correa ajustable desmontable para mayor comodidad y versatilidad</li>\n\n 	<li>Detalle del clip lateral</li>\n\n 	<li>Bolsillo interno para los objetos más valiosos</li>\n\n 	<li>Bolsillo con cremallera externa para un acceso más fácil</li>\n\n 	<li>Base reforzada para proteger todas tus pertenencias</li>\n\n 	<li>Altura 30cm, profundidad 14cm, ancho en base 37cm, ancho en línea superior 46cm</li>\n\n</ul>",,,taxable,,0,0,,0,0,,,,,0,,,84990,"Género, Tipo de producto > Mochilas, Género > Mujer, Tipo de producto",,,"https://trendseeker.cl/wp-content/uploads/2023/07/UBS1201KBM-BLK-1-1.png, https://trendseeker.cl/wp-content/uploads/2023/07/UBS1201KBM-BLK-2-1.png, https://trendseeker.cl/wp-content/uploads/2023/07/UBS1201KBM-BLK-3-1.png, https://trendseeker.cl/wp-content/uploads/2023/07/UBS1201KBM-BLK-4-1.png",,,,,,,,,207,5054916830645,Hunter,Hunter,,,,,
27569,simple,UBP1164KBM-RBO,,Funda Esencia Para Telefono Negra,1,0,visible,,La funda Esencia Para Teléfono es un accesorio imprescindible para el invierno. Llévala alrededor del cuello o como riñonera usando las trabillas para cinturón para que combine con tu estilo.\n\n<ul>\n\n 	<li>Cierre magnético</li>\n\n 	<li>Correa desmontable</li>\n\n 	<li>Fabricada con nailon</li>\n\n 	<li>Sello de revestimiento de PU para resistir el agua</li>\n\n</ul>,,,taxable,,1,17,,0,0,,,,,0,,,54990,"Género, Tipo de producto > Mochilas, Género > Mujer, Tipo de producto","Celular, Hunter, Mochilas, Negra",,"https://trendseeker.cl/wp-content/uploads/2024/03/UBP1164KBM-RBO-1.jpg, https://trendseeker.cl/wp-content/uploads/2024/03/UBP1164KBM-RBO-2.jpg",,,,,,,,,193,5052956035099,Hunter,Hunter,,,,,
27568,simple,UBS1516NRS-LIN,,Bandolera De Viaje Antidesgarro Verde,1,0,visible,,la Bandolera De Viaje Antidesgarro será tu compañera confiable definitivo para las aventuras cotidianas además podrás llevar todos los elementos esenciales de viaje con facilidad.\n\n<ul>\n\n 	<li>Diseñada con función expandible</li>\n\n 	<li>Nailon reciclado resistente al agua</li>\n\n 	<li>Bolsillo externo con cremallera</li>\n\n 	<li>Tiradores de cremallera adaptables</li>\n\n 	<li>Logotipo de PVC de Hunter</li>\n\n</ul>,,,taxable,,1,3,,0,0,,,,,0,,,49990,"Género, Tipo de producto > Mochilas, Género > Mujer, Tipo de producto","bandoleras, Hunter, Mochilas",,"https://trendseeker.cl/wp-content/uploads/2024/03/UBS1516NRS-LIN1-1.jpg, https://trendseeker.cl/wp-content/uploads/2024/03/UBS1516NRS-LIN2-1.jpg, https://trendseeker.cl/wp-content/uploads/2024/03/UBS1516NRS-LIN3-1.jpg",,,,,,"UBX1211KBM-BLK, UBB6017ACD-SRA, UBP1152KBM-BLK",,,194,5059997026697,Hunter,Hunter,,,,,
20071,simple,UBS1156KBM-DOV,,Bolso Tote Antidesgarros Plegable Verde Oliva,0,0,visible,,"Elaborado con nylon irrompible y ligero, el bolso tote antidesgarros y plegable Original es tu complemento impermeable de uso diario. Este práctico bolso tote se puede enrollar y plegar de un modo ingenioso para guardarlo en su bolsillo interno cuando no lo necesites. En una clásica gama de colores con adornos serigrafiados actualizados y una nueva forma, la versión mejorada de este icono plegable cuenta con bolsillos laterales elásticos y una correa ajustable y extraíble para su transporte.\n\n<ul>\n\n 	<li>Nylon impermeable y antidesgarros (irrompible).</li>\n\n 	<li>Se guarda en el bolsillo interno, Asa superior para su transporte.</li>\n\n 	<li>Correa extraíble de malla de nailon ajustable.</li>\n\n 	<li>Bolsillos laterales elásticos para una botella de agua.</li>\n\n 	<li>Bolsillo delantero de acceso fácil con cremallera para los objetos valiosos.</li>\n\n 	<li>Logotipo del recuadro de Hunter serigrafiado.</li>\n\n 	<li>Altura: 43 cm, profundidad: 14 cm y ancho: 35 cm.</li>\n\n</ul>",,,taxable,,0,0,,0,0,,,,,0,,,54990,"Género, Tipo de producto > Mochilas, Género > Mujer, Tipo de producto",,,https://trendseeker.cl/wp-content/uploads/2023/07/16082807-1.jpg,,,,,,,,,209,5054916885355,Hunter,Hunter,,,,,
24949,simple,UBS1201KBM-BAH,,Bolso Tote Mediano Negro con logo Hunter,1,0,visible,,"Con un forro de poliéster reciclado, un exterior resistente al agua y una base reforzada, nuestro Bolso Tote Mediano Top Clip de Nylon protegerá todas tus cosas, independientemente del clima. Tiene el tamaño ideal para llevar un kit para el gimnasio o incluso las compras. Además tiene una correa ajustable desmontable para que se pueda llevar de varias maneras diferentes.\n\n<ul>\n\n 	<li>Vegano certificado</li>\n\n 	<li>Exterior de nylon resistente al agua</li>\n\n 	<li>Forro de poliéster 100% reciclado, resistente al agua para una mayor protección</li>\n\n 	<li>Asa superior para transportarla</li>\n\n 	<li>Correa ajustable desmontable para mayor comodidad y versatilidad</li>\n\n 	<li>Detalle del clip lateral</li>\n\n 	<li>Bolsillo interno para los objetos más valiosos</li>\n\n 	<li>Bolsillo con cremallera externa para un acceso más fácil</li>\n\n 	<li>Base reforzada para proteger todas tus pertenencias</li>\n\n 	<li>Altura 30cm, profundidad 14cm, ancho en base 37cm, ancho en línea superior 46cm</li>\n\n</ul>",,,taxable,,0,0,,0,0,,,,,0,,,84990,"Género, Tipo de producto > Mochilas, Género > Mujer, Tipo de producto, Género > Unisex","Bolsos, Hunter, Impermeables, Negros, Tote",,"https://trendseeker.cl/wp-content/uploads/2023/11/M6.jpg, https://trendseeker.cl/wp-content/uploads/2023/11/2.png, https://trendseeker.cl/wp-content/uploads/2023/11/3.png, https://trendseeker.cl/wp-content/uploads/2023/11/4.png",,,,,"UBS1201KBM-BLK, UBS1201KBM-TTP, UBS1201KBM-DOV",,,,195,5059997022279,Hunter,Hunter,,,,,
18941,variable,WFT1001RMA-BLK,,Botas De Agua Altas Y Ajustables Por Detrás Original Para Mujer Negro,1,1,visible,,"Diseñada para ofrecer un ajuste flexible, la bota alta y ajustable Original imita la icónica bota alta Original con la incorporación de un refuerzo extensible en la parte posterior. Perfecta para una pantorrilla más ancha, esta bota de agua brillante permite libertad de movimientos y adapta el ajuste Hunter personalizado tradicional a una forma más relajada cuando el refuerzo se extiende por completo. Elaborada a mano con caucho natural, esta bota ajustable Original es completamente impermeable gracias a su cómodo forro de poliéster y distintivo dibujo de Hunter Original.\n\n<ul>\n\n 	<li>Completamente impermeables</li>\n\n 	<li>De fabricación artesanal</li>\n\n 	<li>Forro de poliéster</li>\n\n 	<li>Refuerzo y hebilla ajustables en la parte posterior para adaptar el ajuste</li>\n\n 	<li>Suela de goma con dibujo Original</li>\n\n 	<li>Confeccionadas en caucho vulcanizado natural con acabado matte</li>\n\n</ul>",,,taxable,,0,,,0,0,,,,,0,,107994,179990,"Tipo de producto > Botas, Género, Género > Mujer, Tipo de producto","Impermeables, Invierno, Ofertas",,"https://trendseeker.cl/wp-content/uploads/2023/07/WFT1001RMA-BLK-1-princ.jpg, https://trendseeker.cl/wp-content/uploads/2023/07/Botas-largas-ajuste-trasero-mujer-Hunter-1.png, https://trendseeker.cl/wp-content/uploads/2023/07/WFT1001RMA-BLK-2.jpg, https://trendseeker.cl/wp-content/uploads/2023/07/WFT1001RMA-BLK-3.jpg, https://trendseeker.cl/wp-content/uploads/2023/07/WFT1001RMA-BLK-4.jpg, https://trendseeker.cl/wp-content/uploads/2023/07/WFT1001RMA-BLK-5.jpg",,,,,,"UAS3036AAB-HWT, AC1SI, UAH3031WXA-GZB, UZF3003LSK-NTR",,,1,,Hunter,Hunter,Talla,"36, 37, 38, 39, 40/41, 42",0,1,
20022,simple,UBS1156KBM-BLK,,Bolso Tote Antidesgarros Plegable Negro,0,0,visible,,"Elaborado con nylon irrompible y ligero, el bolso tote antidesgarros y plegable Original es tu complemento impermeable de uso diario. Este práctico bolso tote se puede enrollar y plegar de un modo ingenioso para guardarlo en su bolsillo interno cuando no lo necesites. En una clásica gama de colores con adornos serigrafiados actualizados y una nueva forma, la versión mejorada de este icono plegable cuenta con bolsillos laterales elásticos y una correa ajustable y extraíble para su transporte.\n\n\n\n- Nylon impermeable y antidesgarros (irrompible).\n\n\n\n-  Se guarda en el bolsillo interno, Asa superior para su transporte.\n\n\n\n- Correa extraíble de malla de nailon ajustable.\n\n\n\n- Bolsillos laterales elásticos para una botella de agua.\n\n\n\n- Bolsillo delantero de acceso fácil con cremallera para los objetos valiosos.\n\n\n\n- Logotipo del recuadro de Hunter serigrafiado.\n\n\n\n- Altura: 43 cm, profundidad: 14 cm y ancho: 35 cm.\n\n\n\n&nbsp;",,,taxable,,0,0,,0,0,,,,,0,,,54990,"Género, Tipo de producto > Mochilas, Género > Mujer, Tipo de producto",,,"https://trendseeker.cl/wp-content/uploads/2023/07/PROD-AW21-ORG-UBS1156KBM-BLK-1.jpg, https://trendseeker.cl/wp-content/uploads/2023/07/PROD-AW21-ORG-UBS1156KBM-BLK-2.jpg, https://trendseeker.cl/wp-content/uploads/2023/07/PROD-AW21-ORG-UBS1156KBM-BLK-3.jpg, https://trendseeker.cl/wp-content/uploads/2023/07/PROD-AW21-ORG-UBS1156KBM-BLK-4.jpg, https://trendseeker.cl/wp-content/uploads/2023/07/PROD-AW21-ORG-UBS1156KBM-BLK-5.jpg, https://trendseeker.cl/wp-content/uploads/2023/07/PROD-AW21-ORG-UBS1156KBM-BLK-6.jpg",,,,,,,,,211,5054916740845,Hunter,Hunter,,,,,
20252,variable,WFT2007RMA-ATM,,Botas De Agua Altas Original Play Para Mujer Verde Musgo,0,0,visible,,"Simplificando el diseño icónico de la bota alta Original, la bota Play ofrece una silueta dinámica con una suela de plataforma más plana para aportar el máximo confort y versatilidad. Confeccionada en caucho natural de la más alta calidad, esta bota de agua para mujer es 100 % impermeable. Con una elegante altura que llega a media pantorrilla, la bota alta complementa la moda urbana, el estilo festivalero y cualquier otro atuendo que te guste para que puedas llevarla a tu manera.\n\n<div class=""copy trim-stacked-margins has-inner-html product-page-description__features"">\n\n<ul>\n\n 	<li>Completamente impermeables</li>\n\n 	<li>Confeccionadas artesanalmente con caucho natural</li>\n\n 	<li>Forro de poliéster</li>\n\n 	<li>Rediseñadas para ofrecer una sensación de ligereza</li>\n\n 	<li>Suela moldeada con la marca Hunter</li>\n\n</ul>\n\n</div>",,,taxable,,0,,,0,0,,,,,0,,65994,109990,"Tipo de producto > Botas, Género, Género > Mujer, Tipo de producto","Impermeables, Invierno, Verde, Ofertas",,"https://trendseeker.cl/wp-content/uploads/2022/11/WFT2007RMA-ATM-1.png, https://trendseeker.cl/wp-content/uploads/2023/07/Botas-play-largas-mujer-Hunter-4.png, https://trendseeker.cl/wp-content/uploads/2022/11/WFT2007RMA-ATM-2.png, https://trendseeker.cl/wp-content/uploads/2022/11/WFT2007RMA-ATM-3.png, https://trendseeker.cl/wp-content/uploads/2022/11/WFT2007RMA-ATM-4.png",,,,,,"UAS3036AAB-HWT, UZF3003LSK-NTR",,,1,,Hunter,Hunter,Talla,"36, 37, 38, 39, 40/41",1,1,
20250,variable,WFT1001RMA-GSC,,Botas De Agua Altas Y Ajustables Por Detrás Para Mujer Glenmore Rosa,0,0,visible,,"Perfecta para los días de lluvia, esta bota de agua para mujer ha sido la esencia de la marca Hunter Original desde su presentación en 1956. Elaborado con caucho natural, cada par está formado por 28 piezas cortadas a mano y se ensambla durante tres días sobre una horma de aluminio realizada a medida para Hunter, antes de someterse al proceso de vulcanizado para ofrecer mayor protección. Con el dibujo de Hunter Original y un cómodo forro de poliéster, esta bota impermeable de clásico es un accesorio imprescindible para los días de lluvia.\n\nRecomendamos utilizar calcetines con todas las botas Hunter para proteger la piel del contacto con el caucho. Todos los calcetines para botas Hunter están especialmente diseñados para su uso con nuestra gama de botas e incluyen una vuelta en la parte superior que permite cubrir el caucho y el nailon del borde de la bota, evitando así cualquier roce durante el uso.\n<div class=""copy trim-stacked-margins has-inner-html product-page-description__features"">\n<ul>\n 	<li>Completamente impermeables</li>\n 	<li>Elaboradas a mano a partir de 28 piezas</li>\n 	<li>Ajuste normal</li>\n 	<li>Forro de poliéster</li>\n 	<li>Suela de goma con dibujo de Hunter Original</li>\n 	<li>Confeccionadas en caucho vulcanizado natural con acabado mate</li>\n</ul>\n</div>",,,taxable,,0,,,0,0,,,,,0,,107994,179990,"Tipo de producto > Botas, Género, Género > Mujer, Tipo de producto","Destacado, Impermeables, Invierno, Ofertas",,"https://trendseeker.cl/wp-content/uploads/2022/11/WFT1001RMA-GSC1.png, https://trendseeker.cl/wp-content/uploads/2022/11/Botas-largas-ajuste-trasero-mujer-Hunter.png, https://trendseeker.cl/wp-content/uploads/2022/11/WFT1001RMA-GSC3.png, https://trendseeker.cl/wp-content/uploads/2022/11/WFT1001RMA-GSC2.png, https://trendseeker.cl/wp-content/uploads/2022/11/WFT1001RMA-GSC4.png",,,,,,"UAS3036AAB-BLK, UZC4007XXX-CLR, UZF3003LSK-NTR",,,1,,Hunter,Hunter,Talla,"36, 37, 38, 39, 40/41, 42",1,1,
19622,simple,UBS1203KBM-RBP,,Bolso Tote Pequeño Rosado Intenso,0,0,visible,,"Con un forro de poliéster reciclado, un exterior resistente al agua y una base reforzada, nuestro Bolso Tote Pequeño Top Clip de Nylon protegerá todas tus cosas, independientemente del clima. Es del tamaño ideal para tu día a día y tiene una correa ajustable desmontable para que se pueda llevar de varias maneras diferentes.\n\n<ul>\n\n 	<li>Vegano certificado</li>\n\n 	<li>Exterior de nylon resistente al agua</li>\n\n 	<li>Forro de poliéster 100% reciclado, resistente al agua para una mayor protección</li>\n\n 	<li>Correa superior para transportarla</li>\n\n 	<li>Correa ajustable desmontable para mayor comodidad y versatilidad</li>\n\n 	<li>Detalle del clip lateral</li>\n\n 	<li>Bolsillo interno para los objetos más valiosos</li>\n\n 	<li>Base reforzada para proteger todas tus pertenencias</li>\n\n 	<li>Altura 18cm, profundidad 14cm, ancho en base 24cm, ancho en línea superior 30cm</li>\n\n</ul>\n\n<div class=""product-page-description__product-code""><span class=""product-page-description__title"">SKU: </span><span class=""product-page-description__number"">UBS1203KBM-RBP</span></div>",,,taxable,,0,0,,0,0,,,,,0,,,47990,"Género, Tipo de producto > Mochilas, Género > Mujer, Tipo de producto",,,"https://trendseeker.cl/wp-content/uploads/2023/07/UBS1203KBM-RBP-11.jpg, https://trendseeker.cl/wp-content/uploads/2023/07/UBS1203KBM-RBP-21.jpg",,,,,,,,,214,5054916830799,Hunter,Hunter,,,,,
18898,simple,UBS6004KBM-ROB,,Bolso Tote De Nylon Original Azul,0,0,visible,,"Un complemento básico de uso diario a prueba de aguaceros, el bolso tote de nailon Original cuenta con un bolsillo oculto en la parte delantera y es impermeable para proteger el contenido de los chaparrones imprevistos.\n\n\n\n● Impermeable\n\n\n\n● Exterior de sarga de nailon\n\n\n\n● Forro impermeable para proteger el interior\n\n\n\n● Bolsillo exterior delantero para un acceso fácil",,,taxable,,0,0,,0,0,,,,,0,,,77990,"Género, Tipo de producto > Mochilas, Género > Mujer, Tipo de producto",,,"https://trendseeker.cl/wp-content/uploads/2023/07/UBS6004KBM-ROB-1-princ.jpg, https://trendseeker.cl/wp-content/uploads/2023/07/UBS6004KBM-ROB-2.jpg, https://trendseeker.cl/wp-content/uploads/2023/07/UBS6004KBM-ROB-3.jpg, https://trendseeker.cl/wp-content/uploads/2023/07/UBS6004KBM-ROB-4.jpg, https://trendseeker.cl/wp-content/uploads/2023/07/UBS6004KBM-ROB-5.jpg",,,,,,,,,216,5054916201322,Hunter,Hunter,,,,,
21376,simple,UBP1170ACD-BLK,,Mini Bolso Para Celular Keeper Negro,1,0,visible,,"El Keeper es perfecto para llevar lo esencial. Esta mini funda para teléfono resistente al agua está hecha con un exterior de nailon 100 % reciclado y un forro de poliéster reciclado resistente al agua. El bolso tiene una correa desmontable para que se pueda llevar como bandolera o como cartera, y cuenta con una práctica ranura para tarjetas de crédito en el exterior forrada con microfibra para mantener tus tarjetas seguras.\n\n<div class=""copy trim-stacked-margins has-inner-html product-page-description__features"">\n\n<ul>\n\n 	<li>Vegano certificado.</li>\n\n 	<li>Exterior de sarga de nailon resistente al agua 100 % reciclado.</li>\n\n 	<li>Forro 100 % poliéster reciclado resistente al agua para mayor protección.</li>\n\n 	<li>Se puede llevar como cartera o como bandolera.</li>\n\n 	<li>Ranura para tarjeta externa para un fácil acceso.</li>\n\n 	<li>Etiqueta de PVC Hunter.</li>\n\n 	<li>Altura 11 cm, profundidad 3,5 cm, ancho 18 cm, longitud de la correa (cuando está completamente extendida) 130 cm.</li>\n\n</ul>\n\n</div>",,,taxable,,1,3,2,0,0,,,,,0,,,39990,"Género, Género > Hombre, Tipo de producto > Mochilas, Género > Mujer, Tipo de producto, Género > Unisex","Bolsos, Celular, Hunter, Impermeables",,"https://trendseeker.cl/wp-content/uploads/2023/03/UBP1170ACD-BLK-1.png, https://trendseeker.cl/wp-content/uploads/2023/03/UBP1170ACD-BLK-2.png, https://trendseeker.cl/wp-content/uploads/2023/03/UBP1170ACD-BLK-3.png, https://trendseeker.cl/wp-content/uploads/2023/03/UBP1170ACD-BLK-4.png, https://trendseeker.cl/wp-content/uploads/2023/03/UBP1170ACD-BLK-5.png",,,,,,,,,205,5054916988636,Hunter,Hunter,,,,,
19699,simple,UBX1205LRS-BLK,,Bolso Cuero Engomado para Camara,0,0,visible,,"<span class=""Y2IQFc"" lang=""es"">Este exclusivo bolso de cuero engomado tiene todo el estilo para que lleves tus cosas importantes esta temporada. Además es resistente al agua y está equipado con dos correas ajustables, una negra y la otra con la palabra ""Hunter"", que se pueden usar cruzando el cuerpo o alrededor de la cintura. Para mayor practicidad, hay un bolsillo frontal externo para almacenamiento de fácil acceso y una bolsa interna con cremallera para mayor seguridad.</span>\n\n<p id=""tw-target-text"" class=""tw-data-text tw-text-large XcVN5d tw-ta"" dir=""ltr"" data-placeholder=""Traducción""><span class=""Y2IQFc"" lang=""es"">Alto 14.5CM X Ancho 21 y Profundidad 10,5 CM </span></p>\n\n&nbsp;",,,taxable,,0,0,,0,0,,,,,0,,,159990,"Género, Tipo de producto > Mochilas, Género > Mujer, Tipo de producto",,,"https://trendseeker.cl/wp-content/uploads/2023/07/Bolso_Negro.jpg, https://trendseeker.cl/wp-content/uploads/2023/07/AW21-ORG-UBX1205LRS-BLK-4.jpg, https://trendseeker.cl/wp-content/uploads/2023/07/AW21-ORG-UBX1205LRS-BLK-2.jpg, https://trendseeker.cl/wp-content/uploads/2023/07/AW21-ORG-UBX1205LRS-BLK-3.jpg, https://trendseeker.cl/wp-content/uploads/2023/07/AW21-ORG-UBX1205LRS-BLK-1.jpg",,,,,,,,,219,5054916830744,Hunter,Hunter,,,,,
20451,variable,MRO1401WAP-HUB,,Chaqueta de lluvia para hombre Negra,1,0,visible,,"Diseñado para uso diario en temporadas de transición, el impermeable es la máxima protección contra el clima adverso e impredecible. Esta chaqueta totalmente impermeable cuenta con una construcción de costuras soldadas y cierre de solapa de tormenta para una protección superior. Confeccionado con ojales en las axilas, el forro de cuerpo completo de malla ofrece mayor transpirabilidad.\n\n<div class=""copy trim-stacked-margins has-inner-html product-page-description__features"">\n\n<ul>\n\n 	<li>Vegano certificado</li>\n\n 	<li>Totalmente impermeable con costuras soldadas.</li>\n\n 	<li>Cremallera tricolor de Hunter con solapa antitormenta a presión</li>\n\n 	<li>Forro de malla de cuerpo completo para transpirabilidad.</li>\n\n 	<li>Ojales en las axilas y ventilación trasera abierta para ventilación adicional</li>\n\n 	<li>Capucha con cordón para ajustar la apertura para proteger del viento y la lluvia</li>\n\n 	<li>Bolsillos ribeteados de entrada doble e invertida para evitar que entre la lluvia</li>\n\n 	<li>Puño ajustable a presión</li>\n\n</ul>\n\nTalla/ajuste: talla real, ajuste normal. El modelo mide 185 cm y lleva una talla M. La medida del centro de la espalda para la talla M es de 76 cm y la longitud de la manga desde el hombro es de 65,5 cm.\n\n\n\n</div>",,,taxable,,1,,,0,0,,,,,0,,178492,209990,"Tipo de producto > Chaquetas, Género, Género > Hombre, Tipo de producto","Impermeables, Ofertas",,https://trendseeker.cl/wp-content/uploads/2022/11/MRO1401WAP-HUB-scaled-1.jpeg,,,,,,"MRO4245WAP-BLK, MRO4245WAP-DOV",,,1,,Hunter,Hunter,Talla,"L, M, XL",1,1,
18647,variable,MFS9014RMA-SGE,,Zapato de Agua para Hombre,0,0,visible,Zapato de Agua para Hombre,"<h4><b>Ficha del producto:</b></h4>\n<ul>\n 	<li>Condicion del producto: Nuevo</li>\n 	<li>Genero: Hombre</li>\n 	<li>Hecho en: China</li>\n 	<li>Material calzado: Sintético</li>\n 	<li>Material de la suela: Goma</li>\n 	<li>Pais: Chile</li>\n 	<li>Temporada: Otoño-Invierno</li>\n 	<li>Tipo calzado de hombre: Botines</li>\n</ul>",,,taxable,,0,,,0,0,,,,,0,,86994,144990,"Género, Género > Hombre, Tipo de producto, Tipo de producto > Zapatos","Impermeables, Invierno, Ofertas",,"https://trendseeker.cl/wp-content/uploads/2023/07/MFS9014RMA-SGE-1-princ.jpg, https://trendseeker.cl/wp-content/uploads/2023/07/MFS9014RMA-SGE-2.jpg, https://trendseeker.cl/wp-content/uploads/2023/07/MFS9014RMA-SGE-3.jpg, https://trendseeker.cl/wp-content/uploads/2023/07/MFS9014RMA-SGE-4.jpg",,,,,,,,,1,,Hunter,Hunter,Talla,"39, 40/41, 42, 43, 44, 45/46, 47",1,1,
20431,variable,WRO1400WAP-DOV,,Chaqueta de lluvia para mujer Verde Oliva,1,0,visible,,"Diseñado para uso diario en temporadas de transición, el impermeable es la máxima protección contra el clima adverso e impredecible. Esta chaqueta totalmente impermeable presenta una construcción de costuras soldadas para una protección superior y un forro de malla completo para mayor transpirabilidad, mientras que la cintura ajustable garantiza un ajuste cómodo.",,,taxable,,1,12,,0,0,,,,,0,,178492,209990,"Tipo de producto > Chaquetas, Tipo de producto","Impermeables, Verde, Ofertas",,https://trendseeker.cl/wp-content/uploads/2022/11/WRO1400WAP-DOV-scaled-1.jpeg,,,,,,"WRO1323RSF-BLK, WRO1323RSF-NVY",,,1,,Hunter,Hunter,Talla,"L, M, S, XS",1,1,
19517,simple,UBX1200KBM-DOV,,Bolso Camera Verde Oliva,0,0,visible,,"Diseñado con un énfasis en la protección para todo tipo de clima, el bolso camera es perfecto para usar como una cómoda bandolera y llevar tus básicos. cualquier parte o para proteger tu cámara fotográfica ya que tiene el tamaño perfecto. Además es resistente al agua y cuenta con un forro especialmente diseñado para protegerlo  de la lluvia. Además, este bolso cuadrado tiene una correa ajustable e intercambiable que se puede llevar cruzada o en la cintura. Los bolsillos frontales e internos, que brindan un almacenamiento seguro de las necesidades diarias, completan el diseño.\n\n\n\n&nbsp;\n\n<ul>\n\n 	<li>Nylon resistente al agua</li>\n\n 	<li>Forro resistente al agua</li>\n\n 	<li>Bolsillos delanteros e internos para almacenamiento adicional</li>\n\n 	<li>Correa ajustable e intercambiable que se puede utilizar en todo el cuerpo o en la cintura</li>\n\n 	<li>Detalle del clip lateral</li>\n\n 	<li>Altura 14,5 cm, Ancho 21 cm, profundidad 10,5 cm.</li>\n\n 	<li>Composición 100% Nylon</li>\n\n</ul>",,,taxable,,0,0,,0,0,,,,,0,,,54990,"Género, Tipo de producto > Mochilas, Género > Mujer, Tipo de producto",spring-is-coming,,"https://trendseeker.cl/wp-content/uploads/2023/07/UBX1200KBM-DOV-1.jpg, https://trendseeker.cl/wp-content/uploads/2023/07/UBX1200KBM-DOV-2.jpg",,,,,,,,,221,5054916830621,Hunter,Hunter,,,,,
20432,variable,WRO1400WAP-FRD,,Chaqueta de lluvia para mujer Rojo,1,0,visible,,"Diseñado para uso diario en temporadas de transición, el impermeable es la máxima protección contra el clima adverso e impredecible. Esta chaqueta totalmente impermeable presenta una construcción de costuras soldadas para una protección superior y un forro de malla completo para mayor transpirabilidad, mientras que la cintura ajustable garantiza un ajuste cómodo.",,,taxable,,1,12,,0,0,,,,,0,,178492,209990,"Tipo de producto > Chaquetas, Tipo de producto","Impermeables, Ofertas",,https://trendseeker.cl/wp-content/uploads/2022/11/WRO1400WAP-FRD-scaled-1.jpeg,,,,,,"WRO1258WAP-NVY, WRO1258WAP-DOV",,,1,,Hunter,Hunter,Talla,"L, M, S, XS",1,1,
20433,variable,WRO1404VYL-DOB,,Chaqueta Play Impermeable de Vinilo para Mujer Verde Oscuro,1,0,visible,,"La Chaqueta Play Transparente es totalmente impermeable con una construcción de costuras soldadas y bolsillos de doble entrada preparados para los aguaceros más fuertes. Esta chaqueta puede ajustarse a tu medida con un en la cintura y dobladillos ajustables con broches de presión. Para la ventilación en los días más calurosos, la chaqueta de vinilo está equipada con ojales en las axilas y ventilaciones traseras y delanteras.\n\n<ul>\n\n 	<li>Vegano certificado</li>\n\n 	<li>Totalmente impermeable con costuras soldadas</li>\n\n 	<li>Cremallera Hunter con solapa a presión</li>\n\n 	<li>Ventilaciones delanteras y traseras para la transpiración</li>\n\n 	<li>Ojales en las axilas para una mayor ventilación</li>\n\n 	<li>Capucha con cordón para ajustar la apertura y proteger del viento y la lluvia</li>\n\n 	<li>Bolsillos delanteros de parche para guardar lo esencial</li>\n\n 	<li>Dobladillo ajustable a presión</li>\n\n</ul>\n\n*Talla/Ajuste: Talla habitual, Ajuste normal. La medida del centro de la espalda para la talla S es 72cm y la longitud de la manga desde el hombro es 61cm.",,,taxable,,1,12,,0,0,,,,,0,,178492,209990,"Tipo de producto > Chaquetas, Tipo de producto","Destacado, Impermeables, Ofertas",,https://trendseeker.cl/wp-content/uploads/2022/11/PROD-AW22-ORG-WRO1404VYL-DOB-1-scaled-1.jpg,,,,,,"WRO1400WAP-HUB, WRO1400WAP-DOV",,,1,,Hunter,Hunter,Talla,"L, M, S, XS",1,1,
19626,simple,UBB1116SHA-ROB,,Mochila Acolchada Negra,0,0,visible,,"<p id=""tw-target-text"" class=""tw-data-text tw-text-large XcVN5d tw-ta"" dir=""ltr"" data-placeholder=""Traducción""><span class=""Y2IQFc"" lang=""es"">ku.La mochila Hunter acolchada negra, basada en la icónica mochila Original de nylon, cuenta con un bolsillo frontal externo para un fácil acceso, un bolsillo interior acolchado para una computadora portátil de hasta 13.5 'y tiene una capacidad de 16 litros. </span></p>\n\n\n\n<ul>\n\n 	<li class=""tw-data-text tw-text-large XcVN5d tw-ta"" dir=""ltr"" data-placeholder=""Traducción""><span class=""Y2IQFc"" lang=""es"">El exterior es resistente al agua con revestimiento de goma</span></li>\n\n 	<li class=""tw-data-text tw-text-large XcVN5d tw-ta"" dir=""ltr"" data-placeholder=""Traducción""><span class=""Y2IQFc"" lang=""es"">Cuenta con u forro resistente al agua para protección interna</span></li>\n\n 	<li class=""tw-data-text tw-text-large XcVN5d tw-ta"" dir=""ltr"" data-placeholder=""Traducción""><span class=""Y2IQFc"" lang=""es"">Bolsillo interno acolchado para computadora portátil de hasta 13.5 '</span></li>\n\n 	<li class=""tw-data-text tw-text-large XcVN5d tw-ta"" dir=""ltr"" data-placeholder=""Traducción""><span class=""Y2IQFc"" lang=""es"">Bolsillo frontal externo para fácil acceso</span></li>\n\n 	<li class=""tw-data-text tw-text-large XcVN5d tw-ta"" dir=""ltr"" data-placeholder=""Traducción""><span class=""Y2IQFc"" lang=""es"">Ancho 33.5cm x alto 37.5cm x profundidad 28cm </span></li>\n\n 	<li class=""tw-data-text tw-text-large XcVN5d tw-ta"" dir=""ltr"" data-placeholder=""Traducción""><span class=""Y2IQFc"" lang=""es"">Composición 100% NYLON</span></li>\n\n 	<li dir=""ltr"" data-placeholder=""Traducción"">Logo en Negro/ Rojo</li>\n\n</ul>\n\nSKU: UBB1116SHA-ROB",,,taxable,,0,0,,0,0,,,,,0,,,119990,"Género, Tipo de producto > Mochilas, Género > Mujer, Tipo de producto",,,https://trendseeker.cl/wp-content/uploads/2023/07/Mochila_Acolchada-min.jpg,,,,,,,,,223,5054916758192,Hunter,Hunter,,,,,
20430,variable,WRO1400WAP-HUB,,Chaqueta de lluvia para mujer Negra,1,0,visible,,"<p style=""font-weight: 400;"">Diseñado para uso diario en temporadas de transición, el impermeable es la máxima protección contra el clima adverso e impredecible. Esta chaqueta totalmente impermeable presenta una construcción de costuras soldadas para una protección superior y un forro de malla completo para mayor transpirabilidad, mientras que la cintura ajustable garantiza un ajuste cómodo.</p>",,,taxable,,1,12,,0,0,,,,,0,,178492,209990,"Tipo de producto > Chaquetas, Tipo de producto","Impermeables, Ofertas",,https://trendseeker.cl/wp-content/uploads/2022/11/WRO1400WAP-HUB-scaled-1.jpeg,,,,,,"WRO1345WAP-DOV, WRO1323RSF-NVY",,,1,,Hunter,Hunter,Talla,"L, M, S, XL, XS, XXS",1,1,
18903,simple,UBS6019KBM-ROB,,Bolsa Para Fines De Semana Azul,0,0,visible,,"La bolsa para fines de semana de nylon Original incluye un asa y una correa de hombro para transportarla con facilidad. Se pliega para facilitar el transporte y hace que los días de lluvia no sean un problema gracias a su acabado impermeable. Los bolsillos interiores mantienen a salvo los objetos de valor, mientras que el gran compartimento interior ofrece un espacio de almacenamiento ideal para una breve escapada.\n\n\n\n● Impermeable\n\n\n\n● Exterior de nylon\n\n\n\n● Forro impermeable para proteger el interior\n\n\n\n● Plegable\n\n\n\n● Bolsillo interior con cierre de cremallera y bolsillo delantero oculto\n\n\n\n● Correa cruzada ajustable y desmontable, y asa de transporte",,,taxable,,0,0,,0,0,,,,,0,,,99990,"Género, Tipo de producto > Mochilas, Género > Mujer, Tipo de producto",,,"https://trendseeker.cl/wp-content/uploads/2023/07/UBS6019KBM-ROB-1-princ.jpg, https://trendseeker.cl/wp-content/uploads/2023/07/UBS6019KBM-ROB-2.jpg, https://trendseeker.cl/wp-content/uploads/2023/07/UBS6019KBM-ROB-3.jpg, https://trendseeker.cl/wp-content/uploads/2023/07/UBS6019KBM-ROB-4.jpg, https://trendseeker.cl/wp-content/uploads/2023/07/UBS6019KBM-ROB-5.jpg, https://trendseeker.cl/wp-content/uploads/2023/07/UBS6019KBM-ROB-6.jpg",,,,,,,,,225,5054916201377,Hunter,Hunter,,,,,
18880,simple,UBB6028KBM-ROB,,Mochila De Nylon Original Azul,0,0,visible,,"Un nuevo estilo para esta temporada, la mochila de nailon Original es una bolsa divertida pero funcional para uso cotidiano. Lo bastante grande como para guardar una tableta o un portátil de 13”, esta mochila con cremallera circundante está confeccionada con un tejido impermeable y un forro resistente al agua para evitar que las pertenencias se mojen con la lluvia.\n\n\n\n● Impermeable\n\n\n\n● Exterior de sarga de nailon\n\n\n\n● Forro impermeable para proteger el interior\n\n\n\n● Bolsillo interior de manga acolchado\n\n\n\n● Disponible en un tamaño más pequeño\n\n\n\n<strong>Dimensiones Altura 42CM, Profundidad 16CM, Ancho 29.5CM</strong>",,,taxable,,0,0,,0,0,0.6,16,,42,0,,,89990,"Género, Tipo de producto > Mochilas, Género > Mujer, Tipo de producto",,,"https://trendseeker.cl/wp-content/uploads/2023/07/UBB6028KBM__ROB_Ocean_blue-1.jpg, https://trendseeker.cl/wp-content/uploads/2023/07/UBB6028KBM__ROB_Ocean_blue-2.jpg, https://trendseeker.cl/wp-content/uploads/2023/07/UBB6028KBM__ROB_Ocean_blue-3.jpg, https://trendseeker.cl/wp-content/uploads/2023/07/UBB6028KBM__ROB_Ocean_blue-4.jpg, https://trendseeker.cl/wp-content/uploads/2023/07/UBB6028KBM__ROB_Ocean_blue-5.jpg, https://trendseeker.cl/wp-content/uploads/2023/07/UBB6028KBM__ROB_Ocean_blue-6.jpg",,,,,,,,,227,5054916278003,Hunter,Hunter,,,,,
18878,simple,UBB6028KBM-NVY,,Mochila De Nylon Original Azul Marino,0,0,visible,,"Un nuevo estilo para esta temporada, la mochila de nailon Original es una bolsa divertida pero funcional para uso cotidiano. Lo bastante grande como para guardar una tableta o un portátil de 13”, esta mochila con cremallera circundante está confeccionada con un tejido impermeable y un forro resistente al agua para evitar que las pertenencias se mojen con la lluvia.\n\n\n\n● Impermeable\n\n\n\n● Exterior de sarga de nailon\n\n\n\n● Forro impermeable para proteger el interior\n\n\n\n● Bolsillo interior de manga acolchado\n\n\n\n● Disponible en un tamaño más pequeño\n\n\n\n<strong>Dimensiones Altura 42CM, Profundidad 16CM, Ancho 29.5CM</strong>",,,taxable,,0,0,,0,0,0.6,16,,42,0,,,89990,"Género, Tipo de producto > Mochilas, Género > Mujer, Tipo de producto",winter-style,,"https://trendseeker.cl/wp-content/uploads/2023/07/UBB6028KBM-NVY-1-princ.jpg, https://trendseeker.cl/wp-content/uploads/2023/07/UBB6028KBM-NVY-5.jpg, https://trendseeker.cl/wp-content/uploads/2023/07/UBB6028KBM-NVY-2.jpg, https://trendseeker.cl/wp-content/uploads/2023/07/UBB6028KBM-NVY-3.jpg, https://trendseeker.cl/wp-content/uploads/2023/07/UBB6028KBM-NVY-4.jpg",,,,,,,,,229,5054916530163,Hunter,Hunter,,,,,
21872,variable,WFS2240NRE-BWI,,Bota Enrollable - Sherpa Vegano - Mujeres - Negro con Blanco,0,0,visible,,"Combinando dos materiales técnicos, estas cómodas botas están hechas a mano con caucho natural y neopreno aislante, que se puede plegar para revelar una gruesa correa con el logotipo de Hunter. La bota con logotipo de Hunter aislada para mujer, 100 % impermeable, está equipada con un agarre firme perfecto para los resbaladizos días de invierno. Con un forro de piel de oveja vegana y una suela con aislamiento térmico, se pueden usar a temperaturas tan bajas como -5 °C (23 °F).\n<ul>\n 	<li>vegano certificado</li>\n 	<li>Parte inferior impermeable</li>\n 	<li>Hecho a mano</li>\n 	<li>Estilo superior enrollable</li>\n 	<li>El forro de piel de oveja vegana ayuda a eliminar la humedad</li>\n 	<li>Plantilla Ortholite</li>\n 	<li>Plantilla con aislamiento térmico</li>\n 	<li>Se puede usar en temperaturas tan bajas como -5°C</li>\n 	<li>Detalle de cincha Signature Hunter</li>\n</ul>\ntamaño/ajuste: calza más grande. Si está entre tallas, se recomienda reducir la talla.",2025-07-18 0:00:00,2025-07-31 23:59:59,taxable,,1,42,,0,0,,,,,0,,92994,154990,"Tipo de producto > Botas, Género, Género > Mujer, Tipo de producto","Botas, Bototos, Hunter, Impermeables, Mujer, Negra, Sherpa, Ofertas",,"https://trendseeker.cl/wp-content/uploads/2023/05/WFS2240NRE-BWI1-1.png, https://trendseeker.cl/wp-content/uploads/2023/05/Botas-estilo-sherpa-enrollable-mujer-Hunter.png, https://trendseeker.cl/wp-content/uploads/2023/05/WFS2240NRE-BWI2.png, https://trendseeker.cl/wp-content/uploads/2023/05/WFS2240NRE-BWI3.png, https://trendseeker.cl/wp-content/uploads/2023/05/WFS2240NRE-BWI4.png",,,,,,"WFT2041RMA-BLK, WFT2052NRE-NVY",,,1,,Hunter,Hunter,size,"36, 37, 38, 39, 40/41",1,1,
20222,variable,WFT1000RMA-SWG,,Botas de Agua Altas para Mujer Verde Sweet Gale,0,0,visible,,"Perfecta para los días de lluvia, esta bota de agua para mujer ha sido la esencia de la marca Hunter Original desde su presentación en 1956. Elaborado con caucho natural, cada par está formado por 28 piezas cortadas a mano y se ensambla durante tres días sobre una horma de aluminio realizada a medida para Hunter, antes de someterse al proceso de vulcanizado para ofrecer mayor protección. Con el dibujo de Hunter Original y un cómodo forro de poliéster, esta bota impermeable de clásico es un accesorio imprescindible para los días de lluvia.\n\nRecomendamos utilizar calcetines con todas las botas Hunter para proteger la piel del contacto con el caucho. Todos los calcetines para botas Hunter están especialmente diseñados para su uso con nuestra gama de botas e incluyen una vuelta en la parte superior que permite cubrir el caucho y el nailon del borde de la bota, evitando así cualquier roce durante el uso.\n<div class=""copy trim-stacked-margins has-inner-html product-page-description__features"">\n<ul>\n 	<li>Completamente impermeables</li>\n 	<li>Elaboradas a mano a partir de 28 piezas</li>\n 	<li>Ajuste normal</li>\n 	<li>Forro de poliéster</li>\n 	<li>Suela de goma con dibujo de Hunter Original</li>\n 	<li>Confeccionadas en caucho vulcanizado natural con acabado mate</li>\n</ul>\n</div>",,,taxable,,0,,,0,0,1.83,,,,0,,101994,169990,"Tipo de producto > Botas, Género, Género > Mujer, Tipo de producto","Destacado, Impermeables, Invierno, Verde, Ofertas",,"https://trendseeker.cl/wp-content/uploads/2022/11/PROD-SS22-ORG-WFT1000RMA-SWG-2.jpg, https://trendseeker.cl/wp-content/uploads/2022/11/Botas-largas-mujer-Hunter.png, https://trendseeker.cl/wp-content/uploads/2022/11/PROD-SS22-ORG-WFT1000RMA-SWG-1.jpg",,,,,,"UAS3036AAB-BLK, UAS3036AAB-GRG, UZF3003LSK-NTR",,,1,,Hunter,Hunter,Talla,"36, 37, 38, 39, 40/41, 42",1,1,
20452,variable,MRO1401WAP-DOV,,Chaqueta de lluvia para hombre Verde Oscuro,1,0,visible,,"Diseñado para uso diario en temporadas de transición, el impermeable es la máxima protección contra el clima adverso e impredecible. Esta chaqueta totalmente impermeable cuenta con una construcción de costuras soldadas y cierre de solapa de tormenta para una protección superior. Confeccionado con ojales en las axilas, el forro de cuerpo completo de malla ofrece mayor transpirabilidad.\n\n<ul>\n\n 	<li>Vegano certificado</li>\n\n 	<li>Totalmente impermeable con costuras soldadas.</li>\n\n 	<li>Cremallera tricolor de Hunter con solapa antitormenta a presión</li>\n\n 	<li>Forro de malla de cuerpo completo para transpirabilidad.</li>\n\n 	<li>Ojales en las axilas y ventilación trasera abierta para ventilación adicional</li>\n\n 	<li>Capucha con cordón para ajustar la apertura para proteger del viento y la lluvia</li>\n\n 	<li>Bolsillos ribeteados de entrada doble e invertida para evitar que entre la lluvia</li>\n\n 	<li>Puño ajustable a presión</li>\n\n</ul>\n\nTalla/ajuste: talla real, ajuste normal. El modelo mide 185 cm y lleva una talla M. La medida del centro de la espalda para la talla M es de 76 cm y la longitud de la manga desde el hombro es de 65,5 cm.",,,taxable,,1,,,0,0,,,,,0,,178492,209990,"Tipo de producto > Chaquetas, Género, Género > Hombre, Tipo de producto","Impermeables, Verde, Ofertas",,https://trendseeker.cl/wp-content/uploads/2022/11/MRO1401WAP-DOV-scaled-1.jpeg,,,,,,"MRO4245WAP-BLK, MRO4245WAP-DOV",,,1,,Hunter,Hunter,Talla,"L, M, S, XL",1,1,
20483,simple,UBB1210KBM-RUK,,Mochila Pioneer Mini Rough Pink,0,0,visible,,"La nueva Mochila Mini Pioneer con Clip Superior es resistente al agua y tiene una capacidad de 11 L. Fabricada a partir de tejido de nylon 100% reciclado con un forro de jacquard de poliéster reciclado y resistente al agua, cuenta con un panel trasero de malla para la transpiración y correas acolchadas y ajustables para garantizar un ajuste a medida.\n\n\n\nEsta mini mochila tiene 29cm de alto, a diferencia de la Mochila Pioneer original que tiene 38 cm de alto.\n\n<ul>\n\n 	<li>Vegano certificado.</li>\n\n 	<li>Exterior de sarga de nylon 100% reciclado resistente al agua.</li>\n\n 	<li>Forro de poliéster 100% reciclado, resistente al agua para una mayor protección.</li>\n\n 	<li>Bolsillo con cremallera externa para los objetos más valiosos.</li>\n\n 	<li>Espalda de rejilla Hunter para mayor comodidad y ventilación.</li>\n\n 	<li>Correas ajustables acolchadas para una mayor comodidad.</li>\n\n 	<li>Bolsillos laterales elásticos con asas ajustables perfectos para la botella de agua.</li>\n\n 	<li>Etiqueta PVC Hunter.</li>\n\n 	<li>Altura 29cm, profundidad 13cm, ancho 22cm y capacidad 11L.</li>\n\n</ul>",,,taxable,,0,0,,0,0,,,,,0,,,79990,"Género, Tipo de producto > Mochilas, Género > Mujer, Tipo de producto",Impermeables,,"https://trendseeker.cl/wp-content/uploads/2023/07/UBB1210KBM-RUK-1.png, https://trendseeker.cl/wp-content/uploads/2023/07/UBB1210KBM-RUK-3-1.png, https://trendseeker.cl/wp-content/uploads/2023/07/UBB1210KBM-RUK-2-1.png, https://trendseeker.cl/wp-content/uploads/2023/07/UBB1210KBM-RUK-4-1.png, https://trendseeker.cl/wp-content/uploads/2023/07/UBB1210KBM-RUK-5-1.png",,,,,,"UBB1210KBM-RWP, UBB1210KBM-DOV, UBB1204KBM-BLK",,,230,5052956028558,Hunter,Hunter,,,,,
18875,simple,UBB6028KBM-BTB,,Mochila De Nylon Original Azul,0,0,visible,,"Un nuevo estilo para esta temporada, la mochila de nailon Original es una bolsa divertida pero funcional para uso cotidiano. Lo bastante grande como para guardar una tableta o un portátil de 13”, esta mochila con cremallera circundante está confeccionada con un tejido impermeable y un forro resistente al agua para evitar que las pertenencias se mojen con la lluvia.\n\n\n\n● Impermeable\n\n\n\n● Exterior de sarga de nailon\n\n\n\n● Forro impermeable para proteger el interior\n\n\n\n● Bolsillo interior de manga acolchado\n\n\n\n● Disponible en un tamaño más pequeño\n\n\n\n<strong>Dimensiones Altura 42CM, Profundidad 16CM, Ancho 29.5CM</strong>",,,taxable,,0,0,,0,0,0.6,16,,42,0,,,89990,"Género, Tipo de producto > Mochilas, Género > Mujer, Tipo de producto",winter-style,,"https://trendseeker.cl/wp-content/uploads/2023/07/UBB6028KBM__Bucket_Blue_BTB-1.jpg, https://trendseeker.cl/wp-content/uploads/2023/07/UBB6028KBM__Bucket_Blue_BTB-2.jpg, https://trendseeker.cl/wp-content/uploads/2023/07/UBB6028KBM__Bucket_Blue_BTB-3.jpg, https://trendseeker.cl/wp-content/uploads/2023/07/UBB6028KBM__Bucket_Blue_BTB-4.jpg, https://trendseeker.cl/wp-content/uploads/2023/07/UBB6028KBM__Bucket_Blue_BTB-5.jpg",,,,,,,,,231,5054916438117,Hunter,Hunter,,,,,
21255,variable,WRO1435RPD-HUB,,Chaqueta Acolchada Explorer De Nylon Reciclado Para Mujer,1,0,visible,,"Nuestro grupo Explorer presenta la chaqueta acolchada Explorer para mujer. Confeccionada con nylon 100 % reciclado acolchado, esta chaqueta negra es liviana pero protege de los elementos con sus cualidades resistentes al agua y su capucha plegable. El cuello alto y los puños elásticos brindan aislamiento adicional en los días ventosos y los bolsillos laterales dobles pueden contener pequeños objetos de valor para los viajes diarios.\n\n<ul>\n\n 	<li>Vegano certificado</li>\n\n 	<li>Resistente al agua</li>\n\n 	<li>Carcasa de nailon 100 % reciclado.</li>\n\n 	<li>La capucha se guarda en el cuello con cremallera</li>\n\n 	<li>Cremallera frontal central con solapa de tormenta</li>\n\n 	<li>Bolsillo interno con cremallera para pertenencias</li>\n\n 	<li>Bolsillos ribeteados en la parte inferior delantera con broches</li>\n\n 	<li>Puños elásticos</li>\n\n</ul>",,,taxable,,1,24,,0,0,,,,,0,,148742,174990,"Tipo de producto > Chaquetas, Género, Género > Mujer, Tipo de producto","Chaquetas, Hunter, Impermeables, Negra, Ofertas",,"https://trendseeker.cl/wp-content/uploads/2023/02/WRO1435RPD-HUB-1.png, https://trendseeker.cl/wp-content/uploads/2023/02/WRO1435RPD-HUB-2.png",,,,,,"WRO1400WAP-FRD, WRO1258WAP-DOV",,,1,,Hunter,Hunter,size,"L, M, S, XS",1,1,
21245,variable,WRO1434RPD-HUB,,Chaqueta Acolchada De Nylon Reciclado Explorer Para Mujer,1,0,visible,,"El grupo Explorer presenta el chaleco acolchado Explorer para mujer. Confeccionado con nylon 100 % reciclado acolchado, este chaleco negro es liviano pero protege de los elementos con sus cualidades resistentes al agua. El cuello alto proporciona un aislamiento adicional en los días ventosos y los bolsillos laterales dobles pueden contener pequeños objetos de valor. La cintura con cinturón permite un ajuste personalizado fiel a ti.\n\n<div class=""copy trim-stacked-margins has-inner-html product-page-description__features"">\n\n<ul>\n\n 	<li>vegano certificado</li>\n\n 	<li>Resistente al agua</li>\n\n 	<li>Carcasa de nylon 100 % reciclado.</li>\n\n 	<li>Cinturón para un ajuste personalizado</li>\n\n 	<li>Cremallera frontal central con solapa de tormenta</li>\n\n 	<li>Bolsillo interno con cremallera para pertenencias</li>\n\n 	<li>Bolsillos ribeteados en la parte inferior delantera con broches</li>\n\n</ul>\n\n</div>",,,taxable,,1,20,,0,0,,,,,0,,127492,149990,"Tipo de producto > Chaquetas, Género, Género > Mujer, Tipo de producto","Chaquetas, Hunter, Impermeables, Negra, Ofertas",,"https://trendseeker.cl/wp-content/uploads/2023/02/WRO1434RPD-HUB-1.png, https://trendseeker.cl/wp-content/uploads/2023/02/WRO1434RPD-HUB-2.png",,,,,,"WRO1227SBC-DOV, WRO1400WAP-HUB",,,1,,Hunter,Hunter,size,"L, M, S, XS",1,1,
18836,simple,UBB5028KBM-DOV,,Mochila Pequeña De Nylon Original Verde Oliva,0,0,visible,,"Un nuevo estilo para esta temporada, la mochila pequeña de nailon Original es una bolsa divertida pero funcional para uso cotidiano. Lo bastante grande como para guardar lo básico, esta mochila elegante y compacta con cremallera circundante está confeccionada con un tejido impermeable y un forro resistente al agua para evitar que las pertenencias se mojen con la lluvia.\n\n\n\n● Impermeable\n\n\n\n● Exterior de sarga de nailon\n\n\n\n● Forro impermeable para proteger el interior\n\n\n\n● Bolsillo interior de manga acolchado\n\n\n\n● Disponible en un tamaño más grande",,,taxable,,0,0,,0,0,0.8,13,,37,0,,,79900,"Género, Tipo de producto > Mochilas, Género > Mujer, Tipo de producto",,,"https://trendseeker.cl/wp-content/uploads/2023/07/UBB5028KBM-DOV-1-princ.jpg, https://trendseeker.cl/wp-content/uploads/2023/07/UBB5028KBM-DOV-6.jpg, https://trendseeker.cl/wp-content/uploads/2023/07/UBB5028KBM-DOV-2.jpg, https://trendseeker.cl/wp-content/uploads/2023/07/UBB5028KBM-DOV-3.jpg, https://trendseeker.cl/wp-content/uploads/2023/07/UBB5028KBM-DOV-4.jpg, https://trendseeker.cl/wp-content/uploads/2023/07/UBB5028KBM-DOV-5.jpg",,,,,,,,,233,5054916350099,Hunter,Hunter,,,,,
18950,variable,WFT2052NRE-BLK,,Botas Estilo Sherpa Con Parte Superior Enrollable Para Mujer Negro,0,1,visible,,"Enfréntate al frío con piernas y pies cómodos con estas cómodas botas Sherpa. Combinando dos materiales técnicos, estas botas están hechas a mano con caucho natural y neopreno aislante. Una novedad para Hunter, la bota Sherpa con parte superior enrollable para mujer, 100 % impermeable, está equipada con un agarre firme perfecto para los resbaladizos días de invierno. Con forro polar Sherpa, plantilla Ortholite y suela con aislamiento térmico, se pueden usar en temperaturas de hasta 23 °F. Disponible en un elegante combo negro y se puede usar de varias maneras, enróllalos hacia arriba o hacia abajo en tu próxima salida helada o paseo matutino con el perro.\n<div class=""copy trim-stacked-margins has-inner-html product-page-description__features"">\n<ul>\n 	<li>vegano certificado</li>\n 	<li>Parte inferior impermeable</li>\n 	<li>Hecho a mano</li>\n 	<li>Estilo superior enrollable</li>\n 	<li>El forro sherpa ayuda a eliminar la humedad</li>\n 	<li>Plantilla Ortholite</li>\n 	<li>Plantilla con aislamiento térmico</li>\n 	<li>Se puede usar en temperaturas tan bajas como 23 °F (-5 °C)</li>\n</ul>\n</div>",,,taxable,,0,,,0,0,,,,,0,,86994,144990,"Tipo de producto > Botas, Género, Género > Mujer, Tipo de producto","Invierno, Sherpa, Ofertas",,"https://trendseeker.cl/wp-content/uploads/2023/07/WFT2041RMA-BLK-2-1.jpg, https://trendseeker.cl/wp-content/uploads/2023/07/Botas-estilo-sherpa-enrollable-mujer-Hunter.png, https://trendseeker.cl/wp-content/uploads/2023/07/WFT2041RMA-BLK-3-1.jpg, https://trendseeker.cl/wp-content/uploads/2023/07/WFT2041RMA-BLK-4-1.jpg, https://trendseeker.cl/wp-content/uploads/2023/07/WFT2041RMA-BLK-5-1.jpg, https://trendseeker.cl/wp-content/uploads/2023/07/WFT2041RMA-BLK-6-1.jpg",,,,,,"UAH3031WXA-MRG, UBB6017ACD-MLR",,,1,,Hunter,Hunter,Talla,"36, 37, 38, 39, 40/41, 42",0,1,
18838,simple,UBB5028KBM-NVY,,Mochila Pequeña De Nylon Original Azul Marino,0,0,visible,,"Un nuevo estilo para esta temporada, la mochila pequeña de nailon Original es una bolsa divertida pero funcional para uso cotidiano. Lo bastante grande como para guardar lo básico, esta mochila elegante y compacta con cremallera circundante está confeccionada con un tejido impermeable y un forro resistente al agua para evitar que las pertenencias se mojen con la lluvia.\n\n\n\n● Impermeable\n\n\n\n● Exterior de sarga de nailon\n\n\n\n● Forro impermeable para proteger el interior\n\n\n\n● Bolsillo interior de manga acolchado\n\n\n\n● Disponible en un tamaño más grande",,,taxable,,0,0,,0,0,0.8,13,,37,0,,,79900,"Género, Tipo de producto > Mochilas, Género > Mujer, Tipo de producto",,,"https://trendseeker.cl/wp-content/uploads/2023/07/UBB5028KBM-NVY-1-princ.jpg, https://trendseeker.cl/wp-content/uploads/2023/07/UBB5028KBM-NVY-5.jpg, https://trendseeker.cl/wp-content/uploads/2023/07/UBB5028KBM-NVY-2.jpg, https://trendseeker.cl/wp-content/uploads/2023/07/UBB5028KBM-NVY-3.jpg, https://trendseeker.cl/wp-content/uploads/2023/07/UBB5028KBM-NVY-4.jpg",,,,,,,,,235,5054916530217,Hunter,Hunter,,,,,
22486,simple,UBB2241KBM-WHW,,Mochila Intrepid Puffer White,1,0,visible,,"La mochila Intrepid Puffer está fabricada con un nylon con tacto de goma con un sello de revestimiento de PU resistente al agua especializado. Tiene una capacidad de 9,5 L. Con bolsillos laterales con cierre de cordón para guardar botellas de agua o sombrillas, un bolsillo interno acolchado para guardar una computadora portátil de 13.5 ' y un cordón interno para tener las llaves a mano.\n\n<ul>\n\n 	<li>Funda para portátil de 13,5 pulgadas</li>\n\n 	<li>Bolsillos laterales</li>\n\n 	<li>Bolsillo delantero con cremallera</li>\n\n 	<li>Bolsillo deslizante interno y cordón</li>\n\n 	<li>100% nylon reciclado</li>\n\n 	<li>Forro 100% poliéster reciclado</li>\n\n 	<li>Con certificado vegano</li>\n\n 	<li>Resistente al agua</li>\n\n 	<li>100% nylon tacto goma</li>\n\n 	<li>100% poliéster reciclado</li>\n\n 	<li>Peso del producto 0.56 Kg</li>\n\n 	<li>Dimensiones alto 43cm, ancho 35cm y profundidad 15cm</li>\n\n</ul>",,,taxable,,0,0,,0,0,,,,,0,,,109990,"Género, Tipo de producto > Mochilas, Género > Mujer, Tipo de producto, Género > Unisex","Blanco, Hunter, Mochilas, Top 7 regalos para Mamá, White",,https://trendseeker.cl/wp-content/uploads/2023/07/UBB2241KBM-WHW1.png,,,,,,"UBB2241KBM-RBO, UBB1204KBM-NVY, UBB1204KBM-MLR",,,227,5059997079266,Hunter,Hunter,,,,,
19349,variable,MFT9000RMA-DOV,,Botas De Agua Altas Original Para Hombre Verde Oliva,1,0,visible,,"Diseñada para proteger del agua, esta bota alta Original ha sido la esencia de la marca Hunter Original desde su presentación en 1956. Elaborado con caucho natural, cada par está formado por 28 piezas cortadas a mano y se ensambla durante tres días sobre una horma de aluminio realizada a medida para Hunter. Luego se somete al proceso de vulcanizado para ofrecer una mayor protección.\n\n\n\nCon el dibujo de Hunter Original y un cómodo forro de poliéster, esta bota impermeable para hombre con un clásico acabado mate es un accesorio imprescindible para los días de lluvia.\n\n\n\nRecomendamos utilizar calcetines con todas las botas Hunter para proteger la piel del contacto con el caucho. Todos los calcetines para botas Hunter están especialmente diseñados para su uso con nuestra gama de botas e incluyen una vuelta en la parte superior que permite cubrir el caucho y el nailon del borde de la bota, evitando así cualquier roce durante el uso.\n\n\n\n- Completamente impermeables\n\n\n\n- Elaboradas a mano a partir de 28 piezas\n\n\n\n- Ajuste normal\n\n\n\n- Forro de poliéster\n\n\n\n- Suela de goma con dibujo de Hunter Original\n\n\n\n- Confeccionadas en caucho vulcanizado natural con acabado mate",,,taxable,,1,,,0,0,,,,,0,,95994,159990,"Tipo de producto > Botas, Género, Género > Hombre, Tipo de producto","Impermeables, Invierno, Verde, winter-style, Ofertas",,"https://trendseeker.cl/wp-content/uploads/2023/07/MFT9000RMA-DOV-1-princ.jpg, https://trendseeker.cl/wp-content/uploads/2022/11/Botas-largas-hombre-Hunter.png, https://trendseeker.cl/wp-content/uploads/2023/07/MFT9000RMA-DOV-2.jpg, https://trendseeker.cl/wp-content/uploads/2023/07/MFT9000RMA-DOV-3.jpg, https://trendseeker.cl/wp-content/uploads/2023/07/MFT9000RMA-DOV-4.jpg, https://trendseeker.cl/wp-content/uploads/2023/07/MFT9000RMA-DOV-5.jpg",,,,,,,,,1,,Hunter,Hunter,Talla,"39, 40, 40/41, 42, 43, 44, 45/46, 47",0,1,
18837,simple,UBB5028KBM-MLR,,Mochila Pequeña De Nylon Original Rojo Militar,0,0,visible,,"Un nuevo estilo para esta temporada, la mochila pequeña de nailon Original es una bolsa divertida pero funcional para uso cotidiano. Lo bastante grande como para guardar lo básico, esta mochila elegante y compacta con cremallera circundante está confeccionada con un tejido impermeable y un forro resistente al agua para evitar que las pertenencias se mojen con la lluvia.\n\n\n\n● Impermeable\n\n\n\n● Exterior de sarga de nailon\n\n\n\n● Forro impermeable para proteger el interior\n\n\n\n● Bolsillo interior de manga acolchado\n\n\n\n● Disponible en un tamaño más grande",,,taxable,,0,0,,0,0,0.8,13,,37,0,,,79900,"Género, Tipo de producto > Mochilas, Género > Mujer, Tipo de producto",,,"https://trendseeker.cl/wp-content/uploads/2023/07/UBB5028KBM-MLR-1-princ.jpg, https://trendseeker.cl/wp-content/uploads/2023/07/UBB5028KBM-MLR-2.jpg, https://trendseeker.cl/wp-content/uploads/2023/07/UBB5028KBM-MLR-6.jpg, https://trendseeker.cl/wp-content/uploads/2023/07/UBB5028KBM-MLR-5.jpg, https://trendseeker.cl/wp-content/uploads/2023/07/UBB5028KBM-MLR-4.jpg, https://trendseeker.cl/wp-content/uploads/2023/07/UBB5028KBM-MLR-3.jpg",,,,,,,,,237,5054916350105,Hunter,Hunter,,,,,
21469,simple,UBB1519NRS-LIN,,Mochila Travel Ripstop 2 en 1 Verde Musgo,1,0,visible,,"Nuestra silueta de bolso más versátil hasta el momento, la mochila Travel Ripstop Packable presenta un diseño multifuncional que la transforma de una riñonera cruzada a una mochila para todo uso. Las correas ajustables permiten un ajuste cómodo y los bolsillos laterales con cremallera le permiten colocar todos sus elementos esenciales de viaje con facilidad. Confeccionado con una tela antidesgarros de nailon 100 % reciclado resistente al agua y duradero, este bolso negro es perfecto para hacer mandados en la ciudad o hacer excursiones por el campo.\n\n<div class=""copy trim-stacked-margins has-inner-html product-page-description__features"">\n\n<ul>\n\n 	<li>Vegano certificado.</li>\n\n 	<li>Nailon reciclado antidesgarro resistente al agua (resistente al desgarro).</li>\n\n 	<li>Se puede usar como mochila o se puede guardar como bandolera.</li>\n\n 	<li>Correas de nylon ajustables.</li>\n\n 	<li>Línea superior de cordón ajustable con detalle de cordón decorativo.</li>\n\n 	<li>Bolsillos laterales de fácil acceso con cremallera para objetos de valor.</li>\n\n 	<li>Logotipo de PVC de caja Hunter grande.</li>\n\n 	<li>Tiradores de cremallera con lazo de la marca Hunter para facilitar el acceso.</li>\n\n 	<li>Altura 55 cm, profundidad 15 cm, ancho 51 cm, capacidad 15,9 l.</li>\n\n</ul>\n\n</div>",,,taxable,,0,0,2,0,0,,,,,0,,,99990,"Género, Género > Hombre, Tipo de producto > Mochilas, Género > Mujer, Tipo de producto, Género > Unisex","Hunter, Impermeables, Mochilas, riñoneras, Verde",,"https://trendseeker.cl/wp-content/uploads/2023/03/UBB1519NRS-LIN-1.png, https://trendseeker.cl/wp-content/uploads/2023/03/UBB1519NRS-LIN-2.png, https://trendseeker.cl/wp-content/uploads/2023/03/UBB1519NRS-LIN-3.png, https://trendseeker.cl/wp-content/uploads/2023/03/UBB1519NRS-LIN-7.png, https://trendseeker.cl/wp-content/uploads/2023/03/UBB1519NRS-LIN-4.png, https://trendseeker.cl/wp-content/uploads/2023/03/UBB1519NRS-LIN-5.png, https://trendseeker.cl/wp-content/uploads/2023/03/UBB1519NRS-LIN-6.png",,,,,"UBB1210KBM-DOV, UBB1519NRS-RBO",,,,231,5059997026673,Hunter,Hunter,,,,,
21508,simple,UBX1215ATR-BLK,,Bandolera Patchwork Negro,0,0,visible,,"Esta riñonera pequeña y elegante tiene múltiples funciones. Confeccionada con nylon impermeable e irrompible, tiene correas ajustables, y el diseño triangular implica que la base esté plana cuando se coloca cruzada en el cuerpo para que sea más cómoda y fácil de llevar. Con una solapa superior, es lo bastante grande como para guardar todo lo esencial.\n\n<ul>\n\n 	<li>Impermeable.</li>\n\n 	<li>Nylon irrompible.</li>\n\n 	<li>Puede enrollarse para guardarse.</li>\n\n 	<li>Correa multifuncional y ajustable que se puede llevar cruzada o a la cintura.</li>\n\n</ul>",,,taxable,,0,0,2,0,0,,,,,0,,,49990,"Género, Tipo de producto > Mochilas, Género > Mujer, Tipo de producto","bandoleras, Bolsos, Hunter, Negro",,"https://trendseeker.cl/wp-content/uploads/2023/03/UBX1215ATR-BLK-1.png, https://trendseeker.cl/wp-content/uploads/2023/03/UBX1215ATR-BLK-2.png, https://trendseeker.cl/wp-content/uploads/2023/03/UBX1215ATR-BLK-3.png, https://trendseeker.cl/wp-content/uploads/2023/03/UBX1215ATR-BLK-4.png, https://trendseeker.cl/wp-content/uploads/2023/03/UBX1215ATR-BLK-5.png",,,,,"UBS7013KBM-BLK, UBS7013KBM-DOV",,,,237,5059997022804,Hunter,Hunter,,,,,
21362,simple,UBB1519NRS-RBO,,Mochila Travel Ripstop 2 en 1 Negro,1,0,visible,,"Nuestra silueta de bolso más versátil hasta el momento, la mochila Travel Ripstop Packable presenta un diseño multifuncional que la transforma de una riñonera cruzada a una mochila para todo uso. Las correas ajustables permiten un ajuste cómodo y los bolsillos laterales con cremallera le permiten colocar todos sus elementos esenciales de viaje con facilidad. Confeccionado con una tela antidesgarros de nailon 100 % reciclado resistente al agua y duradero, este bolso negro es perfecto para hacer mandados en la ciudad o hacer excursiones por el campo.\n\n<div class=""copy trim-stacked-margins has-inner-html product-page-description__features"">\n\n<ul>\n\n 	<li>Vegano certificado.</li>\n\n 	<li>Nailon reciclado antidesgarro resistente al agua (resistente al desgarro).</li>\n\n 	<li>Se puede usar como mochila o se puede guardar como bandolera.</li>\n\n 	<li>Correas de nylon ajustables.</li>\n\n 	<li>Línea superior de cordón ajustable con detalle de cordón decorativo.</li>\n\n 	<li>Bolsillos laterales de fácil acceso con cremallera para objetos de valor.</li>\n\n 	<li>Logotipo de PVC de caja Hunter grande.</li>\n\n 	<li>Tiradores de cremallera con lazo de la marca Hunter para facilitar el acceso.</li>\n\n 	<li>Altura 55 cm, profundidad 15 cm, ancho 51 cm, capacidad 15,9 l.</li>\n\n</ul>\n\n</div>",,,taxable,,1,15,2,0,0,,,,,0,,,99990,"Género, Género > Hombre, Tipo de producto > Mochilas, Género > Mujer, Tipo de producto, Género > Unisex","Bolsos, Hunter, Impermeables, Mochilas",,"https://trendseeker.cl/wp-content/uploads/2023/03/UBB1519NRS-RBO-1.png, https://trendseeker.cl/wp-content/uploads/2023/03/UBB1519NRS-RBO-2.png, https://trendseeker.cl/wp-content/uploads/2023/03/UBB1519NRS-RBO-3.png, https://trendseeker.cl/wp-content/uploads/2023/03/UBB1519NRS-RBO-4.png, https://trendseeker.cl/wp-content/uploads/2023/03/UBB1519NRS-RBO-5.png, https://trendseeker.cl/wp-content/uploads/2023/03/UBB1519NRS-RBO-6.png",,,,,,,,,232,5059997022583,Hunter,Hunter,,,,,
18652,variable,WFT1000RMA-MLR,,Botas de Agua Altas para Mujer Rojo Militar,0,0,visible,,"Perfecta para los días de lluvia, esta bota de agua para mujer ha sido la esencia de la marca Hunter Original desde su presentación en 1956. Elaborado con caucho natural, cada par está formado por 28 piezas cortadas a mano y se ensambla durante tres días sobre una horma de aluminio realizada a medida para Hunter, antes de someterse al proceso de vulcanizado para ofrecer mayor protección. Con el dibujo de Hunter Original y un cómodo forro de poliéster, esta bota impermeable de clásico es un accesorio imprescindible para los días de lluvia.\n\nRecomendamos utilizar calcetines con todas las botas Hunter para proteger la piel del contacto con el caucho. Todos los calcetines para botas Hunter están especialmente diseñados para su uso con nuestra gama de botas e incluyen una vuelta en la parte superior que permite cubrir el caucho y el nailon del borde de la bota, evitando así cualquier roce durante el uso.\n<ul>\n 	<li>Completamente impermeables</li>\n 	<li>Elaboradas a mano a partir de 28 piezas</li>\n 	<li>Ajuste normal</li>\n 	<li>Forro de poliéster</li>\n 	<li>Suela de goma con dibujo de Hunter Original</li>\n</ul>",,,taxable,,0,,,0,0,,,,,0,,101994,169990,"Tipo de producto > Botas, Género, Género > Mujer, Tipo de producto","Impermeables, Invierno, Ofertas",,"https://trendseeker.cl/wp-content/uploads/2023/07/WFT1000RMA-MLR-1-princ.jpg, https://trendseeker.cl/wp-content/uploads/2023/07/Botas-largas-mujer-Hunter-6.png, https://trendseeker.cl/wp-content/uploads/2023/07/WFT1000RMA-MLR-2.jpg, https://trendseeker.cl/wp-content/uploads/2023/07/WFT1000RMA-MLR-3.jpg, https://trendseeker.cl/wp-content/uploads/2023/07/WFT1000RMA-MLR-4.jpg, https://trendseeker.cl/wp-content/uploads/2023/07/WFT1000RMA-MLR-5.jpg",,,,,,"UAH3031WXA-MRG, UAS3036AAB-GRG",,,1,,Hunter,Hunter,Talla,"36, 37, 38, 39, 40/41, 42",1,1,
21360,simple,UBB1122ATR-LOE,,Mochila Patchwork Negro & Celeste,1,0,visible,,<ul>\n\n 	<li>Correas ajustables.</li>\n\n 	<li>Nylon reciclable.</li>\n\n 	<li>24 cm de largo y 12 cm de ancho.</li>\n\n</ul>,,,taxable,,0,0,1,0,0,,,,,0,,,89990,"Género, Tipo de producto > Mochilas, Género > Mujer, Tipo de producto, Género > Unisex","Hunter, Impermeables, Mochilas",,https://trendseeker.cl/wp-content/uploads/2023/03/M3.jpg,,,,,,,,,236,5059997022767,Hunter,Hunter,,,,,
21487,simple,UBS1516NRS-RBO,,Bandolera Travel Ripstop Negro,0,0,visible,,"Bandolera de viaje ripstop ligera y práctica. Una prenda polivalente con doble compartimento y múltiples bolsillos exteriores. Funcionalidad como tiradores de cremallera que son fáciles de abrir y cerrar, y un acabado resistente y duradero que utiliza nailon ripstop reciclado. También tiene resistencia al agua, por lo que puede usarse en una amplia gama de situaciones, desde la vida diaria hasta viajes y actividades al aire libre.\n<div class=""copy trim-stacked-margins has-inner-html product-page-description__features"">\n<ul>\n 	<li>Certificado vegano</li>\n 	<li>Nailon reciclado antidesgarro resistente al agua (resistente al desgarro)</li>\n 	<li>Correa de nylon ajustable.</li>\n 	<li>cremallera trasera</li>\n 	<li>Logotipo de PVC de Hunter Box grande</li>\n 	<li>Tirador de cremallera de bucle de fácil acceso</li>\n</ul>\n</div>",,,taxable,,1,1,2,0,0,,,,,0,,,49990,"Género, Tipo de producto > Mochilas, Género > Mujer, Tipo de producto, Género > Unisex","bandoleras, Bolsos, Hunter, Mochilas",,"https://trendseeker.cl/wp-content/uploads/2023/03/UBS1516NRS-RBO-1.png, https://trendseeker.cl/wp-content/uploads/2023/03/UBS1516NRS-RBO-2.png, https://trendseeker.cl/wp-content/uploads/2023/03/UBS1516NRS-RBO-3.png, https://trendseeker.cl/wp-content/uploads/2023/03/UBS1516NRS-RBO-4.png, https://trendseeker.cl/wp-content/uploads/2023/03/UBS1516NRS-RBO-5.png, https://trendseeker.cl/wp-content/uploads/2023/03/UBS1516NRS-RBO-6.png",,,,,,,,,243,5059997022460,Hunter,Hunter,,,,,
20145,simple,UBS1156KBM-HRE,,Bolso Tote Antidesgarros Plegable Rojo,0,0,visible,,"Elaborado con nylon irrompible y ligero, el bolso tote antidesgarros y plegable Original es tu complemento impermeable de uso diario. Este práctico bolso tote se puede enrollar y plegar de un modo ingenioso para guardarlo en su bolsillo interno cuando no lo necesites. En una clásica gama de colores con adornos serigrafiados actualizados y una nueva forma, la versión mejorada de este icono plegable cuenta con bolsillos laterales elásticos y una correa ajustable y extraíble para su transporte.\n\n<ul>\n\n 	<li>Nylon impermeable y antidesgarros (irrompible).</li>\n\n 	<li>Se guarda en el bolsillo interno, Asa superior para su transporte.</li>\n\n 	<li>Correa extraíble de malla de nailon ajustable.</li>\n\n 	<li>Bolsillos laterales elásticos para una botella de agua.</li>\n\n 	<li>Bolsillo delantero de acceso fácil con cremallera para los objetos valiosos.</li>\n\n 	<li>Logotipo del recuadro de Hunter serigrafiado.</li>\n\n 	<li>Altura: 43 cm, profundidad: 14 cm y ancho: 35 cm.</li>\n\n</ul>",,,taxable,,0,0,,0,0,,,,,0,,,54990,"Género, Tipo de producto > Mochilas, Género > Mujer, Tipo de producto",,,https://trendseeker.cl/wp-content/uploads/2023/07/UBS1156KBM-HRE-1.png,,,,,,,,,245,5054916740852,Hunter,Hunter,,,,,
18834,simple,UBB5028KBM-BLK,,Mochila Pequeña De Nylon Original Negro,0,0,visible,,"Un nuevo estilo para esta temporada, la mochila pequeña de nailon Original es una bolsa divertida pero funcional para uso cotidiano. Lo bastante grande como para guardar lo básico, esta mochila elegante y compacta con cremallera circundante está confeccionada con un tejido impermeable y un forro resistente al agua para evitar que las pertenencias se mojen con la lluvia.\n\n\n\n● Impermeable\n\n\n\n● Exterior de sarga de nailon\n\n\n\n● Forro impermeable para proteger el interior\n\n\n\n● Bolsillo interior de manga acolchado\n\n\n\n● Disponible en un tamaño más grande",,,taxable,,0,0,,0,0,0.8,13,,37,0,,,79900,"Género, Tipo de producto > Mochilas, Género > Mujer, Tipo de producto",,,"https://trendseeker.cl/wp-content/uploads/2023/07/UBB5028KBM-BLK-1-princ.jpg, https://trendseeker.cl/wp-content/uploads/2023/07/UBB5028KBM-BLK-6.jpg, https://trendseeker.cl/wp-content/uploads/2023/07/UBB5028KBM-BLK-2.jpg, https://trendseeker.cl/wp-content/uploads/2023/07/UBB5028KBM-BLK-3.jpg, https://trendseeker.cl/wp-content/uploads/2023/07/UBB5028KBM-BLK-4.jpg, https://trendseeker.cl/wp-content/uploads/2023/07/UBB5028KBM-BLK-5.jpg",,,,,,,,,246,5054916350082,Hunter,Hunter,,,,,
21495,simple,UBS1516NRS-WRB,,Bandolera Travel Ripstop Blanco,1,0,visible,,"Bandolera de viaje ripstop ligera y práctica. Una prenda polivalente con doble compartimento y múltiples bolsillos exteriores. Funcionalidad como tiradores de cremallera que son fáciles de abrir y cerrar, y un acabado resistente y duradero que utiliza nailon ripstop reciclado. También tiene resistencia al agua, por lo que puede usarse en una amplia gama de situaciones, desde la vida diaria hasta viajes y actividades al aire libre.\n\n<div class=""copy trim-stacked-margins has-inner-html product-page-description__features"">\n\n<ul>\n\n 	<li>Certificado vegano</li>\n\n 	<li>Nailon reciclado antidesgarro resistente al agua (resistente al desgarro)</li>\n\n 	<li>Correa de nylon ajustable.</li>\n\n 	<li>cremallera trasera</li>\n\n 	<li>Logotipo de PVC de Hunter Box grande</li>\n\n 	<li>Tirador de cremallera de bucle de fácil acceso</li>\n\n</ul>\n\n</div>",,,taxable,,1,1,2,0,0,,,,,0,,,49990,"Género, Tipo de producto > Mochilas, Género > Mujer, Tipo de producto, Género > Unisex","bandoleras, Blanco, Bolsos, Hunter",,"https://trendseeker.cl/wp-content/uploads/2023/03/UBS1516NRS-WRB-1.png, https://trendseeker.cl/wp-content/uploads/2023/03/UBS1516NRS-WRB-2.png, https://trendseeker.cl/wp-content/uploads/2023/03/UBS1516NRS-WRB-3.png, https://trendseeker.cl/wp-content/uploads/2023/03/UBS1516NRS-WRB-4.png, https://trendseeker.cl/wp-content/uploads/2023/03/UBS1516NRS-WRB-5.png, https://trendseeker.cl/wp-content/uploads/2023/03/UBS1516NRS-WRB-6.png",,,,,"UBX1211KBM-BLK, UBS1516NRS-RBO",,,,242,5059997022507,Hunter,Hunter,,,,,
22276,simple,UBP1170ACD-PGP,,Mini Bolso Para Celular Keeper Rosado,1,0,visible,,"El Keeper es perfecto para llevar lo esencial. Esta mini funda para teléfono resistente al agua está hecha con un exterior de nylon 100 % reciclado y un forro de poliéster reciclado resistente al agua. El bolso tiene una correa desmontable para que se pueda llevar como bandolera o como cartera, y cuenta con una práctica ranura para tarjetas de crédito en el exterior forrada con microfibra para mantener tus tarjetas seguras.\n\n<div class=""copy trim-stacked-margins has-inner-html product-page-description__features"">\n\n<ul>\n\n 	<li>Vegano certificado.</li>\n\n 	<li>Exterior de sarga de nailon resistente al agua 100 % reciclado.</li>\n\n 	<li>Forro 100 % poliéster reciclado resistente al agua para mayor protección.</li>\n\n 	<li>Se puede llevar como cartera o como bandolera.</li>\n\n 	<li>Ranura para tarjeta externa para un fácil acceso.</li>\n\n 	<li>Etiqueta de PVC Hunter.</li>\n\n 	<li>Altura 11 cm, profundidad 3,5 cm, ancho 18 cm, longitud de la correa (cuando está completamente extendida) 130 cm.</li>\n\n</ul>\n\n</div>",,,taxable,,1,8,,0,0,,,,,0,,,39990,"Género, Tipo de producto > Mochilas, Género > Mujer, Tipo de producto, Género > Unisex","Bolsos, Celular, Hunter, Rosadas, Rosado",,https://trendseeker.cl/wp-content/uploads/2023/06/UBP1170ACD-PGP-1.png,,,,,,,,,245,5059997079297,Hunter,Hunter,,,,,
22274,simple,UBP1170ACD-TTP,,Mini Bolso Para Celular Keeper Turquesa,1,0,visible,,"El Keeper es perfecto para llevar lo esencial. Esta mini funda para teléfono resistente al agua está hecha con un exterior de nylon 100 % reciclado y un forro de poliéster reciclado resistente al agua. El bolso tiene una correa desmontable para que se pueda llevar como bandolera o como cartera, y cuenta con una práctica ranura para tarjetas de crédito en el exterior forrada con microfibra para mantener tus tarjetas seguras.\n\n<div class=""copy trim-stacked-margins has-inner-html product-page-description__features"">\n\n<ul>\n\n 	<li>Vegano certificado.</li>\n\n 	<li>Exterior de sarga de nailon resistente al agua 100 % reciclado.</li>\n\n 	<li>Forro 100 % poliéster reciclado resistente al agua para mayor protección.</li>\n\n 	<li>Se puede llevar como cartera o como bandolera.</li>\n\n 	<li>Ranura para tarjeta externa para un fácil acceso.</li>\n\n 	<li>Etiqueta de PVC Hunter.</li>\n\n 	<li>Altura 11 cm, profundidad 3,5 cm, ancho 18 cm, longitud de la correa (cuando está completamente extendida) 130 cm.</li>\n\n</ul>\n\n</div>",,,taxable,,1,8,,0,0,,,,,0,,,39990,"Género, Tipo de producto > Mochilas, Género > Mujer, Tipo de producto, Género > Unisex","Bolsos, Celular, Hunter, Mochilas, Turquesa",,https://trendseeker.cl/wp-content/uploads/2023/06/M5.jpg,,,,,,,,,246,5059997079303,Hunter,Hunter,,,,,
19886,variable,WRO1323RSF-BLK,,Chaqueta plegable ligera reciclada para mujer,0,0,visible,,"Puedes estar preparada para la lluvia y ligera con la chaqueta plegable Hunter. Es ideal para el uso diario, para ir de viaje o ir a festivales, solo tiene que subir la cremallera y disfrutar de su gran protección, ya que es impermeable. Las aberturas bajo los brazos ofrecen transpirabilidad, mientras que el dobladillo y la capucha ajustables aportan una mayor protección contra los elementos. Cuando el sol aparezca por fin entre las nubes, podrás guardarlo sin problemas en la ingeniosa bolsa oculta en la costura del cuello.\n\n\n\n- Impermeable gracias a un revestimiento sin carbono.\n\n\n\n- Se guarda en la bolsa sujeta a la costura del cuello.\n\n\n\n- Capucha con cordón ajustable para ofrecer mayor protección contra el viento y la lluvia.\n\n\n\n- Dobladillo ajustable con cordón.\n\n\n\n- Aberturas bajo los brazos para ventilación.\n\n\n\n- Puños elásticos.\n\n\n\n- Cremalleras características de Hunter.\n\n\n\n- Logotipo en el brazo negro en contraste.\n\n\n\n- Estampado de temporada.\n\n\n\n&nbsp;",,,taxable,,0,,,0,0,,,,,0,,106242,124990,"Tipo de producto > Chaquetas, Género, Género > Mujer, Tipo de producto","Invierno, Ofertas",,"https://trendseeker.cl/wp-content/uploads/2022/11/WRO1323RSF-BLK-1.jpg, https://trendseeker.cl/wp-content/uploads/2023/07/WRO1323RSF-BLK-2.jpg, https://trendseeker.cl/wp-content/uploads/2022/11/WRO1323RSF-BLK-3.jpg, https://trendseeker.cl/wp-content/uploads/2022/11/WRO1323RSF-BLK-4.jpg, https://trendseeker.cl/wp-content/uploads/2022/11/WRO1323RSF-BLK-5.jpg, https://trendseeker.cl/wp-content/uploads/2022/11/WRO1323RSF-BLK-6.jpg",,,,,,,,,1,,Hunter,Hunter,Talla,"L, M, S, XS",1,1,
21408,simple,UBP1170ATR-LOE,,Mini Bolso Para Celular Patchwork Negro & Celeste,1,0,visible,,"El Keeper es perfecto para llevar lo esencial. Esta mini funda para teléfono resistente al agua está hecha con un exterior de nylon 100 % reciclado y un forro de poliéster reciclado resistente al agua. El bolso tiene una correa desmontable para que se pueda llevar como bandolera o como cartera, y cuenta con una práctica ranura para tarjetas de crédito en el exterior forrada con microfibra para mantener tus tarjetas seguras.\n\n<div class=""copy trim-stacked-margins has-inner-html product-page-description__features"">\n\n<ul>\n\n 	<li>Vegano certificado.</li>\n\n 	<li>Exterior de sarga de nailon resistente al agua 100 % reciclado.</li>\n\n 	<li>Forro 100 % poliéster reciclado resistente al agua para mayor protección.</li>\n\n 	<li>Se puede llevar como cartera o como bandolera.</li>\n\n 	<li>Ranura para tarjeta externa para un fácil acceso.</li>\n\n 	<li>Etiqueta de PVC Hunter.</li>\n\n 	<li>Altura 11 cm, profundidad 3,5 cm, ancho 18 cm, longitud de la correa (cuando está completamente extendida) 130 cm.</li>\n\n</ul>\n\n</div>",,,taxable,,1,4,2,0,0,,,,,0,,,39990,"Género, Tipo de producto > Mochilas, Género > Mujer, Tipo de producto, Género > Unisex","Bolsos, Celular, Hunter, Impermeables",,"https://trendseeker.cl/wp-content/uploads/2023/03/UBP1170ATR-LOE-1.png, https://trendseeker.cl/wp-content/uploads/2023/03/UBP1170ATR-LOE-2.png, https://trendseeker.cl/wp-content/uploads/2023/03/UBP1170ATR-LOE-3.png, https://trendseeker.cl/wp-content/uploads/2023/03/UBP1170ATR-LOE-4.png",,,,,,,,,247,5059997022637,Hunter,Hunter,,,,,
21389,simple,UBP1170ACD-RRT,,Mini Bolso Para Celular Keeper Rojo Anaranjado,1,0,visible,,"El Keeper es perfecto para llevar lo esencial. Esta mini funda para teléfono resistente al agua está hecha con un exterior de nylon 100 % reciclado y un forro de poliéster reciclado resistente al agua. El bolso tiene una correa desmontable para que se pueda llevar como bandolera o como cartera, y cuenta con una práctica ranura para tarjetas de crédito en el exterior forrada con microfibra para mantener tus tarjetas seguras.\n\n<div class=""copy trim-stacked-margins has-inner-html product-page-description__features"">\n\n<ul>\n\n 	<li>Vegano certificado.</li>\n\n 	<li>Exterior de sarga de nailon resistente al agua 100 % reciclado.</li>\n\n 	<li>Forro 100 % poliéster reciclado resistente al agua para mayor protección.</li>\n\n 	<li>Se puede llevar como cartera o como bandolera.</li>\n\n 	<li>Ranura para tarjeta externa para un fácil acceso.</li>\n\n 	<li>Etiqueta de PVC Hunter.</li>\n\n 	<li>Altura 11 cm, profundidad 3,5 cm, ancho 18 cm, longitud de la correa (cuando está completamente extendida) 130 cm.</li>\n\n</ul>\n\n</div>",,,taxable,,1,8,2,0,0,,,,,0,,,39990,"Género, Tipo de producto > Mochilas, Género > Mujer, Tipo de producto, Género > Unisex","Bolsos, Hunter, Impermeables, Rojo",,"https://trendseeker.cl/wp-content/uploads/2023/03/1.png, https://trendseeker.cl/wp-content/uploads/2023/03/2.png, https://trendseeker.cl/wp-content/uploads/2023/03/3.png, https://trendseeker.cl/wp-content/uploads/2023/03/4.png",,,,,,,,,248,5054916988674,Hunter,Hunter,,,,,
21382,simple,UBP1170ACD-DOV,,Mini Bolso Para Celular Keeper Verde Oliva,1,0,visible,,"El Keeper es perfecto para llevar lo esencial. Esta mini funda para teléfono resistente al agua está hecha con un exterior de nylon 100 % reciclado y un forro de poliéster reciclado resistente al agua. El bolso tiene una correa desmontable para que se pueda llevar como bandolera o como cartera, y cuenta con una práctica ranura para tarjetas de crédito en el exterior forrada con microfibra para mantener tus tarjetas seguras.\n\n<div class=""copy trim-stacked-margins has-inner-html product-page-description__features"">\n\n<ul>\n\n 	<li>Vegano certificado.</li>\n\n 	<li>Exterior de sarga de nailon resistente al agua 100 % reciclado.</li>\n\n 	<li>Forro 100 % poliéster reciclado resistente al agua para mayor protección.</li>\n\n 	<li>Se puede llevar como cartera o como bandolera.</li>\n\n 	<li>Ranura para tarjeta externa para un fácil acceso.</li>\n\n 	<li>Etiqueta de PVC Hunter.</li>\n\n 	<li>Altura 11 cm, profundidad 3,5 cm, ancho 18 cm, longitud de la correa (cuando está completamente extendida) 130 cm.</li>\n\n</ul>\n\n</div>",,,taxable,,0,0,2,0,0,,,,,0,,,39990,"Género, Tipo de producto > Mochilas, Género > Mujer, Tipo de producto, Género > Unisex","Bolsos, Hunter, Impermeables, Verde",,"https://trendseeker.cl/wp-content/uploads/2023/03/UBP1170ACD-DOV-1.png, https://trendseeker.cl/wp-content/uploads/2023/03/UBP1170ACD-DOV-2.png, https://trendseeker.cl/wp-content/uploads/2023/03/UBP1170ACD-DOV-3.png",,,,,,,,,249,5054916988643,Hunter,Hunter,,,,,
18556,variable,WFT1000RGL-BLK,,Botas Altas Y Brillantes Original Para Mujer Negro,0,0,visible,,"Perfecta para los días de lluvia, esta bota de agua para mujer ha sido la esencia de la marca Hunter Original desde su presentación en 1956. Elaborado con caucho natural, cada par está formado por 28 piezas cortadas a mano y se ensambla durante tres días sobre una horma de aluminio realizada a medida para Hunter. Luego se somete al proceso de vulcanizado para ofrecer mayor protección.\n\nCon el dibujo de Hunter Original y un cómodo forro de poliéster, la bota de agua alta y brillante Original es un accesorio esencial y atemporal para los días de lluvia.\n<ul>\n 	<li>Completamente impermeables</li>\n 	<li>Elaboradas a mano a partir de 28 piezas</li>\n 	<li>Ajuste normal</li>\n 	<li>Forro de poliéster</li>\n 	<li>Suela de goma con dibujo de Hunter Original</li>\n 	<li>Confeccionadas en caucho vulcanizado natural con acabado brillante</li>\n</ul>",,,taxable,,0,,,0,0,,,,,0,,101994,169990,"Tipo de producto > Botas, Género, Género > Mujer, Tipo de producto","Impermeables, Invierno, winter-style, Ofertas",,"https://trendseeker.cl/wp-content/uploads/2023/07/WFT1000RGL-BLK-1-princ.jpg, https://trendseeker.cl/wp-content/uploads/2023/07/Botas-largas-mujer-Hunter.png, https://trendseeker.cl/wp-content/uploads/2023/07/WFT1000RGL-BLK-2.jpg, https://trendseeker.cl/wp-content/uploads/2023/07/WFT1000RGL-BLK-3.jpg, https://trendseeker.cl/wp-content/uploads/2023/07/WFT1000RGL-BLK-4.jpg, https://trendseeker.cl/wp-content/uploads/2023/07/WFT1000RGL-BLK-5.jpg",,,,,,"UAH3031WXA-GZB, UAS3036AAB-BLK",,,1,,Hunter,Hunter,Talla,"36, 37, 38, 39, 40/41, 42",1,1,
19990,simple,UAU1004UPM-DOV,,PARAGUAS BURBUJA MOUSTACHE VERDE OLIVA,0,0,visible,,"Un paraguas burbuja con diseño transparente y detalles en color gris formando el característico bigote Hunter.\n\n\n\nEs de diseño de apertura manual y tiene un mango engomado para mejorar el agarre.\n\n\n\nAdemás, la estructura de las varillas es resistente a fuertes vientos y muy duradera, entregando la mejor calidad como en todos los productos Hunter.",,,taxable,,0,0,3,0,0,,,,,0,,29994,49990,"Tipo de producto > Accesorios, Tipo de producto > Accesorios > Paraguas, Tipo de producto","Impermeables, Invierno, Moustache, Verde, Ofertas",,"https://trendseeker.cl/wp-content/uploads/2023/07/PROD-AW18-ORG-UAU1004UPM-DOV-1.jpg, https://trendseeker.cl/wp-content/uploads/2023/07/PROD-AW18-ORG-UAU1004UPM-DOV-2.jpg",,,,,,,,,1,,Hunter,Hunter,,,,,
21463,simple,UBP1514NRS-ZYL,,Mini bolso para Celular Travel Ripstop Amarillo,1,0,visible,,"Mantenga su teléfono seguro y a mano con nuestra funda para teléfono Travel Ripstop. Imprescindible para festivales y aventuras casuales en la ciudad, esta funda para teléfono negra está confeccionada con nylon resistente al agua reciclado y cuenta con una correa de cordón ajustable en varias direcciones que se puede usar cruzada o en el hombro. El compartimento seguro con cremallera y el bolsillo trasero adicional también mantendrán seguras sus necesidades diarias.\n\n<div class=""copy trim-stacked-margins has-inner-html product-page-description__features"">\n\n<ul>\n\n 	<li>Vegano certificado.</li>\n\n 	<li>Nylon reciclado antidesgarro resistente al agua (resistente al desgarro).</li>\n\n 	<li>Se puede usar en el cuerpo o en el hombro.</li>\n\n 	<li>Cordón de nailon ajustable.</li>\n\n 	<li>Entrada con cremallera y bolsillo externo con cremallera de fácil acceso.</li>\n\n 	<li>Logotipo de PVC de caja Hunter grande.</li>\n\n 	<li>Tiradores de cremallera con lazo de la marca Hunter para facilitar el acceso.</li>\n\n 	<li>Altura 20 cm, ancho 13 cm.</li>\n\n</ul>\n\n</div>",,,taxable,,1,6,2,0,0,,,,,0,,,39990,"Género, Tipo de producto > Mochilas, Género > Mujer, Tipo de producto, Género > Unisex","Bolsos, Celular, Hunter, Mochilas",,"https://trendseeker.cl/wp-content/uploads/2023/03/M2.jpg, https://trendseeker.cl/wp-content/uploads/2023/03/UBP1514NRS-ZYL-2.png, https://trendseeker.cl/wp-content/uploads/2023/03/UBP1514NRS-ZYL-3.png, https://trendseeker.cl/wp-content/uploads/2023/03/UBP1514NRS-ZYL-4.png, https://trendseeker.cl/wp-content/uploads/2023/03/UBP1514NRS-ZYL-5.png",,,,,"UBP7012KBM-BLK, UBP1514NRS-SHW",,,,254,5059997022361,Hunter,Hunter,,,,,
21457,simple,UBP1514NRS-WRB,,Mini bolso para Celular Travel Ripstop Blanco & Rojo,1,0,visible,,"Mantenga su teléfono seguro y a mano con nuestra funda para teléfono Travel Ripstop. Imprescindible para festivales y aventuras casuales en la ciudad, esta funda para teléfono negra está confeccionada con nylon resistente al agua reciclado y cuenta con una correa de cordón ajustable en varias direcciones que se puede usar cruzada o en el hombro. El compartimento seguro con cremallera y el bolsillo trasero adicional también mantendrán seguras sus necesidades diarias.\n\n<div class=""copy trim-stacked-margins has-inner-html product-page-description__features"">\n\n<ul>\n\n 	<li>Vegano certificado.</li>\n\n 	<li>Nylon reciclado antidesgarro resistente al agua (resistente al desgarro).</li>\n\n 	<li>Se puede usar en el cuerpo o en el hombro.</li>\n\n 	<li>Cordón de nailon ajustable.</li>\n\n 	<li>Entrada con cremallera y bolsillo externo con cremallera de fácil acceso.</li>\n\n 	<li>Logotipo de PVC de caja Hunter grande.</li>\n\n 	<li>Tiradores de cremallera con lazo de la marca Hunter para facilitar el acceso.</li>\n\n 	<li>Altura 20 cm, ancho 13 cm.</li>\n\n</ul>\n\n</div>",,,taxable,,1,5,2,0,0,,,,,0,,,39990,"Género, Tipo de producto > Mochilas, Género > Mujer, Tipo de producto, Género > Unisex","Blanco, Bolsos, Hunter, Mochilas",,"https://trendseeker.cl/wp-content/uploads/2023/03/UBP1514NRS-WRB-1.png, https://trendseeker.cl/wp-content/uploads/2023/03/UBP1514NRS-WRB-2.png, https://trendseeker.cl/wp-content/uploads/2023/03/UBP1514NRS-WRB-3.png, https://trendseeker.cl/wp-content/uploads/2023/03/UBP1514NRS-WRB-4.png, https://trendseeker.cl/wp-content/uploads/2023/03/UBP1514NRS-WRB-5.png",,,,,"UBP1514NRS-BLK, UBP1514NRS-LIN",,,,255,5059997022392,Hunter,Hunter,,,,,
21450,simple,UBP1514NRS-TME,,Mini bolso para Celular Travel Ripstop Malva,1,0,visible,,"Mantenga su teléfono seguro y a mano con nuestra funda para teléfono Travel Ripstop. Imprescindible para festivales y aventuras casuales en la ciudad, esta funda para teléfono negra está confeccionada con nylon resistente al agua reciclado y cuenta con una correa de cordón ajustable en varias direcciones que se puede usar cruzada o en el hombro. El compartimento seguro con cremallera y el bolsillo trasero adicional también mantendrán seguras sus necesidades diarias.\n\n<div class=""copy trim-stacked-margins has-inner-html product-page-description__features"">\n\n<ul>\n\n 	<li>Vegano certificado.</li>\n\n 	<li>Nylon reciclado antidesgarro resistente al agua (resistente al desgarro).</li>\n\n 	<li>Se puede usar en el cuerpo o en el hombro.</li>\n\n 	<li>Cordón de nailon ajustable.</li>\n\n 	<li>Entrada con cremallera y bolsillo externo con cremallera de fácil acceso.</li>\n\n 	<li>Logotipo de PVC de caja Hunter grande.</li>\n\n 	<li>Tiradores de cremallera con lazo de la marca Hunter para facilitar el acceso.</li>\n\n 	<li>Altura 20 cm, ancho 13 cm.</li>\n\n</ul>\n\n</div>",,,taxable,,1,6,2,0,0,,,,,0,,,39990,"Género, Tipo de producto > Mochilas, Género > Mujer, Tipo de producto, Género > Unisex","Bolsos, Hunter, Impermeables, Rosado",,"https://trendseeker.cl/wp-content/uploads/2023/03/1-2.png, https://trendseeker.cl/wp-content/uploads/2023/03/2-2.png, https://trendseeker.cl/wp-content/uploads/2023/03/3-2.png, https://trendseeker.cl/wp-content/uploads/2023/03/4-2.png, https://trendseeker.cl/wp-content/uploads/2023/03/5-1.png",,,,,,"UBP7012KBM-NVY, UBP7012KBM-BLK",,,256,5059997022378,Hunter,Hunter,,,,,
20084,variable,WFS2010CNV-BLK,,Botas Commando Desert Mujer Negras,0,0,visible,,"Diseñadas para usarse en los meses más cálidos, las Botas Commando Desert de lona para mujer son una actualización del popular estilo Commando Clásico en una lona de algodón negra transpirable. Mantiene los pies frescos en los calurosos días de verano y, al mismo tiempo, proporciona aislamiento natural en climas más fríos. El tejido a base de algodón está resaltado con foxing de goma, una suela exterior de alto agarre y un kickspur para facilitar la extracción. Se proporciona un juego adicional de cordones con cada par para una apariencia personalizada.\n\n<ul>\n\n 	<li>Vegano certificado.</li>\n\n 	<li>Parte inferior/suela impermeable.</li>\n\n 	<li>Hecho a mano.</li>\n\n 	<li>Lengüeta para facilitar la entrada del pie.</li>\n\n 	<li>Kick Spur para facilitar la extracción.</li>\n\n 	<li>Cordones adicionales para personalizar.</li>\n\n 	<li>Suela exterior de caucho de alto agarre con patrón de huella Hunter.</li>\n\n 	<li>Dos pares de cordones vienen con este estilo y la lona de la parte superior no es waterproof.</li>\n\n 	<li>Resistente Al Agua Nivel 1</li>\n\n 	<li><strong>Revisar imagen con tabla de medidas por talla</strong></li>\n\n</ul>",,,taxable,,1,25,,0,0,,,,,0,,83994,139990,"Tipo de producto > Botas, Género, Género > Mujer, Tipo de producto","Invierno, Ofertas",,"https://trendseeker.cl/wp-content/uploads/2022/11/WFS2010CNV-BLK-1.jpg, https://trendseeker.cl/wp-content/uploads/2023/07/Botas-commando-mujer-Hunter.png, https://trendseeker.cl/wp-content/uploads/2022/11/WFS2010CNV-BLK-2.jpg, https://trendseeker.cl/wp-content/uploads/2022/11/WFS2010CNV-BLK-3.jpg, https://trendseeker.cl/wp-content/uploads/2022/11/WFS2010CNV-BLK-4.jpg",,,,,,,,,1,,Hunter,Hunter,Talla,"36, 37, 38, 39, 40/41",1,1,
21441,simple,UBP1514NRS-SHW,,Mini bolso para Celular Travel Ripstop Blanco,1,0,visible,,"Mantenga su teléfono seguro y a mano con nuestra funda para teléfono Travel Ripstop. Imprescindible para festivales y aventuras casuales en la ciudad, esta funda para teléfono negra está confeccionada con nylon resistente al agua reciclado y cuenta con una correa de cordón ajustable en varias direcciones que se puede usar cruzada o en el hombro. El compartimento seguro con cremallera y el bolsillo trasero adicional también mantendrán seguras sus necesidades diarias.\n\n<div class=""copy trim-stacked-margins has-inner-html product-page-description__features"">\n\n<ul>\n\n 	<li>Vegano certificado.</li>\n\n 	<li>Nylon reciclado antidesgarro resistente al agua (resistente al desgarro).</li>\n\n 	<li>Se puede usar en el cuerpo o en el hombro.</li>\n\n 	<li>Cordón de nailon ajustable.</li>\n\n 	<li>Entrada con cremallera y bolsillo externo con cremallera de fácil acceso.</li>\n\n 	<li>Logotipo de PVC de caja Hunter grande.</li>\n\n 	<li>Tiradores de cremallera con lazo de la marca Hunter para facilitar el acceso.</li>\n\n 	<li>Altura 20 cm, ancho 13 cm.</li>\n\n</ul>\n\n</div>",,,taxable,,1,2,2,0,0,,,,,0,,,39990,"Género, Tipo de producto > Mochilas, Género > Mujer, Tipo de producto, Género > Unisex","Blanco, Bolsos, Hunter",,"https://trendseeker.cl/wp-content/uploads/2023/03/UBP1514NRS-SHW-1.png, https://trendseeker.cl/wp-content/uploads/2023/03/UBP1514NRS-SHW-2.png, https://trendseeker.cl/wp-content/uploads/2023/03/UBP1514NRS-SHW-3.png, https://trendseeker.cl/wp-content/uploads/2023/03/UBP1514NRS-SHW-4.png, https://trendseeker.cl/wp-content/uploads/2023/03/UBP1514NRS-SHW-5.png, https://trendseeker.cl/wp-content/uploads/2023/03/UBP1514NRS-SHW-6.png",,,,,,,,,257,5059997022354,Hunter,Hunter,,,,,
18589,variable,WFT1000RGL-MLR,,Botas Altas Y Brillantes Original Para Mujer Rojo Militar,0,1,visible,,"Perfecta para los días de lluvia, esta bota de agua para mujer ha sido la esencia de la marca Hunter Original desde su presentación en 1956. Elaborado con caucho natural, cada par está formado por 28 piezas cortadas a mano y se ensambla durante tres días sobre una horma de aluminio realizada a medida para Hunter, antes de someterse al proceso de vulcanizado para ofrecer mayor protección. Con el dibujo de Hunter Original y un cómodo forro de poliéster, la bota de agua alta y brillante Original es un accesorio esencial y atemporal para los días de lluvia.\n<ul>\n 	<li>Completamente impermeables</li>\n 	<li>Elaboradas a mano a partir de 28 piezas</li>\n 	<li>Ajuste normal</li>\n 	<li>Forro de poliéster</li>\n 	<li>Suela de goma con dibujo de Hunter Original</li>\n 	<li>Confeccionadas en caucho vulcanizado natural con acabado brillante</li>\n</ul>",,,taxable,,0,,,0,0,,,,,0,,101994,169990,"Tipo de producto > Botas, Género, Género > Mujer, Tipo de producto","Impermeables, Invierno, Ofertas",,"https://trendseeker.cl/wp-content/uploads/2023/07/WFT1000RGL-MLR-1-princ.jpg, https://trendseeker.cl/wp-content/uploads/2023/07/Botas-largas-mujer-Hunter-3.png, https://trendseeker.cl/wp-content/uploads/2023/07/WFT1000RGL-MLR-2.jpg, https://trendseeker.cl/wp-content/uploads/2023/07/WFT1000RGL-MLR-3.jpg, https://trendseeker.cl/wp-content/uploads/2023/07/WFT1000RGL-MLR-4.jpg",,,,,,"UZC3011XXX-CLR, UBB1210KBM-DOV, UZF3003LSK-NTR",,,1,,Hunter,Hunter,Talla,"36, 37, 38, 39, 40/41, 42",1,1,
20111,simple,UBB1157KBM-HRE,,Mochila Plegable Roja,0,0,visible,,"Elaborada con nylon irrompible y ligero, la mochila irrompible y plegable es tu complemento impermeable de uso diario. Esta práctica mochila se puede enrollar y plegar de un modo ingenioso para guardarla en su bolsillo frontal cuando no la necesites y además cuenta con bolsillos laterales elásticos y correas ajustables para un mayor confort.\n\n<ul>\n\n 	<li>Nylon impermeable e irrompible</li>\n\n 	<li>Se guarda en el bolsillo frontal</li>\n\n 	<li>Correas de malla de nylon ajustables</li>\n\n 	<li>Bolsillos laterales elásticos para una botella de agua</li>\n\n 	<li>Bolsillo delantero de acceso fácil con cierre para los objetos valiosos</li>\n\n 	<li>Logotipo del recuadro de Hunter serigrafiado</li>\n\n 	<li>Altura: 40 cm. Profundidad: 13,5 cm. Anchura: 37 cm</li>\n\n</ul>",,,taxable,,0,0,,0,0,,,,,0,,,54990,"Género, Tipo de producto > Mochilas, Género > Mujer, Tipo de producto",,,"https://trendseeker.cl/wp-content/uploads/2023/07/PROD-AW21-ORG-UBB1157KBM-HRE-1-1.jpg, https://trendseeker.cl/wp-content/uploads/2023/07/PROD-AW21-ORG-UBB1157KBM-HRE-2-1.jpg, https://trendseeker.cl/wp-content/uploads/2023/07/PROD-AW21-ORG-UBB1157KBM-HRE-3-1.jpg, https://trendseeker.cl/wp-content/uploads/2023/07/PROD-AW21-ORG-UBB1157KBM-HRE-4-1.jpg, https://trendseeker.cl/wp-content/uploads/2023/07/PROD-AW21-ORG-UBB1157KBM-HRE-5-1.jpg, https://trendseeker.cl/wp-content/uploads/2023/07/PROD-AW21-ORG-UBB1157KBM-HRE-6-1.jpg",,,,,,,,,260,5054916740906,Hunter,Hunter,,,,,
21433,simple,UBP1514NRS-RBO,,Mini bolso para Celular Travel Ripstop Negro & Blanco,1,0,visible,,"Mantenga su teléfono seguro y a mano con nuestra funda para teléfono Travel Ripstop. Imprescindible para festivales y aventuras casuales en la ciudad, esta funda para teléfono negra está confeccionada con nylon resistente al agua reciclado y cuenta con una correa de cordón ajustable en varias direcciones que se puede usar cruzada o en el hombro. El compartimento seguro con cremallera y el bolsillo trasero adicional también mantendrán seguras sus necesidades diarias.\n\n<div class=""copy trim-stacked-margins has-inner-html product-page-description__features"">\n\n<ul>\n\n 	<li>Vegano certificado.</li>\n\n 	<li>Nylon reciclado antidesgarro resistente al agua (resistente al desgarro).</li>\n\n 	<li>Se puede usar en el cuerpo o en el hombro.</li>\n\n 	<li>Cordón de nailon ajustable.</li>\n\n 	<li>Entrada con cremallera y bolsillo externo con cremallera de fácil acceso.</li>\n\n 	<li>Logotipo de PVC de caja Hunter grande.</li>\n\n 	<li>Tiradores de cremallera con lazo de la marca Hunter para facilitar el acceso.</li>\n\n 	<li>Altura 20 cm, ancho 13 cm.</li>\n\n</ul>\n\n</div>",,,taxable,,1,5,2,0,0,,,,,0,,,39990,"Género, Tipo de producto > Mochilas, Género > Mujer, Tipo de producto, Género > Unisex","Bolsos, Celular, Hunter, Negro",,"https://trendseeker.cl/wp-content/uploads/2023/03/UBP1514NRS-RBO-1.png, https://trendseeker.cl/wp-content/uploads/2023/03/UBP1514NRS-RBO-2.png, https://trendseeker.cl/wp-content/uploads/2023/03/UBP1514NRS-RBO-3.png, https://trendseeker.cl/wp-content/uploads/2023/03/UBP1514NRS-RBO-4.png, https://trendseeker.cl/wp-content/uploads/2023/03/UBP1514NRS-RBO-5.png, https://trendseeker.cl/wp-content/uploads/2023/03/UBP1514NRS-RBO-6.png",,,,,,,,,258,5059997022347,Hunter,Hunter,,,,,
21427,simple,UBP1514NRS-LIN,,Mini bolso para Celular Travel Ripstop Verde Musgo,1,0,visible,,"Mantenga su teléfono seguro y a mano con nuestra funda para teléfono Travel Ripstop. Imprescindible para festivales y aventuras casuales en la ciudad, esta funda para teléfono negra está confeccionada con nylon resistente al agua reciclado y cuenta con una correa de cordón ajustable en varias direcciones que se puede usar cruzada o en el hombro. El compartimento seguro con cremallera y el bolsillo trasero adicional también mantendrán seguras sus necesidades diarias.\n\n<div class=""copy trim-stacked-margins has-inner-html product-page-description__features"">\n\n<ul>\n\n 	<li>Vegano certificado.</li>\n\n 	<li>Nylon reciclado antidesgarro resistente al agua (resistente al desgarro).</li>\n\n 	<li>Se puede usar en el cuerpo o en el hombro.</li>\n\n 	<li>Cordón de nailon ajustable.</li>\n\n 	<li>Entrada con cremallera y bolsillo externo con cremallera de fácil acceso.</li>\n\n 	<li>Logotipo de PVC de caja Hunter grande.</li>\n\n 	<li>Tiradores de cremallera con lazo de la marca Hunter para facilitar el acceso.</li>\n\n 	<li>Altura 20 cm, ancho 13 cm.</li>\n\n</ul>\n\n</div>",,,taxable,,1,5,2,0,0,,,,,0,,,39990,"Género, Tipo de producto > Mochilas, Género > Mujer, Tipo de producto, Género > Unisex","Bolsos, Celular, Hunter, Verde",,"https://trendseeker.cl/wp-content/uploads/2023/03/1-1.png, https://trendseeker.cl/wp-content/uploads/2023/03/2-1.png, https://trendseeker.cl/wp-content/uploads/2023/03/3-1.png, https://trendseeker.cl/wp-content/uploads/2023/03/4-1.png, https://trendseeker.cl/wp-content/uploads/2023/03/5.png",,,,,,,,,259,5059997026680,Hunter,Hunter,,,,,
21369,simple,UBC1515NRS-RBO,,Bolso Travel Ripstop Negro,1,0,visible,,"El Reise Sacoche fabricado en Ripstop es ligero y práctico, además tiene una función de expansión con la que se puede ajustar el volumen del bolso mediante cordones en el lateral. El compartimento interior de dos partes ofrece mucho espacio para todos los elementos esenciales de viaje y las correas ajustables con cremallera aseguran una fácil apertura. Confeccionada con un tejido de nailon ripstop 100 % reciclado, más resistente y duradero, esta bolsa resistente al agua es la mejor compañera para las aventuras diarias.\n\n<div class=""copy trim-stacked-margins has-inner-html product-page-description__features"">\n\n<ul>\n\n 	<li>Certificado vegano.</li>\n\n 	<li>Nylon ripstop reciclado: resistente al desgarro y repelente al agua.</li>\n\n 	<li>Correas de tejido de nylon ajustables.</li>\n\n 	<li>Laterales extensibles para ajustar el volumen de la bolsa.</li>\n\n 	<li>Abertura en dos partes con cremalleras.</li>\n\n 	<li>Logotipo de caja de PVC de Hunter grande.</li>\n\n 	<li>Trabillas con cremallera con el logotipo de Hunter para facilitar el acceso.</li>\n\n 	<li>Alto 23cm, profundidad 9cm, ancho 31cm, capacidad 6.82L.</li>\n\n</ul>\n\n</div>",,,taxable,,1,1,2,0,0,,,,,0,,,49990,"Género, Tipo de producto > Mochilas, Género > Mujer, Tipo de producto","Bolsos, Hunter, Impermeables",,"https://trendseeker.cl/wp-content/uploads/2023/03/UBC1515NRS-RBO-1.png, https://trendseeker.cl/wp-content/uploads/2023/03/UBC1515NRS-RBO-2.png, https://trendseeker.cl/wp-content/uploads/2023/03/UBC1515NRS-RBO-3.png, https://trendseeker.cl/wp-content/uploads/2023/03/UBC1515NRS-RBO-5.png, https://trendseeker.cl/wp-content/uploads/2023/03/UBC1515NRS-RBO-4.png",,,,,,,,,261,5059997022415,Hunter,Hunter,,,,,
20485,simple,UBP7020KBM-GBI,,Riñonera Original Glacial Cliff Black Print,1,0,visible,,"Luce el estilo de la temporada con la riñonera Original. Impermeable, multifuncional y con el icónico logotipo del recuadro rojo de Hunter, esta riñonera de nailon en un azul intenso y perfecto para la playa es una opción fácil para lucir con estilo de manera natural.\n\n<div class=""copy trim-stacked-margins has-inner-html product-page-description__features"">\n\n<ul>\n\n 	<li>Impermeable</li>\n\n 	<li>Exterior de sarga de nailon</li>\n\n 	<li>Forro adicional resistente al agua</li>\n\n 	<li>Correa ajustable para ponérsela con facilidad</li>\n\n 	<li>Cremallera con las tres franjas características de Hunter</li>\n\n 	<li>Puede llevarse como bandolera o riñonera</li>\n\n 	<li>Altura: 16 cm. Anchura: 27 cm. Fondo: 9 cm</li>\n\n</ul>\n\n</div>",,,taxable,,1,1,,0,0,,,,,0,,,39990,"Género, Tipo de producto > Mochilas, Género > Mujer, Tipo de producto","Destacado, Impermeables",,"https://trendseeker.cl/wp-content/uploads/2023/07/UBP7020KBM-GBI-1-1.png, https://trendseeker.cl/wp-content/uploads/2023/07/UBP7020KBM-GBI-2-1.png, https://trendseeker.cl/wp-content/uploads/2023/07/UBP7020KBM-GBI-3-1.png, https://trendseeker.cl/wp-content/uploads/2023/07/UBP7020KBM-GBI-4-1.png, https://trendseeker.cl/wp-content/uploads/2023/07/UBP7020KBM-GBI-5-1.png",,,,,,"UBP7020KBM-BTB, UBP7020KBM-BLK, UBP7020KBM-DOV",,,262,5054916830362,Hunter,Hunter,,,,,
19509,simple,UAU1004UPM-BLK,,Paraguas Burbuja Moustache Negro,0,0,visible,,"Un paraguas burbuja con diseño transparente y detalles en color negro formando el característico bigote Hunter.\n\n\n\nEs de diseño de apertura manual y tiene un mango engomado para mejorar el agarre.\n\n\n\nAdemás, la estructura de las varillas es resistente a fuertes vientos y muy duradera, entregando la mejor calidad como en todos los productos Hunter.\n\n\n\n&nbsp;\n\n<div class=""product-page-description__product-code""><span class=""product-page-description__title"">SKU: </span><span class=""product-page-description__number"">UAU1004UPM-BLK</span></div>",,,taxable,,0,0,3,0,0,0.4,55,,5,0,,25794,42990,"Tipo de producto > Accesorios, Tipo de producto > Accesorios > Paraguas, Tipo de producto","Invierno, Moustache, Ofertas",,"https://trendseeker.cl/wp-content/uploads/2023/07/PROD-AW18-ORG-UAU1004UPM-BLK-1.jpg, https://trendseeker.cl/wp-content/uploads/2023/07/PROD-AW18-ORG-UAU1004UPM-BLK-3.jpg, https://trendseeker.cl/wp-content/uploads/2023/07/PROD-AW18-ORG-UAU1004UPM-BLK-2.jpg",,,,,,,,,1,5054916350402,Hunter,Hunter,,,,,
20299,simple,UBB1157KBM-PFP,,Mochila Plegable Azul,1,0,visible,,"Elaborada con nylon irrompible y ligero, la mochila irrompible y plegable es tu complemento impermeable de uso diario. Esta práctica mochila se puede enrollar y plegar de un modo ingenioso para guardarla en su bolsillo frontal cuando no la necesites y además cuenta con bolsillos laterales elásticos y correas ajustables para un mayor confort.\n\n<ul>\n\n 	<li>Nylon impermeable e irrompible</li>\n\n 	<li>Se guarda en el bolsillo frontal</li>\n\n 	<li>Correas de malla de nylon ajustables</li>\n\n 	<li>Bolsillos laterales elásticos para una botella de agua</li>\n\n 	<li>Bolsillo delantero de acceso fácil con cierre para los objetos valiosos</li>\n\n 	<li>Logotipo del recuadro de Hunter serigrafiado</li>\n\n 	<li>Altura: 40 cm. Profundidad: 13,5 cm. Anchura: 37 cm</li>\n\n</ul>",,,taxable,,1,1,,0,0,,,,,0,,,54990,"Género, Tipo de producto > Mochilas, Género > Mujer, Tipo de producto, Género > Unisex","Destacado, Impermeables",,"https://trendseeker.cl/wp-content/uploads/2023/07/UBB1157KBM-PFP-1-1.png, https://trendseeker.cl/wp-content/uploads/2023/07/UBB1157KBM-PFP-2-1.png, https://trendseeker.cl/wp-content/uploads/2023/07/UBB1157KBM-PFP-3-1.png, https://trendseeker.cl/wp-content/uploads/2023/07/UBB1157KBM-PFP-4-1.png",,,,,,,,,273,5054916830478,Hunter,Hunter,,,,,
22278,simple,UBS1201KBM-TTP,,Bolso Tote Mediano Turquesa,0,0,visible,,"Con un forro de poliéster reciclado, un exterior resistente al agua y una base reforzada, nuestro Bolso Tote Mediano Top Clip de Nylon protegerá todas tus cosas, independientemente del clima. Tiene el tamaño ideal para llevar un kit para el gimnasio o incluso las compras. Además tiene una correa ajustable desmontable para que se pueda llevar de varias maneras diferentes.\n\n<ul>\n\n 	<li>Vegano certificado</li>\n\n 	<li>Exterior de nylon resistente al agua</li>\n\n 	<li>Forro de poliéster 100% reciclado, resistente al agua para una mayor protección</li>\n\n 	<li>Asa superior para transportarla</li>\n\n 	<li>Correa ajustable desmontable para mayor comodidad y versatilidad</li>\n\n 	<li>Detalle del clip lateral</li>\n\n 	<li>Bolsillo interno para los objetos más valiosos</li>\n\n 	<li>Bolsillo con cremallera externa para un acceso más fácil</li>\n\n 	<li>Base reforzada para proteger todas tus pertenencias</li>\n\n 	<li>Altura 30cm, profundidad 14cm, ancho en base 37cm, ancho en línea superior 46cm</li>\n\n</ul>",,,taxable,,0,0,3,0,0,,,,,0,,,84990,"Género, Tipo de producto > Mochilas, Género > Mujer, Tipo de producto, Género > Unisex","Bolsos, Hunter, Mochilas, Turquesa, Viajes",,https://trendseeker.cl/wp-content/uploads/2023/06/UBS1201KBM-TTP-1.png,,,,,,,,,276,5059997079396,Hunter,Hunter,,,,,
20305,simple,UBP7012KBM-PFP,,MINI BOLSO PARA CELULAR PLEGABLE AZUL INTENSO,1,0,visible,,"Un artículo imprescindible en los festivales, la funda plegable para móvil Original está confeccionada con nylon impermeable e irrompible. Con una práctica correa ajustable y multiusos, es lo bastante grande como para guardar todas las cosas indispensables, y se enrolla para ocupar el mínimo espacio posible en las mochilas.\n\n<ul>\n\n 	<li>Impermeable.</li>\n\n 	<li>Nylon irrompible.</li>\n\n 	<li>Puede enrollarse para guardarse.</li>\n\n 	<li>Correa multifuncional y ajustable que se puede llevar cruzada o al cuello.</li>\n\n 	<li>Altura 20 cm y ancho 15 cm.</li>\n\n</ul>",,,taxable,,1,2,,0,0,,,,,0,,,27990,"Género, Tipo de producto > Mochilas, Género > Mujer, Tipo de producto, Género > Unisex",Impermeables,,"https://trendseeker.cl/wp-content/uploads/2023/07/UBP7012KBM-PFP-1-1.png, https://trendseeker.cl/wp-content/uploads/2023/07/UBP7012KBM-PFP-2-1.png, https://trendseeker.cl/wp-content/uploads/2023/07/UBP7012KBM-PFP-3-1.png, https://trendseeker.cl/wp-content/uploads/2023/07/UBP7012KBM-PFP-4-1.png, https://trendseeker.cl/wp-content/uploads/2023/07/UBP7012KBM-PFP-5-1.png",,,,,,,,,277,5054916830409,Hunter,Hunter,,,,,
18945,variable,WFT2007RMA-BLK,,Botas De Agua Altas Original Play Para Mujer BLK,0,0,visible,,"Simplificando el diseño icónico de la bota alta Original, la bota Play ofrece una silueta dinámica con una suela de plataforma más plana para aportar el máximo confort y versatilidad. Confeccionada en caucho natural de la más alta calidad, esta bota de agua para mujer es 100 % impermeable. Con una elegante altura que llega a media pantorrilla, la bota alta complementa la moda urbana, el estilo festivalero y cualquier otro atuendo que te guste para que puedas llevarla a tu manera.\n<ul>\n 	<li>Completamente impermeables</li>\n 	<li>Confeccionadas artesanalmente con caucho natural</li>\n 	<li>Forro de poliéster</li>\n 	<li>Rediseñadas para ofrecer una sensación de ligereza</li>\n 	<li>Suela moldeada con la marca Hunter</li>\n</ul>",,,taxable,,0,,,0,0,,,,,0,,65994,109990,"Tipo de producto > Botas, Género, Género > Mujer, Tipo de producto","Impermeables, Invierno, Ofertas",,"https://trendseeker.cl/wp-content/uploads/2023/08/WFT2007RMA-BLK.png, https://trendseeker.cl/wp-content/uploads/2023/07/Botas-play-largas-mujer-Hunter.png, https://trendseeker.cl/wp-content/uploads/2023/07/WFT2007RMA-BLK-2.jpg, https://trendseeker.cl/wp-content/uploads/2023/07/WFT2007RMA-BLK-3.jpg, https://trendseeker.cl/wp-content/uploads/2023/07/WFT2007RMA-BLK-4.jpg, https://trendseeker.cl/wp-content/uploads/2023/07/WFT2007RMA-BLK-5.jpg",,,,,,,,,1,,Hunter,Hunter,Talla,"36, 37, 38, 39, 40/41, 42",0,1,
20069,simple,UBP7012KBM-SNC,,MINI BOLSO PARA CELULAR PLEGABLE NARANJA,1,0,visible,,"Un artículo imprescindible en los festivales, la funda plegable para móvil Original está confeccionada con nylon impermeable e irrompible. Con una práctica correa ajustable y multiusos, es lo bastante grande como para guardar todas las cosas indispensables, y se enrolla para ocupar el mínimo espacio posible en las mochilas.\n\n<ul>\n\n 	<li>Impermeable.</li>\n\n 	<li>Nylon irrompible.</li>\n\n 	<li>Puede enrollarse para guardarse.</li>\n\n 	<li>Correa multifuncional y ajustable que se puede llevar cruzada o al cuello.</li>\n\n 	<li>Altura 20 cm y ancho 15 cm.</li>\n\n</ul>",,,taxable,,1,10,,0,0,,,,,0,,,27990,"Género, Tipo de producto > Mochilas, Género > Mujer, Tipo de producto",,,https://trendseeker.cl/wp-content/uploads/2023/07/16082805-1.png,,,,,,,,,279,5054916885270,Hunter,Hunter,,,,,
19613,simple,UBP7012KBM-NVY,,Mini Bolso Para Celular Plegable Azul Marino,1,0,visible,,"Un artículo imprescindible en los festivales, la funda plegable para móvil Original está confeccionada con nylon impermeable e irrompible. Con una práctica correa ajustable y multiusos, es lo bastante grande como para guardar todas las cosas indispensables, y se enrolla para ocupar el mínimo espacio posible en las mochilas.\n\n<ul>\n\n 	<li>Impermeable</li>\n\n 	<li>Nylon irrompible</li>\n\n 	<li>Puede enrollarse para guardarse</li>\n\n 	<li>Correa multifuncional y ajustable que se puede llevar cruzada o al cuello</li>\n\n</ul>\n\n<div class=""product-page-description__product-code""><span class=""product-page-description__title"">SKU: </span><span class=""product-page-description__number"">UBP7012KBM-NVY</span></div>",,,taxable,,1,2,,0,0,,,,,0,,,27990,"Género, Tipo de producto > Mochilas, Género > Mujer, Tipo de producto",,,"https://trendseeker.cl/wp-content/uploads/2023/07/UBP7012KBM-NVY-1.jpg, https://trendseeker.cl/wp-content/uploads/2023/07/UBP7012KBM-NVY-3.jpg, https://trendseeker.cl/wp-content/uploads/2023/07/UBP7012KBM-NVY-2.jpg, https://trendseeker.cl/wp-content/uploads/2023/07/UBP7012KBM-NVY-4.jpg",,,,,,,,,281,5054916556385,Hunter,Hunter,,,,,
20154,simple,UBP7012NSP-EXL,,MINI BOLSO PARA CELULAR PLEGABLE CON LOGO HUNTER,1,0,visible,,"Un artículo imprescindible en los festivales, la funda plegable para móvil Original está confeccionada con nylon impermeable e irrompible. Con una práctica correa ajustable y multiusos, es lo bastante grande como para guardar todas las cosas indispensables, y se enrolla para ocupar el mínimo espacio posible en las mochilas.\n\n\n\n- Impermeable.\n\n\n\n- Nylon irrompible.\n\n\n\n- Puede enrollarse para guardarse.\n\n\n\n- Correa multifuncional y ajustable que se puede llevar cruzada o al cuello.\n\n\n\n- Altura 20 cm y ancho 15 cm.",,,taxable,,1,18,,0,0,,,,,0,,,27990,"Género, Tipo de producto > Mochilas, Género > Mujer, Tipo de producto",,,"https://trendseeker.cl/wp-content/uploads/2023/07/PROD-AW21-ORG-UBP7012NSP-EXL-1-1.jpg, https://trendseeker.cl/wp-content/uploads/2023/07/PROD-AW21-ORG-UBP7012NSP-EXL-3.jpg, https://trendseeker.cl/wp-content/uploads/2023/07/PROD-AW21-ORG-UBP7012NSP-EXL-4.jpg",,,,,,,,,282,5054916278133,Hunter,Hunter,,,,,
21882,variable,WFT2007RMA-APL,,Botas De Agua Play Altas Para Mujer Rosadas,0,0,visible,,"Simplificando el diseño icónico de la bota alta Original, la bota Play ofrece una silueta dinámica con una suela de plataforma más plana para aportar el máximo confort y versatilidad. Confeccionada en caucho natural de la más alta calidad, esta bota de agua para mujer es 100 % impermeable. Con una elegante altura que llega a media pantorrilla, la bota alta complementa la moda urbana, el estilo festivalero y cualquier otro atuendo que te guste para que puedas llevarla a tu manera.\n<div class=""copy trim-stacked-margins has-inner-html product-page-description__features"">\n<ul>\n 	<li>Completamente impermeables</li>\n 	<li>Confeccionadas artesanalmente con caucho natural</li>\n 	<li>Forro de poliéster</li>\n 	<li>Rediseñadas para ofrecer una sensación de ligereza</li>\n 	<li>Suela moldeada con la marca Hunter</li>\n</ul>\n</div>",,,taxable,,0,,,0,0,,,,,0,,65994,109990,"Tipo de producto > Botas, Género, Género > Mujer, Tipo de producto","Botas, Hunter, Impermeables, Rosado, Ofertas",,"https://trendseeker.cl/wp-content/uploads/2023/05/WFT2007RMA-APL1.png, https://trendseeker.cl/wp-content/uploads/2023/05/Botas-play-largas-mujer-Hunter.png, https://trendseeker.cl/wp-content/uploads/2023/05/WFT2007RMA-APL2.png, https://trendseeker.cl/wp-content/uploads/2023/05/WFT2007RMA-APL3.png, https://trendseeker.cl/wp-content/uploads/2023/05/WFT2007RMA-APL4.png",,,,,,"WFS2020RMA-BBO, WFS2020RMA-BLK, WFS2020RMA-LRD, UAS3036AAB-HWT, UZF3003LSK-NTR",,,1,,Hunter,Hunter,size,"36, 37, 38, 39, 40/41",1,1,
18827,simple,UBB2022LRS-BLK,,Mochila Clip En La Parte Superior Original - Cuero Engomado: Negro,0,0,visible,,"Mochila práctica e impermeable elaborada con cuero engomado impermeable. Este diseño de éxito se cierra con un clip y una cremallera en la parte superior, mientras que el detalle del bigote en la parte delantera hace referencia a nuestra bota de agua alta Original.\n\n\n\n● Impermeable\n\n\n\n● Exterior de cuero engomado\n\n\n\n● Forro impermeable para una mayor protección de las pertenencias\n\n\n\n● Correas posteriores ajustables y acolchadas para un mayor confort\n\n\n\n● Cordón de seguridad interno con gancho para sujetar el llavero\n\n\n\n● Cierres de cremallera impermeables en todos los bolsillos externos\n\n\n\n● Bolsillo de neopreno de fácil acceso en la parte trasera para tableta o portátil de 13 pulgadas\n\n\n\n● Disponible en un tamaño más pequeño",,,taxable,,0,0,,0,0,1.4,11.5,,38,0,,,279000,"Género, Tipo de producto > Mochilas, Género > Mujer, Tipo de producto",,,"https://trendseeker.cl/wp-content/uploads/2023/07/UBB2022LRS-BLK-1-princ.jpg, https://trendseeker.cl/wp-content/uploads/2023/07/UBB2022LRS-BLK-2.jpg, https://trendseeker.cl/wp-content/uploads/2023/07/UBB2022LRS-BLK-3.jpg, https://trendseeker.cl/wp-content/uploads/2023/07/UBB2022LRS-BLK-4.jpg, https://trendseeker.cl/wp-content/uploads/2023/07/UBB2022LRS-BLK-5.jpg, https://trendseeker.cl/wp-content/uploads/2023/07/UBB2022LRS-BLK-6.jpg, https://trendseeker.cl/wp-content/uploads/2023/07/UBB2022LRS-BLK-7.jpg",,,,,,,,,282,5013441876573,Hunter,Hunter,,,,,
20199,variable,WFS1000RMA-OVL,,Botas de Agua Bajas para Mujer Hoja de Olivo,1,0,visible,,"Perfecta para los días de lluvia, esta bota de agua para mujer es una versión más baja de la clásica bota alta de Hunter Original. Elaborada con caucho natural, cada bota se confecciona y monta de manera artesanal durante tres días antes de someterse al proceso de vulcanizado para ofrecer una mayor protección. Con el dibujo de Hunter Original y un cómodo forro de poliéster, esta bota impermeable de color verde oscuro es un accesorio imprescindible para los días de lluvia.\n\nRecomendamos utilizar calcetines con todas las botas Hunter para proteger la piel del contacto con el caucho. Todos los calcetines para botas Hunter están especialmente diseñados para su uso con nuestra gama de botas e incluyen una vuelta en la parte superior que permite cubrir el caucho y el nailon del borde de la bota, evitando así cualquier roce durante el uso.\n<div class=""copy trim-stacked-margins has-inner-html product-page-description__features"">\n<ul>\n 	<li>Completamente impermeables</li>\n 	<li>Elaboradas a mano a partir de 28 piezas</li>\n 	<li>Ajuste normal</li>\n 	<li>Forro de poliéster</li>\n 	<li>Suela de goma con dibujo de Hunter Original</li>\n 	<li>Confeccionadas en caucho vulcanizado natural con acabado mate</li>\n</ul>\n</div>",,,taxable,,1,144,,0,0,,,,,0,,72594,120990,"Tipo de producto > Botas, Calzado, Género, Género > Mujer, Tipo de producto","Impermeables, Invierno, Verde, Ofertas",,"https://trendseeker.cl/wp-content/uploads/2022/11/PROD-SS22-ORG-WFS1000RMA-OVL-2-1-scaled-1-1.jpg, https://trendseeker.cl/wp-content/uploads/2023/07/Botas-cortas-mujer-Hunter-5.png, https://trendseeker.cl/wp-content/uploads/2022/11/WFS1000RMA-OVL-3.png, https://trendseeker.cl/wp-content/uploads/2022/11/WFS1000RMA-OVL-1.png, https://trendseeker.cl/wp-content/uploads/2022/11/WFS1000RMA-OVL-4.png",,,,,,"WAS1017AAC-WHT, WAS1017AAC-WHTL, WAS1017AAC-BLK",,,1,,Hunter,Hunter,Talla,"36, 37, 38, 39, 40/41",1,1,
20201,variable,WFS1013RMA-GSC,,Botas De Agua Baja y Ajustables Por Detrás Para Mujer Rosado Oscuro,1,0,visible,,"Perfecta para los días de lluvia, esta bota de agua para mujer es una versión más baja de la clásica bota alta de Hunter Original. Elaborada con caucho natural, cada bota se confecciona y monta de manera artesanal durante tres días antes de someterse al proceso de vulcanizado para ofrecer una mayor protección. Con el dibujo de Hunter Original y un cómodo forro de poliéster, esta bota impermeable de color verde oscuro es un accesorio imprescindible para los días de lluvia.\n\nRecomendamos utilizar calcetines con todas las botas Hunter para proteger la piel del contacto con el caucho. Todos los calcetines para botas Hunter están especialmente diseñados para su uso con nuestra gama de botas e incluyen una vuelta en la parte superior que permite cubrir el caucho y el nailon del borde de la bota, evitando así cualquier roce durante el uso.\n<div class=""copy trim-stacked-margins has-inner-html product-page-description__features"">\n<ul>\n 	<li>Completamente impermeables</li>\n 	<li>Elaboradas a mano a partir de 28 piezas</li>\n 	<li>Ajuste normal</li>\n 	<li>Forro de poliéster</li>\n 	<li>Suela de goma con dibujo de Hunter Original</li>\n 	<li>Confeccionadas en caucho vulcanizado natural con acabado mate</li>\n</ul>\n</div>",,,taxable,,1,39,,0,0,,,,,0,,86994,144990,"Tipo de producto > Botas, Género, Género > Mujer, Tipo de producto","Impermeables, Invierno, Ofertas",,"https://trendseeker.cl/wp-content/uploads/2022/11/WFS1013RMA-GSC.jpg, https://trendseeker.cl/wp-content/uploads/2022/11/Botas-cortas-ajuste-trasero-mujer-Hunter.png, https://trendseeker.cl/wp-content/uploads/2022/11/PROD-SS22-ORG-WFS1013RMA-GSC-3.jpg",,,,,,,,,1,,Hunter,Hunter,Talla,"36, 37, 38, 39, 40/41, 42",1,1,
20090,simple,UBX1211KBM-RWP,,Bandolera Multifuncional de Nylon Rosado,1,0,visible,,"La bandolera multifuncional está diseñada para llevarse de tres maneras, sujetada por el asa superior, a través del cuerpo o alrededor de la cintura. La bolsa tiene una amplia apertura con cremallera para fácil acceso al compartimento principal. Está hecha de nylon 100% reciclado altamente resistente al agua con un forro de jacquard de poliéster reciclado resistente al agua.\n\n<ul>\n\n 	<li>Vegano certificado.</li>\n\n 	<li>Exterior de sarga de nylon 100% reciclado resistente al agua.</li>\n\n 	<li>Forro de poliéster 100% reciclado, resistente al agua para una mayor protección.</li>\n\n 	<li>Se puede llevar de tres maneras.</li>\n\n 	<li>Correas ajustables acolchadas para una mayor comodidad.</li>\n\n 	<li>Bolsillos exteriores e interiores con cremalleras para los objetos de valor.</li>\n\n 	<li>Etiqueta PVC Hunter.</li>\n\n 	<li>Altura 14cm, profundidad 10cm, ancho 21cm, longitud de la correa 130cm (cuando está completamente extendida).</li>\n\n</ul>",,,taxable,,0,0,,0,0,,,,,0,,,69990,"Género, Tipo de producto > Mochilas, Género > Mujer, Tipo de producto",,,"https://trendseeker.cl/wp-content/uploads/2023/07/PROD-SS22-ORG-UBX1211KBM-RWP-1-1.jpg, https://trendseeker.cl/wp-content/uploads/2023/07/PROD-SS22-ORG-UBX1211KBM-RWP-2-1.jpg, https://trendseeker.cl/wp-content/uploads/2023/07/PROD-SS22-ORG-UBX1211KBM-RWP-3-1.jpg, https://trendseeker.cl/wp-content/uploads/2023/07/PROD-SS22-ORG-UBX1211KBM-RWP-5-1.jpg, https://trendseeker.cl/wp-content/uploads/2023/07/PROD-SS22-ORG-UBX1211KBM-RWP-4-1.jpg",,,,,,,,,286,5054916926096,Hunter,Hunter,,,,,
21837,variable,WFS1018RGL-BLK,,Botas Chelsea Commando Negras Brillantes Para Mujer,1,0,visible,,"La Bota Chelsea Militar con certificación FSC® ha sido elaborada utilizando caucho natural de los bosques auditado de forma independiente según los estándares de Forest Stewardship Council® Estas botas 100% waterproof han sido hechas a mano a partir de estándares estrictos para proteger los bosques, así como los animales y las comunidades que dependen de ellos.\n\nElaboradas a partir de caucho vegano con certificado FSC®, las Botas Militares Chelsea 100% waterproof son una nueva adición a nuestra icónica colección Original. Conservando todas las características queridas de la bota Chelsea Brillante Original, como el fuelle flexible y el agarre Hunter, esta nueva silueta tiene un perfil más alto, llegando 15 mm más arriba en la pierna. Este estilo Chelsea híbrido militares brillantes de mujer también cuenta con un forro y plantilla de poliéster reciclado actualizado.\n<div class=""copy trim-stacked-margins has-inner-html product-page-description__features"">\n<ul>\n 	<li>Vegano certificado</li>\n 	<li>Waterproof</li>\n 	<li>Hecho a mano</li>\n 	<li>Plantilla y forro de poliéster reciclado</li>\n 	<li>Suela de caucho moldeada con patrón de Hunter Original</li>\n 	<li>Fuelles laterales elásticos y lengüeta de nylon para facilitar la entrada del pie</li>\n 	<li>Elaboradas a partir de caucho natural vulcanizado de una plantación con certificado FSC®</li>\n</ul>\n</div>",,,taxable,,1,,,0,0,,,,,0,,89994,149990,"Tipo de producto > Botas, Género, Género > Mujer, Tipo de producto","Botas, Hunter, Impermeables, Negro, Vegano, Ofertas",,"https://trendseeker.cl/wp-content/uploads/2023/11/WFS1018RGL-BLK1.png, https://trendseeker.cl/wp-content/uploads/2023/07/Botas-chelsea-cortas-mujer-Hunter-5.png, https://trendseeker.cl/wp-content/uploads/2023/05/WFS1018RGL-BLK2.png, https://trendseeker.cl/wp-content/uploads/2023/05/WFS1018RGL-BLK3.png, https://trendseeker.cl/wp-content/uploads/2023/05/WFS1018RGL-BLK4.png",,,,,,"WFS2006RMA-BLK, WFS1043RMA-MLR, WFS1043RMA-SUG",,,1,,Hunter,Hunter,size,"36, 37, 38, 39, 40/41",1,1,
20074,simple,UBS7013KBM-WMD,,Riñonera plegable celeste,1,0,visible,,"Esta riñonera pequeña y elegante tiene múltiples de funciones. Confeccionada con nylon impermeable e irrompible, tiene correas ajustables, y el diseño triangular implica que la base esté plana cuando se coloca cruzada en el cuerpo para que sea más cómoda y fácil de llevar. Con una solapa superior, es lo bastante grande como para guardar todo lo esencial.\n\n<ul>\n\n 	<li>Impermeable.</li>\n\n 	<li>Nylon irrompible.</li>\n\n 	<li>Puede enrollarse para guardarse.</li>\n\n 	<li>Correa multifuncional y ajustable que se puede llevar cruzada o a la cintura.</li>\n\n</ul>",,,taxable,,1,3,,0,0,,,,,0,,,33990,"Género, Tipo de producto > Mochilas, Género > Mujer, Tipo de producto",,,https://trendseeker.cl/wp-content/uploads/2023/07/16082812-1.png,,,,,,,,,288,5054916885300,Hunter,Hunter,,,,,
20073,simple,UBS7013KBM-SNC,,Riñonera plegable naranja,1,0,visible,,"Esta riñonera pequeña y elegante tiene múltiples de funciones. Confeccionada con nylon impermeable e irrompible, tiene correas ajustables, y el diseño triangular implica que la base esté plana cuando se coloca cruzada en el cuerpo para que sea más cómoda y fácil de llevar. Con una solapa superior, es lo bastante grande como para guardar todo lo esencial.\n\n<ul>\n\n 	<li>Impermeable.</li>\n\n 	<li>Nylon irrompible.</li>\n\n 	<li>Puede enrollarse para guardarse.</li>\n\n 	<li>Correa multifuncional y ajustable que se puede llevar cruzada o a la cintura.</li>\n\n</ul>",,,taxable,,0,0,,0,0,,,,,0,,,33990,"Género, Tipo de producto > Mochilas, Género > Mujer, Tipo de producto",,,https://trendseeker.cl/wp-content/uploads/2023/07/16082811-1.png,,,,,,,,,289,5054916885317,Hunter,Hunter,,,,,
18551,variable,WFS2020RMA-LRD,,Botas de Agua Bajas Play para Mujer Rojo,1,0,visible,,"Simplificando el diseño icónico de la bota Original, la bota Play ofrece una silueta dinámica con una suela de plataforma más plana para aportar el máximo confort y versatilidad. Confeccionada en caucho natural de la más alta calidad, esta bota de agua para mujer es 100 % impermeable. Apenas rozando la parte superior del tobillo, la bota corta cuenta con una elegante altura que complementa la moda urbana, el estilo festivalero y cualquier otro atuendo que te guste para que puedas llevarla a tu manera.",,,taxable,,1,,,0,0,,,,,0,,65994,109990,"Tipo de producto > Botas, Género, Género > Mujer, Tipo de producto","Impermeables, Invierno, Top 7 regalos para Mamá, Ofertas",,"https://trendseeker.cl/wp-content/uploads/2022/11/WFS2020RMA-LRD-1-pinc.jpg, https://trendseeker.cl/wp-content/uploads/2023/07/Botas-play-cortas-mujer-Hunter-1.png, https://trendseeker.cl/wp-content/uploads/2023/07/WFS2020RMA-LRD-2.jpg, https://trendseeker.cl/wp-content/uploads/2023/07/WFS2020RMA-LRD-3.jpg, https://trendseeker.cl/wp-content/uploads/2023/07/WFS2020RMA-LRD-4.jpg, https://trendseeker.cl/wp-content/uploads/2023/07/WFS2020RMA-LRD-5.jpg",,,,,,,,,1,,Hunter,Hunter,Talla,"36, 37, 38, 39, 40/41, 42",1,1,
18937,variable,WFS2020RMA-ZNC,,Botas De Agua Bajas Original Play Para Mujer ZNC,1,0,visible,,"Simplificando el diseño icónico de la bota Original, la bota Play ofrece una silueta dinámica con una suela de plataforma más plana para aportar el máximo confort y versatilidad. Confeccionada en caucho natural de la más alta calidad, esta bota de agua para mujer es 100 % impermeable. Apenas rozando la parte superior del tobillo, la bota corta cuenta con una elegante altura que complementa la moda urbana, el estilo festivalero y cualquier otro atuendo que te guste para que puedas llevarla a tu manera.",,,taxable,,1,,,0,0,,,,,0,,59994,99990,"Tipo de producto > Botas, Género, Género > Mujer, Tipo de producto","Impermeables, Invierno, Ofertas",,"https://trendseeker.cl/wp-content/uploads/2023/07/WFS2020RMA-LRD-1-princ.jpg, https://trendseeker.cl/wp-content/uploads/2023/07/Botas-play-cortas-mujer-Hunter-4.png, https://trendseeker.cl/wp-content/uploads/2023/07/WFS2020RMA-LRD-2-1.jpg, https://trendseeker.cl/wp-content/uploads/2023/07/WFS2020RMA-LRD-3-1.jpg, https://trendseeker.cl/wp-content/uploads/2023/07/WFS2020RMA-LRD-4-1.jpg",,,,,,,,,1,,Hunter,Hunter,Talla,"36, 37, 38, 39, 40/41, 42",0,1,
18525,variable,WFS2020RMA-BLK,,Botas De Agua Bajas Play Mujer Negro,0,0,visible,,"Simplificando el diseño icónico de la bota Original, la bota Play ofrece una silueta dinámica con una suela de plataforma más plana para aportar el máximo confort y versatilidad. Confeccionada en caucho natural de la más alta calidad, esta bota de agua para mujer es 100% impermeable. Apenas rozando la parte superior del tobillo, la bota corta cuenta con una elegante altura que complementa la moda urbana, el estilo festivalero y cualquier otro atuendo que te guste para que puedas llevarla a tu manera.\n<ul>\n 	<li>Completamente impermeables</li>\n 	<li>Confeccionadas artesanalmente con caucho natural</li>\n 	<li>Rediseñadas para ofrecer una sensación de ligereza</li>\n 	<li>Suela moldeada con la marca Hunter</li>\n</ul>",,,taxable,,0,,,0,0,,,,,0,,59994,99990,"Tipo de producto > Botas, Género, Género > Mujer, Tipo de producto","Impermeables, Invierno, Ofertas",,"https://trendseeker.cl/wp-content/uploads/2023/07/WFS2020RMA-BLK-1-princ.jpg, https://trendseeker.cl/wp-content/uploads/2023/07/Botas-play-cortas-mujer-Hunter.png, https://trendseeker.cl/wp-content/uploads/2023/07/WFS2020RMA-BLK-2.jpg, https://trendseeker.cl/wp-content/uploads/2023/07/WFS2020RMA-BLK-3.jpg, https://trendseeker.cl/wp-content/uploads/2023/07/WFS2020RMA-BLK-4.jpg, https://trendseeker.cl/wp-content/uploads/2023/07/WFS2020RMA-BLK-5.jpg",,,,,,,,,1,,Hunter,Hunter,Talla,"36, 37, 38, 39, 40/41, 42",1,1,
18925,simple,UBP1152KBM-MLR,,Riñonera De Nylon Original Roja,1,0,visible,,"Un poco más grande que la icónica riñonera de nailon Original, esta versión mejorada de la riñonera bandolera será tu bolsa imprescindible para cualquier día de la semana. Con un diseño práctico y novedoso y dos bolsillos con cremallera adicionales para facilitar el acceso a las llaves o las monedas, esta riñonera de nailon impermeable mantendrá tus pertenencias a salvo y te dará un aspecto elegante. Con un bolsillo interno, el logotipo del recuadro de Hunter y una correa ajustable, puedes llevarla como bandolera o como riñonera alrededor de la cintura.\n\n<ul>\n\n 	<li>Exterior de sarga de nailon impermeable</li>\n\n 	<li>Forro impermeable para una mayor protección de las pertenencias</li>\n\n 	<li>Correa ajustable para ponérsela con facilidad</li>\n\n 	<li>Puede llevarse como bandolera o riñonera</li>\n\n 	<li>Bolsillo interior con cremallera para los objetos valiosos</li>\n\n 	<li>Dos bolsillos externos con cremallera para facilitar el acceso</li>\n\n 	<li>Altura: 17 cm. Profundidad: 7 cm. Anchura: 30 cm. Longitud de la correa (totalmente extendida): 100 cm. Capacidad: 0,7 l</li>\n\n</ul>\n\n<div class=""product-page-description__product-code""><span class=""product-page-description__title"">Product code: </span><span class=""product-page-description__number"">UBP1152KBM-BLK</span></div>",,,taxable,,1,1,,0,0,0.4,30,,12,0,,,54990,"Género, Tipo de producto > Mochilas, Género > Mujer, Tipo de producto",winter-style,,"https://trendseeker.cl/wp-content/uploads/2023/07/PROD-AW20-UBP1152KBM-MLR-1.jpg, https://trendseeker.cl/wp-content/uploads/2023/07/PROD-AW20-UBP1152KBM-MLR-2.jpg, https://trendseeker.cl/wp-content/uploads/2023/07/PROD-AW20-UBP1152KBM-MLR-3.jpg, https://trendseeker.cl/wp-content/uploads/2023/07/PROD-AW20-UBP1152KBM-MLR-4.jpg",,,,,,,,,293,5054916741095,Hunter,Hunter,,,,,
21892,variable,WFS2020RMA-APL,,Botas De Agua Play Cortas Para Mujer Rosada,1,0,visible,,"Simplificando el diseño icónico de la bota Original, la bota Play ofrece una silueta dinámica con una suela de plataforma más plana para aportar el máximo confort y versatilidad. Confeccionada en caucho natural de la más alta calidad, esta bota de agua para mujer es 100 % impermeable. Apenas rozando la parte superior del tobillo, la bota corta cuenta con una elegante altura que complementa la moda urbana, el estilo festivalero y cualquier otro atuendo que te guste para que puedas llevarla a tu manera.\n<div class=""copy trim-stacked-margins has-inner-html product-page-description__features"">\n<ul>\n 	<li>Completamente impermeables</li>\n 	<li>Confeccionadas artesanalmente con caucho natural</li>\n 	<li>Forro de poliéster</li>\n 	<li>Rediseñadas para ofrecer una sensación de ligereza</li>\n 	<li>Suela moldeada con la marca Hunter</li>\n</ul>\n</div>",,,taxable,,0,,,0,0,,,,,0,,59994,99990,"Tipo de producto > Botas, Género, Género > Mujer, Tipo de producto","Botas, Hunter, Impermeables, Rosadas, Ofertas",,"https://trendseeker.cl/wp-content/uploads/2023/05/WFS2020RMA-1-1.png, https://trendseeker.cl/wp-content/uploads/2023/05/Botas-play-cortas-mujer-Hunter.png, https://trendseeker.cl/wp-content/uploads/2023/05/WFS2020RMA-2.png, https://trendseeker.cl/wp-content/uploads/2023/05/WFS2020RMA-3.png, https://trendseeker.cl/wp-content/uploads/2023/05/WFS2020RMA-4.png",,,,,,"WFS2020RMA-BBO, WFS2020RMA-BLK, WFS2020RMA-LRD",,,1,,Hunter,Hunter,size,"36, 37, 38, 39, 40/41",1,1,
19848,variable,WFS2018RMA-DOC,,Bota Corta de Jardinera,1,0,visible,,"Conoce la última incorporación a la colección Hunter Field! La bota corta Garden para mujer tiene una altura más baja que la bota normal. Está diseñada con una parte superior de caucho natural ensamblada a mano y con una almohadilla para mayor comodidad en la suela.\n\nEsta bota es ideal para usar durante todo el año, ya sea en las mejores aventuras al aire libre como el complemento ideal para cualquier look aportando estilo y distinción.\n\nLa comodidad está asegurada gracias a una nueva altura de la parte inferior de la pierna y <strong>una pantorrilla más ancha</strong>, lo que permite una mayor flexibilidad y facilidad de movimiento.\n\ntalla real, calce ancho de pantorrilla. Si está entre tallas, se recomienda reducir la talla.\n\nSuela de banda de rodadura ancha con zigzag para tracción y liberación de barro.\n\nParche de tobillo engrosado para mayor protección al usar palas",,,taxable,,1,,,0,0,,,,,0,,68994,114990,"Tipo de producto > Botas, Género, Género > Mujer, Tipo de producto","Impermeables, Invierno, Verde, Ofertas",,"https://trendseeker.cl/wp-content/uploads/2023/07/PROD-SS21-ORG-WFS2018RMA-DOC-1.jpg, https://trendseeker.cl/wp-content/uploads/2023/07/PROD-SS21-ORG-WFS2018RMA-DOC-2.jpg, https://trendseeker.cl/wp-content/uploads/2023/07/PROD-SS21-ORG-WFS2018RMA-DOC-3.jpg, https://trendseeker.cl/wp-content/uploads/2023/07/PROD-SS21-ORG-WFS2018RMA-DOC-4.jpg, https://trendseeker.cl/wp-content/uploads/2023/07/PROD-SS21-ORG-WFS2018RMA-DOC-5.jpg, https://trendseeker.cl/wp-content/uploads/2023/07/PROD-SS21-ORG-WFS2018RMA-DOC-6.jpg",,,,,,,,,1,,Hunter,Hunter,Talla,"36, 37, 38, 39, 40/41",1,1,
18886,simple,UBP7020KBM-DOV,,Riñonera Original Verde Oliva,1,0,visible,,"Luce el estilo de la temporada con la riñonera Original. Impermeable, multifuncional y con el icónico logotipo del recuadro rojo de Hunter, esta riñonera de nylon en un azul intenso y perfecto para la playa es una opción fácil para lucir con estilo de manera natural.\n\n\n\n● Impermeable\n\n\n\n● Exterior de sarga de nylon\n\n\n\n● Forro adicional resistente al agua\n\n\n\n● Correa ajustable para ponérsela con facilidad\n\n\n\n● Cremallera con las tres franjas características de Hunter\n\n\n\n● Puede llevarse como bandolera o riñonera\n\n\n\n● Altura: 16 cm. Anchura: 27 cm. Fondo: 9 cm",,,taxable,,0,0,,0,0,0.6,,,10,0,,,39990,"Género, Tipo de producto > Mochilas, Género > Mujer, Tipo de producto",,,"https://trendseeker.cl/wp-content/uploads/2023/07/UBP7020KBM-DOV-1-princ.jpg, https://trendseeker.cl/wp-content/uploads/2023/07/UBP7020KBM-DOV-5.jpg, https://trendseeker.cl/wp-content/uploads/2023/07/UBP7020KBM-DOV-2.jpg, https://trendseeker.cl/wp-content/uploads/2023/07/UBP7020KBM-DOV-3.jpg, https://trendseeker.cl/wp-content/uploads/2023/07/UBP7020KBM-DOV-4.jpg",,,,,,,,,296,5054916474191,Hunter,Hunter,,,,,
21201,variable,WFS2336REN-BLK,,Botas Commando Travel Explorer Black - Mujer,1,0,visible,,"La Bota de Viaje para Mujeres es la compañera perfecta para las caminatas veraniegas, asentada sobre una resistente suela exterior con certificación FSC® de nuevo diseño y una entresuela de EVA reciclada amortiguadora para proporcionar agarre y comodidad en todos los terrenos. La parte superior está fabricada con una doble capa suave y transpirable de nylon reciclado y malla que se puede guardar fácilmente hasta la suela para llevarla en una mochila. El canal elástico alrededor del tobillo permite un aspecto fruncido y un ajuste regulable.\n<div class=""copy trim-stacked-margins has-inner-html product-page-description__features"">\n<ul>\n 	<li>Parte inferior resistente al agua</li>\n 	<li>Fabricado a mano con caucho certificado FSC®</li>\n 	<li>Exterior, entresuela, forro y plantilla 100% reciclados</li>\n 	<li>Parte superior suave y transpirable para mayor comodidad</li>\n 	<li>Lengüeta para mayor ajuste</li>\n 	<li>Lengüeta para facilitar la entrada del pie</li>\n 	<li>Entresuela amortiguadora de EVA reciclada</li>\n 	<li>Suela de caucho duradera con patrón de Hunter Original</li>\n 	<li>Correas elásticas de la marca para compactar el equipaje</li>\n</ul>\n</div>",2025-07-18 0:00:00,2025-07-31 23:59:59,taxable,,1,11,,0,0,,,,,0,,119994,199990,"Tipo de producto > Botas, Género, Género > Mujer, Tipo de producto, Tipo de producto > Zapatos","Botas, Bototos, Hunter, Mujer, Ofertas",,"https://trendseeker.cl/wp-content/uploads/2023/03/WFS2336REN-BLK-1.png, https://trendseeker.cl/wp-content/uploads/2023/03/Botas-commando-mujer-Hunter.png, https://trendseeker.cl/wp-content/uploads/2023/07/certificacion-FSC.png, https://trendseeker.cl/wp-content/uploads/2023/02/WFS2336REN-BLK-2.png, https://trendseeker.cl/wp-content/uploads/2023/02/WFS2336REN-BLK-3.png, https://trendseeker.cl/wp-content/uploads/2023/02/WFS2336REN-BLK-4.png, https://trendseeker.cl/wp-content/uploads/2023/02/WFS2336REN-BLK-5.png",,,,,,"WFS1018RMA-BLK, WFS2010CNV-BLK, WFS2010CNV-ATM",,,1,,Hunter,Hunter,Talla,"36, 37, 38, 39, 40/41",1,1,
21208,variable,WFS2336REN-SED,,Botas Commando Travel Explorer White - Mujer,1,0,visible,,"La Bota de Viaje para Mujeres es la compañera perfecta para las caminatas veraniegas, asentada sobre una resistente suela exterior con certificación FSC® de nuevo diseño y una entresuela de EVA reciclada amortiguadora para proporcionar agarre y comodidad en todos los terrenos. La parte superior está fabricada con una doble capa suave y transpirable de nylon reciclado y malla que se puede guardar fácilmente hasta la suela para llevarla en una mochila. El canal elástico alrededor del tobillo permite un aspecto fruncido y un ajuste regulable.\n<div class=""copy trim-stacked-margins has-inner-html product-page-description__features"">\n<ul>\n 	<li>Parte inferior resistente al agua</li>\n 	<li>Fabricado a mano con caucho certificado FSC®</li>\n 	<li>Exterior, entresuela, forro y plantilla 100% reciclados</li>\n 	<li>Parte superior suave y transpirable para mayor comodidad</li>\n 	<li>Lengüeta para mayor ajuste</li>\n 	<li>Lengüeta para facilitar la entrada del pie</li>\n 	<li>Entresuela amortiguadora de EVA reciclada</li>\n 	<li>Suela de caucho duradera con patrón de Hunter Original</li>\n 	<li>Correas elásticas de la marca para compactar el equipaje</li>\n</ul>\n</div>",2025-07-18 0:00:00,2025-07-31 23:59:59,taxable,,1,42,,0,0,,,,,0,,119994,199990,"Tipo de producto > Botas, Género, Género > Mujer, Tipo de producto, Tipo de producto > Zapatos","Botas, Bototos, Hunter, Mujer, Ofertas",,"https://trendseeker.cl/wp-content/uploads/2023/03/WFS2336REN-SED.png, https://trendseeker.cl/wp-content/uploads/2023/07/Botas-commando-mujer-Hunter-3.png, https://trendseeker.cl/wp-content/uploads/2023/02/certificacion-FSC.png, https://trendseeker.cl/wp-content/uploads/2023/02/WFS2336REN-SED-2.png, https://trendseeker.cl/wp-content/uploads/2023/02/WFS2336REN-SED-3.png, https://trendseeker.cl/wp-content/uploads/2023/02/WFS2336REN-SED-4.png, https://trendseeker.cl/wp-content/uploads/2023/02/WFS2336REN-SED-5.png",,,,,"WFS2010CNV-BLK, WFS2236NYL-MRF, WFS2336REN-BLK",,,,1,,Hunter,Hunter,Talla,"36, 37, 38, 39, 40/41",1,1,
20155,simple,UBS1131KBM-BLK,,Mochila Una Correa Negra,1,0,visible,,"Ya sea como práctica mochila para ir en bici a trabajar o como un accesorio diario, la nueva mochila de una sola correa de nylon impermeable Original tiene todo lo que necesitas. Totalmente adaptable, la correa para el hombro acolchada y extraíble puede sujetarse a cualquier lado de la mochila para aportar versatilidad. Cuando no se utiliza, el clip se puede guardar en el panel trasero. Esta mochila de una sola correa tiene un exterior impermeable y forro para proteger tus pertenencias, un panel trasero de malla acolchada para aportar confort, un cordón de seguridad interno para las llaves y capacidad para contener una tableta de 11"".\n\n<div class=""copy trim-stacked-margins has-inner-html product-page-description__features"">\n\n<ul>\n\n 	<li>Exterior de sarga de nylon impermeable.</li>\n\n 	<li>Forro de jacquard impermeable para una mayor protección de las pertenencias.</li>\n\n 	<li>Panel posterior de malla acolchado para ofrecer confort durante el uso.</li>\n\n 	<li>Correa posterior ajustable y acolchada para un mayor confort.</li>\n\n 	<li>Bolsillo trasero acolchado de protección que resulta perfecto para guardar una tableta de 11"".</li>\n\n 	<li>Logotipo del recuadro característico de Hunter y cremalleras negras.</li>\n\n 	<li>Bolsillo delantero de acceso fácil con cremallera para los objetos valiosos.</li>\n\n 	<li>Bolsillos laterales de malla elástica para una botella de agua.</li>\n\n 	<li>Cordón de seguridad interno para ofrecer un acceso fácil a las llaves.</li>\n\n 	<li>Las aberturas laterales permiten la ventilación de los objetos guardados en el interior.</li>\n\n 	<li>Altura: 34 cm. Profundidad: 12 cm. Ancho: 24 cm. Capacidad: 8,8 L.</li>\n\n</ul>\n\n</div>",,,taxable,,0,0,,0,0,,,,,0,,,59990,"Género, Tipo de producto > Mochilas, Género > Mujer, Tipo de producto",,,"https://trendseeker.cl/wp-content/uploads/2023/07/UBS1131KBM-BLK.png, https://trendseeker.cl/wp-content/uploads/2023/07/UBS1131KBM-BLK-2.png",,,,,,,,,299,5054916646338,Hunter,Hunter,,,,,
19887,variable,WRO1323RSF-NVY,,Chaqueta plegable ligera reciclada para mujer,1,0,visible,,"Puedes estar preparada para la lluvia y ligera con la chaqueta ligera plegable Hunter. Es ideal para el uso diario, para ir de viaje o ir a festivales, solo tiene que subir la cremallera y disfrutar de su gran protección, ya que es impermeable. Las aberturas bajo los brazos ofrecen transpirabilidad, mientras que el dobladillo y la capucha ajustables aportan una mayor protección contra los elementos. Cuando el sol aparezca por fin entre las nubes, podrás guardarlo sin problemas en la ingeniosa bolsa oculta en la costura del cuello.\n\n\n\n- Impermeable gracias a un revestimiento sin carbono.\n\n\n\n- Se guarda en la bolsa sujeta a la costura del cuello.\n\n\n\n- Capucha con cordón ajustable para ofrecer mayor protección contra el viento y la lluvia.\n\n\n\n- Dobladillo ajustable con cordón.\n\n\n\n- Aberturas bajo los brazos para ventilación.\n\n\n\n- Puños elásticos.\n\n\n\n- Cremalleras características de Hunter.\n\n\n\n- Logotipo en el brazo negro en contraste.\n\n\n\n- Estampado de temporada.",,,taxable,,0,,,0,0,,,,,0,,106242,124990,"Tipo de producto > Chaquetas, Género, Género > Mujer, Tipo de producto","Invierno, Navy, Ofertas",,"https://trendseeker.cl/wp-content/uploads/2022/11/MODEL_AW21_ORG_WRO1323RSF-NVY-1.jpg, https://trendseeker.cl/wp-content/uploads/2023/07/MODEL_AW21_ORG_WRO1323RSF-NVY-2.jpg, https://trendseeker.cl/wp-content/uploads/2023/07/MODEL_AW21_ORG_WRO1323RSF-NVY-3.jpg, https://trendseeker.cl/wp-content/uploads/2023/07/MODEL_AW21_ORG_WRO1323RSF-NVY-4.jpg, https://trendseeker.cl/wp-content/uploads/2023/07/MODEL_AW21_ORG_WRO1323RSF-NVY-5.jpg, https://trendseeker.cl/wp-content/uploads/2023/07/MODEL_AW21_ORG_WRO1323RSF-NVY-6.jpg",,,,,,,,,1,,Hunter,Hunter,Talla,"L, M, S, XS",1,1,
19989,simple,UAU1004UPM-PKB,,PARAGUAS BURBUJA MOUSTACHE AZUL,1,0,visible,,"Un paraguas burbuja con diseño transparente y detalles en color azul formando el característico bigote Hunter.\n\nEs de diseño de apertura manual y tiene un mango engomado para mejorar el agarre.\n\nAdemás, la estructura de las varillas es resistente a fuertes vientos y muy duradera, entregando la mejor calidad como en todos los productos Hunter.\n<p style=""font-weight: 400;""></p>",,,taxable,,1,6,3,0,0,,,,,0,,29994,49990,"Tipo de producto > Accesorios, Tipo de producto > Accesorios > Paraguas, Tipo de producto","Impermeables, Invierno, Moustache, Navy, Ofertas",,"https://trendseeker.cl/wp-content/uploads/2023/07/PROD-AW18-ORG-UAU1004UPM-PKB-1.jpg, https://trendseeker.cl/wp-content/uploads/2023/07/PROD-AW18-ORG-UAU1004UPM-PKB-2.jpg",,,,,,,,,1,5054916438384,Hunter,Hunter,,,,,
20665,variable,MFS2335LNR-BLK,,Botas Commando de Piel Con Cordones Urban Explorer Para Hombre,1,1,visible,,"Uniéndose a nuestra colección Explorer, la bota Urban Explorer es la compañera perfecta para el clima húmedo. Esta bota marrón presenta una mezcla superior de cuero resistente al agua, gamuza y poliéster reciclado. Debajo del pie hay una entresuela de EVA reciclada que absorbe los golpes y una suela exterior de caucho natural con certificación FSC® con una línea foxing extendida para evitar aún más las salpicaduras. El diseño está terminado con un cuello de neopreno acolchado para comodidad durante todo el día.\n<ul>\n 	<li>Parte inferior resistente al agua</li>\n 	<li>Hecho a mano con caucho certificado FSC®</li>\n 	<li>Empeine, entresuela, forro y plantilla 100 % reciclados</li>\n 	<li>Cuello de neopreno para comodidad en el tobillo.</li>\n 	<li>Empeine elaborado con detalles de cuero resistente al agua</li>\n 	<li>Lengüeta para facilitar la entrada del pie</li>\n 	<li>Entresuela amortiguadora de EVA reciclada</li>\n 	<li>Suela exterior de goma duradera con dibujo original de la banda de rodadura de Hunter</li>\n</ul>",,,taxable,,1,144,,0,0,,,,,0,,137994,229990,"Tipo de producto > Botas, Género, Género > Hombre, Tipo de producto","Botas, Bototos, Hombre, Hunter, Ofertas",,"https://trendseeker.cl/wp-content/uploads/2022/12/MFS2335LNR-BLK.jpg, https://trendseeker.cl/wp-content/uploads/2022/12/Botas-commando-hombre-Hunter.png, https://trendseeker.cl/wp-content/uploads/2022/12/PROD-SS23-ORG-MFS2335LNR-BLK-2.png, https://trendseeker.cl/wp-content/uploads/2022/12/PROD-SS23-ORG-MFS2335LNR-BLK-3.png, https://trendseeker.cl/wp-content/uploads/2022/12/PROD-SS23-ORG-MFS2335LNR-BLK-4.png",,,,,"WFS2010CNV-BLK, MFT9000RMA-HGR, MRO4245WAP-BLK","MFS9000CNV-ATM, MFT9000RMA-DOV, MRO4245WAP-BLK",,,1,,Hunter,Hunter,Talla,"39, 40/41, 42, 43, 44, 45/46",1,1,
20104,variable,WFS2010CNV-ATM,,Botas Commando Desert Mujer Verde Musgo,1,0,visible,,"Diseñadas para usarse en los meses más cálidos, las Botas Commando Desert de lona para mujer son una actualización del popular estilo Commando Clásico en una lona de algodón negra transpirable. Mantiene los pies frescos en los calurosos días de verano y, al mismo tiempo, proporciona aislamiento natural en climas más fríos. El tejido a base de algodón está resaltado con foxing de goma, una suela exterior de alto agarre y un kickspur para facilitar la extracción. Se proporciona un juego adicional de cordones con cada par para una apariencia personalizada.\n<ul>\n 	<li>Vegano certificado.</li>\n 	<li>Parte inferior/suela impermeable.</li>\n 	<li>Hecho a mano.</li>\n 	<li>Lengüeta para facilitar la entrada del pie.</li>\n 	<li>Kick Spur para facilitar la extracción.</li>\n 	<li>Cordones adicionales para personalizar.</li>\n 	<li>Suela exterior de caucho de alto agarre con patrón de huella Hunter.</li>\n 	<li>Dos pares de cordones vienen con este estilo y la lona de la parte superior no es waterproof.</li>\n 	<li>Resistente Al Agua Nivel 1</li>\n</ul>",,,taxable,,1,,,0,0,,,,,0,,83994,139990,"Tipo de producto > Botas, Género, Género > Mujer, Tipo de producto","Invierno, Verde, Ofertas",,"https://trendseeker.cl/wp-content/uploads/2022/11/WFS2010CNV-ATM-1-1-1.jpg, https://trendseeker.cl/wp-content/uploads/2023/07/Botas-commando-mujer-Hunter-1.png, https://trendseeker.cl/wp-content/uploads/2022/11/WFS2010CNV-ATM-2.jpg, https://trendseeker.cl/wp-content/uploads/2022/11/WFS2010CNV-ATM-3.jpg, https://trendseeker.cl/wp-content/uploads/2022/11/WFS2010CNV-ATM-4.jpg",,,,,,,,,1,,Hunter,Hunter,Talla,"36, 37, 38, 39, 40/41",1,1,
19625,simple,UBS1201KBM-RBP,,Bolso Tote Mediano Rosado Intenso,0,0,visible,,"Con un forro de poliéster reciclado, un exterior resistente al agua y una base reforzada, nuestro Bolso Tote Mediano Top Clip de Nylon protegerá todas tus cosas, independientemente del clima. Tiene el tamaño ideal para llevar un kit para el gimnasio o incluso las compras. Además tiene una correa ajustable desmontable para que se pueda llevar de varias maneras diferentes.\n\n<ul>\n\n 	<li>Vegano certificado</li>\n\n 	<li>Exterior de nylon resistente al agua</li>\n\n 	<li>Forro de poliéster 100% reciclado, resistente al agua para una mayor protección</li>\n\n 	<li>Asa superior para transportarla</li>\n\n 	<li>Correa ajustable desmontable para mayor comodidad y versatilidad</li>\n\n 	<li>Detalle del clip lateral</li>\n\n 	<li>Bolsillo interno para los objetos más valiosos</li>\n\n 	<li>Bolsillo con cremallera externa para un acceso más fácil</li>\n\n 	<li>Base reforzada para proteger todas tus pertenencias</li>\n\n 	<li>Altura 30cm, profundidad 14cm, ancho en base 37cm, ancho en línea superior 46cm</li>\n\n</ul>\n\n<div class=""product-page-description__product-code""><span class=""product-page-description__title"">Product code: </span><span class=""product-page-description__number"">UBS1201KBM-RBP</span></div>",,,taxable,,0,0,,0,0,,,,,0,,,84990,"Género, Tipo de producto > Mochilas, Género > Mujer, Tipo de producto",,,"https://trendseeker.cl/wp-content/uploads/2023/07/Bolso_Rosa-1-min.jpg, https://trendseeker.cl/wp-content/uploads/2023/07/Bolso_Rosa-2-min.jpg",,,,,,,,,314,5054916830683,Hunter,Hunter,,,,,
18679,simple,UBB6017ACD-BLK,,Mochila Con Clip En La Parte Superior Original - Nylon Negro,0,0,visible,,"Mochila práctica e impermeable con adorno de cuero. Elaborada con nailon impermeable, el elegante y compacto cuerpo de la mochila se cierra con un clip y una cremallera en la parte superior.\n\n\n\n● Impermeable\n\n\n\n● Exterior de sarga de nailon\n\n\n\n● Forro de jacquard impermeable para una mayor protección de las pertenencias\n\n\n\n● Correas posteriores ajustables y acolchadas para un mayor confort\n\n\n\n● Cremalleras distintivas de Hunter en rojo, blanco y negro\n\n\n\n● Disponible en un tamaño más pequeño",,,taxable,,0,0,,0,0,725,11.5,,37,0,,,134990,"Género, Tipo de producto > Mochilas, Género > Mujer, Tipo de producto",winter-style,,"https://trendseeker.cl/wp-content/uploads/2023/07/UBB6017ACD-BLK-1-princ.jpg, https://trendseeker.cl/wp-content/uploads/2023/07/UBB6017ACD-BLK-4.jpg, https://trendseeker.cl/wp-content/uploads/2023/07/UBB6017ACD-BLK-2.jpg, https://trendseeker.cl/wp-content/uploads/2023/07/UBB6017ACD-BLK-3.jpg",,,,,,"PK13PH, AC1SI",,,319,5054916211925,Hunter,Hunter,,,,,
19603,variable,WRO1345WAP-BLK,,Chaqueta Impermeable Mujer Black,1,0,visible,,"<p style=""font-weight: 400;"">Conoce la tendencia impermeable de Hunter! Indispensable para los cambios de estación o para las frescas tardes de verano, esta chaqueta completamente impermeable cuenta con estructura de costuras soldadas y solapa cortavientos con cierre a presión para ofrecer mayor protección. La abertura para la ventilación en la parte posterior y el forro de malla ofrecen transpirabilidad, mientras que la cintura ajustable garantiza un ajuste cómodo y estilizado. Sube el cierre, ponte la capucha y deja que la lluvia empiece a caer.</p>\n\n\n\n<ul style=""font-weight: 400;"">\n\n 	<li>Ajuste normal</li>\n\n 	<li>Completamente impermeable con costuras soldadas</li>\n\n 	<li>Cierre con las franjas características de Hunter y solapa cortavientos con cierre a presión</li>\n\n 	<li>Forro de malla para ofrecer transpirabilidad</li>\n\n 	<li>Aberturas bajo los brazos y en la parte posterior para ofrecer mayor ventilación</li>\n\n 	<li>Capucha con cierres a presión para ajustar la apertura y proteger del viento y la lluvia</li>\n\n 	<li>Cordón en la cintura para adaptar el ajuste</li>\n\n 	<li>Bolsillos ribeteados con entrada inversa para evitar que entre la lluvia</li>\n\n 	<li>Puños ajustables con cierre a presión</li>\n\n</ul>",,,taxable,,0,,,0,0,,,,,0,,157242,184990,"Tipo de producto > Chaquetas, Género, Género > Mujer, Tipo de producto","Impermeables, Invierno, Ofertas",,"https://trendseeker.cl/wp-content/uploads/2023/07/WRO1258WAP-BLK-1.jpg, https://trendseeker.cl/wp-content/uploads/2023/07/WRO1258WAP-BLK-3.jpg, https://trendseeker.cl/wp-content/uploads/2023/07/WRO1258WAP-BLK-2.jpg, https://trendseeker.cl/wp-content/uploads/2023/07/WRO1258WAP-BLK-4.jpg",,,,,,,,,1,,Hunter,Hunter,Talla,"L, M, S, XS",1,1,
19624,simple,UBS1203KBM-IGG,,Bolso Tote Pequeño Celeste,0,0,visible,,"Con un forro de poliéster reciclado, un exterior resistente al agua y una base reforzada, nuestro Bolso Tote Pequeño Top Clip de Nylon protegerá todas tus cosas, independientemente del clima. Es del tamaño ideal para tu día a día y tiene una correa ajustable desmontable para que se pueda llevar de varias maneras diferentes.\n\n<ul>\n\n 	<li>Vegano certificado</li>\n\n 	<li>Exterior de nylon resistente al agua</li>\n\n 	<li>Forro de poliéster 100% reciclado, resistente al agua para una mayor protección</li>\n\n 	<li>Correa superior para transportarla</li>\n\n 	<li>Correa ajustable desmontable para mayor comodidad y versatilidad</li>\n\n 	<li>Detalle del clip lateral</li>\n\n 	<li>Bolsillo interno para los objetos más valiosos</li>\n\n 	<li>Base reforzada para proteger todas tus pertenencias</li>\n\n 	<li>Altura 18cm, profundidad 14cm, ancho en base 24cm, ancho en línea superior 30cm</li>\n\n</ul>\n\n<div class=""product-page-description__product-code""><span class=""product-page-description__title"">SKU: </span><span class=""product-page-description__number"">UBS1203KBM-IGG</span></div>",,,taxable,,0,0,,0,0,,,,,0,,,47990,"Género, Tipo de producto > Mochilas, Género > Mujer, Tipo de producto",,,"https://trendseeker.cl/wp-content/uploads/2023/07/UBS1203KBM-IGG-11.jpg, https://trendseeker.cl/wp-content/uploads/2023/07/UBS1203KBM-IGG-21.jpg",,,,,,,,,328,5054916830768,Hunter,Hunter,,,,,
19606,variable,MRO4245WAP-DOV,,Chaqueta Impermeable Hombre Olive Green,1,0,visible,,"<p style=""font-weight: 400;"">Esta chaqueta clásica totalmente impermeable presenta una construcción de costuras soldadas y un cierre de solapa para una protección superior contra viento, agua y frío. Una ventilación en la espalda y un forro de malla en el cuerpo ofrecen transpirabilidad, mientras que el dobladillo ajustable asegura un ajuste cómodo.</p>\n\n\n\n<ul>\n\n 	<li style=""font-weight: 400;"">Construcción de costuras soldadas para lograr una prenda totalmente impermeable.</li>\n\n 	<li style=""font-weight: 400;"">Cierre con los colores clásicos de la marca Hunter</li>\n\n 	<li style=""font-weight: 400;"">Forro del cuerpo liviano y respirable para una mejor transpirabilidad.</li>\n\n 	<li style=""font-weight: 400;"">Capucha con cordón para ajuste para proteger del viento y la lluvia.</li>\n\n 	<li style=""font-weight: 400;"">Bolsillos con botón superior para evitar caídas y prevenir la entrada de agua</li>\n\n 	<li style=""font-weight: 400;"">Ojales en las axilas y ventilación trasera abierta para una ventilación adicional</li>\n\n 	<li style=""font-weight: 400;"">Puños ajustables a presión.</li>\n\n 	<li style=""font-weight: 400;"">72 CM de longitud en el centro de la espalda</li>\n\n</ul>",,,taxable,,0,,,0,0,,,,,0,,157242,184990,"Tipo de producto > Chaquetas, Género, Género > Hombre, Tipo de producto","Impermeables, Invierno, Verde, Ofertas",,https://trendseeker.cl/wp-content/uploads/2023/07/MRO4190WAP-DOV.jpg,,,,,,,,,1,,Hunter,Hunter,Talla,"L, M, XL",1,1,
19604,variable,WRO1345WAP-DOV,,Chaqueta Impermeable Mujer Olive Green,1,0,visible,,"<p style=""font-weight: 400;"">Conoce la tendencia impermeable de Hunter! Indispensable para los cambios de estación o para las frescas tardes de verano, esta chaqueta completamente impermeable cuenta con estructura de costuras soldadas y solapa cortavientos con cierre a presión para ofrecer mayor protección. La abertura para la ventilación en la parte posterior y el forro de malla ofrecen transpirabilidad, mientras que la cintura ajustable garantiza un ajuste cómodo y estilizado. Sube el cierre, ponte la capucha y deja que la lluvia empiece a caer.</p>\n\n\n\n<ul style=""font-weight: 400;"">\n\n 	<li>Ajuste normal</li>\n\n 	<li>Completamente impermeable con costuras soldadas</li>\n\n 	<li>Cierre con las franjas características de Hunter y solapa cortavientos con cierre a presión</li>\n\n 	<li>Forro de malla para ofrecer transpirabilidad</li>\n\n 	<li>Aberturas bajo los brazos y en la parte posterior para ofrecer mayor ventilación</li>\n\n 	<li>Capucha con cierres a presión para ajustar la apertura y proteger del viento y la lluvia</li>\n\n 	<li>Cordón en la cintura para adaptar el ajuste</li>\n\n 	<li>Bolsillos ribeteados con entrada inversa para evitar que entre la lluvia</li>\n\n 	<li>Puños ajustables con cierre a presión</li>\n\n</ul>",,,taxable,,1,,,0,0,,,,,0,,157242,184990,"Tipo de producto > Chaquetas, Género, Género > Mujer, Tipo de producto","Impermeables, Invierno, Verde, Ofertas",,"https://trendseeker.cl/wp-content/uploads/2023/07/WRO1258WAP-DOV-1.jpg, https://trendseeker.cl/wp-content/uploads/2023/07/WRO1258WAP-DOV-2.jpg, https://trendseeker.cl/wp-content/uploads/2023/07/WRO1258WAP-DOV-3.jpg, https://trendseeker.cl/wp-content/uploads/2023/07/WRO1258WAP-DOV-4.jpg, https://trendseeker.cl/wp-content/uploads/2023/07/WRO1258WAP-DOV-5.jpg",,,,,,,,,1,,Hunter,Hunter,Talla,"L, M, S, XS",1,1,
18588,variable,UZF3003LSK-NTR,,Plantilla Luxury Shearling,1,0,visible,,"<p id=""tw-target-text"" class=""tw-data-text tw-text-large XcVN5d tw-ta"" dir=""ltr"" data-placeholder=""Traducción""><span class=""Y2IQFc"" lang=""es"">Agrega una capa cálida y acogedora a tus botas Hunter con las plantillas de piel de oveja originales. Estas plantillas están fabricadas con borreguito de alta calidad. Diseñadas para adaptarse a la bota Original, ofrecen mayor comodidad, mientras que la plantilla acolchada proporciona apoyo adicional al pie.</span></p>\n\n\n\n<ul>\n\n 	<li>100% piel de oveja real</li>\n\n 	<li>Borreguito australiano</li>\n\n 	<li>Plantilla almohadillada</li>\n\n 	<li>Se adaptan a la bota alta Original y a la bota corta Original</li>\n\n</ul>\n\n<div class=""copy trim-stacked-margins has-inner-html product-page-description__features""></div>",,,taxable,,1,,,0,0,,,,,0,,,,"Tipo de producto > Accesorios, Tipo de producto > Accesorios > Plantilla, Tipo de producto",Invierno,,https://trendseeker.cl/wp-content/uploads/2023/07/UZF3003LSK-NTR-1-princ.jpg,,,,,,,,,335,,Hunter,Hunter,Talla,"36, 37, 38, 39, 40/41",0,1,
19605,variable,MRO4245WAP-BLK,,Chaqueta Impermeable Hombre Black,0,0,visible,,"<p style=""font-weight: 400;"">Esta chaqueta clásica totalmente impermeable presenta una construcción de costuras soldadas y un cierre de solapa para una protección superior contra viento, agua y frío. Una ventilación en la espalda y un forro de malla en el cuerpo ofrecen transpirabilidad, mientras que el dobladillo ajustable asegura un ajuste cómodo.</p>\n\n\n\n<ul>\n\n 	<li style=""font-weight: 400;"">Construcción de costuras soldadas para lograr una prenda totalmente impermeable.</li>\n\n 	<li style=""font-weight: 400;"">Cierre con los colores clásicos de la marca Hunter</li>\n\n 	<li style=""font-weight: 400;"">Forro del cuerpo liviano y respirable para una mejor transpirabilidad.</li>\n\n 	<li style=""font-weight: 400;"">Capucha con cordón para ajuste para proteger del viento y la lluvia.</li>\n\n 	<li style=""font-weight: 400;"">Bolsillos con botón superior para evitar caídas y prevenir la entrada de agua</li>\n\n 	<li style=""font-weight: 400;"">Ojales en las axilas y ventilación trasera abierta para una ventilación adicional</li>\n\n 	<li style=""font-weight: 400;"">Puños ajustables a presión.</li>\n\n 	<li style=""font-weight: 400;"">72 CM de longitud en el centro de la espalda</li>\n\n</ul>",,,taxable,,0,,,0,0,,,,,0,,157242,184990,"Tipo de producto > Chaquetas, Género, Género > Hombre, Tipo de producto","Impermeables, Invierno, Ofertas",,https://trendseeker.cl/wp-content/uploads/2023/07/MRO4190WAP-BLK.jpg,,,,,,,,,1,,Hunter,Hunter,Talla,"L, M, XL",1,1,
18923,variable,UAS3036AAB-GZB,,Hunter Calcetín Bota 6 Puntadas,1,0,visible,,"Personaliza tus botas Hunter con estos calcetines para botas cálidos y cómodos. Diseñados para ajustarse cómodamente dentro de la bota de agua alta Original y mejorar el ajuste, al tiempo que añaden comodidad y calidez, estos calcetines para botas cuentan con el logotipo de Hunter Original y una confortable vuelta de punto que se dobla.\n\n\n\nPierna con forro de vellón 100 % poliéster\n\n\n\nVuelta que se dobla\n\n\n\nVuelta de punto de ochos\n\n\n\nDiseñados para ajustarse a las botas de agua altas Original\n\n\n\nLogotipo de la marca en PVC\n\n\n\nRecomendamos las siguientes tallas para usar con sus Botas Altas Originales Hunter. Talla M = Talla de Mujer EU 36-38. Talla L = Talla de Mujer EU 39-42, Talla de Hombre EU 39-42. Talla XL = Talla de Hombre UK 43-45",2025-07-18 0:00:00,2025-07-31 23:59:59,taxable,,1,1,,0,0,,,,,0,,23994,39990,"Tipo de producto > Accesorios, Tipo de producto > Accesorios > Calcetín, Tipo de producto","Hunter, Invierno, Mujer, Ofertas",,"https://trendseeker.cl/wp-content/uploads/2022/11/UAS3036AAB-GZB.png, https://trendseeker.cl/wp-content/uploads/2023/07/Calcetines-Hunter-5.png, https://trendseeker.cl/wp-content/uploads/2023/07/UAS3036AAB-GZB-2.jpg",,,,,,,,,1,,Hunter,Hunter,size,"L, M",0,1,
19559,simple,UZG7001MAR-RYL,,Llavero Mochila Hunter Amarilla,1,0,visible,,"<p dir=""ltr"" data-placeholder=""Traducción""><span class=""Y2IQFc"" lang=""es"">Agrega un toque personal a tu llavero o mochila Hunter con este llavero original Hunter. Diseñado como una versión en miniatura de la icónica mochila Top Clip, este lindo llavero en rojo brillante presenta un accesorio ideal para que lleves tu marca favorita a todos lados. </span></p>\n\n<p class=""tw-data-text tw-text-large XcVN5d tw-ta"" dir=""ltr"" data-placeholder=""Traducción""><span class=""Y2IQFc"" lang=""es"">Código de producto: UZG7001MAR-RYL</span></p>",,,taxable,,1,23,,0,0,,,,,0,,,6990,"Tipo de producto > Accesorios, Tipo de producto",,,"https://trendseeker.cl/wp-content/uploads/2023/07/UZG7001MAR-RYL-1.jpg, https://trendseeker.cl/wp-content/uploads/2023/07/UZG7001MAR-RYL-2.jpg",,,,,,,,,337,,Hunter,Hunter,,,,,
19560,simple,UZG7001MAR-MLR,,Llavero Mochila Hunter Roja,1,0,visible,,"<span class=""Y2IQFc"" lang=""es"">Agrega un toque personal a tu llavero o mochila Hunter con este llavero original Hunter. Diseñado como una versión en miniatura de la icónica mochila Top Clip, este lindo llavero en rojo brillante presenta un accesorio ideal para que lleves tu marca favorita a todos lados. </span>\n\n\n\n&nbsp;\n\n\n\n<span class=""Y2IQFc"" lang=""es"">Código de producto: UZG7001MAR-MLR</span>",,,taxable,,1,26,,0,0,,,,,0,,,6990,"Tipo de producto > Accesorios, Tipo de producto",,,"https://trendseeker.cl/wp-content/uploads/2023/07/UZG7001MAR-MLR-1.jpg, https://trendseeker.cl/wp-content/uploads/2023/07/UZG7001MAR-MLR-2.jpg",,,,,,,,,338,,Hunter,Hunter,,,,,
19561,simple,UZG7001MAR-HGR,,Llavero Mochila Hunter Verde,1,0,visible,,"<span class=""Y2IQFc"" lang=""es"">Agrega un toque personal a tu llavero o mochila Hunter con este llavero original Hunter. Diseñado como una versión en miniatura de la icónica mochila Top Clip, este lindo llavero en rojo brillante presenta un accesorio ideal para que lleves tu marca favorita a todos lados. </span>\n\n\n\n&nbsp;\n\n\n\n<span class=""Y2IQFc"" lang=""es"">Código de producto: UZG7001MAR-HGR</span>",,,taxable,,1,26,,0,0,,,,,0,,,6990,"Tipo de producto > Accesorios, Tipo de producto",,,"https://trendseeker.cl/wp-content/uploads/2023/07/UZG7001MAR-HGR-1.jpg, https://trendseeker.cl/wp-content/uploads/2023/07/UZG7001MAR-HGR-2.jpg",,,,,,,,,339,,Hunter,Hunter,,,,,
18902,simple,UBS6019KBM-RBP,,Bolsa Para Fines De Semana Rosado Intenso,1,0,visible,,"La bolsa para fines de semana de nylon Original incluye un asa y una correa de hombro para transportarla con facilidad. Se pliega para facilitar el transporte y hace que los días de lluvia no sean un problema gracias a su acabado impermeable. Los bolsillos interiores mantienen a salvo los objetos de valor, mientras que el gran compartimento interior ofrece un espacio de almacenamiento ideal para una breve escapada.\n\n\n\n● Impermeable\n\n\n\n● Exterior de nylon\n\n\n\n● Forro impermeable para proteger el interior\n\n\n\n● Plegable\n\n\n\n● Bolsillo interior con cierre de cremallera y bolsillo delantero oculto\n\n\n\n● Correa cruzada ajustable y desmontable, y asa de transporte",,,taxable,,0,0,,0,0,,,,,0,,,99990,"Género, Tipo de producto > Mochilas, Género > Mujer, Tipo de producto",,,"https://trendseeker.cl/wp-content/uploads/2023/07/UBS6019KBM-RBP-1-princ.jpg, https://trendseeker.cl/wp-content/uploads/2023/07/UBS6019KBM-RBP-2.jpg, https://trendseeker.cl/wp-content/uploads/2023/07/UBS6019KBM-RBP-3.jpg, https://trendseeker.cl/wp-content/uploads/2023/07/UBS6019KBM-RBP-4.jpg, https://trendseeker.cl/wp-content/uploads/2023/07/UBS6019KBM-RBP-5.jpg, https://trendseeker.cl/wp-content/uploads/2023/07/UBS6019KBM-RBP-6.jpg",,,,,,,,,352,5054916201360,Hunter,Hunter,,,,,
19490,simple,UAH3345WXA-BLK,,Gorro Original de Lana Negro,0,0,visible,,"<p id=""tw-target-text"" class=""tw-data-text tw-text-large XcVN5d tw-ta"" dir=""ltr"" data-placeholder=""Traducción""><span class=""Y2IQFc"" lang=""es"">El gorro Original Hunter es el complemento perfecto para los días fríos. En un clásico color negro con detalles contrastantes en blanco, este gorro icónico ofrece calidez y es suave al tacto. Disponible en un tamaño único que se ajusta a todos y con el logotipo en una etiqueta bordada este accesorio te dará todo el estilo para el invierno. </span></p>\n\n<p dir=""ltr"" data-placeholder=""Traducción"">¡Combínalo con unas botas en tu color favorito par darle todo el estilo Hunter a tus tenidas!</p>",,,taxable,,0,0,,0,0,,,,,0,,14994,24990,"Tipo de producto > Accesorios, Tipo de producto > Accesorios > Gorros, Tipo de producto","Invierno, winter-style, Ofertas",,"https://trendseeker.cl/wp-content/uploads/2023/07/UAH3345WXA-BLK-1.jpg, https://trendseeker.cl/wp-content/uploads/2023/07/UAH3345WXA-BLK-3.jpg, https://trendseeker.cl/wp-content/uploads/2023/07/UAH3345WXA-BLK-2.jpg",,,,,,,,,1,5054916742528,Hunter,Hunter,,,,,
18897,simple,UBS6004KBM-RBP,,Bolso Tote De Nylon Original Rosado Intenso,1,0,visible,,"Un complemento básico de uso diario a prueba de aguaceros, el bolso tote de nailon Original cuenta con un bolsillo oculto en la parte delantera y es impermeable para proteger el contenido de los chaparrones imprevistos.\n\n\n\n● Impermeable\n\n\n\n● Exterior de sarga de nailon\n\n\n\n● Forro impermeable para proteger el interior\n\n\n\n● Bolsillo exterior delantero para un acceso fácil",,,taxable,,1,3,,0,0,,,,,0,,,77990,"Género, Tipo de producto > Mochilas, Género > Mujer, Tipo de producto",,,"https://trendseeker.cl/wp-content/uploads/2023/07/UBS6004KBM-RBP-1-princ.jpg, https://trendseeker.cl/wp-content/uploads/2023/07/UBS6004KBM-RBP-2.jpg, https://trendseeker.cl/wp-content/uploads/2023/07/UBS6004KBM-RBP-3.jpg, https://trendseeker.cl/wp-content/uploads/2023/07/UBS6004KBM-RBP-4.jpg, https://trendseeker.cl/wp-content/uploads/2023/07/UBS6004KBM-RBP-5.jpg",,,,,,,,,353,5054916201315,Hunter,Hunter,,,,,
20272,variable,WFS1020RMA-ATM,,Botas de Agua Bajas Play Neopreno Verde Musgo Mujer,1,0,visible,,"La Bota Play de Neopreno de Mujer es una nueva adición a nuestra familia de calzado ligero. Esta silueta combina nuestro característico caucho natural y vegano de nuestra colección Play con un neopreno resistente al agua, aislante y flexible para facilitar el movimiento. Esta bota mate cuenta con un forro y plantilla de poliéster 100% reciclado.\n\n\n\nRecomendamos que todas las botas Play de Hunter se usen con calcetines Hunter Play para proteger la piel del usuario del contacto con el caucho.\n\n<div class=""copy trim-stacked-margins has-inner-html product-page-description__features"">\n\n<ul>\n\n 	<li>Vegano certificado</li>\n\n 	<li>Parte inferior impermeable</li>\n\n 	<li>Hecho a mano a partir de caucho natural y neopreno</li>\n\n 	<li>Plantilla y forro de poliéster reciclado</li>\n\n 	<li>Rediseñado para una sensación más ligera</li>\n\n 	<li>Suela moldeada con la marca de Hunter</li>\n\n 	<li>Neopreno en la parte superior para flexibilidad y confort</li>\n\n 	<li>Lengüeta para facilitar la entrada de los pies</li>\n\n</ul>\n\n**Ajuste: La talla un poco más grande de lo habitual, Regular fit. ** Si estás entre dos tallas, te recomendamos escoger la más pequeña. **\n\n\n\n</div>",,,taxable,,0,,,0,0,,,,,0,,65994,109990,"Tipo de producto > Botas, Género, Género > Mujer, Tipo de producto","Impermeables, Verde, Ofertas",,"https://trendseeker.cl/wp-content/uploads/2022/11/WFS1020RMA-ATM1-1.png, https://trendseeker.cl/wp-content/uploads/2022/11/Botas-play-neopreno-mujer-Hunter.png, https://trendseeker.cl/wp-content/uploads/2022/11/WFS1020RMA-ATM2-1.png, https://trendseeker.cl/wp-content/uploads/2022/11/WFS1020RMA-ATM3-1.png, https://trendseeker.cl/wp-content/uploads/2022/11/WFS1020RMA-ATM4-1.png, https://trendseeker.cl/wp-content/uploads/2022/11/WFS1020RMA-ATM5-2.png",,,,,,"WFS2048RMA-BLK, UAH3345WXA-BLK",,,1,,Hunter,Hunter,Talla,"36, 37, 38, 39, 40/41",1,1,
18924,variable,UAS3036AAB-NWH,,HUNTER CALCETIN BOTA 6 PUNTADAS,1,0,visible,,"Personaliza tus botas Hunter con estos calcetines para botas cálidos y cómodos. Diseñados para ajustarse cómodamente dentro de la bota de agua alta Original y mejorar el ajuste, al tiempo que añaden comodidad y calidez, estos calcetines para botas cuentan con el logotipo de Hunter Original y una confortable vuelta de punto que se dobla.\n\nPierna con forro de vellón 100 % poliéster\n\nVuelta que se dobla\n\nVuelta de punto de ochos\n\nDiseñados para ajustarse a las botas de agua altas Original\n\nLogotipo de la marca en PVC",,,taxable,,1,2,,0,0,,,,,0,,23994,39990,"Tipo de producto > Accesorios, Tipo de producto > Accesorios > Calcetín, Tipo de producto","Invierno, Ofertas",,"https://trendseeker.cl/wp-content/uploads/2023/07/UAS3036AAB-NWH-1-princ.jpg, https://trendseeker.cl/wp-content/uploads/2023/07/Calcetines-Hunter-6.png, https://trendseeker.cl/wp-content/uploads/2023/07/UAS3036AAB-NWH-2.jpg, https://trendseeker.cl/wp-content/uploads/2023/07/UAS3036AAB-NWH-3.jpg, https://trendseeker.cl/wp-content/uploads/2023/07/UAS3036AAB-NWH-4.jpg",,,,,,,,,1,,Hunter,Hunter,size,"L, M",0,1,
19562,simple,UZG7000MAR-MLR,,Llavero Bota Hunter Roja,0,0,visible,,"<p class=""tw-data-text tw-text-large XcVN5d tw-ta"" dir=""ltr"" data-placeholder=""Traducción""><span class=""Y2IQFc"" lang=""es"">Agrega un toque personal a tu llavero o mochila Hunter con este llavero original Hunter. Diseñado como una versión en miniatura de la icónica bota Original Alta, este lindo llavero en rojo brillante presenta un accesorio ideal para que lleves tu marca favorita a todos lados. </span></p>\n\n<p class=""tw-data-text tw-text-large XcVN5d tw-ta"" dir=""ltr"" data-placeholder=""Traducción""><span class=""Y2IQFc"" lang=""es"">Código de producto: </span>UZG7000MAR-MLR</p>",,,taxable,,0,0,,0,0,,,,,0,,,6990,"Tipo de producto > Accesorios, Tipo de producto",,,"https://trendseeker.cl/wp-content/uploads/2023/07/UZG7000MAR-MLR-1.jpg, https://trendseeker.cl/wp-content/uploads/2023/07/UZG7000MAR-MLR-2.jpg",,,,,,,,,353,,Hunter,Hunter,,,,,
18555,variable,UAS3036AAB-BLK,,Hunter Calcetín Bota 6 Puntadas 1,1,0,visible,,"Personaliza tus botas Hunter con estos calcetines para botas cálidos y cómodos. Diseñados para ajustarse cómodamente dentro de la bota de agua alta Original y mejorar el ajuste, al tiempo que añaden comodidad y calidez, estos calcetines para botas cuentan con el logotipo de Hunter Original y una confortable vuelta de punto que se dobla.\n\nPierna con forro de vellón 100 % poliéster\n\nVuelta que se dobla\n\nVuelta de punto de ochos\n\nDiseñados para ajustarse a las botas de agua altas Original\n\nLogotipo de la marca en PVC\n\nRecomendamos las siguientes tallas para usar con sus Botas Altas Originales Hunter. Talla M = Talla de Mujer EU 36-38. Talla L = Talla de Mujer EU 39-42, Talla de Hombre EU 39-42. Talla XL = Talla de Hombre UK 43-45",2025-07-18 0:00:00,2025-07-31 23:59:59,taxable,,1,15,,0,0,,,,,0,,23994,39990,"Tipo de producto > Accesorios, Tipo de producto > Accesorios > Calcetín, Tipo de producto","Hunter, Invierno, Mujer, Ofertas",,"https://trendseeker.cl/wp-content/uploads/2022/11/UAS3036AAB-BLK-1-princ.jpg, https://trendseeker.cl/wp-content/uploads/2023/07/Calcetines-Hunter.png, https://trendseeker.cl/wp-content/uploads/2023/07/UAS3036AAB-BLK-2.jpg",,,,,,,,,1,,Hunter,Hunter,size,"L, M",0,1,
19274,simple,UZC4010XXX-CLR,,HUNTER REPARADOR GOMA BO MISCEL,1,0,visible,,"Para mantener las botas de goma de Hunter en un estado óptimo, recomendamos este pulidor de goma. El líquido elimina las marcas blancas, conocidas como “pruina”. Este es un proceso común característico de la goma natural de alta calidad en el que las partículas insolubles salen a la superficie.\n\n\n\nMire el vídeo “Cómo limpiar sus botas” para obtener más información sobre la colección para el cuidado de las botas Hunter.\n\n\n\n• Adecuado para acabados mates, brillantes, neón, metalizados o nacarados\n\n\n\n• El uso excesivo en los modelos metalizados y nacarados puede afectar al acabado",,,taxable,,1,77,3,0,0,0.4,15,,7,0,,,12990,"Tipo de producto > Accesorios, Género, Género > Hombre, Género > Mujer, Género > Niño, Tipo de producto, Género > Unisex",,,https://trendseeker.cl/wp-content/uploads/2023/07/UZC3010XXX-CLR-1-princ.jpg,,,,,,"WFS2006RMA-BLK, WFS2080RMA-BHE",,,358,5059997093392,Hunter,Hunter,,,,,
19273,simple,UZC4007XXX-CLR,,HUNTER RUBBER CARE KIT,1,0,visible,,"<p id=""tw-target-text"" class=""tw-data-text tw-text-large tw-ta"" dir=""ltr"" data-placeholder=""Traducción""><span class=""Y2IQFc"" lang=""es"">El kit de cuidado de botas de goma incluye un amortiguador de goma, una esponja para lustrar botas y un paño de limpieza de la marca Hunter. Rubber Buffer ha sido desarrollado para restaurar el brillo natural de las botas de goma y, cuando se utiliza con el paño de limpieza, elimina fácilmente las marcas blancas conocidas como ""floración"". La floración es un proceso común y característico del caucho natural de alta calidad. Una vez que se elimina la floración, Boot Shine Sponge agrega un nivel extra de brillo a la superficie de la bota.</span></p>\n\nVea el video Cómo limpiar sus botas para descubrir más sobre la colección para el cuidado de Hunter.\n\n\n\nBoot Shine\n\n\n\nApto para calzado de cuero y de goma. No Apto para nobuck, ante o cuero poroso.\n\n\n\nRubber buffer\n\n\n\nApto para los siguientes acabados de Botass Hunter: mate, brillante, neón, metálico y perlado. Sin embargo, el uso excesivo en Botass metálicas o nacaradas puede afectar al acabado",,,taxable,,1,51,3,0,0,0.4,15,,7,0,,,21990,"Tipo de producto > Accesorios, Género, Género > Hombre, Género > Mujer, Género > Niño, Tipo de producto, Género > Unisex",,,https://trendseeker.cl/wp-content/uploads/2023/05/UZC4007XXX-CLR.png,,,,,,"WFT1000RGL-BLK, WFS2048RMA-BLK",,,359,5059997091411,Hunter,Hunter,,,,,
19513,simple,UBX1200KBM-BLK,,Bolso Camera Negro,0,0,visible,,"Diseñado con un énfasis en la protección para todo tipo de clima, el bolso camera es perfecto para usar como una cómoda bandolera y llevar tus básicos. cualquier parte o para proteger tu cámara fotográfica ya que tiene el tamaño perfecto. Además es resistente al agua y cuenta con un forro especialmente diseñado para protegerlo  de la lluvia. Además, este bolso cuadrado tiene una correa ajustable e intercambiable que se puede llevar cruzada o en la cintura. Los bolsillos frontales e internos, que brindan un almacenamiento seguro de las necesidades diarias, completan el diseño.\n\n\n\n&nbsp;\n\n<ul>\n\n 	<li>Nylon resistente al agua</li>\n\n 	<li>Forro resistente al agua</li>\n\n 	<li>Bolsillos delanteros e internos para almacenamiento adicional</li>\n\n 	<li>Correa ajustable e intercambiable que se puede utilizar en todo el cuerpo o en la cintura</li>\n\n 	<li>Detalle del clip lateral</li>\n\n 	<li>Altura 14,5 cm, Ancho 21 cm, profundidad 10,5 cm.</li>\n\n 	<li>Composición 100% Nylon</li>\n\n</ul>\n\n&nbsp;",,,taxable,,0,0,,0,0,,,,,0,,,54990,"Género, Tipo de producto > Mochilas, Género > Mujer, Tipo de producto",spring-is-coming,,"https://trendseeker.cl/wp-content/uploads/2023/07/UBB1200KBM-BLK-2.jpg, https://trendseeker.cl/wp-content/uploads/2023/07/UBB1200KBM-BLK-1.jpg, https://trendseeker.cl/wp-content/uploads/2023/07/UBB1200KBM-BLK-3.jpg",,,,,,,,,359,5054916830607,Hunter,Hunter,,,,,
20981,variable,WFF1100REN-SSH,,"Zapatillas Deportivas Travel - Mujer White, Green & Coral",1,0,visible,,"Una zapatilla urbana informal con un atractivo deportivo de lujo, la Travel Trainer de Hunter está confeccionada con una capa doble suave y transpirable de nailon y malla 100 % reciclada. La entresuela de EVA reciclada, liviana y absorbente de impactos, y la plantilla Ortholite reciclada garantizan una comodidad superior y un uso flexible, mientras que la suela exterior de goma duradera con certificación FSC® proporciona un agarre adicional para todos los terrenos. Una línea foxing de goma TPU súper liviana agrega un nivel adicional de protección contra la lluvia. Esta zapatilla para mujer está acabada con una lengüeta con el logotipo tricolor de Hunter en la parte posterior para facilitar el calce.\n\n<ul>\n\n 	<li>Certificado vegano.</li>\n\n 	<li>Empeine, forro y plantilla reciclados.</li>\n\n 	<li>Suela exterior fabricada con caucho natural certificado FSC®.</li>\n\n 	<li>Parte superior de malla para mayor transpirabilidad.</li>\n\n 	<li>Entresuela amortiguadora de EVA reciclada.</li>\n\n 	<li>Contorneado ligero en la plantilla para mayor comodidad.</li>\n\n 	<li>Contador protector del talón.</li>\n\n 	<li>Lengüeta para facilitar la entrada.</li>\n\n 	<li>Refuerzo de TPU en la parte inferior para una ligera resistencia al agua.</li>\n\n 	<li>Correas elásticas de marca para embalaje compacto.</li>\n\n</ul>",2025-11-26 0:00:00,2025-12-01 23:59:59,taxable,,1,31,,0,0,,,,,0,,,,"Calzado, Género, Género > Mujer, Tipo de producto, Tipo de producto > Zapatillas","Deportivas, Hunter, Zapatillas",,"https://trendseeker.cl/wp-content/uploads/2023/03/6-.jpg, https://trendseeker.cl/wp-content/uploads/2023/01/WFF1100REN-SSH-2.png, https://trendseeker.cl/wp-content/uploads/2023/01/WFF1100REN-SSH-3.png, https://trendseeker.cl/wp-content/uploads/2023/01/WFF1100REN-SSH-4.png, https://trendseeker.cl/wp-content/uploads/2023/01/WFF1100REN-SSH-5.png, https://trendseeker.cl/wp-content/uploads/2023/01/WFF1100REN-SSH-6.png, https://trendseeker.cl/wp-content/uploads/2023/07/TALLA-ZAPATILLAS-HUNTER-MUJER-1-1.png",,,,,,"PK13PH, UBP7012KBM-BLK",,,365,,Hunter,,Talla,"36, 37, 38, 39, 40/41",1,1,
21012,variable,WFF1100REN-BSH,,Zapatillas Deportivas Travel - Mujer Black Shaded White,1,0,visible,,"Una zapatilla urbana informal con un atractivo deportivo de lujo, la Travel Trainer de Hunter está confeccionada con una capa doble suave y transpirable de nailon y malla 100 % reciclada. La entresuela de EVA reciclada, liviana y absorbente de impactos, y la plantilla Ortholite reciclada garantizan una comodidad superior y un uso flexible, mientras que la suela exterior de goma duradera con certificación FSC® proporciona un agarre adicional - todos los terrenos. Una línea foxing de goma TPU súper liviana agrega un nivel adicional de protección contra la lluvia. Esta zapatilla - mujer está acabada con una lengüeta con el logotipo tricolor de Hunter en la parte posterior - facilitar el calce.\n\n<ul>\n\n 	<li>Certificado vegano.</li>\n\n 	<li>Empeine, forro y plantilla reciclados.</li>\n\n 	<li>Suela exterior fabricada con caucho natural certificado FSC®.</li>\n\n 	<li>Parte superior de malla - mayor transpirabilidad.</li>\n\n 	<li>Entresuela amortiguadora de EVA reciclada.</li>\n\n 	<li>Contorneado ligero en la plantilla - mayor comodidad.</li>\n\n 	<li>Contador protector del talón.</li>\n\n 	<li>Lengüeta - facilitar la entrada.</li>\n\n 	<li>Refuerzo de TPU en la parte inferior - una ligera resistencia al agua.</li>\n\n 	<li>Correas elásticas de marca - embalaje compacto.</li>\n\n</ul>",2025-11-26 0:00:00,2025-12-01 23:59:59,taxable,,1,216,,0,0,,,,,0,,,,"Calzado, Género, Género > Mujer, Tipo de producto, Tipo de producto > Zapatillas","Deportivas, Hunter, Zapatillas",,"https://trendseeker.cl/wp-content/uploads/2023/03/TS-PRODUCTO-FOTOS-1.png, https://trendseeker.cl/wp-content/uploads/2023/01/WFF1100REN-BSH-2.png, https://trendseeker.cl/wp-content/uploads/2023/01/WFF1100REN-BSH-3.png, https://trendseeker.cl/wp-content/uploads/2023/01/WFF1100REN-BSH-4.png, https://trendseeker.cl/wp-content/uploads/2023/01/WFF1100REN-BSH-5.png, https://trendseeker.cl/wp-content/uploads/2023/07/TALLA-ZAPATILLAS-HUNTER-MUJER-1-3.png",,,,,,"PK13PH, UBP1152KBM-DOV",,,366,,Hunter,,Talla,"36, 37, 38, 39, 40/41",1,1,
20988,variable,WFF1100REN-SSA,,Zapatillas Deportivas Travel - Mujer Shaded White,1,0,visible,,"Una zapatilla urbana informal con un atractivo deportivo de lujo, la Travel Trainer de Hunter está confeccionada con una capa doble suave y transpirable de nailon y malla 100 % reciclada. La entresuela de EVA reciclada, liviana y absorbente de impactos, y la plantilla Ortholite reciclada garantizan una comodidad superior y un uso flexible, mientras que la suela exterior de goma duradera con certificación FSC® proporciona un agarre adicional - todos los terrenos. Una línea foxing de goma TPU súper liviana agrega un nivel adicional de protección contra la lluvia. Esta zapatilla - mujer está acabada con una lengüeta con el logotipo tricolor de Hunter en la parte posterior - facilitar el calce.\n\n<ul>\n\n 	<li>Certificado vegano.</li>\n\n 	<li>Empeine, forro y plantilla reciclados.</li>\n\n 	<li>Suela exterior fabricada con caucho natural certificado FSC®.</li>\n\n 	<li>Parte superior de malla - mayor transpirabilidad.</li>\n\n 	<li>Entresuela amortiguadora de EVA reciclada.</li>\n\n 	<li>Contorneado ligero en la plantilla - mayor comodidad.</li>\n\n 	<li>Contador protector del talón.</li>\n\n 	<li>Lengüeta - facilitar la entrada.</li>\n\n 	<li>Refuerzo de TPU en la parte inferior - una ligera resistencia al agua.</li>\n\n 	<li>Correas elásticas de marca - embalaje compacto.</li>\n\n</ul>",2025-11-26 0:00:00,2025-12-01 23:59:59,taxable,,1,32,,0,0,,,,,0,,,,"Calzado, Género, Género > Mujer, Tipo de producto, Tipo de producto > Zapatillas","Deportivas, Hunter, Zapatillas",,"https://trendseeker.cl/wp-content/uploads/2023/03/TS-PRODUCTO-FOTOS-1-1.png, https://trendseeker.cl/wp-content/uploads/2023/01/WFF1100REN-SSA-6.png, https://trendseeker.cl/wp-content/uploads/2023/01/WFF1100REN-SSA-5.png, https://trendseeker.cl/wp-content/uploads/2023/01/WFF1100REN-SSA-4.png, https://trendseeker.cl/wp-content/uploads/2023/01/WFF1100REN-SSA-3.png, https://trendseeker.cl/wp-content/uploads/2023/01/WFF1100REN-SSA-2.png, https://trendseeker.cl/wp-content/uploads/2023/01/TALLA-ZAPATILLAS-HUNTER-MUJER-1.png",,,,,,"PK13PH, UBB1210KBM-MLR",,,367,,Hunter,,Talla,"36, 37, 38, 39, 40/41",1,1,
24468,variable,MFF9100REN-SED,,Zapatillas Deportivas Travel - Hombre Shaded White,1,0,visible,,"Una zapatilla urbana informal con un atractivo deportivo de lujo, la Travel Trainer de Hunter está confeccionada con una capa doble suave y transpirable de nylon y malla 100 % reciclada. La entresuela de EVA reciclada, liviana y absorbente de impactos, y la plantilla Ortholite reciclada garantizan una comodidad superior y un uso flexible, mientras que la suela exterior de goma duradera con certificación FSC® proporciona un agarre adicional para todos los terrenos. Una línea foxing de goma TPU súper liviana agrega un nivel adicional de protección contra la lluvia. Esta zapatilla para hombre está acabada con una lengüeta con el logotipo tricolor de Hunter en la parte posterior para facilitar el calce.\n<ul>\n 	<li>Certificado vegano.</li>\n 	<li>Empeine, forro y plantilla reciclados.</li>\n 	<li>Suela exterior fabricada con caucho natural certificado FSC®.</li>\n 	<li>Parte superior de malla para mayor transpirabilidad.</li>\n 	<li>Entresuela amortiguadora de EVA reciclada.</li>\n 	<li>Contorneado ligero en la plantilla para mayor comodidad.</li>\n 	<li>Contador protector del talón.</li>\n 	<li>Lengüeta para facilitar la entrada.</li>\n 	<li>Refuerzo de TPU en la parte inferior para una ligera resistencia al agua.</li>\n 	<li>Correas elásticas de marca para embalaje compacto.</li>\n</ul>",2025-11-26 0:00:00,2025-12-01 23:59:59,taxable,,1,,,0,0,,,,,0,,,,"Calzado, Género, Género > Hombre, Tipo de producto, Tipo de producto > Zapatillas","Deportivas, Hunter, Zapatillas",,"https://trendseeker.cl/wp-content/uploads/2023/11/8-.jpg, https://trendseeker.cl/wp-content/uploads/2023/09/MFF9100REN-SED2.png, https://trendseeker.cl/wp-content/uploads/2023/09/MFF9100REN-SED3.png, https://trendseeker.cl/wp-content/uploads/2023/09/MFF9100REN-SED4.png",,,,,,,,,368,,Hunter,,size,"39, 40/41, 42, 43, 44, 45/46",1,1,
24825,variable,WFF1100REN-VPY,,Zapatillas Deportivas Travel - Mujer - Red,1,0,visible,,"Una zapatilla urbana informal con un atractivo deportivo de lujo, la Travel Trainer de Hunter está confeccionada con una capa doble suave y transpirable de nailon y malla 100 % reciclada. La entresuela de EVA reciclada, liviana y absorbente de impactos, y la plantilla Ortholite reciclada garantizan una comodidad superior y un uso flexible, mientras que la suela exterior de goma duradera con certificación FSC® proporciona un agarre adicional - todos los terrenos. Una línea foxing de goma TPU súper liviana agrega un nivel adicional de protección contra la lluvia. Esta zapatilla - mujer está acabada con una lengüeta con el logotipo tricolor de Hunter en la parte posterior - facilitar el calce.\n\n<ul>\n\n 	<li>Certificado vegano.</li>\n\n 	<li>Empeine, forro y plantilla reciclados.</li>\n\n 	<li>Suela exterior fabricada con caucho natural certificado FSC®.</li>\n\n 	<li>Parte superior de malla - mayor transpirabilidad.</li>\n\n 	<li>Entresuela amortiguadora de EVA reciclada.</li>\n\n 	<li>Contorneado ligero en la plantilla - mayor comodidad.</li>\n\n 	<li>Contador protector del talón.</li>\n\n 	<li>Lengüeta - facilitar la entrada.</li>\n\n 	<li>Refuerzo de TPU en la parte inferior - una ligera resistencia al agua.</li>\n\n 	<li>Correas elásticas de marca - embalaje compacto.</li>\n\n</ul>",2025-11-26 0:00:00,2025-12-01 23:59:59,taxable,,1,,,0,0,,,,,0,,,,"Calzado, Género, Género > Mujer, Tipo de producto, Tipo de producto > Zapatillas","Deportivas, Hunter, Zapatillas",,"https://trendseeker.cl/wp-content/uploads/2023/11/TS-PRODUCTO-FOTOS-3.png, https://trendseeker.cl/wp-content/uploads/2023/11/WFF1100REN-VPY2.png",,,,,"WFF1100REN-BSH, WFF1100REN-SSH",,,,369,,Hunter,,size,"36, 37, 38, 39, 40/41",1,1,
21003,variable,WFF1100REN-RCG,,Zapatillas Deportivas Travel - Mujer Red Tang,1,0,visible,,"Una zapatilla urbana informal con un atractivo deportivo de lujo, la Travel Trainer de Hunter está confeccionada con una capa doble suave y transpirable de nailon y malla 100 % reciclada. La entresuela de EVA reciclada, liviana y absorbente de impactos, y la plantilla Ortholite reciclada garantizan una comodidad superior y un uso flexible, mientras que la suela exterior de goma duradera con certificación FSC® proporciona un agarre adicional - todos los terrenos. Una línea foxing de goma TPU súper liviana agrega un nivel adicional de protección contra la lluvia. Esta zapatilla - mujer está acabada con una lengüeta con el logotipo tricolor de Hunter en la parte posterior - facilitar el calce.\n\n<ul>\n\n 	<li>Certificado vegano.</li>\n\n 	<li>Empeine, forro y plantilla reciclados.</li>\n\n 	<li>Suela exterior fabricada con caucho natural certificado FSC®.</li>\n\n 	<li>Parte superior de malla - mayor transpirabilidad.</li>\n\n 	<li>Entresuela amortiguadora de EVA reciclada.</li>\n\n 	<li>Contorneado ligero en la plantilla - mayor comodidad.</li>\n\n 	<li>Contador protector del talón.</li>\n\n 	<li>Lengüeta - facilitar la entrada.</li>\n\n 	<li>Refuerzo de TPU en la parte inferior - una ligera resistencia al agua.</li>\n\n 	<li>Correas elásticas de marca - embalaje compacto.</li>\n\n</ul>",2025-11-26 0:00:00,2025-12-01 23:59:59,taxable,,1,,,0,0,,,,,0,,,,"Calzado, Género, Género > Mujer, Tipo de producto, Tipo de producto > Zapatillas","Deportivas, Hunter, Zapatillas",,"https://trendseeker.cl/wp-content/uploads/2023/03/TS-PRODUCTO-FOTOS-2.png, https://trendseeker.cl/wp-content/uploads/2023/01/WFF1100REN-RCG-5.jpg, https://trendseeker.cl/wp-content/uploads/2023/01/WFF1100REN-RCG-6.jpg, https://trendseeker.cl/wp-content/uploads/2023/01/WFF1100REN-RCG-2.jpg, https://trendseeker.cl/wp-content/uploads/2023/01/WFF1100REN-RCG-4.jpg, https://trendseeker.cl/wp-content/uploads/2023/01/WFF1100REN-RCG-3.jpg, https://trendseeker.cl/wp-content/uploads/2023/07/TALLA-ZAPATILLAS-HUNTER-MUJER-1-2.png",,,,,,"PK13PH, UBP7012KBM-HRE",,,370,,Hunter,,Talla,"36, 37, 38, 39, 40/41",1,1,
18825,simple,JBB6005KBM-RYL,,Mochila Infantil Original Amarillo,-1,0,hidden,,"Un nuevo diseño de Hunter Kids, esta mochila impermeable es el complemento ideal de cualquier atuendo para días lluviosos.\n\n\n\n● Elaborada con nailon impermeable\n\n\n\n● Cremalleras Hunter en rojo, blanco y negro\n\n\n\n● Correas posteriores acolchadas para un mayor confort\n\n\n\n● Bolsillo delantero\n\n\n\n● Apertura sencilla\n\n\n\n● Detalle de bigote icónico\n\n<ul>\n\n 	<li><strong>Alto 32CM, Profundidad 10.5CM, Ancho 24.5CM</strong></li>\n\n</ul>",,,taxable,,0,0,,0,0,0.6,10,,21,0,,,59990,"Género, Tipo de producto > Mochilas, Género > Niño, Tipo de producto",,,"https://trendseeker.cl/wp-content/uploads/2023/07/JBB6005KBM-RYL-1-princ.jpg, https://trendseeker.cl/wp-content/uploads/2023/07/JBB6005KBM-RYL-2.jpg, https://trendseeker.cl/wp-content/uploads/2023/07/JBB6005KBM-RYL-3.jpg, https://trendseeker.cl/wp-content/uploads/2023/07/JBB6005KBM-RYL-4.jpg, https://trendseeker.cl/wp-content/uploads/2023/07/JBB6005KBM-RYL-5.jpg, https://trendseeker.cl/wp-content/uploads/2023/07/JBB6005KBM-RYL-6.jpg",,,,,,,,,368,5054916200813,Hunter,Hunter,,,,,
20930,variable,WFF1100REN-BLK,,Zapatillas Deportivas Travel - Mujer - Black,1,0,visible,,"Una zapatilla urbana informal con un atractivo deportivo de lujo, la Travel Trainer de Hunter está confeccionada con una capa doble suave y transpirable de nailon y malla 100 % reciclada. La entresuela de EVA reciclada, liviana y absorbente de impactos, y la plantilla Ortholite reciclada garantizan una comodidad superior y un uso flexible, mientras que la suela exterior de goma duradera con certificación FSC® proporciona un agarre adicional - todos los terrenos. Una línea foxing de goma TPU súper liviana agrega un nivel adicional de protección contra la lluvia. Esta zapatilla - mujer está acabada con una lengüeta con el logotipo tricolor de Hunter en la parte posterior - facilitar el calce.\n\n<ul>\n\n 	<li>Certificado vegano.</li>\n\n 	<li>Empeine, forro y plantilla reciclados.</li>\n\n 	<li>Suela exterior fabricada con caucho natural certificado FSC®.</li>\n\n 	<li>Parte superior de malla - mayor transpirabilidad.</li>\n\n 	<li>Entresuela amortiguadora de EVA reciclada.</li>\n\n 	<li>Contorneado ligero en la plantilla - mayor comodidad.</li>\n\n 	<li>Contador protector del talón.</li>\n\n 	<li>Lengüeta - facilitar la entrada.</li>\n\n 	<li>Refuerzo de TPU en la parte inferior - una ligera resistencia al agua.</li>\n\n 	<li>Correas elásticas de marca - embalaje compacto.</li>\n\n</ul>",2025-11-26 0:00:00,2025-12-01 23:59:59,taxable,,1,,,0,0,,,,,0,,,,"Calzado, Género, Género > Mujer, Tipo de producto, Tipo de producto > Zapatillas","Deportivas, Hunter, Zapatillas",,"https://trendseeker.cl/wp-content/uploads/2023/03/TS-PRODUCTO-FOTOS.png, https://trendseeker.cl/wp-content/uploads/2023/01/WFF1100REN-BLK-2.png, https://trendseeker.cl/wp-content/uploads/2023/01/WFF1100REN-BLK-4.png, https://trendseeker.cl/wp-content/uploads/2023/01/WFF1100REN-BLK-5.png, https://trendseeker.cl/wp-content/uploads/2023/01/WFF1100REN-BLK-6.png, https://trendseeker.cl/wp-content/uploads/2023/07/TALLA-ZAPATILLAS-HUNTER-MUJER-1.png",,,,,,"PK13PH, UBP1152KBM-DOV",,,371,,Hunter,,Talla,"36, 37, 38, 39, 40/41",1,1,
20273,variable,WFS1020RMA-BLK,,Botas de Agua Bajas Play Neopreno Black Mujer,0,0,visible,,"La Bota Play de Neopreno de Mujer es una nueva adición a nuestra familia de calzado ligero. Esta silueta combina nuestro característico caucho natural y vegano de nuestra colección Play con un neopreno resistente al agua, aislante y flexible para facilitar el movimiento. Esta bota mate cuenta con un forro y plantilla de poliéster 100% reciclado.\n\n\n\nRecomendamos que todas las botas Play de Hunter se usen con calcetines Hunter Play para proteger la piel del usuario del contacto con el caucho.\n\n<div class=""copy trim-stacked-margins has-inner-html product-page-description__features"">\n\n<ul>\n\n 	<li>Vegano certificado</li>\n\n 	<li>Parte inferior impermeable</li>\n\n 	<li>Hecho a mano a partir de caucho natural y neopreno</li>\n\n 	<li>Plantilla y forro de poliéster reciclado</li>\n\n 	<li>Rediseñado para una sensación más ligera</li>\n\n 	<li>Suela moldeada con la marca de Hunter</li>\n\n 	<li>Neopreno en la parte superior para flexibilidad y confort</li>\n\n 	<li>Lengüeta para facilitar la entrada de los pies</li>\n\n</ul>\n\n**Ajuste: La talla un poco más grande de lo habitual, Regular fit. ** Si estás entre dos tallas, te recomendamos escoger la más pequeña. **\n\n\n\n</div>",,,taxable,,0,,,0,0,,,,,0,,65994,109990,"Tipo de producto > Botas, Género, Género > Mujer, Tipo de producto","Impermeables, Verde, Ofertas",,"https://trendseeker.cl/wp-content/uploads/2022/11/WFS1020RMA-BLK-1.png, https://trendseeker.cl/wp-content/uploads/2023/07/Botas-play-neopreno-mujer-Hunter.png, https://trendseeker.cl/wp-content/uploads/2022/11/WFS1020RMA-BLK-2-1.png, https://trendseeker.cl/wp-content/uploads/2022/11/WFS1020RMA-BLK-3-1.png, https://trendseeker.cl/wp-content/uploads/2022/11/WFS1020RMA-BLK-4-1.png, https://trendseeker.cl/wp-content/uploads/2022/11/WFS1020RMA-BLK-5-1.png",,,,,,"WFS2006RMA-BLK, UAH3031WXA-MRG, UBB2004KBM-DOV",,,1,,Hunter,Hunter,Talla,"36, 37, 38, 39, 40/41",1,1,
24812,variable,MFF9100REN-LTB,,Zapatillas Deportivas Travel - Hombre Verde Musgo,1,0,visible,,"Una zapatilla urbana informal con un atractivo deportivo de lujo, la Travel Trainer de Hunter está confeccionada con una capa doble suave y transpirable de nailon y malla 100 % reciclada. La entresuela de EVA reciclada, liviana y absorbente de impactos, y la plantilla Ortholite reciclada garantizan una comodidad superior y un uso flexible, mientras que la suela exterior de goma duradera con certificación FSC® proporciona un agarre adicional para todos los terrenos. Una línea foxing de goma TPU súper liviana agrega un nivel adicional de protección contra la lluvia. Esta zapatilla para hombre está acabada con una lengüeta con el logotipo tricolor de Hunter en la parte posterior para facilitar el calce.\n<ul>\n 	<li>Certificado vegano.</li>\n 	<li>Empeine, forro y plantilla reciclados.</li>\n 	<li>Suela exterior fabricada con caucho natural certificado FSC®.</li>\n 	<li>Parte superior de malla para mayor transpirabilidad.</li>\n 	<li>Entresuela amortiguadora de EVA reciclada.</li>\n 	<li>Contorneado ligero en la plantilla para mayor comodidad.</li>\n 	<li>Contador protector del talón.</li>\n 	<li>Lengüeta para facilitar la entrada.</li>\n 	<li>Refuerzo de TPU en la parte inferior para una ligera resistencia al agua.</li>\n 	<li>Correas elásticas de marca para embalaje compacto.</li>\n</ul>",2025-11-26 0:00:00,2025-12-01 23:59:59,taxable,,1,,,0,0,,,,,0,,,,"Calzado, Género, Género > Hombre, Tipo de producto, Tipo de producto > Zapatillas","Deportivas, Hunter, Zapatillas",,"https://trendseeker.cl/wp-content/uploads/2023/11/2-.png, https://trendseeker.cl/wp-content/uploads/2023/11/MFF9100REN-LTB2.png, https://trendseeker.cl/wp-content/uploads/2023/11/MFF9100REN-LTB3.png, https://trendseeker.cl/wp-content/uploads/2023/11/MFF9100REN-LTB4.png, https://trendseeker.cl/wp-content/uploads/2023/11/MFF9100REN-LTB5.png, https://trendseeker.cl/wp-content/uploads/2023/11/MFF9100REN-LTB6.png",,,,,"MFF9100REN-BLK, MFF9100REN-ZSB",,,,373,,Hunter,,size,"39, 40/41, 42, 43, 44, 45/46",1,1,
20920,variable,MFF9100REN-ZSB,,Zapatillas Deportivas Travel - Hombre Zesty Yellow,1,0,visible,,"Una zapatilla urbana informal con un atractivo deportivo de lujo, la Travel Trainer de Hunter está confeccionada con una capa doble suave y transpirable de nailon y malla 100 % reciclada. La entresuela de EVA reciclada, liviana y absorbente de impactos, y la plantilla Ortholite reciclada garantizan una comodidad superior y un uso flexible, mientras que la suela exterior de goma duradera con certificación FSC® proporciona un agarre adicional para todos los terrenos. Una línea foxing de goma TPU súper liviana agrega un nivel adicional de protección contra la lluvia. Esta zapatilla para hombre está acabada con una lengüeta con el logotipo tricolor de Hunter en la parte posterior para facilitar el calce.\n\n<ul>\n\n 	<li>Certificado vegano.</li>\n\n 	<li>Empeine, forro y plantilla reciclados.</li>\n\n 	<li>Suela exterior fabricada con caucho natural certificado FSC®.</li>\n\n 	<li>Parte superior de malla para mayor transpirabilidad.</li>\n\n 	<li>Entresuela amortiguadora de EVA reciclada.</li>\n\n 	<li>Contorneado ligero en la plantilla para mayor comodidad.</li>\n\n 	<li>Contador protector del talón.</li>\n\n 	<li>Lengüeta para facilitar la entrada.</li>\n\n 	<li>Refuerzo de TPU en la parte inferior para una ligera resistencia al agua.</li>\n\n 	<li>Correas elásticas de marca para embalaje compacto.</li>\n\n</ul>",2025-11-26 0:00:00,2025-12-01 23:59:59,taxable,,1,,,0,0,,,,,0,,,,"Calzado, Género, Género > Hombre, Tipo de producto, Tipo de producto > Zapatillas","Deportivas, Hunter, Zapatillas",,"https://trendseeker.cl/wp-content/uploads/2023/03/TS-PRODUCTO-FOTOS-3.png, https://trendseeker.cl/wp-content/uploads/2023/01/MFF9100REN-ZSB-2.png, https://trendseeker.cl/wp-content/uploads/2023/07/TALLA-ZAPATILLAS-HUNTER-HOMBRE-1-1.png",,,,,,"UBB1204KBM-BID, UBP1152KBM-MLR",,,374,,Hunter,,size,"39, 40/41, 42, 43, 44, 45/46",1,1,
20911,variable,MFF9100REN-BLK,,Zapatillas Deportivas Travel - Hombre Black,1,0,visible,,"Una zapatilla urbana informal con un atractivo deportivo de lujo, la Travel Trainer de Hunter está confeccionada con una capa doble suave y transpirable de nailon y malla 100 % reciclada. La entresuela de EVA reciclada, liviana y absorbente de impactos, y la plantilla Ortholite reciclada garantizan una comodidad superior y un uso flexible, mientras que la suela exterior de goma duradera con certificación FSC® proporciona un agarre adicional para todos los terrenos. Una línea foxing de goma TPU súper liviana agrega un nivel adicional de protección contra la lluvia. Esta zapatilla para hombre está acabada con una lengüeta con el logotipo tricolor de Hunter en la parte posterior para facilitar el calce.\n<ul>\n 	<li>Certificado vegano.</li>\n 	<li>Empeine, forro y plantilla reciclados.</li>\n 	<li>Suela exterior fabricada con caucho natural certificado FSC®.</li>\n 	<li>Parte superior de malla para mayor transpirabilidad.</li>\n 	<li>Entresuela amortiguadora de EVA reciclada.</li>\n 	<li>Contorneado ligero en la plantilla para mayor comodidad.</li>\n 	<li>Contador protector del talón.</li>\n 	<li>Lengüeta para facilitar la entrada.</li>\n 	<li>Refuerzo de TPU en la parte inferior para una ligera resistencia al agua.</li>\n 	<li>Correas elásticas de marca para embalaje compacto.</li>\n</ul>",2025-11-26 0:00:00,2025-12-01 23:59:59,taxable,,1,,,0,0,,,,,0,,,,"Calzado, Género, Género > Hombre, Tipo de producto, Tipo de producto > Zapatillas","Deportivas, Hunter, Zapatillas",,"https://trendseeker.cl/wp-content/uploads/2023/03/TS-PRODUCTO-FOTOS-4.png, https://trendseeker.cl/wp-content/uploads/2023/07/WFF1100REN-BLK-3.png, https://trendseeker.cl/wp-content/uploads/2023/07/WFF1100REN-BLK-4.png, https://trendseeker.cl/wp-content/uploads/2023/07/WFF1100REN-BLK-5.png, https://trendseeker.cl/wp-content/uploads/2023/07/WFF1100REN-BLK-6.png, https://trendseeker.cl/wp-content/uploads/2023/07/TALLA-ZAPATILLAS-HUNTER-HOMBRE-1.png",,,,,,"UBB1204KBM-BID, UBP1152KBM-MLR",,,375,,Hunter,,size,"36, 37, 38, 39, 40/41, 42, 43, 44, 45/46",1,1,
18843,simple,UBB6017ACD-MLR,,Mochila Con Clip En La Parte Superior Original - Nylon Rojo Militar,0,0,visible,,"Mochila práctica e impermeable con adorno de cuero. Elaborada con nailon impermeable, el elegante y compacto cuerpo de la mochila se cierra con un clip y una cremallera en la parte superior.\n\n\n\n● Impermeable\n\n\n\n● Exterior de sarga de nailon\n\n\n\n● Forro de jacquard impermeable para una mayor protección de las pertenencias\n\n\n\n● Correas posteriores ajustables y acolchadas para un mayor confort\n\n\n\n● Cremalleras distintivas de Hunter en rojo, blanco y negro\n\n\n\n● Disponible en un tamaño más pequeño",,,taxable,,0,0,,0,0,725,11.5,,37,0,,,134990,"Género, Tipo de producto > Mochilas, Género > Mujer, Tipo de producto","spring-is-coming, winter-style",,"https://trendseeker.cl/wp-content/uploads/2023/07/UBB6017ACD-MLR-1-princ.jpg, https://trendseeker.cl/wp-content/uploads/2023/07/UBB6017ACD-MLR-5.jpg, https://trendseeker.cl/wp-content/uploads/2023/07/UBB6017ACD-MLR-4.jpg, https://trendseeker.cl/wp-content/uploads/2023/07/UBB6017ACD-MLR-3.jpg, https://trendseeker.cl/wp-content/uploads/2023/07/UBB6017ACD-MLR-2.jpg, https://trendseeker.cl/wp-content/uploads/2023/07/UBB6017ACD-MLR-6.jpg",,,,,,"PK13PH, UAH3031WXA-MRG",,,373,5054916211949,Hunter,Hunter,,,,,
24458,variable,MFK1000PTP-BLK,,Zapatilla Travel Trainer Black Hombre,1,0,visible,,"<span class=""m_6155786053096407976y2iqfc""><span lang=""ES"">Listo para los elementos, el Travel Trainer ahora se ha actualizado con una membrana interna impermeable y está aislado hasta -5°C (23°F). El diseño liviano está confeccionado con nylon reciclado, neopreno y malla transpirable. Las duraderas suelas de caucho con certificación FSC® brindan agarre adicional en todos los terrenos, mientras que las entresuelas de EVA reciclada que absorben los impactos y las plantillas Ortholite recicladas garantizan una comodidad superior y un uso flexible. Una línea de protección de TPU súper liviana agrega un nivel adicional de protección contra la lluvia. Acabado con detalles reflectantes y una lengüeta con el logotipo tricolor de Hunter en la parte posterior para facilitar el acceso. Esta zapatilla es 100% impermeable.</span></span>",,,taxable,,1,,,0,0,,,,,0,,,,"Género, Género > Hombre, Tipo de producto, Tipo de producto > Zapatillas","Black, Hunter, Negro, Zapatillas",,"https://trendseeker.cl/wp-content/uploads/2023/11/WFK2000PTP-BLK-1.png, https://trendseeker.cl/wp-content/uploads/2023/09/WFK2000PTP-BLK-2.png, https://trendseeker.cl/wp-content/uploads/2023/09/WFK2000PTP-BLK-3.png, https://trendseeker.cl/wp-content/uploads/2023/09/WFK2000PTP-BLK-4.png",,,,,,"UBB1210KBM-DOV, MFF9100REN-ZSB",,,376,,Hunter,Hunter,size,"39, 40, 40/41, 42, 43, 44, 45/46",1,1,
20401,variable,WFS2236NYL-MRF,,Botas Commando Explorer Aislantes Para Mujer Berry,1,0,visible,,"Preparada para cualquier aventura, la Bota Exploradora para Mujeres es nuestra bota ligera definitiva. Esta bota cuenta con una mezcla de poliéster reciclado y microfibra reciclada en la parte superior. Bajo el pie se encuentra una entresuela que absorbe los impactos y una suela de goma TPU de gran agarre, que cuenta con un dibujo profundo para garantizar la liberación del barro a cada paso. Acabadas con un cuello acolchado y una lengüeta trasera para quitárselas sin esfuerzo, las botas resistentes al agua lideran la comodidad durante todo el día, permitiéndote soportar temperaturas de hasta -15°C (5°F). Se proporciona un juego extra de cordones con cada par comprado.\n<div class=""copy trim-stacked-margins has-inner-html product-page-description__features"">\n<ul>\n 	<li>Vegano certificado</li>\n 	<li>Resistente al agua</li>\n 	<li>Hecho a mano</li>\n 	<li>Parte superior, forro y plantilla 100% reciclados</li>\n 	<li>Cuello acolchado para mayor comodidad y soporte</li>\n 	<li>Parte superior fabricada con materiales reciclados</li>\n 	<li>Lengüeta trasera para facilitar la extracción</li>\n 	<li>Cordones extra para customizarlas</li>\n 	<li>Puede llevarse a temperaturas de hasta -15°C</li>\n</ul>\n<strong>Talla/Ajuste: Talla habitual. Ajuste normal.</strong>\n\n**Nota: Este modelo incluye dos juegos de cordones.\n\n</div>",,,taxable,,1,,,0,0,,,,,0,,119994,199990,"Tipo de producto > Botas, Género, Género > Mujer, Tipo de producto","Cyber, Outdoor, Trekking, Ofertas",,"https://trendseeker.cl/wp-content/uploads/2022/11/WFS2236NYL-MRF1-1.png, https://trendseeker.cl/wp-content/uploads/2023/07/Botas-commando-mujer-Hunter-2.png, https://trendseeker.cl/wp-content/uploads/2022/11/WFS2236NYL-MRF2.png, https://trendseeker.cl/wp-content/uploads/2022/11/WFS2236NYL-MRF3.png, https://trendseeker.cl/wp-content/uploads/2022/11/WFS2236NYL-MRF4.png, https://trendseeker.cl/wp-content/uploads/2022/11/WFS2236NYL-MRF5.png",,,,,,"WFS1018RMA-BLK, WFS2010CNV-BLK, WFS2236NYL-BLK",,,1,,Hunter,Hunter,Talla,"36, 37, 38, 39, 40/41",1,1,
18830,simple,UBB5010LRS-DOV,,Mochila Mini Con Clip En La Parte Superior Original - Cuero Engomado Verde Oliva,0,0,visible,,"Mochila práctica e impermeable elaborada con cuero engomado impermeable. El elegante y compacto cuerpo de la mochila se cierra con un clip y una cremallera en la parte superior, mientras que el detalle del bigote en la parte delantera hace referencia a nuestra bota de agua alta Original.\n\n\n\n● Impermeable\n\n\n\n● Exterior de cuero engomado\n\n\n\n● Forro impermeable para una mayor protección de las pertenencias\n\n\n\n● Correas posteriores ajustables y acolchadas para un mayor confort\n\n\n\n● Cordón de seguridad interno con gancho para sujetar el llavero\n\n\n\n● Cierres de cremallera impermeables en todos los bolsillos externos\n\n\n\n● Disponible en un tamaño más grande",,,taxable,,0,0,,0,0,1,7.5,,26,1,,,239990,"Género, Tipo de producto > Mochilas, Género > Mujer, Tipo de producto",winter-style,,"https://trendseeker.cl/wp-content/uploads/2023/07/UBB5010LRS-DOV-1-princ.jpg, https://trendseeker.cl/wp-content/uploads/2023/07/UBB5010LRS-DOV-7.jpg, https://trendseeker.cl/wp-content/uploads/2023/07/UBB5010LRS-DOV-2.jpg, https://trendseeker.cl/wp-content/uploads/2023/07/UBB5010LRS-DOV-3.jpg, https://trendseeker.cl/wp-content/uploads/2023/07/UBB5010LRS-DOV-4.jpg, https://trendseeker.cl/wp-content/uploads/2023/07/UBB5010LRS-DOV-5.jpg, https://trendseeker.cl/wp-content/uploads/2023/07/UBB5010LRS-DOV-6.jpg",,,,,,"PK13PH, D62SI",,,375,5054916200974,Hunter,Hunter,,,,,
18826,simple,UBB1116SHA-BLK,,Mochila Acolchada Original Negro,0,0,visible,,"Combinando dos de los productos favoritos de Hunter, la mochila Original y la chaqueta acolchada, esta elegante bolsa es un complemento imprescindible para el look de esta temporada. Inspirada en la icónica mochila de nailon Original, esta versión acolchada y de un tamaño elegante será tu bolsa de referencia para cualquier día de la semana. Perfecta para los meses más fríos, incluye un bolsillo delantero exterior para facilitarte el acceso sobre la marcha. Con un bolsillo interior acolchado perfecto para un portátil de hasta 13,5"", esta bolsa impermeable cuenta con una capa de goma que mantendrá tus pertenencias a salvo y te dará un aspecto elegante.\n\n\n\n● Bolsillo exterior delantero para un acceso fácil\n\n\n\n● Bolsillos laterales con cordón para llevar artículos como una botella de agua o el paraguas compacto de Hunter\n\n\n\n● Icónico logotipo de Hunter\n\n\n\n● Altura: 39 cm. Profundidad: 14 cm. Anchura: 28 cm. Capacidad: 16 l",,,taxable,,0,0,,0,0,0.6,14,,39,1,,,89990,"Género, Tipo de producto > Mochilas, Género > Mujer, Tipo de producto",winter-style,,"https://trendseeker.cl/wp-content/uploads/2023/07/UBB1116SHA-BLK-1-princ.jpg, https://trendseeker.cl/wp-content/uploads/2023/07/UBB1116SHA-BLK-6.jpg, https://trendseeker.cl/wp-content/uploads/2023/07/UBB1116SHA-BLK-2.jpg, https://trendseeker.cl/wp-content/uploads/2023/07/UBB1116SHA-BLK-3.jpg, https://trendseeker.cl/wp-content/uploads/2023/07/UBB1116SHA-BLK-4.jpg, https://trendseeker.cl/wp-content/uploads/2023/07/UBB1116SHA-BLK-5.jpg",,,,,,"PK13PH, AC1SI",,,378,5054916530071,Hunter,Hunter,,,,,
20400,variable,WFS2236NYL-BLK,,Botas Commando Explorer Aislantes Para Mujer Negro,0,0,visible,,"Preparada para cualquier aventura, la Bota Exploradora para mujeres es nuestra bota ligera definitiva. Esta bota cuenta con una mezcla de poliéster reciclado y microfibra reciclada en la parte superior. Bajo el pie se encuentra una entresuela que absorbe los impactos y una suela de goma TPU de gran agarre, que cuenta con un dibujo profundo para garantizar la liberación del barro a cada paso. Acabadas con un cuello acolchado y una lengüeta trasera para quitárselas sin esfuerzo, las botas resistentes al agua lideran la comodidad durante todo el día, permitiéndote soportar temperaturas de hasta -15°C (5°F). Se proporciona un juego extra de cordones con cada par comprado.\n<div class=""copy trim-stacked-margins has-inner-html product-page-description__features"">\n<ul>\n 	<li>Vegano certificado</li>\n 	<li>Resistente al agua</li>\n 	<li>Hecho a mano</li>\n 	<li>Parte superior, forro y plantilla 100% reciclados</li>\n 	<li>Cuello acolchado para mayor comodidad y soporte</li>\n 	<li>Parte superior fabricada con materiales reciclados</li>\n 	<li>Lengüeta trasera para facilitar la extracción</li>\n 	<li>Cordones extra para customizarlas</li>\n 	<li>Puede llevarse a temperaturas de hasta -15°C</li>\n</ul>\n<strong>Talla/Ajuste: Talla habitual. Ajuste normal.</strong>\n\n**Nota: Este modelo incluye dos juegos de cordones.\n\n</div>",,,taxable,,1,144,,0,0,,,,,0,,119994,199990,"Tipo de producto > Botas, Género, Género > Mujer, Tipo de producto","Cyber, Outdoor, Trekking, Ofertas",,"https://trendseeker.cl/wp-content/uploads/2022/11/WFS2236NYL-BLK3.png, https://trendseeker.cl/wp-content/uploads/2022/11/WFS2236NYL-BLK1.png, https://trendseeker.cl/wp-content/uploads/2022/11/WFS2236NYL-BLK2.png, https://trendseeker.cl/wp-content/uploads/2022/11/WFS2236NYL-BLK4.png, https://trendseeker.cl/wp-content/uploads/2022/11/WFS2236NYL-BLK5.png, https://trendseeker.cl/wp-content/uploads/2022/11/WFS2236NYL-BLK6.png",,,,,,"WFS1018RMA-DOV, WFS2010CNV-BLK, WFS2010CNV-ATM",,,1,,Hunter,Hunter,Talla,"36, 37, 38, 39, 40/41",1,1,
19380,simple,UBB1109JPO-BLK,,Mochila Mini De Jacquard Con Clip En La Parte Superior Refined,0,0,visible,,"Hunter revoluciona sus bolsas esta temporada con la nueva y elegante colección jacquard que presenta un nuevo diseño para el familiar e icónico forro usado en todas sus bolsas, y reinventa el exterior. La combinación del tejido jacquard brillante e impermeable y los componentes plateados conforma una mochila de referencia refinada y práctica, perfecta para cualquier ocasión. Elaborado con detalles de cuero, el elegante y compacto cuerpo de la mochila puede contener sin problemas una tableta de 12,5"" y se cierra con un clip y una cremallera en la parte superior para ofrecer mayor seguridad. Ya sea para los desplazamientos diarios o los fines de semana en la ciudad, no busques más tu próximo accesorio para tus looks más elegantes.\n\n<ul>\n\n 	<li>Exterior característico de jacquard y cuero</li>\n\n 	<li>Forro de jacquard impermeable para una mayor protección de las pertenencias</li>\n\n 	<li>Correas posteriores ajustables y acolchadas para un mayor confort</li>\n\n 	<li>Espacio interior para una tableta de 12,5""</li>\n\n 	<li>Bolsillo exterior delantero para un acceso fácil</li>\n\n 	<li>Cordón de seguridad interno con gancho para sujetar llaveros</li>\n\n 	<li>Cremalleras plateadas características de Hunter</li>\n\n 	<li>Disponible en un tamaño más grande</li>\n\n 	<li>Altura (con el clip cerrado): 26 cm. Profundidad: 11,5 cm. Anchura (sin incluir bolsillos): 20 cm. Capacidad: 7,6 l</li>\n\n</ul>\n\n<div class=""product-page-description__product-code""><span class=""product-page-description__title"">Product code: </span><span class=""product-page-description__number"">UBB1109JPO-BLK</span></div>",,,taxable,,0,0,,0,0,0.8,20,,26,0,,,149990,"Género, Tipo de producto > Mochilas, Género > Mujer, Tipo de producto",winter-style,,"https://trendseeker.cl/wp-content/uploads/2023/07/UBB1109JPO-BLK-1_princ.jpg, https://trendseeker.cl/wp-content/uploads/2023/07/UBB1109JPO-BLK-2.jpg, https://trendseeker.cl/wp-content/uploads/2023/07/UBB1109JPO-BLK-3.jpg",,,,,,"PK13PH, AC1SI",,,380,5054916530378,Hunter,Hunter,,,,,
18883,simple,UBB7023KBM-BLK,,Mochila Acolchada Original Negro,0,0,visible,,"Esta mochila elegante es una opción estupenda para ir al trabajo o a la universidad. De diseño minimalista, esta mochila está elaborada con jacquard acolchado e impermeable y dispone de correas posteriores acolchadas para un mayor confort. Un compartimento delantero con cremallera ofrece un acceso fácil a los objetos esenciales.\n\n\n\n<span lang=""es"">- Resistente al agua </span><span lang=""es"">- Acolchado Hunter Jacquard diseñado en casa - Forro resistente al agua para una protección adicional de las pertenencias. - Correas traseras acolchadas para mayor comodidad - Cierre de cremallera - Altura 35,5 cm, profundidad 10 cm, ancho 28 cm, capacidad 15L</span>\n\n<pre id=""tw-target-text"" class=""tw-data-text tw-text-large XcVN5d tw-ta"" dir=""ltr"" data-placeholder=""Traducción""></pre>",,,taxable,,0,0,,0,0,0.6,35,,28,1,,,139990,"Género, Tipo de producto > Mochilas, Género > Mujer, Tipo de producto",winter-style,,"https://trendseeker.cl/wp-content/uploads/2023/07/UBB7023KBM-BLK-1-princ.jpg, https://trendseeker.cl/wp-content/uploads/2023/07/UBB7023KBM-BLK-5.jpg, https://trendseeker.cl/wp-content/uploads/2023/07/UBB7023KBM-BLK-2.jpg, https://trendseeker.cl/wp-content/uploads/2023/07/UBB7023KBM-BLK-3.jpg, https://trendseeker.cl/wp-content/uploads/2023/07/UBB7023KBM-BLK-4.jpg",,,,,,"PK13PH, W14SI",,,382,5054916350198,Hunter,Hunter,,,,,
18854,simple,UBB6018ACD-BLK,,Mochila Mini Con Clip En La Parte Superior Original Negro,0,1,visible,,"Mochila práctica e impermeable con adorno de cuero. Elaborada con nailon impermeable, el elegante y compacto cuerpo de la mochila se cierra con un clip y una cremallera en la parte superior.\n\n\n\n● Impermeable\n\n\n\n● Exterior de sarga de nailon\n\n\n\n● Forro de jacquard impermeable para una mayor protección de las pertenencias\n\n\n\n● Correas posteriores ajustables y acolchadas para un mayor confort\n\n\n\n● Cremalleras distintivas de Hunter en rojo, blanco y negro\n\n\n\n● Disponible en un tamaño más grande",,,taxable,,0,0,,0,0,0.6,11.5,,32,1,,,99990,"Género, Tipo de producto > Mochilas, Género > Mujer, Tipo de producto",winter-style,,"https://trendseeker.cl/wp-content/uploads/2023/07/UBB6018ACD-BLK-1-princ.jpg, https://trendseeker.cl/wp-content/uploads/2023/07/UBB6018ACD-BLK-6.jpg, https://trendseeker.cl/wp-content/uploads/2023/07/UBB6018ACD-BLK-2.jpg, https://trendseeker.cl/wp-content/uploads/2023/07/UBB6018ACD-BLK-3.jpg, https://trendseeker.cl/wp-content/uploads/2023/07/UBB6018ACD-BLK-4.jpg, https://trendseeker.cl/wp-content/uploads/2023/07/UBB6018ACD-BLK-5.jpg",,,,,,"PK13PH, UAH3031WXA-GZB",,,384,5054916211994,Hunter,Hunter,,,,,
18914,simple,UBP1152KBM-BLK,,Riñonera De Nylon Original Negra,0,0,visible,,"Un poco más grande que la icónica riñonera de nailon Original, esta versión mejorada de la riñonera bandolera será tu bolsa imprescindible para cualquier día de la semana. Con un diseño práctico y novedoso y dos bolsillos con cremallera adicionales para facilitar el acceso a las llaves o las monedas, esta riñonera de nailon impermeable mantendrá tus pertenencias a salvo y te dará un aspecto elegante. Con un bolsillo interno, el logotipo del recuadro de Hunter y una correa ajustable, puedes llevarla como bandolera o como riñonera alrededor de la cintura.\n\n<ul>\n\n 	<li>Exterior de sarga de nailon impermeable</li>\n\n 	<li>Forro impermeable para una mayor protección de las pertenencias</li>\n\n 	<li>Correa ajustable para ponérsela con facilidad</li>\n\n 	<li>Puede llevarse como bandolera o riñonera</li>\n\n 	<li>Bolsillo interior con cremallera para los objetos valiosos</li>\n\n 	<li>Dos bolsillos externos con cremallera para facilitar el acceso</li>\n\n 	<li>Altura: 17 cm. Profundidad: 7 cm. Anchura: 30 cm. Longitud de la correa (totalmente extendida): 100 cm. Capacidad: 0,7 l</li>\n\n</ul>\n\n<div class=""product-page-description__product-code""><span class=""product-page-description__title"">Product code: </span><span class=""product-page-description__number"">UBP1152KBM-BLK</span></div>",,,taxable,,0,0,,0,0,0.4,30,,15,1,,,54990,"Género, Tipo de producto > Mochilas, Género > Mujer, Tipo de producto",winter-style,,"https://trendseeker.cl/wp-content/uploads/2023/07/PROD-AW20-UBP1152KBM-BLK-1.jpg, https://trendseeker.cl/wp-content/uploads/2023/07/PROD-AW20-UBP1152KBM-BLK-2.jpg, https://trendseeker.cl/wp-content/uploads/2023/07/PROD-AW20-UBP1152KBM-BLK-3.jpg, https://trendseeker.cl/wp-content/uploads/2023/07/PROD-AW20-UBP1152KBM-BLK-4.jpg",,,,,,,,,387,5054916741071,Hunter,Hunter,,,,,
18961,variable,WRO1258WAP-NVY,,Impermeable Ligero Para Mujer Azul Marino,0,0,visible,,"Chaqueta impermeable pero sin ningún peso añadido, únete a la tendencia del caucho ligero. Indispensable para los festivales, esta chaqueta completamente impermeable cuenta con estructura de costuras soldadas y solapa cortavientos con cierre a presión para ofrecer mayor protección. La abertura para la ventilación en la parte posterior y el forro de malla ofrecen transpirabilidad, mientras que la cintura ajustable garantiza un ajuste cómodo. Sube la cremallera, ponte la capucha y deja que la lluvia empiece a caer.\n\n\n\nAjuste normal\n\nCompletamente impermeable con costuras soldadas\n\nCremallera con las franjas características de Hunter y solapa cortavientos con cierre a presión\n\nForro de malla para ofrecer transpirabilidad\n\nAberturas bajo los brazos y en la parte posterior para ofrecer mayor ventilación\n\nCapucha con cierres a presión para ajustar la apertura y proteger del viento y la lluvia\n\nCordón en la cintura para adaptar el ajuste\n\nBolsillos ribeteados con entrada inversa para evitar que entre la lluvia\n\nPuños ajustables con cierre a presión",,,taxable,,0,,,0,0,,,,,1,,141610,166600,"Tipo de producto > Chaquetas, Género, Género > Mujer, Tipo de producto","Impermeables, Invierno, Ofertas",,"https://trendseeker.cl/wp-content/uploads/2023/07/WRO1258WAP-NVY-1-princ.jpg, https://trendseeker.cl/wp-content/uploads/2023/07/WRO1258WAP-NVY_5-scaled-1.jpg, https://trendseeker.cl/wp-content/uploads/2023/07/WRO1258WAP-NVY_4-scaled-1.jpg, https://trendseeker.cl/wp-content/uploads/2023/07/WRO1258WAP-NVY_3-scaled-1.jpg",,,,,,,,,1,,Hunter,Hunter,size,"L, M, S, XS",0,1,
18960,variable,WRO1258WAP-DOV,,Impermeable Ligero Para Mujer Verde Oliva,0,0,visible,,"Chaqueta impermeable pero sin ningún peso añadido, únete a la tendencia del caucho ligero. Indispensable para los festivales, esta chaqueta completamente impermeable cuenta con estructura de costuras soldadas y solapa cortavientos con cierre a presión para ofrecer mayor protección. La abertura para la ventilación en la parte posterior y el forro de malla ofrecen transpirabilidad, mientras que la cintura ajustable garantiza un ajuste cómodo. Sube la cremallera, ponte la capucha y deja que la lluvia empiece a caer.\n\n\n\nAjuste normal\n\nCompletamente impermeable con costuras soldadas\n\nCremallera con las franjas características de Hunter y solapa cortavientos con cierre a presión\n\nForro de malla para ofrecer transpirabilidad\n\nAberturas bajo los brazos y en la parte posterior para ofrecer mayor ventilación\n\nCapucha con cierres a presión para ajustar la apertura y proteger del viento y la lluvia\n\nCordón en la cintura para adaptar el ajuste\n\nBolsillos ribeteados con entrada inversa para evitar que entre la lluvia\n\nPuños ajustables con cierre a presión",,,taxable,,0,,,0,0,,,,,1,,141610,166600,"Tipo de producto > Chaquetas, Género, Género > Mujer, Tipo de producto","Impermeables, Invierno, Verde, Ofertas",,"https://trendseeker.cl/wp-content/uploads/2023/07/WRO1258WAP-DOV-1-princ.jpg, https://trendseeker.cl/wp-content/uploads/2023/07/WRO1258WAP-DOV_4-scaled-1.jpg, https://trendseeker.cl/wp-content/uploads/2023/07/WRO1258WAP-DOV_5-scaled-1.jpg, https://trendseeker.cl/wp-content/uploads/2023/07/WRO1258WAP-DOV_1-scaled-1.jpg",,,,,,,,,1,,Hunter,Hunter,size,"L, M, S, XS",0,1,
18958,variable,WRO1227SBC-BLK,,Abrigo Impermeable de Algodon Original Mujer Negro,0,0,visible,,"Gracias a su diseño optimizado que incluye capucha ajustable, bolsillos ribeteados con entrada inversa y puños ajustables con cierre a presión, el chubasquero Original de algodón es una chaqueta impermeable, práctica y elegante para uso diario. Este abrigo sumamente impermeable para mujer aporta mayor protección gracias a la incorporación de un duradero acabado hidrófugo. Además, tiene una estructura de algodón y un forro de malla excelentes que aseguran la transpirabilidad en los días más cálidos.\n\n\n\nAjuste normal\n\nCompletamente impermeable con costuras selladas y un duradero acabado hidrófugo\n\nMembrana interna transpirable e impermeable para aportar confort y sequedad\n\nForro de malla para aumentar la transpirabilidad\n\nCremallera con las franjas características de Hunter y solapa cortavientos con cierre a presión\n\nPuños y cintura ajustables\n\nCapucha con cordón ajustable para proteger del viento y la lluvia\n\nBolsillos ribeteados con entrada inversa para evitar que entre la lluvia\n\nAberturas bajo los brazos y en la parte posterior para ofrecer mayor ventilación",,,taxable,,0,,,0,0,,,,,1,,186992,219990,"Tipo de producto > Chaquetas, Género, Género > Mujer, Tipo de producto","Impermeables, Invierno, Ofertas",,"https://trendseeker.cl/wp-content/uploads/2023/07/WRO1227SBC-BLK-1-princ.jpg, https://trendseeker.cl/wp-content/uploads/2023/07/WRO1227SBC-BLK_5-scaled-1.jpg, https://trendseeker.cl/wp-content/uploads/2023/07/WRO1227SBC-BLK_4-scaled-1.jpg, https://trendseeker.cl/wp-content/uploads/2023/07/WRO1227SBC-BLK_3-scaled-1.jpg, https://trendseeker.cl/wp-content/uploads/2023/07/WRO1227SBC-BLK_2-scaled-1.jpg, https://trendseeker.cl/wp-content/uploads/2023/07/WRO1227SBC-BLK_1-scaled-1.jpg",,,,,,,,,1,,Hunter,Hunter,size,"L, M, S, XS",0,1,
18959,variable,WRO1227SBC-DOV,,Abrigo Impermeable de Algodon Original Mujer Verde Oliva 2,0,0,visible,,"Gracias a su diseño optimizado que incluye capucha ajustable, bolsillos ribeteados con entrada inversa y puños ajustables con cierre a presión, el chubasquero Original de algodón es una chaqueta impermeable, práctica y elegante para uso diario. Este abrigo sumamente impermeable para mujer aporta mayor protección gracias a la incorporación de un duradero acabado hidrófugo. Además, tiene una estructura de algodón y un forro de malla excelentes que aseguran la transpirabilidad en los días más cálidos.\n\n\n\nAjuste normal\n\nCompletamente impermeable con costuras selladas y un duradero acabado hidrófugo\n\nMembrana interna transpirable e impermeable para aportar confort y sequedad\n\nForro de malla para aumentar la transpirabilidad\n\nCremallera con las franjas características de Hunter y solapa cortavientos con cierre a presión\n\nPuños y cintura ajustables\n\nCapucha con cordón ajustable para proteger del viento y la lluvia\n\nBolsillos ribeteados con entrada inversa para evitar que entre la lluvia\n\nAberturas bajo los brazos y en la parte posterior para ofrecer mayor ventilación",,,taxable,,0,,,0,0,,,,,1,,186992,219990,"Tipo de producto > Chaquetas, Género, Género > Mujer, Tipo de producto","Impermeables, Invierno, Verde, Ofertas",,"https://trendseeker.cl/wp-content/uploads/2023/07/WRO1227SBC-DOV-1-princ.jpg, https://trendseeker.cl/wp-content/uploads/2023/07/WRO1227SBC-DOV_4-scaled-1.jpg, https://trendseeker.cl/wp-content/uploads/2023/07/WRO1227SBC-DOV_3-scaled-1.jpg, https://trendseeker.cl/wp-content/uploads/2023/07/WRO1227SBC-DOV_2-scaled-1.jpg, https://trendseeker.cl/wp-content/uploads/2023/07/WRO1227SBC-DOV_1-scaled-1.jpg, https://trendseeker.cl/wp-content/uploads/2023/07/WRO1227SBC-DOV-1-scaled-1.jpg",,,,,,,,,1,,Hunter,Hunter,size,"L, M, S, XS",0,1,
18955,variable,WRO1190SBC-DOV,,Abrigo Impermeable de Algodon Original Mujer Verde Oliva 1,0,0,visible,,"El versátil abrigo de caza de algodón ofrece protección durante todo el año gracias a un diseño inteligente que se adapta a tu estilo de vida. Este abrigo sumamente impermeable para mujer aporta mayor protección gracias a la incorporación de un duradero acabado hidrófugo. Además, tiene una estructura de algodón y un forro de malla excelentes que aseguran la transpirabilidad en los días más cálidos. Los bolsillos para caza de doble entrada ofrecen un espacio de almacenamiento seguro, mientras que la capucha y los puños ajustables mantienen los elementos a raya.\n\n\n\nAjuste normal\n\nCompletamente impermeable con costuras selladas y un duradero acabado hidrófugo\n\nMembrana interna transpirable e impermeable para aportar confort y sequedad\n\nForro de malla para aumentar la transpirabilidad\n\nCremallera con las franjas características de Hunter y solapa cortavientos con cierre a presión\n\nPuños y cintura ajustables\n\nCapucha con cordón ajustable para proteger del viento y la lluvia\n\nBolsillo para caza con doble entrada para un almacenamiento seguro\n\nAberturas bajo los brazos y en la parte posterior para ofrecer mayor ventilación",,,taxable,,0,,,0,0,,,,,1,,203992,239990,"Tipo de producto > Chaquetas, Género, Género > Mujer, Tipo de producto","Impermeables, Invierno, Verde, Ofertas",,https://trendseeker.cl/wp-content/uploads/2023/07/WRO1190SBC-DOV-1-princ.jpg,,,,,,,,,1,,Hunter,Hunter,size,"L, M, S, XS",0,1,
18957,variable,WRO1208WAP-NVY,,Abrigo Impermeable de Algodon Original Mujer Azul Marino,0,0,visible,,,,,taxable,,0,,,0,0,,,,,1,,127492,149990,"Tipo de producto > Chaquetas, Género, Género > Mujer, Tipo de producto","Impermeables, Invierno, Ofertas",,https://trendseeker.cl/wp-content/uploads/2023/07/WRO1208WAP-NVY-1-princ.jpg,,,,,,,,,1,,Hunter,Hunter,size,"L, M, S, XS",0,1,
18956,variable,WRO1208WAP-FSE,,Abrigo Impermeable de Algodon Original Mujer Celeste,0,0,visible,,,,,taxable,,0,,,0,0,,,,,1,,127492,149990,"Tipo de producto > Chaquetas, Género, Género > Mujer, Tipo de producto","Impermeables, Invierno, Ofertas",,,,,,,,,,,1,,Hunter,Hunter,size,"L, M, XS",0,1,
18828,simple,UBB2022LRS-DOV,,Mochila Clip En La Parte Superior Original - Cuero Engomado: Verde Oliva,0,0,visible,,"Mochila práctica e impermeable elaborada con cuero engomado impermeable. Este diseño de éxito se cierra con un clip y una cremallera en la parte superior, mientras que el detalle del bigote en la parte delantera hace referencia a nuestra bota de agua alta Original.\n\n\n\n● Impermeable\n\n\n\n● Exterior de cuero engomado\n\n\n\n● Forro impermeable para una mayor protección de las pertenencias\n\n\n\n● Correas posteriores ajustables y acolchadas para un mayor confort\n\n\n\n● Cordón de seguridad interno con gancho para sujetar el llavero\n\n\n\n● Cierres de cremallera impermeables en todos los bolsillos externos\n\n\n\n● Bolsillo de neopreno de fácil acceso en la parte trasera para tableta o portátil de 13 pulgadas\n\n\n\n● Disponible en un tamaño más pequeño",,,taxable,,0,0,,0,0,1.4,11.5,,38,1,,,279000,"Género, Tipo de producto > Mochilas, Género > Mujer, Tipo de producto",,,"https://trendseeker.cl/wp-content/uploads/2023/07/UBB2022LRS-DOV-1-princ.jpg, https://trendseeker.cl/wp-content/uploads/2023/07/UBB2022LRS-DOV-2.jpg, https://trendseeker.cl/wp-content/uploads/2023/07/UBB2022LRS-DOV-3.jpg, https://trendseeker.cl/wp-content/uploads/2023/07/UBB2022LRS-DOV-4.jpg, https://trendseeker.cl/wp-content/uploads/2023/07/UBB2022LRS-DOV-5.jpg, https://trendseeker.cl/wp-content/uploads/2023/07/UBB2022LRS-DOV-6.jpg",,,,,,,,,458,5054916096959,Hunter,Hunter,,,,,
18833,simple,UBB5010LRS-RYL,,Mochila Mini Con Clip En La Parte Superior Original - Cuero Engomado Amarillo,0,0,visible,,"Mochila práctica e impermeable elaborada con cuero engomado impermeable. El elegante y compacto cuerpo de la mochila se cierra con un clip y una cremallera en la parte superior, mientras que el detalle del bigote en la parte delantera hace referencia a nuestra bota de agua alta Original.\n\n\n\n● Impermeable\n\n\n\n● Exterior de cuero engomado\n\n\n\n● Forro impermeable para una mayor protección de las pertenencias\n\n\n\n● Correas posteriores ajustables y acolchadas para un mayor confort\n\n\n\n● Cordón de seguridad interno con gancho para sujetar el llavero\n\n\n\n● Cierres de cremallera impermeables en todos los bolsillos externos\n\n\n\n● Disponible en un tamaño más grande",,,taxable,,0,0,,0,0,1,7.5,,26,1,,,239990,"Género, Tipo de producto > Mochilas, Género > Mujer, Tipo de producto","spring-is-coming, winter-style",,"https://trendseeker.cl/wp-content/uploads/2023/07/12578566_1-scaled-1.jpg, https://trendseeker.cl/wp-content/uploads/2023/07/UBB5010LRS-RYL-5.jpg, https://trendseeker.cl/wp-content/uploads/2023/07/UBB5010LRS-RYL-3.jpg, https://trendseeker.cl/wp-content/uploads/2023/07/UBB5010LRS-RYL-2.jpg, https://trendseeker.cl/wp-content/uploads/2023/07/UBB5010LRS-RYL-1-princ.jpg, https://trendseeker.cl/wp-content/uploads/2023/07/UBB5010LRS-RYL-4.jpg",,,,,,,,,460,5054916212182,Hunter,Hunter,,,,,
18889,simple,UBS1115SHA-BLK,,Bolso Tote Acolchado Original Negro,0,0,visible,,"Combinando dos de los productos favoritos de Hunter, la riñonera Original y la chaqueta acolchada, este bolso es un complemento imprescindible para el look de esta temporada. Perfecta para los meses más fríos, incluye un bolsillo delantero exterior para facilitarte el acceso sobre la marcha. Gracias a su generosa capacidad total de 32 l, tendrás espacio para todo, desde el portátil hasta el equipaje. Con un bolsillo interior perfecto para tus objetos valiosos, este bolso impermeable cuenta con una capa de goma que mantendrá tus pertenencias a salvo y te dará un aspecto elegante.\n\n\n\n● Exterior impermeable con una capa de goma\n\n\n\n● Forro impermeable para una mayor protección de las pertenencias\n\n\n\n● Bolsillo interior con cremallera para los objetos valiosos\n\n\n\n● Bolsillo exterior delantero para un acceso fácil\n\n\n\n● Icónico logotipo de Hunter\n\n\n\n● Altura: 35 cm. Profundidad: 16 cm. Anchura: 55 cm. Capacidad: 32 l",,,taxable,,0,0,,0,0,0.6,,,14,1,,,89990,"Género, Tipo de producto > Mochilas, Género > Mujer, Tipo de producto",,,"https://trendseeker.cl/wp-content/uploads/2023/07/UBS1115SHA-BLK-1-princ.jpg, https://trendseeker.cl/wp-content/uploads/2023/07/UBS1115SHA-BLK-5.jpg, https://trendseeker.cl/wp-content/uploads/2023/07/UBS1115SHA-BLK-2.jpg, https://trendseeker.cl/wp-content/uploads/2023/07/UBS1115SHA-BLK-3.jpg, https://trendseeker.cl/wp-content/uploads/2023/07/UBS1115SHA-BLK-4.jpg",,,,,,,,,466,5054916530088,Hunter,Hunter,,,,,
18901,simple,UBS6019KBM-MLR,,Bolsa Para Fines De Semana De Nylon Original: Rojo Militar,0,0,visible,,"La bolsa para fines de semana de nailon Original incluye un asa y una correa de hombro para transportarla con facilidad. Se pliega para facilitar el transporte y hace que los días de lluvia no sean un problema gracias a su acabado impermeable. Los bolsillos interiores mantienen a salvo los objetos de valor, mientras que el gran compartimento interior ofrece un espacio de almacenamiento ideal para una breve escapada.\n\n\n\n● Impermeable\n\n\n\n● Exterior de sarga de nailon\n\n\n\n● Forro impermeable para proteger el interior\n\n\n\n● Plegable\n\n\n\n● Bolsillo interior con cierre de cremallera y bolsillo delantero oculto\n\n\n\n● Correa cruzada ajustable y desmontable, y asa de transporte\n\n\n\n● La longitud de la correa totalmente extendida es de",,,taxable,,0,0,,0,0,,,,,1,,,99990,"Género, Tipo de producto > Mochilas, Género > Mujer, Tipo de producto",,,"https://trendseeker.cl/wp-content/uploads/2023/07/UBS6019KBM-MLR-1-princ.jpg, https://trendseeker.cl/wp-content/uploads/2023/07/UBS6019KBM-MLR-2.jpg, https://trendseeker.cl/wp-content/uploads/2023/07/UBS6019KBM-MLR-3.jpg, https://trendseeker.cl/wp-content/uploads/2023/07/UBS6019KBM-MLR-4.jpg, https://trendseeker.cl/wp-content/uploads/2023/07/UBS6019KBM-MLR-5.jpg, https://trendseeker.cl/wp-content/uploads/2023/07/UBS6019KBM-MLR-6.jpg",,,,,,,,,468,5054916201346,Hunter,Hunter,,,,,
18900,simple,UBS6019KBM-DOV,,Bolsa Para Fines De Semana De Nylon Original: Verde Oliva,0,0,visible,,"La bolsa para fines de semana de nailon Original incluye un asa y una correa de hombro para transportarla con facilidad. Se pliega para facilitar el transporte y hace que los días de lluvia no sean un problema gracias a su acabado impermeable. Los bolsillos interiores mantienen a salvo los objetos de valor, mientras que el gran compartimento interior ofrece un espacio de almacenamiento ideal para una breve escapada.\n\n\n\n● Impermeable\n\n\n\n● Exterior de sarga de nailon\n\n\n\n● Forro impermeable para proteger el interior\n\n\n\n● Plegable\n\n\n\n● Bolsillo interior con cierre de cremallera y bolsillo delantero oculto\n\n\n\n● Correa cruzada ajustable y desmontable, y asa de transporte\n\n\n\n● La longitud de la correa totalmente extendida es de",,,taxable,,0,0,,0,0,,,,,0,,,99990,"Género, Tipo de producto > Mochilas, Género > Mujer, Tipo de producto",,,"https://trendseeker.cl/wp-content/uploads/2023/07/UBS6019KBM-DOV-1-princ.jpg, https://trendseeker.cl/wp-content/uploads/2023/07/UBS6019KBM-DOV-2.jpg, https://trendseeker.cl/wp-content/uploads/2023/07/UBS6019KBM-DOV-3.jpg, https://trendseeker.cl/wp-content/uploads/2023/07/UBS6019KBM-DOV-4.jpg, https://trendseeker.cl/wp-content/uploads/2023/07/UBS6019KBM-DOV-5.jpg, https://trendseeker.cl/wp-content/uploads/2023/07/UBS6019KBM-DOV-6.jpg",,,,,,,,,470,5054916201353,Hunter,Hunter,,,,,
18893,simple,UBS4031RPU-LIH,,Bolso Liviando De Cuero Engomado Original,0,0,visible,,,,,taxable,,0,0,,0,0,,,,,1,,,77990,"Género, Tipo de producto > Mochilas, Género > Mujer, Tipo de producto",,,,,,,,,,,,472,5054916438254,Hunter,Hunter,,,,,
18891,simple,UBS4031RPU-BTB,,Bolso Liviando De Cuero Engomado Original - Azul,0,0,visible,,,,,taxable,,0,0,,0,0,,,,,1,,,77990,"Género, Tipo de producto > Mochilas, Género > Mujer, Tipo de producto",,,,,,,,,,,,474,5054916438247,Hunter,Hunter,,,,,
18892,simple,UBS4031RPU-CAN,,Bolso Liviando De Cuero Engomado Original - Candy,0,0,visible,,,,,taxable,,0,0,,0,0,,,,,1,,,77990,"Género, Tipo de producto > Mochilas, Género > Mujer, Tipo de producto",,,,,,,,,,,,476,5054916438261,Hunter,Hunter,,,,,
18894,simple,UBS6004KBM-BLK,,Bolso Tote De Nylon Original Negro,0,0,visible,,"Un complemento básico de uso diario a prueba de aguaceros, el bolso tote de nailon Original cuenta con un bolsillo oculto en la parte delantera y es impermeable para proteger el contenido de los chaparrones imprevistos.\n\n\n\n● Impermeable\n\n\n\n● Exterior de sarga de nailon\n\n\n\n● Forro impermeable para proteger el interior\n\n\n\n● Bolsillo exterior delantero para un acceso fácil",,,taxable,,0,0,,0,0,,,,,1,,,77990,"Género, Tipo de producto > Mochilas, Género > Mujer, Tipo de producto",,,"https://trendseeker.cl/wp-content/uploads/2023/07/UBS6004KBM-BLK-1-princ.jpg, https://trendseeker.cl/wp-content/uploads/2023/07/UBS6004KBM-BLK-2.jpg, https://trendseeker.cl/wp-content/uploads/2023/07/UBS6004KBM-BLK-3.jpg, https://trendseeker.cl/wp-content/uploads/2023/07/UBS6004KBM-BLK-4.jpg, https://trendseeker.cl/wp-content/uploads/2023/07/UBS6004KBM-BLK-5.jpg",,,,,,,,,478,5054916201339,Hunter,Hunter,,,,,
18552,simple,UBB6017ACD-BTB,,Mochila Con Clip En La Parte Superior Original - Nylon Azul,0,0,visible,,"Mochila práctica e impermeable con adorno de cuero. Elaborada con nailon impermeable, el elegante y compacto cuerpo de la mochila se cierra con un clip y una cremallera en la parte superior.\n\n\n\n● Impermeable\n\n\n\n● Exterior de sarga de nailon\n\n\n\n● Forro de jacquard impermeable para una mayor protección de las pertenencias\n\n\n\n● Correas posteriores ajustables y acolchadas para un mayor confort\n\n\n\n● Cremalleras distintivas de Hunter en rojo, blanco y negro\n\n\n\n● Disponible en un tamaño más pequeño",,,taxable,,0,0,,0,0,725,11.5,,37,1,,,119990,"Género, Tipo de producto > Mochilas, Género > Mujer, Tipo de producto",winter-style,,"https://trendseeker.cl/wp-content/uploads/2023/07/UBB6017ACD__Bucket_Blue_BTB-1.jpg, https://trendseeker.cl/wp-content/uploads/2023/07/UBB6017ACD__Bucket_Blue_BTB-2.jpg, https://trendseeker.cl/wp-content/uploads/2023/07/UBB6017ACD__Bucket_Blue_BTB-3.jpg, https://trendseeker.cl/wp-content/uploads/2023/07/UBB6017ACD__Bucket_Blue_BTB-4.jpg, https://trendseeker.cl/wp-content/uploads/2023/07/UBB6017ACD__Bucket_Blue_BTB-5.jpg",,,,,,,,,481,5054916438025,Hunter,Hunter,,,,,
18890,simple,UBS4031RPU-BLK,,Bolso Liviando De Cuero Engomado Original - Negro,0,0,visible,,,,,taxable,,0,0,,0,0,,,,,1,,,77990,"Género, Tipo de producto > Mochilas, Género > Mujer, Tipo de producto",,,,,,,,,,,,483,5054916438230,Hunter,Hunter,,,,,
18895,simple,UBS6004KBM-DOV,,Bolso Tote De Nylon Original Verde Oliva,0,0,visible,,"Un complemento básico de uso diario a prueba de aguaceros, el bolso tote de nailon Original cuenta con un bolsillo oculto en la parte delantera y es impermeable para proteger el contenido de los chaparrones imprevistos.\n\n\n\n● Impermeable\n\n\n\n● Exterior de sarga de nailon\n\n\n\n● Forro impermeable para proteger el interior\n\n\n\n● Bolsillo exterior delantero para un acceso fácil",,,taxable,,0,0,,0,0,,,,,1,,,77990,"Género, Tipo de producto > Mochilas, Género > Mujer, Tipo de producto",,,"https://trendseeker.cl/wp-content/uploads/2023/07/UBS6004KBM-DOV-1-princ.jpg, https://trendseeker.cl/wp-content/uploads/2023/07/UBS6004KBM-DOV-2.jpg, https://trendseeker.cl/wp-content/uploads/2023/07/UBS6004KBM-DOV-3.jpg, https://trendseeker.cl/wp-content/uploads/2023/07/UBS6004KBM-DOV-4.jpg, https://trendseeker.cl/wp-content/uploads/2023/07/UBS6004KBM-DOV-5.jpg",,,,,,,,,485,5054916201308,Hunter,Hunter,,,,,
18896,simple,UBS6004KBM-MLR,,Bolso Tote De Nylon Original Rojo Militar,0,0,visible,,"Un complemento básico de uso diario a prueba de aguaceros, el bolso tote de nailon Original cuenta con un bolsillo oculto en la parte delantera y es impermeable para proteger el contenido de los chaparrones imprevistos.\n\n\n\n● Impermeable\n\n\n\n● Exterior de sarga de nailon\n\n\n\n● Forro impermeable para proteger el interior\n\n\n\n● Bolsillo exterior delantero para un acceso fácil",,,taxable,,0,0,,0,0,,,,,1,,,77990,"Género, Tipo de producto > Mochilas, Género > Mujer, Tipo de producto",,,"https://trendseeker.cl/wp-content/uploads/2023/07/UBS6004KBM-MLR-1-princ.jpg, https://trendseeker.cl/wp-content/uploads/2023/07/UBS6004KBM-MLR-2.jpg, https://trendseeker.cl/wp-content/uploads/2023/07/UBS6004KBM-MLR-3.jpg, https://trendseeker.cl/wp-content/uploads/2023/07/UBS6004KBM-MLR-4.jpg, https://trendseeker.cl/wp-content/uploads/2023/07/UBS6004KBM-MLR-5.jpg",,,,,,,,,487,5054916201292,Hunter,Hunter,,,,,
18899,simple,UBS6019KBM-BLK,,Bolsa Para Fines De Semana De Nylon Original: Negro,0,0,visible,,"La bolsa para fines de semana de nailon Original incluye un asa y una correa de hombro para transportarla con facilidad. Se pliega para facilitar el transporte y hace que los días de lluvia no sean un problema gracias a su acabado impermeable. Los bolsillos interiores mantienen a salvo los objetos de valor, mientras que el gran compartimento interior ofrece un espacio de almacenamiento ideal para una breve escapada.\n\n\n\n● Impermeable\n\n\n\n● Exterior de sarga de nailon\n\n\n\n● Forro impermeable para proteger el interior\n\n\n\n● Plegable\n\n\n\n● Bolsillo interior con cierre de cremallera y bolsillo delantero oculto\n\n\n\n● Correa cruzada ajustable y desmontable, y asa de transporte\n\n\n\n● La longitud de la correa totalmente extendida es de",,,taxable,,0,0,,0,0,,,,,1,,,99990,"Género, Tipo de producto > Mochilas, Género > Mujer, Tipo de producto",,,"https://trendseeker.cl/wp-content/uploads/2023/07/UBS6019KBM-BLK-1-princ.jpg, https://trendseeker.cl/wp-content/uploads/2023/07/UBS6019KBM-BLK-2.jpg, https://trendseeker.cl/wp-content/uploads/2023/07/UBS6019KBM-BLK-3.jpg, https://trendseeker.cl/wp-content/uploads/2023/07/UBS6019KBM-BLK-4.jpg, https://trendseeker.cl/wp-content/uploads/2023/07/UBS6019KBM-BLK-5.jpg, https://trendseeker.cl/wp-content/uploads/2023/07/UBS6019KBM-BLK-6.jpg",,,,,,,,,489,5054916201384,Hunter,Hunter,,,,,
18905,simple,UBS7014KBM-CAN,,Bolso Tote Plegable Original: Candy,0,0,visible,,"Sencillo aunque elegante, el bolso tote plegable Original es el bolso definitivo para uso cotidiano. Confeccionado con tejido impermeable e irrompible, el bolso es lo bastante grande como para guardar una tableta o un portátil de 13”, con bolsillos adicionales con fundas con cremallera para guardar todo lo esencial.\n\n● Impermeable\n\n● Nailon irrompible\n\n● Puede enrollarse para guardarse en el bolsillo delantero\n\n● Cierre con cordones\n\n● Gancho para sujetarse a otro bolso o a una presilla",,,taxable,,0,0,,0,0,,,,,1,,,34990,"Género, Tipo de producto > Mochilas, Género > Mujer, Tipo de producto",,,,,,,,,,,,490,5054916474245,Hunter,Hunter,,,,,
18904,simple,UBS7014KBM-BLK,,Bolso Tote Plegable Original: Negro,0,0,visible,,"Sencillo aunque elegante, el bolso tote plegable Original es el bolso definitivo para uso cotidiano. Confeccionado con tejido impermeable e irrompible, el bolso es lo bastante grande como para guardar una tableta o un portátil de 13”, con bolsillos adicionales con fundas con cremallera para guardar todo lo esencial.\n\n\n\n● Impermeable\n\n\n\n● Nailon irrompible\n\n\n\n● Puede enrollarse para guardarse en el bolsillo delantero\n\n\n\n● Cierre con cordones\n\n\n\n● Gancho para sujetarse a otro bolso o a una presilla",,,taxable,,0,0,,0,0,,,,,1,,,34990,"Género, Tipo de producto > Mochilas, Género > Mujer, Tipo de producto",,,"https://trendseeker.cl/wp-content/uploads/2023/07/UBS7014KBM-BLK-1-princ.jpg, https://trendseeker.cl/wp-content/uploads/2023/07/UBS7014KBM-BLK-4.jpg, https://trendseeker.cl/wp-content/uploads/2023/07/UBS7014KBM-BLK-2.jpg, https://trendseeker.cl/wp-content/uploads/2023/07/UBS7014KBM-BLK-3.jpg",,,,,,,,,493,5054916278164,Hunter,Hunter,,,,,
18524,variable,WFS2006RMA-BLK,,Botas Chelsea Original Para Mujer Negro 2,0,0,visible,,"La bota Chelsea Original de Hunter es una nueva versión del clásico botín. Preparada para la lluvia, cada bota está elaborada a mano con caucho natural y vulcanizada para ofrecer una mayor protección. Conserva las características icónicas de la bota Chelsea tradicional, los refuerzos elásticos y una lengüeta de nailon para ponérsela con facilidad. Con un clásico acabado mate, estos botines impermeables son un complemento esencial en tu armario para los días de lluvia. Recomendamos utilizar calcetines con todas las botas Chelsea de Hunter para proteger la piel del contacto con el caucho. Si estás entre dos tallas, te recomendamos que optes por la más grande.\n\n- De fabricación artesanal\n\n- Impermeables\n\n- Forro de poliéster\n\n- Suela de goma con dibujo de Hunter Original\n\n- Refuerzos elásticos laterales y lengüetas de nailon\n\n- Confeccionadas en caucho vulcanizado natural con acabado mate",,,taxable,,0,,,0,0,,,,,0,,70194,116990,"Tipo de producto > Botas, Género, Género > Mujer, Tipo de producto","Impermeables, Invierno, Ofertas",,"https://trendseeker.cl/wp-content/uploads/2023/07/WFS2006RMA-BLK-1-princ.jpg, https://trendseeker.cl/wp-content/uploads/2023/07/Botas-chelsea-cortas-mujer-Hunter.png, https://trendseeker.cl/wp-content/uploads/2023/07/WFS2006RMA-BLK-2.jpg, https://trendseeker.cl/wp-content/uploads/2023/07/WFS2006RMA-BLK-3.jpg, https://trendseeker.cl/wp-content/uploads/2023/07/WFS2006RMA-BLK-4.jpg, https://trendseeker.cl/wp-content/uploads/2023/07/WFS2006RMA-BLK-5.jpg",,,,,,,,,1,,Hunter,Hunter,Talla,"36, 37, 38, 39, 40/41, 42",1,1,
18928,variable,WFF1077NRE-BLK,,ZAP SHERPA NEGRO,0,0,visible,,,,,taxable,,0,,,0,0,,,,,0,,53994,89990,"Tipo de producto > Accesorios, Género, Género > Mujer, Tipo de producto, Tipo de producto > Zapatos","Impermeables, Invierno, Ofertas",,"https://trendseeker.cl/wp-content/uploads/2023/07/WFF1077NRE-BLK-1-princ.jpg, https://trendseeker.cl/wp-content/uploads/2023/07/WFF1077NRE-BLK-2.jpg, https://trendseeker.cl/wp-content/uploads/2023/07/WFF1077NRE-BLK-3.jpg, https://trendseeker.cl/wp-content/uploads/2023/07/WFF1077NRE-BLK-4.jpg, https://trendseeker.cl/wp-content/uploads/2023/07/WFF1077NRE-BLK-5.jpg",,,,,,,,,1,,Hunter,Hunter,Talla,"36, 37, 38, 39, 40/41, 42",0,1,
18930,variable,WFS1043RMA-BLK,,Botas Chelsea Original Para Mujer Negro 1,0,0,visible,,"La bota Chelsea Original de Hunter es una nueva versión del clásico botín. Preparada para la lluvia, cada bota está elaborada a mano con caucho natural y vulcanizada para ofrecer una mayor protección. Conserva las características icónicas de la bota Chelsea tradicional, los refuerzos elásticos y una lengüeta de nailon para ponérsela con facilidad. Con un clásico acabado mate, estos botines impermeables son un complemento esencial en tu armario para los días de lluvia. Recomendamos utilizar calcetines con todas las botas Chelsea de Hunter para proteger la piel del contacto con el caucho. Si estás entre dos tallas, te recomendamos que optes por la más grande.\n\n- De fabricación artesanal\n\n- Impermeables\n\n- Forro de poliéster\n\n- Suela de goma con dibujo de Hunter Original\n\n- Refuerzos elásticos laterales y lengüetas de nailon\n\n- Confeccionadas en caucho vulcanizado natural con acabado mate",,,taxable,,0,,,0,0,,,,,0,,70194,116990,"Tipo de producto > Accesorios, Tipo de producto > Botas, Género, Género > Mujer, Tipo de producto","Impermeables, Invierno, Ofertas",,"https://trendseeker.cl/wp-content/uploads/2023/07/WFS1043RMA-BLK-1-princ.jpg, https://trendseeker.cl/wp-content/uploads/2023/07/Botas-chelsea-cortas-mujer-Hunter-1.png, https://trendseeker.cl/wp-content/uploads/2023/07/WFS1043RMA-BLK-2.jpg, https://trendseeker.cl/wp-content/uploads/2023/07/WFS1043RMA-BLK-3.jpg, https://trendseeker.cl/wp-content/uploads/2023/07/WFS1043RMA-BLK-4.jpg",,,,,,,,,1,,Hunter,Hunter,Talla,"36, 37, 38, 39, 40/41, 42",0,1,
18931,variable,WFS1043RMA-MLR,,Botas Chelsea Original Para Mujer Rojo Militar,0,0,visible,,"La bota Chelsea Original de Hunter es una nueva versión del clásico botín. Preparada para la lluvia, cada bota está elaborada a mano con caucho natural y vulcanizada para ofrecer una mayor protección. Conserva las características icónicas de la bota Chelsea tradicional, los refuerzos elásticos y una lengüeta de nailon para ponérsela con facilidad. Con un clásico acabado mate, estos botines impermeables son un complemento esencial en tu armario para los días de lluvia. Recomendamos utilizar calcetines con todas las botas Chelsea de Hunter para proteger la piel del contacto con el caucho. Si estás entre dos tallas, te recomendamos que optes por la más grande.\n\n- De fabricación artesanal\n\n- Impermeables\n\n- Forro de poliéster\n\n- Suela de goma con dibujo de Hunter Original\n\n- Refuerzos elásticos laterales y lengüetas de nailon\n\n- Confeccionadas en caucho vulcanizado natural con acabado mate",,,taxable,,0,,,0,0,,,,,0,,70194,116990,"Tipo de producto > Accesorios, Tipo de producto > Botas, Género, Género > Mujer, Tipo de producto","Impermeables, Invierno, Ofertas",,"https://trendseeker.cl/wp-content/uploads/2023/07/WFS1043RMA-MLR-1-princ.jpg, https://trendseeker.cl/wp-content/uploads/2023/07/Botas-chelsea-cortas-mujer-Hunter-2.png, https://trendseeker.cl/wp-content/uploads/2023/07/WFS1043RMA-MLR-2.jpg, https://trendseeker.cl/wp-content/uploads/2023/07/WFS1043RMA-MLR-3.jpg, https://trendseeker.cl/wp-content/uploads/2023/07/WFS1043RMA-MLR-4.jpg, https://trendseeker.cl/wp-content/uploads/2023/07/WFS1043RMA-MLR-5.jpg",,,,,,,,,1,,Hunter,Hunter,Talla,"36, 37, 38, 39, 40/41, 42",0,1,
18920,variable,JFT6000RMA-FUS,,Botas De Agua Original Para Niños Fucsia,0,0,visible,,"Ya sea para los charcos del patio como para pasear por el bosque, nuestras botas Original para niños son la opción perfecta para niños de 5 a 11 años (talla 31-37).\n\n\n\nLa bota de agua Original para niños es una versión reducida de la icónica bota alta Original y un sueño para los jóvenes exploradores. Esta bota impermeable de color azul marino neutro está elaborada a mano con caucho natural. Diseñadas para vivir aventuras, nuestras botas de agua especiales para niños son sumamente resistentes al desgaste y la abrasión, e incluyen un forro de poliéster para una mayor comodidad. Los parches reflectantes y el dibujo de Hunter Original ofrecen una seguridad añadida que te permite dejar que se enfrenten a los elementos con toda tranquilidad sea cual sea el clima.\n\n\n\n- Completamente impermeables\n\n\n\n- De fabricación artesanal\n\n\n\n- Forro de poliéster\n\n\n\n- Suela de goma con dibujo de Hunter Original\n\n\n\n- Parches reflectantes para una mayor visibilidad",,,taxable,,0,,,0,0,,,,,0,,47994,79990,"Tipo de producto > Botas, Género, Género > Niño, Tipo de producto","Impermeables, Invierno, Ofertas",,"https://trendseeker.cl/wp-content/uploads/2023/07/JFT6000RMA-FUS-1-princ.jpg, https://trendseeker.cl/wp-content/uploads/2023/07/Botas-infantil-Hunter-4.png",,,,,,,,,1,,Hunter,Hunter,Talla,"33, 34/35, 36, 37",0,1,
18919,variable,JFT6000RMA-CAC,,Botas De Agua Original Para Niños Verde Cactus,0,0,visible,,"Ya sea para los charcos del patio como para pasear por el bosque, nuestras botas Original para niños son la opción perfecta para niños de 5 a 11 años (talla 31-37).\n\nLa bota de agua Original para niños es una versión reducida de la icónica bota alta Original y un sueño para los jóvenes exploradores. Esta bota impermeable de color azul marino neutro está elaborada a mano con caucho natural. Diseñadas para vivir aventuras, nuestras botas de agua especiales para niños son sumamente resistentes al desgaste y la abrasión, e incluyen un forro de poliéster para una mayor comodidad. Los parches reflectantes y el dibujo de Hunter Original ofrecen una seguridad añadida que te permite dejar que se enfrenten a los elementos con toda tranquilidad sea cual sea el clima.\n\n- Completamente impermeables\n\n- De fabricación artesanal\n\n- Forro de poliéster\n\n- Suela de goma con dibujo de Hunter Original\n\n- Parches reflectantes para una mayor visibilidad",,,taxable,,0,,,0,0,,,,,0,,41994,69990,"Tipo de producto > Botas, Género, Género > Niño, Tipo de producto","Impermeables, Invierno, Verde, Ofertas",,"https://trendseeker.cl/wp-content/uploads/2023/07/JFT6000RMA-CAC-1-princ.jpg, https://trendseeker.cl/wp-content/uploads/2023/07/Botas-infantil-Hunter-3.png, https://trendseeker.cl/wp-content/uploads/2023/07/JFT6000RMA-CAC-2.jpg, https://trendseeker.cl/wp-content/uploads/2023/07/JFT6000RMA-CAC-3.jpg, https://trendseeker.cl/wp-content/uploads/2023/07/JFT6000RMA-CAC-4.jpg, https://trendseeker.cl/wp-content/uploads/2023/07/JFT6000RMA-CAC-5.jpg",,,,,,,,,1,,Hunter,Hunter,Talla,"33, 34/35, 36, 37",0,1,
18951,variable,WFT2052NRE-NVY,,Botas Estilo Sherpa Con Parte Superior Enrollable Original Azul Marino,0,0,visible,,Botas Estilo Sherpa Con Parte Superior Enrollable Original Para Mujer\n\n\n\n- Impermeable\n\n- De fabricación artesanal\n\n- Modelo con parte superior enrollable\n\n- Forro estilo Sherpa\n\n- Plantilla aislante térmica\n\n- Pueden llevarse en temperaturas de hasta -5 ºC,,,taxable,,0,,,0,0,,,,,0,,71400,119000,"Tipo de producto > Botas, Género, Género > Mujer, Tipo de producto","Impermeables, Invierno, Ofertas",,"https://trendseeker.cl/wp-content/uploads/2023/07/WFT2041RMA-NVY-1-princ-1.jpg, https://trendseeker.cl/wp-content/uploads/2023/07/WFT2041RMA-NVY-2-1.jpg, https://trendseeker.cl/wp-content/uploads/2023/07/WFT2041RMA-NVY-3-1.jpg, https://trendseeker.cl/wp-content/uploads/2023/07/WFT2041RMA-NVY-4-1.jpg, https://trendseeker.cl/wp-content/uploads/2023/07/WFT2041RMA-NVY-5-1.jpg, https://trendseeker.cl/wp-content/uploads/2023/07/WFT2041RMA-NVY-6-1.jpg",,,,,,,,,1,,Hunter,Hunter,Talla,"36, 37, 38, 39, 40/41, 42",0,1,
18942,variable,WFT1071RGL-BLK,,Botas Original Refined y Brillante Para Mujer Negro,0,0,visible,,"Con un ajuste más ceñido para la vida urbana, la bota de agua alta Refined incluye un diseño personalizado y una estructura con menos capas de caucho para aportar una sensación de mayor ligereza. Elaborada a mano y completamente impermeable, esta bota de agua para mujer con un clásico acabado mate combina a la perfección funcionalidad y estilo para ofrecer un aspecto elegante en los días de lluvia.\n\n\n\n- Ajuste ceñido\n\n- Completamente impermeables\n\n- De fabricación artesanal\n\n- Forro de poliéster\n\n- Estructura con menos capas de caucho para una sensación de mayor ligereza\n\n- Plantilla moldeada para mayor comodidad y apoyo",,,taxable,,0,,,0,0,,,,,0,,98994,164990,"Tipo de producto > Botas, Género, Género > Mujer, Tipo de producto","Impermeables, Invierno, Ofertas",,"https://trendseeker.cl/wp-content/uploads/2023/07/WFT1071RGL-BLK-1-princ.jpg, https://trendseeker.cl/wp-content/uploads/2023/07/WFT1071RGL-BLK-2.jpg, https://trendseeker.cl/wp-content/uploads/2023/07/WFT1071RGL-BLK-3.jpg, https://trendseeker.cl/wp-content/uploads/2023/07/WFT1071RGL-BLK-4.jpg, https://trendseeker.cl/wp-content/uploads/2023/07/WFT1071RGL-BLK-5.jpg",,,,,,,,,1,,Hunter,Hunter,Talla,"36, 37, 38, 39, 40/41",0,1,
18934,variable,WFS1071RMA-NYG,,BOTINES HUNTER WFS1071R AZUL 4,0,0,visible,,,,,taxable,,0,,,0,0,,,,,0,,77994,129990,"Tipo de producto > Botas, Género, Género > Mujer, Tipo de producto","Impermeables, Invierno, Ofertas",,"https://trendseeker.cl/wp-content/uploads/2023/07/WFS1071RMA-NYG-1-princ.jpg, https://trendseeker.cl/wp-content/uploads/2023/07/WFS1071RMA-NYG-2.jpg, https://trendseeker.cl/wp-content/uploads/2023/07/WFS1071RMA-NYG-3.jpg, https://trendseeker.cl/wp-content/uploads/2023/07/WFS1071RMA-NYG-4.jpg, https://trendseeker.cl/wp-content/uploads/2023/07/WFS1071RMA-NYG-5.jpg",,,,,,,,,1,,Hunter,Hunter,Talla,"36, 37, 38, 39, 40/41, 42",0,1,
18935,variable,WFS1071RMA-RDG,,BOTINES HUNTER WFS1071R ROJO 6,0,0,visible,,,,,taxable,,0,,,0,0,,,,,0,,77994,129990,"Tipo de producto > Botas, Género, Género > Mujer, Tipo de producto","Impermeables, Invierno, Ofertas",,"https://trendseeker.cl/wp-content/uploads/2023/07/WFS1071RMA-RDG-1-princ.jpg, https://trendseeker.cl/wp-content/uploads/2023/07/WFS1071RMA-RDG-2.jpg, https://trendseeker.cl/wp-content/uploads/2023/07/WFS1071RMA-RDG-3.jpg, https://trendseeker.cl/wp-content/uploads/2023/07/WFS1071RMA-RDG-4.jpg",,,,,,,,,1,,Hunter,Hunter,Talla,"36, 37, 38, 39, 40/41, 42",0,1,
18927,variable,WAS1017AAC-WHT,,CALCETIN CAR BOTA CORTA BLANCO,0,0,visible,,"Personaliza tus botas Hunter con estos calcetines para botas cálidos y cómodos. Diseñados para ajustarse cómodamente dentro de la bota de agua baja Original y mejorar el ajuste, al tiempo que añaden comodidad y calidez, estos calcetines para botas cuentan con el logotipo de Hunter Original y una confortable vuelta de punto inglés que se dobla.\n\n\n\nPierna con forro de vellón 100 % poliéster\n\n\n\nVuelta que se dobla\n\n\n\nVuelta de punto inglés\n\n\n\nDiseñados para ajustarse a las botas de agua bajas Original\n\n\n\nLogotipo de la marca en PVC\n\n\n\nRecomendamos las siguientes tallas para usar con sus Botas Bajas Originales Hunter. Talla M = Talla de Mujer EU 36-38. Talla L = Talla de Mujer EU 39-42, Talla de Hombre EU 39-42. Talla XL = Talla de Hombre UK 43-45",,,taxable,,0,,,0,0,,,,,0,,20394,33990,"Tipo de producto > Accesorios, Tipo de producto > Accesorios > Calcetín, Tipo de producto","Invierno, winter-style, Ofertas",,"https://trendseeker.cl/wp-content/uploads/2023/07/WAS1017AAC-WHT-1-princ.jpg, https://trendseeker.cl/wp-content/uploads/2023/07/WAS1017AAC-WHT-2.jpg, https://trendseeker.cl/wp-content/uploads/2023/07/Calcetines-Hunter-8.png",,,,,,,,,1,,Hunter,Hunter,size,"L, M",0,1,
18618,variable,WAS1017AAC-BLK,,CALCETIN CAR BOTA CORTA NEGRO,0,0,visible,,"Personaliza tus botas Hunter con estos calcetines para botas cálidos y cómodos. Diseñados para ajustarse cómodamente dentro de la bota de agua baja Original y mejorar el ajuste, al tiempo que añaden comodidad y calidez, estos calcetines para botas cuentan con el logotipo de Hunter Original y una confortable vuelta de punto inglés que se dobla.\n\nPierna con forro de vellón 100 % poliéster\n\nVuelta que se dobla\n\nVuelta de punto inglés\n\nDiseñados para ajustarse a las botas de agua bajas Original\n\nLogotipo de la marca en PVC\n\nProduct code: WAS1017AAC-BLK\n\nRecomendamos las siguientes tallas para usar con sus Botas Bajas Originales Hunter. Talla M = Talla de Mujer EU 36-38. Talla L = Talla de Mujer EU 39-42, Talla de Hombre EU 39-42. Talla XL = Talla de Hombre UK 43-45",,,taxable,,0,,,0,0,,,,,0,,23994,39990,"Tipo de producto > Accesorios, Tipo de producto > Accesorios > Calcetín, Tipo de producto","Invierno, winter-style, Ofertas",,"https://trendseeker.cl/wp-content/uploads/2023/07/WAS1017AAC-BLK-1-princ.jpg, https://trendseeker.cl/wp-content/uploads/2023/07/Calcetines-Hunter-1.png, https://trendseeker.cl/wp-content/uploads/2023/07/WAS1017AAC-BLK-2.jpg",,,,,,,,,1,,Hunter,Hunter,size,"L, M",1,1,
18586,simple,UZC3011XXX-CLR,,HUNTER ABRILLANTADOR BOT MISCEL,0,0,visible,,"Para mantener las botas de goma de Hunter en un estado óptimo, recomendamos este limpiador para botas. Esta esponja impregnada de silicona devuelve el brillo a la superficie de la goma y el cuero.\n\n\n\nMire el vídeo “Cómo limpiar sus botas” para obtener más información sobre la colección para el cuidado de las botas Hunter.\n\n\n\nAdecuado para cualquier calzado de goma y cuero suave\n\nNo adecuado para nubuck, ante o cueros porosos\n\nHunter NO recomienda usar este producto en las botas de cuero de nuestra colección Balmoral\n\nEste producto sirve para devolver el brillo. Para limpiar las botas o eliminar marcas blancas, recomendamos el pulidor de goma",,,taxable,,0,0,,0,0,0.4,15,,7,1,,,5990,"Tipo de producto > Accesorios, Tipo de producto",,,https://trendseeker.cl/wp-content/uploads/2023/07/UZC3011XXX-CLR-1.jpg,,,,,,,,,586,5013441579832,Hunter,Hunter,,,,,
18926,variable,WAS1017AAC-RED,,CALCETIN BOTA CORTA ROJO,0,0,visible,,"Personaliza tus botas Hunter con estos calcetines para botas cálidos y cómodos. Diseñados para ajustarse cómodamente dentro de la bota de agua baja Original y mejorar el ajuste, al tiempo que añaden comodidad y calidez, estos calcetines para botas cuentan con el logotipo de Hunter Original y una confortable vuelta de punto inglés que se dobla.\n\nPierna con forro de vellón 100 % poliéster\n\nVuelta que se dobla\n\nVuelta de punto inglés\n\nDiseñados para ajustarse a las botas de agua bajas Original\n\nLogotipo de la marca en PVC\n\nRecomendamos las siguientes tallas para usar con sus Botas Bajas Originales Hunter. Talla M = Talla de Mujer EU 36-38. Talla L = Talla de Mujer EU 39-42, Talla de Hombre EU 39-42. Talla XL = Talla de Hombre UK 43-45",,,taxable,,0,,,0,0,,,,,0,,23994,39990,"Tipo de producto > Accesorios, Tipo de producto > Accesorios > Calcetín, Tipo de producto","Invierno, winter-style, Ofertas",,"https://trendseeker.cl/wp-content/uploads/2023/07/WAS1017AAC-RED-1-princ.jpg, https://trendseeker.cl/wp-content/uploads/2023/07/Calcetines-Hunter-7.png, https://trendseeker.cl/wp-content/uploads/2023/07/WAS1017AAC-RED-2.jpg, https://trendseeker.cl/wp-content/uploads/2023/07/WAS1017AAC-RED-3.jpg, https://trendseeker.cl/wp-content/uploads/2023/07/WAS1017AAC-RED-4.jpg",,,,,,,,,1,,Hunter,Hunter,size,"L, M",0,1,
18619,variable,UAS3000AAA-CRM,,HUNTER CALCETIN BOTA CREMA,0,0,visible,,"Diseñados para usarse con botas de agua Hunter, estos cálidos calcetines para botas ofrecen comodidad y calidez al tiempo que mejoran el ajuste de la bota.\n\nForro de vellón 100 % poliéster\n\nVuelta que se dobla\n\nDiseñados para ajustarse a las botas de agua altas Original\n\nLogotipo de la marca en PVC\n\nRecomendamos las siguientes tallas para usar con sus Botas Altas Originales Hunter. Talla M = Talla de Mujer EU 36-38. Talla L = Talla de Mujer EU 39-42, Talla de Hombre EU 39-42. Talla XL = Talla de Hombre UK 43-45",,,taxable,,0,,,0,0,,,,,0,,14994,24990,"Tipo de producto > Accesorios, Tipo de producto > Accesorios > Calcetín, Tipo de producto","Invierno, winter-style, Ofertas",,"https://trendseeker.cl/wp-content/uploads/2023/07/UAS3000AAA-CRM-1-princ.jpg, https://trendseeker.cl/wp-content/uploads/2023/07/Calcetines-Hunter-2.png, https://trendseeker.cl/wp-content/uploads/2023/07/UAS3000AAA-CRM-2.jpg, https://trendseeker.cl/wp-content/uploads/2023/07/UAS3000AAA-CRM-3.jpg, https://trendseeker.cl/wp-content/uploads/2023/07/UAS3000AAA-CRM-4.jpg",,,,,,,,,1,,Hunter,Hunter,size,"L, M",1,1,
18954,variable,WRO1185VAD-DSL,,Impermeable De Vinilo Original Mujer Gris,0,0,visible,,,,,taxable,,0,,,0,0,,,,,1,,127492,149990,"Tipo de producto > Chaquetas, Género, Género > Mujer, Tipo de producto","Impermeables, Invierno, Ofertas",,https://trendseeker.cl/wp-content/uploads/2023/07/WRO1185VAD-DSL-1-princ.jpg,,,,,,,,,1,,Hunter,Hunter,size,"L, M, S, XS",0,1,
18850,simple,UBB6017ACD-SRA,,Mochila Con Clip En La Parte Superior Original - Nylon,0,0,visible,,"Mochila práctica e impermeable con adorno de cuero. Elaborada con nailon impermeable, el elegante y compacto cuerpo de la mochila se cierra con un clip y una cremallera en la parte superior.\n\n● Impermeable\n\n● Exterior de sarga de nailon\n\n● Forro de jacquard impermeable para una mayor protección de las pertenencias\n\n● Correas posteriores ajustables y acolchadas para un mayor confort\n\n● Cremalleras distintivas de Hunter en rojo, blanco y negro\n\n● Disponible en un tamaño más pequeño",,,taxable,,0,0,,0,0,725,11.5,,37,1,,,119990,"Género, Tipo de producto > Mochilas, Género > Mujer, Tipo de producto",,,,,,,,,,,,606,5054916530330,Hunter,Hunter,,,,,
18851,simple,UBB6017NSP-BRT,,Mochila Con Clip En La Parte Superior Original - Nylon,0,0,visible,,"Mochila práctica e impermeable con adorno de cuero. Elaborada con nailon impermeable, el elegante y compacto cuerpo de la mochila se cierra con un clip y una cremallera en la parte superior.\n\n● Impermeable\n\n● Exterior de sarga de nailon\n\n● Forro de jacquard impermeable para una mayor protección de las pertenencias\n\n● Correas posteriores ajustables y acolchadas para un mayor confort\n\n● Cremalleras distintivas de Hunter en rojo, blanco y negro\n\n● Disponible en un tamaño más pequeño",,,taxable,,0,0,,0,0,725,11.5,,37,1,,,119990,"Género, Tipo de producto > Mochilas, Género > Mujer, Tipo de producto",,,,,,,,,,,,608,5054916438032,Hunter,Hunter,,,,,
18852,simple,UBB6017NSP-GIN,,Mochila Con Clip En La Parte Superior Original - Nylon,0,0,visible,,"Mochila práctica e impermeable con adorno de cuero. Elaborada con nailon impermeable, el elegante y compacto cuerpo de la mochila se cierra con un clip y una cremallera en la parte superior.\n\n● Impermeable\n\n● Exterior de sarga de nailon\n\n● Forro de jacquard impermeable para una mayor protección de las pertenencias\n\n● Correas posteriores ajustables y acolchadas para un mayor confort\n\n● Cremalleras distintivas de Hunter en rojo, blanco y negro\n\n● Disponible en un tamaño más pequeño",,,taxable,,0,0,,0,0,725,11.5,,37,1,,,119990,"Género, Tipo de producto > Mochilas, Género > Mujer, Tipo de producto",,,,,,,,,,,,610,5054916438049,Hunter,Hunter,,,,,
18845,simple,UBB6017ACD-PKB,,Mochila Con Clip En La Parte Superior Original - Nylon Azul,0,0,visible,,"Mochila práctica e impermeable con adorno de cuero. Elaborada con nailon impermeable, el elegante y compacto cuerpo de la mochila se cierra con un clip y una cremallera en la parte superior.\n\n● Impermeable\n\n● Exterior de sarga de nailon\n\n● Forro de jacquard impermeable para una mayor protección de las pertenencias\n\n● Correas posteriores ajustables y acolchadas para un mayor confort\n\n● Cremalleras distintivas de Hunter en rojo, blanco y negro\n\n● Disponible en un tamaño más pequeño",,,taxable,,0,0,,0,0,725,11.5,,37,1,,,119990,"Género, Tipo de producto > Mochilas, Género > Mujer, Tipo de producto",,,,,,,,,,,,612,5054916438018,Hunter,Hunter,,,,,
18848,simple,UBB6017ACD-ROB,,Mochila Con Clip En La Parte Superior Original - Nylon Azul,0,0,visible,,"Mochila práctica e impermeable con adorno de cuero. Elaborada con nailon impermeable, el elegante y compacto cuerpo de la mochila se cierra con un clip y una cremallera en la parte superior.\n\n● Impermeable\n\n● Exterior de sarga de nailon\n\n● Forro de jacquard impermeable para una mayor protección de las pertenencias\n\n● Correas posteriores ajustables y acolchadas para un mayor confort\n\n● Cremalleras distintivas de Hunter en rojo, blanco y negro\n\n● Disponible en un tamaño más pequeño",,,taxable,,0,0,,0,0,725,11.5,,37,1,,,119990,"Género, Tipo de producto > Mochilas, Género > Mujer, Tipo de producto",,,,,,,,,,,,614,5054916211963,Hunter,Hunter,,,,,
18853,simple,UBB6017NSP-NSP,,Mochila Con Clip En La Parte Superior Original - Nylon Camo,0,0,visible,,"Mochila práctica e impermeable con adorno de cuero. Elaborada con nailon impermeable, el elegante y compacto cuerpo de la mochila se cierra con un clip y una cremallera en la parte superior.\n\n● Impermeable\n\n● Exterior de sarga de nailon\n\n● Forro de jacquard impermeable para una mayor protección de las pertenencias\n\n● Correas posteriores ajustables y acolchadas para un mayor confort\n\n● Cremalleras distintivas de Hunter en rojo, blanco y negro\n\n● Disponible en un tamaño más pequeño",,,taxable,,0,0,,0,0,725,11.5,,37,1,,,119990,"Género, Tipo de producto > Mochilas, Género > Mujer, Tipo de producto",,,,,,,,,,,,616,5054916646734,Hunter,Hunter,,,,,
18849,simple,UBB6017ACD-ROR,,Mochila Con Clip En La Parte Superior Original - Nylon Naranjo,0,0,visible,,"Mochila práctica e impermeable con adorno de cuero. Elaborada con nailon impermeable, el elegante y compacto cuerpo de la mochila se cierra con un clip y una cremallera en la parte superior.\n\n\n\n● Impermeable\n\n\n\n● Exterior de sarga de nailon\n\n\n\n● Forro de jacquard impermeable para una mayor protección de las pertenencias\n\n\n\n● Correas posteriores ajustables y acolchadas para un mayor confort\n\n\n\n● Cremalleras distintivas de Hunter en rojo, blanco y negro\n\n\n\n● Disponible en un tamaño más pequeño",,,taxable,,0,0,,0,0,725,11.5,,37,1,,,119990,"Género, Tipo de producto > Mochilas, Género > Mujer, Tipo de producto",,,,,,,,,,,,619,5054916211970,Hunter,Hunter,,,,,
18847,simple,UBB6017ACD-REA,,Mochila Con Clip En La Parte Superior Original - Nylon Rojo,0,0,visible,,"Mochila práctica e impermeable con adorno de cuero. Elaborada con nailon impermeable, el elegante y compacto cuerpo de la mochila se cierra con un clip y una cremallera en la parte superior.\n\n● Impermeable\n\n● Exterior de sarga de nailon\n\n● Forro de jacquard impermeable para una mayor protección de las pertenencias\n\n● Correas posteriores ajustables y acolchadas para un mayor confort\n\n● Cremalleras distintivas de Hunter en rojo, blanco y negro\n\n● Disponible en un tamaño más pequeño",,,taxable,,0,0,,0,0,725,11.5,,37,1,,,119990,"Género, Tipo de producto > Mochilas, Género > Mujer, Tipo de producto",,,,,,,,,,,,621,5054916646727,Hunter,Hunter,,,,,
18874,simple,UBB6028KBM-BLK,,Mochila De Nylon Original Negro,0,0,visible,,"Un nuevo estilo para esta temporada, la mochila de nailon Original es una bolsa divertida pero funcional para uso cotidiano. Lo bastante grande como para guardar una tableta o un portátil de 13”, esta mochila con cremallera circundante está confeccionada con un tejido impermeable y un forro resistente al agua para evitar que las pertenencias se mojen con la lluvia.\n\n\n\n● Impermeable\n\n\n\n● Exterior de sarga de nailon\n\n\n\n● Forro impermeable para proteger el interior\n\n\n\n● Bolsillo interior de manga acolchado\n\n\n\n● Disponible en un tamaño más pequeño\n\n\n\n<strong>Dimensiones Altura 42CM, Profundidad 16CM, Ancho 29.5CM</strong>",,,taxable,,0,0,,0,0,0.6,16,,42,0,,,89990,"Género, Tipo de producto > Mochilas, Género > Mujer, Tipo de producto",,,"https://trendseeker.cl/wp-content/uploads/2023/07/UBB6028KBM-BLK-1-princ.jpg, https://trendseeker.cl/wp-content/uploads/2023/07/UBB6028KBM-BLK-4.jpg, https://trendseeker.cl/wp-content/uploads/2023/07/UBB6028KBM-BLK-2.jpg, https://trendseeker.cl/wp-content/uploads/2023/07/UBB6028KBM-BLK-3.jpg",,,,,,,,,626,5054916277983,Hunter,Hunter,,,,,
18877,simple,UBB6028KBM-MLR,,Mochila De Nylon Original Rojo Militar,0,0,visible,,"Un nuevo estilo para esta temporada, la mochila de nailon Original es una bolsa divertida pero funcional para uso cotidiano. Lo bastante grande como para guardar una tableta o un portátil de 13”, esta mochila con cremallera circundante está confeccionada con un tejido impermeable y un forro resistente al agua para evitar que las pertenencias se mojen con la lluvia.\n\n\n\n● Impermeable\n\n\n\n● Exterior de sarga de nailon\n\n\n\n● Forro impermeable para proteger el interior\n\n\n\n● Bolsillo interior de manga acolchado\n\n\n\n● Disponible en un tamaño más pequeño",,,taxable,,0,0,,0,0,0.6,16,,42,0,,,89990,"Género, Tipo de producto > Mochilas, Género > Mujer, Tipo de producto",winter-style,,"https://trendseeker.cl/wp-content/uploads/2023/07/UBB6028KBM-MLR-1-princ.jpg, https://trendseeker.cl/wp-content/uploads/2023/07/UBB6028KBM-MLR-6.jpg, https://trendseeker.cl/wp-content/uploads/2023/07/UBB6028KBM-MLR-2.jpg, https://trendseeker.cl/wp-content/uploads/2023/07/UBB6028KBM-MLR-3.jpg, https://trendseeker.cl/wp-content/uploads/2023/07/UBB6028KBM-MLR-4.jpg, https://trendseeker.cl/wp-content/uploads/2023/07/UBB6028KBM-MLR-5.jpg",,,,,,,,,627,5054916278010,Hunter,Hunter,,,,,
18876,simple,UBB6028KBM-DOV,,Mochila De Nylon Original Verde Oliva,0,0,visible,,"Un nuevo estilo para esta temporada, la mochila de nailon Original es una bolsa divertida pero funcional para uso cotidiano. Lo bastante grande como para guardar una tableta o un portátil de 13”, esta mochila con cremallera circundante está confeccionada con un tejido impermeable y un forro resistente al agua para evitar que las pertenencias se mojen con la lluvia.\n\n\n\n● Impermeable\n\n\n\n● Exterior de sarga de nailon\n\n\n\n● Forro impermeable para proteger el interior\n\n\n\n● Bolsillo interior de manga acolchado\n\n\n\n● Disponible en un tamaño más pequeño",,,taxable,,0,0,,0,0,0.6,16,,42,0,,,89990,"Género, Tipo de producto > Mochilas, Género > Mujer, Tipo de producto",,,"https://trendseeker.cl/wp-content/uploads/2023/07/UBB6028KBM-DOV-1-princ.jpg, https://trendseeker.cl/wp-content/uploads/2023/07/UBB6028KBM-DOV-6.jpg, https://trendseeker.cl/wp-content/uploads/2023/07/UBB6028KBM-DOV-2.jpg, https://trendseeker.cl/wp-content/uploads/2023/07/UBB6028KBM-DOV-3.jpg, https://trendseeker.cl/wp-content/uploads/2023/07/UBB6028KBM-DOV-4.jpg, https://trendseeker.cl/wp-content/uploads/2023/07/UBB6028KBM-DOV-5.jpg",,,,,,,,,630,5054916277990,Hunter,Hunter,,,,,
18906,simple,UBT1134RUB-BLK,,Mochila De Nylon Original Negro,0,0,visible,,,,,taxable,,0,0,,0,0,,,,,1,,,49990,"Género, Tipo de producto > Mochilas, Género > Mujer, Tipo de producto",,,,,,,,,,,,632,5054916646635,Hunter,Hunter,,,,,
18879,simple,UBB6028KBM-PAN,,Mochila De Nylon Original Camo,0,0,visible,,"Un nuevo estilo para esta temporada, la mochila de nailon Original es una bolsa divertida pero funcional para uso cotidiano. Lo bastante grande como para guardar una tableta o un portátil de 13”, esta mochila con cremallera circundante está confeccionada con un tejido impermeable y un forro resistente al agua para evitar que las pertenencias se mojen con la lluvia.\n\n● Impermeable\n\n● Exterior de sarga de nailon\n\n● Forro impermeable para proteger el interior\n\n● Bolsillo interior de manga acolchado\n\n● Disponible en un tamaño más pequeño",,,taxable,,0,0,,0,0,0.6,16,,42,0,,,89990,"Género, Tipo de producto > Mochilas, Género > Mujer, Tipo de producto",,,,,,,,,,,,634,5054916278034,Hunter,Hunter,,,,,
18821,simple,JBB6005KBM-PKB,,Mochila Infantil Original Azul Palido,0,0,visible,,"Un nuevo diseño de Hunter Kids, esta mochila impermeable es el complemento ideal de cualquier atuendo para días lluviosos.\n\n\n\n● Elaborada con nailon impermeable\n\n\n\n● Cremalleras Hunter en rojo, blanco y negro\n\n\n\n● Correas posteriores acolchadas para un mayor confort\n\n\n\n● Bolsillo delantero\n\n\n\n● Apertura sencilla\n\n\n\n● Detalle de bigote icónico\n\n<ul>\n\n 	<li><strong>Alto 32CM, Profundidad 10.5CM, Ancho 24.5CM</strong></li>\n\n</ul>",,,taxable,,0,0,,0,0,0.6,10,,21,0,,,59990,"Género, Tipo de producto > Mochilas, Género > Niño, Tipo de producto",,,https://trendseeker.cl/wp-content/uploads/2023/07/JBB6005KBM-PKB.png,,,,,,,,,636,5054916438469,Hunter,Hunter,,,,,
18818,simple,JBB6005KBM-BLK,,Mochila Infantil Original Negro,0,0,visible,,"Un nuevo diseño de Hunter Kids, esta mochila impermeable es el complemento ideal de cualquier atuendo para días lluviosos.\n\n\n\n● Elaborada con nailon impermeable\n\n\n\n● Cremalleras Hunter en rojo, blanco y negro\n\n\n\n● Correas posteriores acolchadas para un mayor confort\n\n\n\n● Bolsillo delantero\n\n\n\n● Apertura sencilla\n\n\n\n● Detalle de bigote icónico\n\n<ul>\n\n 	<li><strong>Alto 32CM, Profundidad 10.5CM, Ancho 24.5CM</strong></li>\n\n</ul>",,,taxable,,0,0,,0,0,0.6,10,,21,0,,,59990,"Género, Tipo de producto > Mochilas, Género > Niño, Tipo de producto",,,"https://trendseeker.cl/wp-content/uploads/2023/07/JBB6005KBM-BLK-1-princ.jpg, https://trendseeker.cl/wp-content/uploads/2023/07/JBB6005KBM-BLK-2.jpg, https://trendseeker.cl/wp-content/uploads/2023/07/JBB6005KBM-BLK-3.jpg, https://trendseeker.cl/wp-content/uploads/2023/07/JBB6005KBM-BLK-4.jpg, https://trendseeker.cl/wp-content/uploads/2023/07/JBB6005KBM-BLK-5.jpg, https://trendseeker.cl/wp-content/uploads/2023/07/JBB6005KBM-BLK-6.jpg",,,,,,,,,638,5054916200820,Hunter,Hunter,,,,,
18824,simple,JBB6005KBM-ROR,,Mochila Infantil Original Naranjo,0,0,visible,,"Un nuevo diseño de Hunter Kids, esta mochila impermeable es el complemento ideal de cualquier atuendo para días lluviosos.\n\n● Elaborada con nailon impermeable\n\n● Cremalleras Hunter en rojo, blanco y negro\n\n● Correas posteriores acolchadas para un mayor confort\n\n● Bolsillo delantero\n\n● Apertura sencilla\n\n● Detalle de bigote icónico",,,taxable,,0,0,,0,0,0.6,10,,21,0,,,59990,"Género, Tipo de producto > Mochilas, Género > Niño, Tipo de producto",,,"https://trendseeker.cl/wp-content/uploads/2023/07/JBB6005KBM-ROR-1-princ.jpg, https://trendseeker.cl/wp-content/uploads/2023/07/JBB6005KBM-ROR-2.jpg, https://trendseeker.cl/wp-content/uploads/2023/07/JBB6005KBM-ROR-3.jpg, https://trendseeker.cl/wp-content/uploads/2023/07/JBB6005KBM-ROR-4.jpg, https://trendseeker.cl/wp-content/uploads/2023/07/JBB6005KBM-ROR-5.jpg, https://trendseeker.cl/wp-content/uploads/2023/07/JBB6005KBM-ROR-6.jpg",,,,,,,,,640,5054916200783,Hunter,Hunter,,,,,
18819,simple,JBB6005KBM-MLR,,Mochila Infantil Original Rojo Militar,0,0,visible,,"Un nuevo diseño de Hunter Kids, esta mochila impermeable es el complemento ideal de cualquier atuendo para días lluviosos.\n\n\n\n● Elaborada con nailon impermeable\n\n\n\n● Cremalleras Hunter en rojo, blanco y negro\n\n\n\n● Correas posteriores acolchadas para un mayor confort\n\n\n\n● Bolsillo delantero\n\n\n\n● Apertura sencilla\n\n\n\n● Detalle de bigote icónico\n\n<ul>\n\n 	<li><strong>Alto 32CM, Profundidad 10.5CM, Ancho 24.5CM</strong></li>\n\n</ul>",,,taxable,,0,0,,0,0,0.6,10,,21,0,,,59990,"Género, Tipo de producto > Mochilas, Género > Niño, Tipo de producto",,,"https://trendseeker.cl/wp-content/uploads/2023/07/JBB6005KBM-MLR-1-princ.jpg, https://trendseeker.cl/wp-content/uploads/2023/07/JBB6005KBM-MLR-2.jpg, https://trendseeker.cl/wp-content/uploads/2023/07/JBB6005KBM-MLR-6.jpg, https://trendseeker.cl/wp-content/uploads/2023/07/JBB6005KBM-MLR-3.jpg, https://trendseeker.cl/wp-content/uploads/2023/07/JBB6005KBM-MLR-4.jpg, https://trendseeker.cl/wp-content/uploads/2023/07/JBB6005KBM-MLR-5.jpg",,,,,,,,,642,5054916200806,Hunter,Hunter,,,,,
18822,simple,JBB6005KBM-RBP,,Mochila Infantil Original Rosado Intenso,0,1,visible,,"Un nuevo diseño de Hunter Kids, esta mochila impermeable es el complemento ideal de cualquier atuendo para días lluviosos.\n\n\n\n● Elaborada con nailon impermeable\n\n\n\n● Cremalleras Hunter en rojo, blanco y negro\n\n\n\n● Correas posteriores acolchadas para un mayor confort\n\n\n\n● Bolsillo delantero\n\n\n\n● Apertura sencilla\n\n\n\n● Detalle de bigote icónico\n\n<ul>\n\n 	<li><strong>Alto 32CM, Profundidad 10.5CM, Ancho 24.5CM</strong></li>\n\n</ul>",,,taxable,,0,0,,0,0,0.6,10,,21,0,,,59990,"Género, Tipo de producto > Mochilas, Género > Niño, Tipo de producto",,,"https://trendseeker.cl/wp-content/uploads/2023/07/JBB6005KBM-RBP-1-princ.jpg, https://trendseeker.cl/wp-content/uploads/2023/07/JBB6005KBM-RBP-2.jpg, https://trendseeker.cl/wp-content/uploads/2023/07/JBB6005KBM-RBP-3.jpg, https://trendseeker.cl/wp-content/uploads/2023/07/JBB6005KBM-RBP-4.jpg, https://trendseeker.cl/wp-content/uploads/2023/07/JBB6005KBM-RBP-5.jpg, https://trendseeker.cl/wp-content/uploads/2023/07/JBB6005KBM-RBP-6.jpg",,,,,,,,,645,5054916200776,Hunter,Hunter,,,,,
18870,simple,UBB6018ACD-SRA,,Mochila Mini Con Clip En La Parte Superior Original,0,0,visible,,"Mochila práctica e impermeable con adorno de cuero. Elaborada con nailon impermeable, el elegante y compacto cuerpo de la mochila se cierra con un clip y una cremallera en la parte superior.\n\n● Impermeable\n\n● Exterior de sarga de nailon\n\n● Forro de jacquard impermeable para una mayor protección de las pertenencias\n\n● Correas posteriores ajustables y acolchadas para un mayor confort\n\n● Cremalleras distintivas de Hunter en rojo, blanco y negro\n\n● Disponible en un tamaño más grande",,,taxable,,0,0,,0,0,0.6,11.5,,32,1,,,99990,"Género, Tipo de producto > Mochilas, Género > Mujer, Tipo de producto",,,,,,,,,,,,646,5054916530347,Hunter,Hunter,,,,,
18863,simple,UBB6018ACD-ROB,,Mochila Mini Con Clip En La Parte Superior Original Azul,0,0,visible,,"Mochila práctica e impermeable con adorno de cuero. Elaborada con nailon impermeable, el elegante y compacto cuerpo de la mochila se cierra con un clip y una cremallera en la parte superior.\n\n● Impermeable\n\n● Exterior de sarga de nailon\n\n● Forro de jacquard impermeable para una mayor protección de las pertenencias\n\n● Correas posteriores ajustables y acolchadas para un mayor confort\n\n● Cremalleras distintivas de Hunter en rojo, blanco y negro\n\n● Disponible en un tamaño más grande",,,taxable,,0,0,,0,0,0.6,11.5,,32,1,,,99990,"Género, Tipo de producto > Mochilas, Género > Mujer, Tipo de producto",,,,,,,,,,,,647,5054916211857,Hunter,Hunter,,,,,
18871,simple,UBB6018NSP-CFS,,Mochila Mini Con Clip En La Parte Superior Original,0,0,visible,,"Mochila práctica e impermeable con adorno de cuero. Elaborada con nailon impermeable, el elegante y compacto cuerpo de la mochila se cierra con un clip y una cremallera en la parte superior.\n\n● Impermeable\n\n● Exterior de sarga de nailon\n\n● Forro de jacquard impermeable para una mayor protección de las pertenencias\n\n● Correas posteriores ajustables y acolchadas para un mayor confort\n\n● Cremalleras distintivas de Hunter en rojo, blanco y negro\n\n● Disponible en un tamaño más grande",,,taxable,,0,0,,0,0,0.6,11.5,,32,1,,,99990,"Género, Tipo de producto > Mochilas, Género > Mujer, Tipo de producto",,,,,,,,,,,,648,5054916438070,Hunter,Hunter,,,,,
18872,simple,UBB6018NSP-GIN,,Mochila Mini Con Clip En La Parte Superior Original,0,0,visible,,"Mochila práctica e impermeable con adorno de cuero. Elaborada con nailon impermeable, el elegante y compacto cuerpo de la mochila se cierra con un clip y una cremallera en la parte superior.\n\n● Impermeable\n\n● Exterior de sarga de nailon\n\n● Forro de jacquard impermeable para una mayor protección de las pertenencias\n\n● Correas posteriores ajustables y acolchadas para un mayor confort\n\n● Cremalleras distintivas de Hunter en rojo, blanco y negro\n\n● Disponible en un tamaño más grande",,,taxable,,0,0,,0,0,0.6,11.5,,32,1,,,99990,"Género, Tipo de producto > Mochilas, Género > Mujer, Tipo de producto",,,,,,,,,,,,649,5054916438087,Hunter,Hunter,,,,,
18868,simple,UBB6018ACD-RPY,,Mochila Mini Con Clip En La Parte Superior Original Amrillo Palido,0,0,visible,,"Mochila práctica e impermeable con adorno de cuero. Elaborada con nailon impermeable, el elegante y compacto cuerpo de la mochila se cierra con un clip y una cremallera en la parte superior.\n\n● Impermeable\n\n● Exterior de sarga de nailon\n\n● Forro de jacquard impermeable para una mayor protección de las pertenencias\n\n● Correas posteriores ajustables y acolchadas para un mayor confort\n\n● Cremalleras distintivas de Hunter en rojo, blanco y negro\n\n● Disponible en un tamaño más grande",,,taxable,,0,0,,0,0,0.6,11.5,,32,1,,,99990,"Género, Tipo de producto > Mochilas, Género > Mujer, Tipo de producto",,,,,,,,,,,,650,5054916211901,Hunter,Hunter,,,,,
18873,simple,UBB6018NSP-NSP,,Mochila Mini Con Clip En La Parte Superior Original Camo,0,0,visible,,"Mochila práctica e impermeable con adorno de cuero. Elaborada con nailon impermeable, el elegante y compacto cuerpo de la mochila se cierra con un clip y una cremallera en la parte superior.\n\n● Impermeable\n\n● Exterior de sarga de nailon\n\n● Forro de jacquard impermeable para una mayor protección de las pertenencias\n\n● Correas posteriores ajustables y acolchadas para un mayor confort\n\n● Cremalleras distintivas de Hunter en rojo, blanco y negro\n\n● Disponible en un tamaño más grande",,,taxable,,0,0,,0,0,0.6,11.5,,32,1,,,99990,"Género, Tipo de producto > Mochilas, Género > Mujer, Tipo de producto",,,,,,,,,,,,651,5054916646765,Hunter,Hunter,,,,,
18867,simple,UBB6018ACD-RPK,,Mochila Mini Con Clip En La Parte Superior Original Rosado,0,0,visible,,"Mochila práctica e impermeable con adorno de cuero. Elaborada con nailon impermeable, el elegante y compacto cuerpo de la mochila se cierra con un clip y una cremallera en la parte superior.\n\n● Impermeable\n\n● Exterior de sarga de nailon\n\n● Forro de jacquard impermeable para una mayor protección de las pertenencias\n\n● Correas posteriores ajustables y acolchadas para un mayor confort\n\n● Cremalleras distintivas de Hunter en rojo, blanco y negro\n\n● Disponible en un tamaño más grande",,,taxable,,0,0,,0,0,0.6,11.5,,32,1,,,99990,"Género, Tipo de producto > Mochilas, Género > Mujer, Tipo de producto",,,,,,,,,,,,652,5054916211895,Hunter,Hunter,,,,,
18866,simple,UBB6018ACD-RPG,,Mochila Mini Con Clip En La Parte Superior Original Verde Palido,0,0,visible,,"Mochila práctica e impermeable con adorno de cuero. Elaborada con nailon impermeable, el elegante y compacto cuerpo de la mochila se cierra con un clip y una cremallera en la parte superior.\n\n● Impermeable\n\n● Exterior de sarga de nailon\n\n● Forro de jacquard impermeable para una mayor protección de las pertenencias\n\n● Correas posteriores ajustables y acolchadas para un mayor confort\n\n● Cremalleras distintivas de Hunter en rojo, blanco y negro\n\n● Disponible en un tamaño más grande",,,taxable,,0,0,,0,0,0.6,11.5,,32,1,,,99990,"Género, Tipo de producto > Mochilas, Género > Mujer, Tipo de producto",,,,,,,,,,,,653,5054916211888,Hunter,Hunter,,,,,
18835,simple,UBB5028KBM-BTB,,Mochila Pequeña De Nylon Original Azul,0,0,visible,,"Un nuevo estilo para esta temporada, la mochila pequeña de nailon Original es una bolsa divertida pero funcional para uso cotidiano. Lo bastante grande como para guardar lo básico, esta mochila elegante y compacta con cremallera circundante está confeccionada con un tejido impermeable y un forro resistente al agua para evitar que las pertenencias se mojen con la lluvia.\n\n\n\n● Impermeable\n\n\n\n● Exterior de sarga de nailon\n\n\n\n● Forro impermeable para proteger el interior\n\n\n\n● Bolsillo interior de manga acolchado\n\n\n\n● Disponible en un tamaño más grande",,,taxable,,0,0,,0,0,0.8,13,,37,0,,,79900,"Género, Tipo de producto > Mochilas, Género > Mujer, Tipo de producto",winter-style,,"https://trendseeker.cl/wp-content/uploads/2023/07/UBB5028KBM__Bucket_Blue_BTB-1.jpg, https://trendseeker.cl/wp-content/uploads/2023/07/UBB5028KBM__Bucket_Blue_BTB-2.jpg, https://trendseeker.cl/wp-content/uploads/2023/07/UBB5028KBM__Bucket_Blue_BTB-5.jpg, https://trendseeker.cl/wp-content/uploads/2023/07/UBB5028KBM__Bucket_Blue_BTB-4.jpg, https://trendseeker.cl/wp-content/uploads/2023/07/UBB5028KBM__Bucket_Blue_BTB-3.jpg",,,,,,,,,654,5054916438100,Hunter,Hunter,,,,,
18841,simple,UBB5028NSP-NSP,,Mochila Pequeña De Nylon Original Camo,0,0,visible,,"Un nuevo estilo para esta temporada, la mochila pequeña de nailon Original es una bolsa divertida pero funcional para uso cotidiano. Lo bastante grande como para guardar lo básico, esta mochila elegante y compacta con cremallera circundante está confeccionada con un tejido impermeable y un forro resistente al agua para evitar que las pertenencias se mojen con la lluvia.\n\n\n\n● Impermeable\n\n\n\n● Exterior de sarga de nailon\n\n\n\n● Forro impermeable para proteger el interior\n\n\n\n● Bolsillo interior de manga acolchado\n\n\n\n● Disponible en un tamaño más grande",,,taxable,,0,0,,0,0,0.8,13,,37,0,,,79900,"Género, Tipo de producto > Mochilas, Género > Mujer, Tipo de producto",,,,,,,,,,,,655,5054916646277,Hunter,Hunter,,,,,
18840,simple,UBB5028KBM-REA,,Mochila Pequeña De Nylon Original Rojo Alga,0,0,visible,,"Un nuevo estilo para esta temporada, la mochila pequeña de nailon Original es una bolsa divertida pero funcional para uso cotidiano. Lo bastante grande como para guardar lo básico, esta mochila elegante y compacta con cremallera circundante está confeccionada con un tejido impermeable y un forro resistente al agua para evitar que las pertenencias se mojen con la lluvia.\n\n\n\n● Impermeable\n\n\n\n● Exterior de sarga de nailon\n\n\n\n● Forro impermeable para proteger el interior\n\n\n\n● Bolsillo interior de manga acolchado\n\n\n\n● Disponible en un tamaño más grande",,,taxable,,0,0,,0,0,0.8,13,,37,0,,,79900,"Género, Tipo de producto > Mochilas, Género > Mujer, Tipo de producto",,,"https://trendseeker.cl/wp-content/uploads/2023/07/UBB5028KBM-REA-1-princ.jpg, https://trendseeker.cl/wp-content/uploads/2023/07/UBB5028KBM-REA-5.jpg, https://trendseeker.cl/wp-content/uploads/2023/07/UBB5028KBM-REA-2.jpg, https://trendseeker.cl/wp-content/uploads/2023/07/UBB5028KBM-REA-3.jpg, https://trendseeker.cl/wp-content/uploads/2023/07/UBB5028KBM-REA-4.jpg",,,,,,,,,656,5054916646260,Hunter,Hunter,,,,,
18839,simple,UBB5028KBM-RBP,,Mochila Pequeña De Nylon Original Rosado Intenso,0,0,visible,,"Un nuevo estilo para esta temporada, la mochila pequeña de nailon Original es una bolsa divertida pero funcional para uso cotidiano. Lo bastante grande como para guardar lo básico, esta mochila elegante y compacta con cremallera circundante está confeccionada con un tejido impermeable y un forro resistente al agua para evitar que las pertenencias se mojen con la lluvia.\n\n\n\n● Impermeable\n\n\n\n● Exterior de sarga de nailon\n\n\n\n● Forro impermeable para proteger el interior\n\n\n\n● Bolsillo interior de manga acolchado\n\n\n\n● Disponible en un tamaño más grande",,,taxable,,0,0,,0,0,0.8,13,,37,0,,,79900,"Género, Tipo de producto > Mochilas, Género > Mujer, Tipo de producto",,,https://trendseeker.cl/wp-content/uploads/2023/07/UBB5028KBM-RBP-1-princ.jpg,,,,,,,,,657,5054916350112,Hunter,Hunter,,,,,
18882,simple,UBB7015KBM-CAN,,Mochila Plegable Original Candy,0,0,visible,,"Ligera y funcional, la mochila plegable Original es ideal para uso cotidiano. Confeccionada con un tejido irrompible con un acabado resistente al agua para proteger las pertenencias guardadas en el interior, tiene correas posteriores de malla transpirables y multitud de bolsillos para ofrecer más espacio de almacenamiento.\n\n● Impermeable\n\n● Nailon irrompible\n\n● Puede enrollarse para guardarse en el bolsillo delantero\n\n● Correas posteriores de malla para aportar transpirabilidad",,,taxable,,0,0,,0,0,0.6,12,,35,1,,,47990,"Género, Tipo de producto > Mochilas, Género > Mujer, Tipo de producto",,,,,,,,,,,,658,5054916474252,Hunter,Hunter,,,,,
18881,simple,UBB7015KBM-BLK,,Mochila Plegable Original Negro,0,0,visible,,"Ligera y funcional, la mochila plegable Original es ideal para uso cotidiano. Confeccionada con un tejido irrompible con un acabado resistente al agua para proteger las pertenencias guardadas en el interior, tiene correas posteriores de malla transpirables y multitud de bolsillos para ofrecer más espacio de almacenamiento.\n\n\n\n● Impermeable\n\n\n\n● Nailon irrompible\n\n\n\n● Puede enrollarse para guardarse en el bolsillo delantero\n\n\n\n● Correas posteriores de malla para aportar transpirabilidad",,,taxable,,0,0,,0,0,0.6,12,,35,1,,,47990,"Género, Tipo de producto > Mochilas, Género > Mujer, Tipo de producto",,,"https://trendseeker.cl/wp-content/uploads/2023/07/UBB7015KBM-BLK-1-princ.jpg, https://trendseeker.cl/wp-content/uploads/2023/07/UBB7015KBM-BLK-2.jpg, https://trendseeker.cl/wp-content/uploads/2023/07/UBB7015KBM-BLK-5.jpg, https://trendseeker.cl/wp-content/uploads/2023/07/UBB7015KBM-BLK-4.jpg, https://trendseeker.cl/wp-content/uploads/2023/07/UBB7015KBM-BLK-3.jpg",,,,,,,,,659,5054916278188,Hunter,Hunter,,,,,
18817,simple,JBB1119KBM-RYL,,Primera Mochila Original Para Niños Amarillo,0,0,visible,,"Perfecta para los pequeños exploradores de 2 a 6 años, Hunter acaba de presentar la primera mochila de su clase. Ahora nadie de la familia está desprovisto con la nueva primera mochila Original para niños. Esta bolsa de tamaño miniatura los acompañará desde esos primeros días de diversión en la guardería hasta las apasionantes aventuras en el patio de la escuela. El exterior de nailon impermeable es perfecto para los pequeños aventureros, mientras que el diseño rectangular y las correas acolchadas aseguran una comodidad total para el uso diario. Con el icónico logotipo Hunter y el detalle del bigote, esta minimochila completará el look para los días de lluvia de tus pequeños viajeros.\n\n\n\n● Exterior de sarga de nailon impermeable\n\n\n\n● Correas ajustables y acolchadas para un mayor confort\n\n\n\n● Detalle de bigote icónico\n\n\n\n● Etiqueta interior para el nombre\n\n\n\n● Altura: 27,5 cm. Profundidad: 8,5 cm. Anchura: 22 cm. Capacidad: 5,8 l",,,taxable,,0,0,,0,0,0.6,8.5,,27.5,0,,,29990,"Género, Tipo de producto > Mochilas, Género > Niño, Tipo de producto",,,"https://trendseeker.cl/wp-content/uploads/2023/07/JBB1119KBM-RYL-1-princ.jpg, https://trendseeker.cl/wp-content/uploads/2023/07/JBB1119KBM-RYL-6.jpg, https://trendseeker.cl/wp-content/uploads/2023/07/JBB1119KBM-RYL-2.jpg, https://trendseeker.cl/wp-content/uploads/2023/07/JBB1119KBM-RYL-3.jpg, https://trendseeker.cl/wp-content/uploads/2023/07/JBB1119KBM-RYL-4.jpg, https://trendseeker.cl/wp-content/uploads/2023/07/JBB1119KBM-RYL-5.jpg",,,,,,,,,661,5054916530484,Hunter,Hunter,,,,,
18815,simple,JBB1119KBM-NVY,,Primera Mochila Original Para Niños Azul Marino,0,0,visible,,"Perfecta para los pequeños exploradores de 2 a 6 años, Hunter acaba de presentar la primera mochila de su clase. Ahora nadie de la familia está desprovisto con la nueva primera mochila Original para niños. Esta bolsa de tamaño miniatura los acompañará desde esos primeros días de diversión en la guardería hasta las apasionantes aventuras en el patio de la escuela. El exterior de nailon impermeable es perfecto para los pequeños aventureros, mientras que el diseño rectangular y las correas acolchadas aseguran una comodidad total para el uso diario. Con el icónico logotipo Hunter y el detalle del bigote, esta minimochila completará el look para los días de lluvia de tus pequeños viajeros.\n\n\n\n● Exterior de sarga de nailon impermeable\n\n\n\n● Correas ajustables y acolchadas para un mayor confort\n\n\n\n● Detalle de bigote icónico\n\n\n\n● Etiqueta interior para el nombre\n\n\n\n● Altura: 27,5 cm. Profundidad: 8,5 cm. Anchura: 22 cm. Capacidad: 5,8 l",,,taxable,,0,0,,0,0,0.6,8.5,,27.5,0,,,29990,"Género, Tipo de producto > Mochilas, Género > Niño, Tipo de producto",,,"https://trendseeker.cl/wp-content/uploads/2023/07/JBB1119KBM-NVY-1-princ.jpg, https://trendseeker.cl/wp-content/uploads/2023/07/JBB1119KBM-NVY-2.jpg, https://trendseeker.cl/wp-content/uploads/2023/07/JBB1119KBM-NVY-3.jpg, https://trendseeker.cl/wp-content/uploads/2023/07/JBB1119KBM-NVY-4.jpg, https://trendseeker.cl/wp-content/uploads/2023/07/JBB1119KBM-NVY-5.jpg, https://trendseeker.cl/wp-content/uploads/2023/07/JBB1119KBM-NVY-6.jpg",,,,,,,,,662,5054916556347,Hunter,Hunter,,,,,
18816,simple,JBB1119KBM-RBP,,Primera Mochila Original Para Niños Rosado Intenso,0,0,visible,,"Perfecta para los pequeños exploradores de 2 a 6 años, Hunter acaba de presentar la primera mochila de su clase. Ahora nadie de la familia está desprovisto con la nueva primera mochila Original para niños. Esta bolsa de tamaño miniatura los acompañará desde esos primeros días de diversión en la guardería hasta las apasionantes aventuras en el patio de la escuela. El exterior de nailon impermeable es perfecto para los pequeños aventureros, mientras que el diseño rectangular y las correas acolchadas aseguran una comodidad total para el uso diario. Con el icónico logotipo Hunter y el detalle del bigote, esta minimochila completará el look para los días de lluvia de tus pequeños viajeros.\n\n\n\n● Exterior de sarga de nailon impermeable\n\n\n\n● Correas ajustables y acolchadas para un mayor confort\n\n\n\n● Detalle de bigote icónico\n\n\n\n● Etiqueta interior para el nombre\n\n\n\n● Altura: 27,5 cm. Profundidad: 8,5 cm. Anchura: 22 cm. Capacidad: 5,8 l",,,taxable,,0,0,,0,0,0.6,8.5,,27.5,0,,,29990,"Género, Tipo de producto > Mochilas, Género > Niño, Tipo de producto",,,"https://trendseeker.cl/wp-content/uploads/2023/07/JBB1119KBM-RBP-1-princ.jpg, https://trendseeker.cl/wp-content/uploads/2023/07/JBB1119KBM-RBP-2.jpg, https://trendseeker.cl/wp-content/uploads/2023/07/JBB1119KBM-RBP-3.jpg, https://trendseeker.cl/wp-content/uploads/2023/07/JBB1119KBM-RBP-4.jpg, https://trendseeker.cl/wp-content/uploads/2023/07/JBB1119KBM-RBP-5.jpg, https://trendseeker.cl/wp-content/uploads/2023/07/JBB1119KBM-RBP-6.jpg",,,,,,,,,663,5054916530491,Hunter,Hunter,,,,,
18823,simple,JBB6005KBM-ROB,,Mochila Infantil Original Azul,0,0,visible,,"Un nuevo diseño de Hunter Kids, esta mochila impermeable es el complemento ideal de cualquier atuendo para días lluviosos.\n\n● Elaborada con nailon impermeable\n\n● Cremalleras Hunter en rojo, blanco y negro\n\n● Correas posteriores acolchadas para un mayor confort\n\n● Bolsillo delantero\n\n● Apertura sencilla\n\n● Detalle de bigote icónico",,,taxable,,0,0,,0,0,0.6,10,,21,0,,,59990,"Género, Tipo de producto > Mochilas, Género > Niño, Tipo de producto",,,"https://trendseeker.cl/wp-content/uploads/2023/07/JBB6005KBM-ROB-1-princ-1.jpg, https://trendseeker.cl/wp-content/uploads/2023/07/JBB6005KBM-ROB-6.jpg, https://trendseeker.cl/wp-content/uploads/2023/07/JBB6005KBM-ROB-2.jpg, https://trendseeker.cl/wp-content/uploads/2023/07/JBB6005KBM-ROB-3.jpg, https://trendseeker.cl/wp-content/uploads/2023/07/JBB6005KBM-ROB-4.jpg, https://trendseeker.cl/wp-content/uploads/2023/07/JBB6005KBM-ROB-5.jpg",,,,,,,,,664,5054916200790,Hunter,Hunter,,,,,
19315,variable,KFT5003RMA-NVY,,Primeras Botas De Agua Clásicas Original Para Niños:,0,0,visible,,"Diseñadas para niños de 18 meses a 8 años (talla 21-33), las primeras botas infantiles están forradas en algodón para ofrecer mayor comodidad e incluyen un dibujo especialmente creado para reducir los resbalones.\n\n\n\n",,,taxable,,0,,,0,0,,,,,1,,28194,46990,"Tipo de producto > Botas, Género, Género > Niño, Tipo de producto","Impermeables, Invierno, Navy, Ofertas",,,,,,,,,,,1,,Hunter,Hunter,Talla,"21, 22, 23, 24, 26, 27, 28, 29, 31, 32",0,1,
19316,variable,KFT5003RMA-LIP,,Primeras Botas De Agua Clásicas Original Para Niños:,0,0,visible,,"Diseñadas para niños de 18 meses a 8 años (talla 21-33), las primeras botas infantiles están forradas en algodón para ofrecer mayor comodidad e incluyen un dibujo especialmente creado para reducir los resbalones.\n\nAcabada en azul marino neutro, esta bota de agua infantil es perfecta para chapotear en los charcos. Elaborada a mano con caucho natural, su suela plana y su puntera redondeada ofrecen espacio para que los pequeños pies se muevan, mientras que el forro de algodón suave garantiza un confort total para todo tipo de aventuras.\n\n- Completamente impermeables\n\n- De fabricación artesanal\n\n- Forro de algodón suave\n\n- Suela de goma con dibujo de Original para niños\n\n- Confeccionadas en caucho vulcanizado natural con acabado mate",,,taxable,,0,,,0,0,,,,,0,,28194,46990,"Tipo de producto > Botas, Género, Género > Niño, Tipo de producto","Impermeables, Invierno, Ofertas",,"https://trendseeker.cl/wp-content/uploads/2023/07/KFT5003RMA-LIP-1-princ.jpg, https://trendseeker.cl/wp-content/uploads/2023/07/Botas-infantil-Hunter-6.png",,,,,,,,,1,,Hunter,Hunter,Talla,"21, 22, 23, 24, 26, 27, 28, 29, 31, 32",0,1,
18885,simple,UBP7020KBM-BTB,,Riñonera Original Azul,0,0,visible,,"Luce el estilo de la temporada con la riñonera Original. Impermeable, multifuncional y con el icónico logotipo del recuadro rojo de Hunter, esta riñonera de nylon en un azul intenso y perfecto para la playa es una opción fácil para lucir con estilo de manera natural.\n\n\n\n● Impermeable\n\n\n\n● Exterior de sarga de nylon\n\n\n\n● Forro adicional resistente al agua\n\n\n\n● Correa ajustable para ponérsela con facilidad\n\n\n\n● Cremallera con las tres franjas características de Hunter\n\n\n\n● Puede llevarse como bandolera o riñonera\n\n\n\n● Altura: 16 cm. Anchura: 27 cm. Fondo: 9 cm",,,taxable,,0,0,,0,0,0.6,,,10,1,,,39990,"Género, Tipo de producto > Mochilas, Género > Mujer, Tipo de producto",,,,,,,,,,,,667,5054916438094,Hunter,Hunter,,,,,
18888,simple,UBP7020KBM-RBP,,Riñonera Original Rosado Intenso,0,0,visible,,"Luce el estilo de la temporada con la riñonera Original. Impermeable, multifuncional y con el icónico logotipo del recuadro rojo de Hunter, esta riñonera de nailon en un azul intenso y perfecto para la playa es una opción fácil para lucir con estilo de manera natural.\n\n\n\n● Impermeable\n\n\n\n● Exterior de sarga de nailon\n\n\n\n● Forro adicional resistente al agua\n\n\n\n● Correa ajustable para ponérsela con facilidad\n\n\n\n● Cremallera con las tres franjas características de Hunter\n\n\n\n● Puede llevarse como bandolera o riñonera\n\n\n\n● Altura: 16 cm. Anchura: 27 cm. Fondo: 9 cm",,,taxable,,0,0,,0,0,0.6,,,10,1,,,39990,"Género, Tipo de producto > Mochilas, Género > Mujer, Tipo de producto",,,"https://trendseeker.cl/wp-content/uploads/2023/07/UBP7020KBM-RBP-1-princ.jpg, https://trendseeker.cl/wp-content/uploads/2023/07/UBP7020KBM-RBP-5.jpg, https://trendseeker.cl/wp-content/uploads/2023/07/UBP7020KBM-RBP-2.jpg, https://trendseeker.cl/wp-content/uploads/2023/07/UBP7020KBM-RBP-3.jpg, https://trendseeker.cl/wp-content/uploads/2023/07/UBP7020KBM-RBP-4.jpg",,,,,,,,,668,5054916474177,Hunter,Hunter,,,,,
18953,variable,WRO1123SBD-BLK,,Smock Impermeable Original Pleglable Mujer Negro,0,0,visible,,,,,taxable,,0,,,0,0,,,,,1,,127492,149990,"Tipo de producto > Chaquetas, Género, Género > Mujer, Tipo de producto","Impermeables, Invierno, Ofertas",,https://trendseeker.cl/wp-content/uploads/2023/07/WRO1123SBD-BLK-1-princ.jpg,,,,,,,,,1,,Hunter,Hunter,size,"L, M, S, XS",0,1,
18918,variable,MFS9014RMA-LKB,,Zapato de Agua para Hombre LKB,0,0,visible,,<strong>SIN CAMBIOS NI DEVOLUCIONES</strong>,,,taxable,,0,,,0,0,,,,,0,,86994,144990,"Género, Género > Hombre, Tipo de producto, Tipo de producto > Zapatos","Impermeables, Invierno, Ofertas",,"https://trendseeker.cl/wp-content/uploads/2023/07/MFS9014RMA-LKB-1-princ.jpg, https://trendseeker.cl/wp-content/uploads/2023/07/MFS9014RMA-LKB-2.jpg, https://trendseeker.cl/wp-content/uploads/2023/07/MFS9014RMA-LKB-3.jpg, https://trendseeker.cl/wp-content/uploads/2023/07/MFS9014RMA-LKB-4.jpg, https://trendseeker.cl/wp-content/uploads/2023/07/MFS9014RMA-LKB-5.jpg",,,,,,,,,1,,Hunter,Hunter,Talla,"39, 40/41, 42, 43, 44, 45/46, 47",0,1,
18648,variable,MFS9014RMA-BLK,,Zapato de Agua para Hombre Negro,0,0,visible,,,,,taxable,,0,,,0,0,,,,,0,,86994,144990,"Género, Género > Hombre, Tipo de producto, Tipo de producto > Zapatos","Impermeables, Invierno, Ofertas",,"https://trendseeker.cl/wp-content/uploads/2023/07/MFS9014RMA-BLK-1-princ.jpg, https://trendseeker.cl/wp-content/uploads/2023/07/MFS9014RMA-BLK-2.jpg, https://trendseeker.cl/wp-content/uploads/2023/07/MFS9014RMA-BLK-3.jpg, https://trendseeker.cl/wp-content/uploads/2023/07/MFS9014RMA-BLK-4.jpg, https://trendseeker.cl/wp-content/uploads/2023/07/MFS9014RMA-BLK-5.jpg",,,,,,,,,1,,Hunter,Hunter,Talla,"39, 40/41, 42, 43, 44, 45/46, 47",1,1,
