ID,Tipo,SKU,"GTIN, UPC, EAN o ISBN",Nombre,Publicado,¿Está destacado?,Visibilidad en el catálogo,Descripción corta,Descripción,Día en que empieza el precio rebajado,Día en que termina el precio rebajado,Estado del impuesto,Clase de impuesto,¿Existencias?,Inventario,Cantidad de bajo inventario,¿Permitir reservas de productos agotados?,¿Vendido individualmente?,Peso (g),Longitud (cm),Anchura (cm),Altura (cm),¿Permitir valoraciones de clientes?,Nota de compra,Precio rebajado,Precio normal,Categorías,Etiquetas,Clase de envío,Imágenes,Límite de descargas,Días de caducidad de la descarga,Superior,Productos agrupados,Ventas dirigidas,Ventas cruzadas,URL externa,Texto del botón,Posición,EAN,Marcas,Marca,Nombre del atributo 1,Valor(es) del atributo 1,Atributo visible 1,Atributo global 1,Atributo por defecto 1
19435,variation,F WHITE38,,Fruit White Smoked - 38,1,0,visible,,,,,taxable,parent,1,40,3,notify,0,0,30,,15,0,,,39990,,,,,,,F WHITE,,,"PK13PH, 20510",,,0,191733729846,Blowfish Malibu,Blowfish Malibu,Talla,38,,1,
19437,variation,F WHITE40,,Fruit White Smoked - 40,1,0,visible,,,,,taxable,parent,1,20,3,notify,0,0,30,,15,0,,,39990,,,,,,,F WHITE,,,"PK13PH, 20510",,,0,191733729877,Blowfish Malibu,Blowfish Malibu,Talla,40,,1,
18697,variation,F DIRTY35,,Fruit Dirty Pink - 35,1,0,visible,,,,,taxable,parent,1,1,3,0,0,0,30,,15,0,,,39990,,,,,,,F DIRTY,,,"Clay Black, P C KITTY",,,1,193529041163,Blowfish Malibu,Blowfish Malibu,Talla,35,,1,
18703,variation,F EARTH35,,Fruit Earth Camo - 35,1,0,visible,,,,,taxable,parent,1,10,3,0,0,0,30,,15,0,,,24990,,,,,,,F EARTH,,,"Clay Black, Parlane BLK, P C KITTY",,,1,193529104523,Blowfish Malibu,Blowfish Malibu,Talla,35,,1,
18720,variation,F Wolgry40,,Fruit Wolf Grey - 40,1,0,visible,,,,,taxable,parent,0,0,3,0,0,0,30,,15,0,,,39990,,,,,,,F Wolgry,,,"GR20PH, VEXWHITE",,,1,191733616177,Blowfish Malibu,Blowfish Malibu,Talla,40,,1,
18726,variation,M CAMO40,,Marley Natural Camoflauge - 40,1,0,visible,,,,,taxable,parent,0,0,3,0,0,0,30,,15,0,,,39990,,,,,,,M CAMO,,,,,,1,191733418832,Blowfish Malibu,Blowfish Malibu,Talla,40,,1,
18777,variation,P N CAMO38,,Play Natural Camo - 38,1,0,visible,,,,,taxable,parent,1,56,3,0,0,0,30,,15,0,,,39990,,,,,,,P N CAMO,,,"PK15TB, VEXBLACK",,,1,193529010169,Blowfish Malibu,Blowfish Malibu,Talla,38,,1,
18969,variation,P SNAKE35,,Play Natural Snake - 35,1,0,visible,,,,,taxable,parent,1,18,3,0,0,0,30,,15,0,,,39990,,,,,,,P SNAKE,,,"PK15TB, VEXBLACK",,,1,193529075465,Blowfish Malibu,Blowfish Malibu,Talla,35,,1,
18975,variation,P WHITE35,,Play White Cozumel - 35,1,0,visible,,,,,taxable,parent,0,0,3,0,0,0,30,,15,0,,,39990,,,,,,,P WHITE,,,"PK15TB, VEXBLACK",,,1,193529041453,Blowfish Malibu,Blowfish Malibu,Talla,35,,1,
18981,variation,P BLACK35,,Play Black Smoked - 35,1,0,visible,,,,,taxable,parent,0,0,3,0,0,0,30,,15,0,,,39990,,,,,,,P BLACK,,,"Clay WH, MAD NSLP, Play CPC",,,1,193870078924,Blowfish Malibu,Blowfish Malibu,Talla,35,,1,
19000,variation,P C KITTY38,,Play Natural City Kitty - 38,1,0,visible,,,,,taxable,parent,0,0,3,0,0,0,30,,15,0,,,39990,,,,,,,P C KITTY,,,"PK13PH, 20510",,,1,193529063233,Blowfish Malibu,Blowfish Malibu,Talla,38,,1,
19003,variation,P SWEET35,,Play Sweet Grey - 35,1,0,visible,,,,,taxable,parent,0,0,3,0,0,0,30,,15,0,,,39990,,,,,,,P SWEET,,,"PK13PH, 20510",,,1,193529048025,Blowfish Malibu,Blowfish Malibu,Talla,35,,1,
19009,variation,P JEET35,,Play Jestred Hipster - 35,1,0,visible,,,,,taxable,parent,0,0,3,0,0,0,30,,15,0,,,39990,,,,,,,P JEET,,,"GR20PH, VEXWHITE",,,1,193529097290,Blowfish Malibu,Blowfish Malibu,Talla,35,,1,
19015,variation,ZS-0071_MARLEY_SLCWC35,,Marley Steel Grey - 35,1,0,visible,,,,,taxable,parent,0,0,3,0,0,0,30,,15,0,,,39990,,,,,,,ZS-0071_MARLEY_SLCWC,,,,,,1,190059557423,Blowfish Malibu,Blowfish Malibu,Talla,35,,1,
19370,variation,P HIPSTER35,,Play Grey Hipster - 35,1,0,visible,,,,,taxable,parent,1,123,3,0,0,0,30,,15,0,,,39990,,,,,,,P HIPSTER,,,"PK13PH, 20510",,,1,193529113044,Blowfish Malibu,Blowfish Malibu,Talla,35,,1,
19371,variation,P S GREY35,,Play Steel Grey - 35,1,0,visible,,,,,taxable,parent,1,14,3,0,0,0,30,,15,0,,,39990,,,,,,,P S GREY,,,"P BLACK, P C KITTY, PO TABBY",,,1,190059525040,Blowfish Malibu,Blowfish Malibu,Talla,35,,1,
19374,variation,F33DO40,,DAKOTA ZEBRA - 40,1,0,visible,,,,,taxable,parent,0,0,,0,0,0.5,16,,11,0,,,129990,,,,,,,F33DO,,,"Clay WH, MAD NSLP, Play CPC",,,1,,Blowfish Malibu,Blowfish Malibu,Talla,40,,1,
19382,variation,M SLATE 35,,Marley Slate Grey - 35,1,0,visible,,,,,taxable,parent,1,11,3,0,0,0,30,,15,0,,,39990,,,,,,,M SLATE,,,,,,1,193529104158,Blowfish Malibu,Blowfish Malibu,Talla,35,,1,
19400,variation,MAD SMOKED35,,Maddox Smoke Snake Leopard - 35,1,0,visible,,,,,taxable,parent,0,0,3,0,0,0,30,,15,0,,,38990,,,,,,,MAD SMOKED,,,"BL08PM, UBP1152KBM-MLR",,,1,193529106893,Blowfish Malibu,Blowfish Malibu,Talla,35,,1,
19403,variation,PB HAWAI37,,Play Black Hawaiian Nights - 37,1,0,visible,,,,,taxable,parent,0,0,3,0,0,0,30,,15,0,,,39990,,,,,,,PB HAWAI,,,"GR20PH, VEXWHITE",,,1,193529099904,Blowfish Malibu,Blowfish Malibu,Talla,37,,1,
19407,variation,PN CAMPUS35,,Play Navy Campus - 35,1,0,visible,,,,,taxable,parent,1,19,3,0,0,,,,,0,,,24990,,,,,,,PN CAMPUS,,,"PK15TB, VEXBLACK",,,1,193529097160,Blowfish Malibu,Blowfish Malibu,Talla,35,,1,
19411,variation,PB TUNA 38,,Play Blue Tuna - 38,1,0,visible,,,,,taxable,parent,1,28,3,notify,0,0,30,,15,0,,,39990,,,,,,,PB TUNA,,,"Clay WH, MAD NSLP, Play CPC",,,1,193529100181,Blowfish Malibu,Blowfish Malibu,Talla,38,,1,
19419,variation,FRUIT BS40,,Fruit Black Smoked - 40,1,0,visible,,,,,taxable,parent,0,0,3,0,0,0,30,,15,0,,,39990,,,,,,,FRUIT BS,,,"P BLACK, P C KITTY, PO TABBY",,,1,191733892458,Blowfish Malibu,Blowfish Malibu,Talla,40,,1,
19423,variation,PO TABBY 38,,Play Olive Tabby Cat - 38,1,0,visible,,,,,taxable,parent,1,31,3,notify,0,0,30,,15,0,,,39990,,,,,,,PO TABBY,,,"PK13PH, 20510",,,1,193529103175,Blowfish Malibu,Blowfish Malibu,Talla,38,,1,
19429,variation,F WHISKY38,,Fruit Whisky Smoked - 38,1,0,visible,,,,,taxable,parent,1,44,3,notify,0,0,30,,15,0,,,39990,,,,,,,F WHISKY,,,"PK13PH, UBP1152KBM-DOV",,,1,193529037326,Blowfish Malibu,Blowfish Malibu,Talla,38,,1,
19438,variation,MELONCITY35,,Melondrop Natural City Kitty - 35,1,0,visible,,,,,taxable,parent,0,0,3,0,0,0,30,,15,0,,,44990,,,,,,,MELONCITY,,,"GR20PH, VEXWHITE",,,1,193529089547,Blowfish Malibu,Blowfish Malibu,Talla,35,,1,
19444,variation,MELONWH35,,Melondrop White Smoked - 35,1,0,visible,,,,,taxable,parent,1,5,3,0,0,0,30,,15,0,,,44990,,,,,,,MELONWH,,,,,,1,193529056167,Blowfish Malibu,Blowfish Malibu,Talla,35,,1,
19451,variation,MAD NSLP36,,Maddox Natural Snake Kitty Camo - 36,1,0,visible,,,,,taxable,parent,0,0,3,0,0,0,30,,15,0,,,38990,,,,,,,MAD NSLP,,,,,,1,193529106787,Blowfish Malibu,Blowfish Malibu,Talla,36,,1,
19476,variation,P GREY MINI 36,,Play Grey Mini Check - 36,1,0,visible,,,,,taxable,parent,0,0,3,0,0,,,,,0,,,39990,,,,,,,P GREY MINI,,,"Clay WH, MAD NSLP, Play CPC",,,1,193529082524,Blowfish Malibu,Blowfish Malibu,Talla,36,,1,
19491,variation,P NAVY40,,Play Navy - 40,1,0,visible,,,,,taxable,parent,1,8,3,0,0,,,,,0,,,39990,,,,,,,P NAVY,,,"Clay WH, MAD NSLP, Play CPC",,,1,193529034622,Blowfish Malibu,Blowfish Malibu,Talla,40,,1,
19503,variation,F SUNRISE35,,Fruit Sunrise - 35,1,0,visible,,,,,taxable,parent,1,5,3,0,0,,,,,0,,,39990,,,,,,,F SUNRISE,,,"P BLACK, P C KITTY, PO TABBY",,,1,193529093421,Blowfish Malibu,Blowfish Malibu,Talla,35,,1,
19527,variation,Clay BLK36,,Clay Black Foxing (suela negra) - 36,1,0,visible,,,,,taxable,parent,1,27,3,0,0,,,,,0,,,44990,,,,,,,Clay Black,,,"RD06TB, 30314",,,1,193529137330,Blowfish Malibu,Blowfish Malibu,Talla,36,,1,
19532,variation,Clay WH36,,Clay White - 36,1,0,visible,,,,,taxable,parent,0,0,3,0,0,,,,,0,,,44990,,,,,,,Clay WH,,,"PK13PH, 20510",,,1,193529142150,Blowfish Malibu,Blowfish Malibu,Talla,36,,1,
19539,variation,P SUGAR36,,Play Grey Sugar Skull - 36,1,0,visible,,,,,taxable,parent,1,25,,0,0,,,,,0,,,24990,,,,,,,GREY SUGAR,,,"Clay WH, MAD NSLP, Play CPC",,,1,193529136111,Blowfish Malibu,Blowfish Malibu,Talla,36,,1,
19545,variation,GREY CAMO37,,Play Grey Camo - 37,1,0,visible,,,,,taxable,parent,0,0,3,0,0,1,,,,0,,,39990,,,,,,,GREY CAMO,,,"PK15TB, VEXBLACK",,,1,193529089813,Blowfish Malibu,Blowfish Malibu,Talla,37,,1,
19549,variation,P DOE BLK40,,Playdoe Sherpa Black - 40,1,0,visible,,,,,taxable,parent,1,29,3,0,0,,,,,0,,,39990,,,,,,,P DOE BLK,,,"PK15TB, VEXBLACK",,,1,193529149388,Blowfish Malibu,Blowfish Malibu,Talla,40,,1,
19555,variation,DUSTY P37,,Play Dusty Pink Hipster - 37,1,0,visible,,,,,taxable,parent,0,0,3,0,0,,,,,0,,,39990,,,,,,,Dusty P,,,"PK15TB, 21692",,,1,193529148862,Blowfish Malibu,Blowfish Malibu,Talla,37,,1,
19619,variation,PWHITES 38,,Play White Smoked - 38,1,0,visible,,,,,taxable,parent,0,0,3,0,0,1,30,,20,0,,,39990,,,,,,,PWHITES,,,"Clay WH, MAD NSLP, Play CPC",,,1,193529035186,Blowfish Malibu,Blowfish Malibu,Talla,38,,1,
19660,variation,BUENOSOAS36,,Alpargata Oasis - 36,1,0,visible,,,,,taxable,parent,1,7,3,0,0,,,,,0,,,35990,,,,,,,BUENOSOAS,,,"BL15TB, 20749",,,1,193529115338,Blowfish Malibu,Blowfish Malibu,Talla,36,,1,
19670,variation,BUENOSTAU38,,Alpargatas Taupe - 38,1,0,visible,,,,,taxable,parent,0,0,3,0,0,,,,,0,,,35990,,,,,,,BUENOSTAU,,,"PK15TB, 21692",,,1,193529115499,Blowfish Malibu,Blowfish Malibu,Talla,38,,1,
19679,variation,BUENOSBAMB40,,Alpargatas Bamboo - 40,1,0,visible,,,,,taxable,parent,1,10,3,0,0,,,,,0,,,35990,,,,,,,BUENOSBAMB,,,"RD06TB, 30314",,,1,193529163735,Blowfish Malibu,Blowfish Malibu,Talla,40,,1,
19684,variation,BUENOSDPINK40,,Alpargatas Dirty Pink - 40,1,0,visible,,,,,taxable,parent,1,25,3,0,0,,,,,0,,,35990,,,,,,,BUENOSDPINK,,,"PK13PH, 20510",,,1,193529163858,Blowfish Malibu,Blowfish Malibu,Talla,40,,1,
19841,variation,VEX BLACK36,,Zapatilla Vex Black - 36,1,0,visible,,,,,taxable,parent,1,19,,0,0,,,,,0,,,37990,,,,,,,VEXBLACK,,,"GR20PH, VEXWHITE",,,1,193529070705,Blowfish Malibu,Blowfish Malibu,Talla,36,,1,
19851,variation,VEXWHITE36,,Zapatilla Vex White - 36,1,0,visible,,,,,taxable,parent,1,30,,0,0,,,,,0,,,37990,,,,,,,VEXWHITE,,,"PK15TB, VEXBLACK",,,1,193529035803,Blowfish Malibu,Blowfish Malibu,Talla,36,,1,
19856,variation,MELONGRY36,193529163032,Melondrop Sweet Grey - 36,1,0,visible,,,,,taxable,parent,1,47,,0,0,,,,,0,,,44990,,,,,,,MELONGRY,,,,,,1,193529163032,Blowfish Malibu,Blowfish Malibu,Talla,36,,1,
19870,variation,CHILLTAUPE36,,Botín Chillin Taupe - 36,1,0,visible,,,,,taxable,parent,1,6,,0,0,,,,,0,,,59990,,,,,,,CHILLTAUPE,,,"PK15TB, 21692",,,1,193529154481,Blowfish Malibu,Blowfish Malibu,Talla,36,,1,
19876,variation,CHILLBLK36,,Botín Chillin Black - 36,1,0,visible,,,,,taxable,parent,1,7,,0,0,,,,,0,,,59990,,,,,,,CHILLBLK,,,"BL15TB, 20749",,,1,193529175752,Blowfish Malibu,Blowfish Malibu,Talla,36,,1,
19932,variation,MarleyCherry-36,,Marley Cherry - 36,1,0,visible,,,,,taxable,parent,1,4,,0,0,,,,,0,,,39990,,,,,,,MarleyCherry,,,,,,1,193529186918,Blowfish Malibu,Blowfish Malibu,Talla,36,,1,
19937,variation,MarleyLila-36,,Marley Lila - 36,1,0,visible,,,,,taxable,parent,1,14,,0,0,,,,,0,,,39990,,,,,,,MarleyLila,,,,,,1,193529187045,Blowfish Malibu,Blowfish Malibu,Talla,36,,1,
19942,variation,MarleySky-36,,Marley Sky - 36,1,0,visible,,,,,taxable,parent,1,12,,0,0,,,,,0,,,39990,,,,,,,MarleySky,,,,,,1,193529187175,Blowfish Malibu,Blowfish Malibu,Talla,36,,1,
19952,variation,MarleyCreamCoffee-36,,Marley Cream Coffee - 36,1,0,visible,,,,,taxable,parent,0,0,,0,0,,,,,0,,,39990,,,,,,,MarleyCreamCoffee,,,,,,1,193529173338,Blowfish Malibu,Blowfish Malibu,Talla,36,,1,
19957,variation,MarleyVaporSmoked-36,,Marley Vapor Color Washed - 36,1,0,visible,,,,,taxable,parent,0,0,,0,0,,,,,0,,,39990,,,,,,,MarleyVaporSmoked,,,,,,1,193529145748,Blowfish Malibu,Blowfish Malibu,Talla,36,,1,
19964,variation,CBlackW-36,,Clay Black Smoked (suela blanca) - 36,1,0,visible,,,,,taxable,parent,1,15,,0,0,,,,,0,,,44990,,,,,,,CBlackW,,,"PK13PH, 20510",,,1,193529188004,Blowfish Malibu,Blowfish Malibu,Talla,36,,1,
19969,variation,MarleyAhiTuna-38,,Marley Ahi Tuna - 38,1,0,visible,,,,,taxable,parent,1,32,,0,0,,,,,0,,,39990,,,,,,,MarleyAhiTuna,,,,,,1,193529186741,Blowfish Malibu,Blowfish Malibu,Talla,38,,1,
19977,variation,ClayVaporSmoked-36,,Clay Vapor Smoked - 36,1,0,visible,,,,,taxable,parent,1,4,,0,0,,,,,0,,,44990,,,,,,,ClayVaporSmoked,,,"BL15TB, 20749",,,1,193529187274,Blowfish Malibu,Blowfish Malibu,Talla,36,,1,
19985,variation,CatchCat-37,,Catch Natural Pongo Cat - 37,1,0,visible,,,,,taxable,parent,0,0,,0,0,,,,,0,,,54990,,,,,,,CatchCat,,,"RD06TB, 30314",,,1,193529187410,Blowfish Malibu,Blowfish Malibu,Talla,37,,1,
20364,variation,Maddox GFC36,193529220612,Maddox Grey Field Camo - 36,1,0,visible,,,,,taxable,parent,1,13,,0,0,,,,,0,,,44990,,,,,,,Maddox GFC,,,"P BLACK, P WHITE",,,1,193529220612,Blowfish Malibu,Blowfish Malibu,Talla,36,,1,
20375,variation,Maddox OFC36,193529220735,Maddox Olive Field Camo - 36,1,0,visible,,,,,taxable,parent,1,13,,0,0,,,,,0,,,44990,,,,,,,Maddox OFC,,,"Maddox GFC, MAD NSLP",,,1,193529220735,Blowfish Malibu,Blowfish Malibu,Talla,36,,1,
20383,variation,Parlane BLK36,193529225914,Parlane Black - 36,1,0,visible,,,,,taxable,parent,1,2,,0,0,,,,,0,,,44990,,,,,,,Parlane BLK,,,"Clay Black, P C KITTY",,,1,193529225914,Blowfish Malibu,Blowfish Malibu,Talla,36,,1,
20391,variation,Parlane WHT36,193529149975,Parlane White - 36,1,0,visible,,,,,taxable,parent,1,29,,0,0,,,,,0,,,44990,,,,,,,Parlane WHT,,,"Clay Black, Parlane BLK, P C KITTY",,,1,193529149975,Blowfish Malibu,Blowfish Malibu,Talla,36,,1,
20402,variation,Playwire GMP36,,Playwire Grey Micro Pixie - 36,1,0,visible,,,,,taxable,parent,1,4,,0,0,,,,,0,,,24990,,,,,,,Playwire GMP,,,"P BLACK, P C KITTY, PO TABBY",,,1,193529220254,Blowfish Malibu,Blowfish Malibu,Talla,36,,1,
20410,variation,Play CPC36,,Play Coffee Paper Cat - 36,1,0,visible,,,,,taxable,parent,1,1,,0,0,,,,,0,,,39990,,,,,,,Play CPC,,,"Clay Black, Clay WH, P C KITTY",,,1,193529220377,Blowfish Malibu,Blowfish Malibu,Talla,36,,1,
20418,variation,Play PSS36,,Play Pink Shake Smoked - 36,1,0,visible,,,,,taxable,parent,1,18,,0,0,,,,,0,,,39990,,,,,,,Play PSS,,,"Clay WH, MAD NSLP, Play CPC",,,1,193529220490,Blowfish Malibu,Blowfish Malibu,Talla,36,,1,
18698,variation,F DIRTY36,,Fruit Dirty Pink - 36,1,0,visible,,,,,taxable,parent,1,7,3,0,0,0,30,,15,0,,,39990,,,,,,,F DIRTY,,,"Clay Black, P C KITTY",,,2,191733758136,Blowfish Malibu,Blowfish Malibu,Talla,36,,1,
18704,variation,F EARTH36,,Fruit Earth Camo - 36,1,0,visible,,,,,taxable,parent,1,29,3,0,0,0,30,,15,0,,,24990,,,,,,,F EARTH,,,"Clay Black, Parlane BLK, P C KITTY",,,2,193529018707,Blowfish Malibu,Blowfish Malibu,Talla,36,,1,
18715,variation,F Wolgry35,,Fruit Wolf Grey - 35,1,0,visible,,,,,taxable,parent,0,0,3,0,0,0,30,,15,0,,,39990,,,,,,,F Wolgry,,,"GR20PH, VEXWHITE",,,2,193529041170,Blowfish Malibu,Blowfish Malibu,Talla,35,,1,
18721,variation,M CAMO35,,Marley Natural Camoflauge - 35,1,0,visible,,,,,taxable,parent,0,0,3,0,0,0,30,,15,0,,,39990,,,,,,,M CAMO,,,,,,2,191733418733,Blowfish Malibu,Blowfish Malibu,Talla,35,,1,
18736,variation,F33DO36,,DAKOTA ZEBRA - 36,1,0,visible,,,,,taxable,parent,0,0,,0,0,0.5,16,,11,0,,,129990,,,,,,,F33DO,,,"Clay WH, MAD NSLP, Play CPC",,,2,,Blowfish Malibu,Blowfish Malibu,Talla,36,,1,
18778,variation,P N CAMO39,,Play Natural Camo - 39,1,0,visible,,,,,taxable,parent,1,71,3,0,0,0,30,,15,0,,,39990,,,,,,,P N CAMO,,,"PK15TB, VEXBLACK",,,2,193529010183,Blowfish Malibu,Blowfish Malibu,Talla,39,,1,
18970,variation,P SNAKE36,,Play Natural Snake - 36,1,0,visible,,,,,taxable,parent,1,28,3,0,0,0,30,,15,0,,,39990,,,,,,,P SNAKE,,,"PK15TB, VEXBLACK",,,2,193529075489,Blowfish Malibu,Blowfish Malibu,Talla,36,,1,
18976,variation,P WHITE36,,Play White Cozumel - 36,1,0,visible,,,,,taxable,parent,0,0,3,0,0,0,30,,15,0,,,39990,,,,,,,P WHITE,,,"PK15TB, VEXBLACK",,,2,193529002553,Blowfish Malibu,Blowfish Malibu,Talla,36,,1,
18983,variation,P BLACK37,,Play Black Smoked - 37,1,0,visible,,,,,taxable,parent,0,0,3,0,0,0,30,,15,0,,,39990,,,,,,,P BLACK,,,"Clay WH, MAD NSLP, Play CPC",,,2,193870078962,Blowfish Malibu,Blowfish Malibu,Talla,37,,1,
18987,variation,P HIPSTER36,,Play Grey Hipster - 36,1,0,visible,,,,,taxable,parent,1,17,3,0,0,0,30,,15,0,,,39990,,,,,,,P HIPSTER,,,"PK13PH, 20510",,,2,193529018400,Blowfish Malibu,Blowfish Malibu,Talla,36,,1,
18992,variation,P S GREY36,,Play Steel Grey - 36,1,0,visible,,,,,taxable,parent,1,22,3,0,0,0,30,,15,0,,,39990,,,,,,,P S GREY,,,"P BLACK, P C KITTY, PO TABBY",,,2,190059525064,Blowfish Malibu,Blowfish Malibu,Talla,36,,1,
18997,variation,P C KITTY35,,Play Natural City Kitty - 35,1,0,visible,,,,,taxable,parent,0,0,3,0,0,0,30,,15,0,,,39990,,,,,,,P C KITTY,,,"PK13PH, 20510",,,2,193529063172,Blowfish Malibu,Blowfish Malibu,Talla,35,,1,
19004,variation,P SWEET36,,Play Sweet Grey - 36,1,0,visible,,,,,taxable,parent,0,0,3,0,0,0,30,,15,0,,,39990,,,,,,,P SWEET,,,"PK13PH, 20510",,,2,193529048049,Blowfish Malibu,Blowfish Malibu,Talla,36,,1,
19014,variation,P JEET40,,Play Jestred Hipster - 40,1,0,visible,,,,,taxable,parent,0,0,3,0,0,0,30,,15,0,,,39990,,,,,,,P JEET,,,"GR20PH, VEXWHITE",,,2,193529097269,Blowfish Malibu,Blowfish Malibu,Talla,40,,1,
19016,variation,ZS-0071_MARLEY_SLCWC36,,Marley Steel Grey - 36,1,0,visible,,,,,taxable,parent,0,0,3,0,0,0,30,,15,0,,,39990,,,,,,,ZS-0071_MARLEY_SLCWC,,,,,,2,190059557447,Blowfish Malibu,Blowfish Malibu,Talla,36,,1,
19383,variation,M SLATE 36,,Marley Slate Grey - 36,1,0,visible,,,,,taxable,parent,1,2,3,0,0,0,30,,15,0,,,39990,,,,,,,M SLATE,,,,,,2,193529104172,Blowfish Malibu,Blowfish Malibu,Talla,36,,1,
19406,variation,PB HAWAI40,,Play Black Hawaiian Nights - 40,1,0,visible,,,,,taxable,parent,0,-1,3,0,0,0,30,,15,0,,,39990,,,,,,,PB HAWAI,,,"GR20PH, VEXWHITE",,,2,193529099959,Blowfish Malibu,Blowfish Malibu,Talla,40,,1,
19412,variation,PB TUNA 39,,Play Blue Tuna - 39,1,0,visible,,,,,taxable,parent,1,21,3,notify,0,0,30,,15,0,,,39990,,,,,,,PB TUNA,,,"Clay WH, MAD NSLP, Play CPC",,,2,193529100204,Blowfish Malibu,Blowfish Malibu,Talla,39,,1,
19414,variation,FRUIT BS35,,Fruit Black Smoked - 35,1,0,visible,,,,,taxable,parent,1,5,3,0,0,0,30,,15,0,,,39990,,,,,,,FRUIT BS,,,"P BLACK, P C KITTY, PO TABBY",,,2,193529090840,Blowfish Malibu,Blowfish Malibu,Talla,35,,1,
19420,variation,PO TABBY 35,,Play Olive Tabby Cat - 35,1,0,visible,,,,,taxable,parent,1,8,3,notify,0,0,30,,15,0,,,39990,,,,,,,PO TABBY,,,"PK13PH, 20510",,,2,193529103113,Blowfish Malibu,Blowfish Malibu,Talla,35,,1,
19430,variation,F WHISKY39,,Fruit Whisky Smoked - 39,1,0,visible,,,,,taxable,parent,1,32,3,notify,0,0,30,,15,0,,,39990,,,,,,,F WHISKY,,,"PK13PH, UBP1152KBM-DOV",,,2,193529037340,Blowfish Malibu,Blowfish Malibu,Talla,39,,1,
19433,variation,F WHITE36,,Fruit White Smoked - 36,1,0,visible,,,,,taxable,parent,1,40,3,notify,0,0,30,,15,0,,,39990,,,,,,,F WHITE,,,"PK13PH, 20510",,,2,191733729808,Blowfish Malibu,Blowfish Malibu,Talla,36,,1,
19439,variation,MELONCITY36,,Melondrop Natural City Kitty - 36,1,0,visible,,,,,taxable,parent,0,0,3,0,0,0,30,,15,0,,,44990,,,,,,,MELONCITY,,,"GR20PH, VEXWHITE",,,2,193529089561,Blowfish Malibu,Blowfish Malibu,Talla,36,,1,
19445,variation,MELONWH36,,Melondrop White Smoked - 36,1,0,visible,,,,,taxable,parent,1,25,3,0,0,0,30,,15,0,,,44990,,,,,,,MELONWH,,,,,,2,193529056181,Blowfish Malibu,Blowfish Malibu,Talla,36,,1,
19453,variation,MAD NSLP38,,Maddox Natural Snake Kitty Camo - 38,1,0,visible,,,,,taxable,parent,1,47,3,0,0,0,30,,15,0,,,38990,,,,,,,MAD NSLP,,,,,,2,193529106824,Blowfish Malibu,Blowfish Malibu,Talla,38,,1,
19456,variation,MAD SMOKED36,,Maddox Smoke Snake Leopard - 36,1,0,visible,,,,,taxable,parent,0,0,3,0,0,0,30,,15,0,,,38990,,,,,,,MAD SMOKED,,,"BL08PM, UBP1152KBM-MLR",,,2,193529106916,Blowfish Malibu,Blowfish Malibu,Talla,36,,1,
19464,variation,PN CAMPUS36,,Play Navy Campus - 36,1,0,visible,,,,,taxable,parent,1,44,3,0,0,,,,,0,,,24990,,,,,,,PN CAMPUS,,,"PK15TB, VEXBLACK",,,2,193529097184,Blowfish Malibu,Blowfish Malibu,Talla,36,,1,
19477,variation,P GREY MINI 37,,Play Grey Mini Check - 37,1,0,visible,,,,,taxable,parent,1,8,3,0,0,,,,,0,,,39990,,,,,,,P GREY MINI,,,"Clay WH, MAD NSLP, Play CPC",,,2,193529082548,Blowfish Malibu,Blowfish Malibu,Talla,37,,1,
19492,variation,P NAVY35,,Play Navy - 35,1,0,visible,,,,,taxable,parent,1,14,3,0,0,,,,,0,,,39990,,,,,,,P NAVY,,,"Clay WH, MAD NSLP, Play CPC",,,2,193529034646,Blowfish Malibu,Blowfish Malibu,Talla,35,,1,
19504,variation,F SUNRISE36,,Fruit Sunrise - 36,1,0,visible,,,,,taxable,parent,1,7,3,0,0,,,,,0,,,39990,,,,,,,F SUNRISE,,,"P BLACK, P C KITTY, PO TABBY",,,2,193529093445,Blowfish Malibu,Blowfish Malibu,Talla,36,,1,
19528,variation,Clay BLK37,,Clay Black Foxing (suela negra) - 37,1,0,visible,,,,,taxable,parent,0,0,3,0,0,,,,,0,,,44990,,,,,,,Clay Black,,,"RD06TB, 30314",,,2,193529137354,Blowfish Malibu,Blowfish Malibu,Talla,37,,1,
19534,variation,Clay WH38,,Clay White - 38,1,0,visible,,,,,taxable,parent,0,0,3,0,0,,,,,0,,,44990,,,,,,,Clay WH,,,"PK13PH, 20510",,,2,193529142198,Blowfish Malibu,Blowfish Malibu,Talla,38,,1,
19540,variation,P SUGAR37,,Play Grey Sugar Skull - 37,1,0,visible,,,,,taxable,parent,1,20,3,0,0,,,,,0,,,24990,,,,,,,GREY SUGAR,,,"Clay WH, MAD NSLP, Play CPC",,,2,193529136098,Blowfish Malibu,Blowfish Malibu,Talla,37,,1,
19544,variation,GREY CAMO36,,Play Grey Camo - 36,1,0,visible,,,,,taxable,parent,1,17,3,0,0,1,30,,15,0,,,39990,,,,,,,GREY CAMO,,,"PK15TB, VEXBLACK",,,2,193529089790,Blowfish Malibu,Blowfish Malibu,Talla,36,,1,
19550,variation,P DOE BLK39,,Playdoe Sherpa Black - 39,1,0,visible,,,,,taxable,parent,1,59,3,0,0,,,,,0,,,39990,,,,,,,P DOE BLK,,,"PK15TB, VEXBLACK",,,2,193529149371,Blowfish Malibu,Blowfish Malibu,Talla,39,,1,
19554,variation,DUSTY P36,,Play Dusty Pink Hipster - 36,1,0,visible,,,,,taxable,parent,1,5,3,0,0,,,,,0,,,39990,,,,,,,Dusty P,,,"PK15TB, 21692",,,2,193529148848,Blowfish Malibu,Blowfish Malibu,Talla,36,,1,
19617,variation,PWHITES 36,,Play White Smoked - 36,1,0,visible,,,,,taxable,parent,0,0,3,0,0,1,30,,20,0,,,39990,,,,,,,PWHITES,,,"Clay WH, MAD NSLP, Play CPC",,,2,193529035148,Blowfish Malibu,Blowfish Malibu,Talla,36,,1,
19661,variation,BUENOSOAS37,,Alpargata Oasis - 37,1,0,visible,,,,,taxable,parent,0,0,3,0,0,,,,,0,,,35990,,,,,,,BUENOSOAS,,,"BL15TB, 20749",,,2,193529115352,Blowfish Malibu,Blowfish Malibu,Talla,37,,1,
19671,variation,BUENOSTAU39,,Alpargatas Taupe - 39,1,0,visible,,,,,taxable,parent,0,0,3,0,0,,,,,0,,,35990,,,,,,,BUENOSTAU,,,"PK15TB, 21692",,,2,193529115512,Blowfish Malibu,Blowfish Malibu,Talla,39,,1,
19675,variation,BUENOSBAMB36,,Alpargatas Bamboo - 36,1,0,visible,,,,,taxable,parent,1,15,3,0,0,,,,,0,,,35990,,,,,,,BUENOSBAMB,,,"RD06TB, 30314",,,2,193529163667,Blowfish Malibu,Blowfish Malibu,Talla,36,,1,
19680,variation,BUENOSDPINK36,,Alpargatas Dirty Pink - 36,1,0,visible,,,,,taxable,parent,1,22,3,0,0,,,,,0,,,35990,,,,,,,BUENOSDPINK,,,"PK13PH, 20510",,,2,193529163780,Blowfish Malibu,Blowfish Malibu,Talla,36,,1,
19842,variation,VEX BLACK37,,Zapatilla Vex Black - 37,1,0,visible,,,,,taxable,parent,1,,,0,0,,,,,0,,,37990,,,,,,,VEXBLACK,,,"GR20PH, VEXWHITE",,,2,193529070729,Blowfish Malibu,Blowfish Malibu,Talla,37,,1,
19852,variation,VEXWHITE37,,Zapatilla Vex White - 37,1,0,visible,,,,,taxable,parent,0,0,,0,0,,,,,0,,,37990,,,,,,,VEXWHITE,,,"PK15TB, VEXBLACK",,,2,193529035827,Blowfish Malibu,Blowfish Malibu,Talla,37,,1,
19857,variation,MELONGRY37,193529163056,Melondrop Sweet Grey - 37,1,0,visible,,,,,taxable,parent,1,62,,0,0,,,,,0,,,44990,,,,,,,MELONGRY,,,,,,2,193529163056,Blowfish Malibu,Blowfish Malibu,Talla,37,,1,
19871,variation,CHILLTAUPE37,,Botín Chillin Taupe - 37,1,0,visible,,,,,taxable,parent,1,9,,0,0,,,,,0,,,59990,,,,,,,CHILLTAUPE,,,"PK15TB, 21692",,,2,193529154504,Blowfish Malibu,Blowfish Malibu,Talla,37,,1,
19877,variation,CHILLBLK37,,Botín Chillin Black - 37,1,0,visible,,,,,taxable,parent,1,10,,0,0,,,,,0,,,59990,,,,,,,CHILLBLK,,,"BL15TB, 20749",,,2,193529175776,Blowfish Malibu,Blowfish Malibu,Talla,37,,1,
19927,variation,MarleyAhiTuna-36,,Marley Ahi Tuna - 36,1,0,visible,,,,,taxable,parent,1,12,,0,0,,,,,0,,,39990,,,,,,,MarleyAhiTuna,,,,,,2,193529186789,Blowfish Malibu,Blowfish Malibu,Talla,36,,1,
19933,variation,MarleyCherry-37,,Marley Cherry - 37,1,0,visible,,,,,taxable,parent,0,0,,0,0,,,,,0,,,39990,,,,,,,MarleyCherry,,,,,,2,193529186895,Blowfish Malibu,Blowfish Malibu,Talla,37,,1,
19938,variation,MarleyLila-37,,Marley Lila - 37,1,0,visible,,,,,taxable,parent,1,41,,0,0,,,,,0,,,39990,,,,,,,MarleyLila,,,,,,2,193529187021,Blowfish Malibu,Blowfish Malibu,Talla,37,,1,
19946,variation,MarleySky-37,,Marley Sky - 37,1,0,visible,,,,,taxable,parent,1,40,,0,0,,,,,0,,,39990,,,,,,,MarleySky,,,,,,2,193529187151,Blowfish Malibu,Blowfish Malibu,Talla,37,,1,
19953,variation,MarleyCreamCoffee-37,,Marley Cream Coffee - 37,1,0,visible,,,,,taxable,parent,1,3,,0,0,,,,,0,,,39990,,,,,,,MarleyCreamCoffee,,,,,,2,193529173352,Blowfish Malibu,Blowfish Malibu,Talla,37,,1,
19958,variation,MarleyVaporSmoked-37,,Marley Vapor Color Washed - 37,1,0,visible,,,,,taxable,parent,0,0,,0,0,,,,,0,,,39990,,,,,,,MarleyVaporSmoked,,,,,,2,193529145762,Blowfish Malibu,Blowfish Malibu,Talla,37,,1,
19965,variation,CBlackW-37,,Clay Black Smoked (suela blanca) - 37,1,0,visible,,,,,taxable,parent,1,11,,0,0,,,,,0,,,44990,,,,,,,CBlackW,,,"PK13PH, 20510",,,2,193529188028,Blowfish Malibu,Blowfish Malibu,Talla,37,,1,
19978,variation,ClayVaporSmoked-37,,Clay Vapor Smoked - 37,1,0,visible,,,,,taxable,parent,1,12,,0,0,,,,,0,,,44990,,,,,,,ClayVaporSmoked,,,"BL15TB, 20749",,,2,193529187298,Blowfish Malibu,Blowfish Malibu,Talla,37,,1,
19984,variation,CatchCat-36,,Catch Natural Pongo Cat - 36,1,0,visible,,,,,taxable,parent,0,0,,0,0,,,,,0,,,54990,,,,,,,CatchCat,,,"RD06TB, 30314",,,2,193529187397,Blowfish Malibu,Blowfish Malibu,Talla,36,,1,
20365,variation,Maddox GFC37,193529220636,Maddox Grey Field Camo - 37,1,0,visible,,,,,taxable,parent,1,57,,0,0,,,,,0,,,44990,,,,,,,Maddox GFC,,,"P BLACK, P WHITE",,,2,193529220636,Blowfish Malibu,Blowfish Malibu,Talla,37,,1,
20376,variation,Maddox OFC37,193529220759,Maddox Olive Field Camo - 37,1,0,visible,,,,,taxable,parent,1,57,,0,0,,,,,0,,,44990,,,,,,,Maddox OFC,,,"Maddox GFC, MAD NSLP",,,2,193529220759,Blowfish Malibu,Blowfish Malibu,Talla,37,,1,
20384,variation,Parlane BLK37,193529225938,Parlane Black - 37,1,0,visible,,,,,taxable,parent,1,7,,0,0,,,,,0,,,44990,,,,,,,Parlane BLK,,,"Clay Black, P C KITTY",,,2,193529225938,Blowfish Malibu,Blowfish Malibu,Talla,37,,1,
20392,variation,Parlane WHT37,193529149999,Parlane White - 37,1,0,visible,,,,,taxable,parent,1,93,,0,0,,,,,0,,,44990,,,,,,,Parlane WHT,,,"Clay Black, Parlane BLK, P C KITTY",,,2,193529149999,Blowfish Malibu,Blowfish Malibu,Talla,37,,1,
20403,variation,Playwire GMP37,,Playwire Grey Micro Pixie - 37,1,0,visible,,,,,taxable,parent,1,53,,0,0,,,,,0,,,24990,,,,,,,Playwire GMP,,,"P BLACK, P C KITTY, PO TABBY",,,2,193529220278,Blowfish Malibu,Blowfish Malibu,Talla,37,,1,
20411,variation,Play CPC37,,Play Coffee Paper Cat - 37,1,0,visible,,,,,taxable,parent,1,59,,0,0,,,,,0,,,39990,,,,,,,Play CPC,,,"Clay Black, Clay WH, P C KITTY",,,2,193529220391,Blowfish Malibu,Blowfish Malibu,Talla,37,,1,
20419,variation,Play PSS37,,Play Pink Shake Smoked - 37,1,0,visible,,,,,taxable,parent,1,73,,0,0,,,,,0,,,39990,,,,,,,Play PSS,,,"Clay WH, MAD NSLP, Play CPC",,,2,193529220513,Blowfish Malibu,Blowfish Malibu,Talla,37,,1,
18699,variation,F DIRTY37,,Fruit Dirty Pink - 37,1,0,visible,,,,,taxable,parent,1,4,3,0,0,0,30,,15,0,,,39990,,,,,,,F DIRTY,,,"Clay Black, P C KITTY",,,3,191733758150,Blowfish Malibu,Blowfish Malibu,Talla,37,,1,
18705,variation,F EARTH37,,Fruit Earth Camo - 37,1,0,visible,,,,,taxable,parent,1,36,3,0,0,0,30,,15,0,,,24990,,,,,,,F EARTH,,,"Clay Black, Parlane BLK, P C KITTY",,,3,193529018721,Blowfish Malibu,Blowfish Malibu,Talla,37,,1,
18716,variation,F Wolgry36,,Fruit Wolf Grey - 36,1,0,visible,,,,,taxable,parent,1,16,3,0,0,0,30,,15,0,,,39990,,,,,,,F Wolgry,,,"GR20PH, VEXWHITE",,,3,191733616092,Blowfish Malibu,Blowfish Malibu,Talla,36,,1,
18722,variation,M CAMO36,,Marley Natural Camoflauge - 36,1,0,visible,,,,,taxable,parent,0,0,3,0,0,0,30,,15,0,,,39990,,,,,,,M CAMO,,,,,,3,191733418757,Blowfish Malibu,Blowfish Malibu,Talla,36,,1,
18737,variation,F33DO37,,DAKOTA ZEBRA - 37,1,0,visible,,,,,taxable,parent,0,0,,0,0,0.5,16,,11,0,,,129990,,,,,,,F33DO,,,"Clay WH, MAD NSLP, Play CPC",,,3,,Blowfish Malibu,Blowfish Malibu,Talla,37,,1,
18774,variation,P N CAMO35,,Play Natural Camo - 35,1,0,visible,,,,,taxable,parent,0,0,3,0,0,0,30,,15,0,,,39990,,,,,,,P N CAMO,,,"PK15TB, VEXBLACK",,,3,193529096118,Blowfish Malibu,Blowfish Malibu,Talla,35,,1,
18971,variation,P SNAKE37,,Play Natural Snake - 37,1,0,visible,,,,,taxable,parent,1,30,3,0,0,0,30,,15,0,,,39990,,,,,,,P SNAKE,,,"PK15TB, VEXBLACK",,,3,193529075502,Blowfish Malibu,Blowfish Malibu,Talla,37,,1,
18977,variation,P WHITE37,,Play White Cozumel - 37,1,0,visible,,,,,taxable,parent,0,0,3,0,0,0,30,,15,0,,,39990,,,,,,,P WHITE,,,"PK15TB, VEXBLACK",,,3,193529002577,Blowfish Malibu,Blowfish Malibu,Talla,37,,1,
18982,variation,P BLACK36,,Play Black Smoked - 36,1,0,visible,,,,,taxable,parent,0,0,3,0,0,0,30,,15,0,,,39990,,,,,,,P BLACK,,,"Clay WH, MAD NSLP, Play CPC",,,3,193870078948,Blowfish Malibu,Blowfish Malibu,Talla,36,,1,
18988,variation,P HIPSTER37,,Play Grey Hipster - 37,1,0,visible,,,,,taxable,parent,1,27,3,0,0,0,30,,15,0,,,39990,,,,,,,P HIPSTER,,,"PK13PH, 20510",,,3,193529018424,Blowfish Malibu,Blowfish Malibu,Talla,37,,1,
18993,variation,P S GREY37,,Play Steel Grey - 37,1,0,visible,,,,,taxable,parent,1,32,3,0,0,0,30,,15,0,,,39990,,,,,,,P S GREY,,,"P BLACK, P C KITTY, PO TABBY",,,3,190059525088,Blowfish Malibu,Blowfish Malibu,Talla,37,,1,
18998,variation,P C KITTY36,,Play Natural City Kitty - 36,1,0,visible,,,,,taxable,parent,1,15,3,0,0,0,30,,15,0,,,39990,,,,,,,P C KITTY,,,"PK13PH, 20510",,,3,193529063196,Blowfish Malibu,Blowfish Malibu,Talla,36,,1,
19005,variation,P SWEET37,,Play Sweet Grey - 37,1,0,visible,,,,,taxable,parent,0,0,3,0,0,0,30,,15,0,,,39990,,,,,,,P SWEET,,,"PK13PH, 20510",,,3,193529048063,Blowfish Malibu,Blowfish Malibu,Talla,37,,1,
19010,variation,P JEET36,,Play Jestred Hipster - 36,1,0,visible,,,,,taxable,parent,0,0,3,0,0,0,30,,15,0,,,39990,,,,,,,P JEET,,,"GR20PH, VEXWHITE",,,3,193529097313,Blowfish Malibu,Blowfish Malibu,Talla,36,,1,
19017,variation,ZS-0071_MARLEY_SLCWC37,,Marley Steel Grey - 37,1,0,visible,,,,,taxable,parent,0,0,3,0,0,0,30,,15,0,,,39990,,,,,,,ZS-0071_MARLEY_SLCWC,,,,,,3,190059557461,Blowfish Malibu,Blowfish Malibu,Talla,37,,1,
19384,variation,M SLATE 37,,Marley Slate Grey - 37,1,0,visible,,,,,taxable,parent,0,0,3,0,0,0,30,,15,0,,,39990,,,,,,,M SLATE,,,,,,3,193529104196,Blowfish Malibu,Blowfish Malibu,Talla,37,,1,
19404,variation,PB HAWAI38,,Play Black Hawaiian Nights - 38,1,0,visible,,,,,taxable,parent,0,0,3,0,0,0,30,,15,0,,,39990,,,,,,,PB HAWAI,,,"GR20PH, VEXWHITE",,,3,193529099928,Blowfish Malibu,Blowfish Malibu,Talla,38,,1,
19413,variation,PB TUNA 40,,Play Blue Tuna - 40,1,0,visible,,,,,taxable,parent,1,11,3,notify,0,0,30,,15,0,,,39990,,,,,,,PB TUNA,,,"Clay WH, MAD NSLP, Play CPC",,,3,193529100211,Blowfish Malibu,Blowfish Malibu,Talla,40,,1,
19415,variation,FRUIT BS36,,Fruit Black Smoked - 36,1,0,visible,,,,,taxable,parent,1,9,3,0,0,0,30,,15,0,,,39990,,,,,,,FRUIT BS,,,"P BLACK, P C KITTY, PO TABBY",,,3,191733892380,Blowfish Malibu,Blowfish Malibu,Talla,36,,1,
19421,variation,PO TABBY 36,,Play Olive Tabby Cat - 36,1,0,visible,,,,,taxable,parent,1,39,3,notify,0,0,30,,15,0,,,39990,,,,,,,PO TABBY,,,"PK13PH, 20510",,,3,193529103137,Blowfish Malibu,Blowfish Malibu,Talla,36,,1,
19426,variation,F WHISKY35,,Fruit Whisky Smoked - 35,1,0,visible,,,,,taxable,parent,1,22,3,notify,0,0,30,,15,0,,,39990,,,,,,,F WHISKY,,,"PK13PH, UBP1152KBM-DOV",,,3,193529037265,Blowfish Malibu,Blowfish Malibu,Talla,35,,1,
19432,variation,F WHITE35,,Fruit White Smoked - 35,1,0,visible,,,,,taxable,parent,1,19,3,notify,0,0,30,,15,0,,,39990,,,,,,,F WHITE,,,"PK13PH, 20510",,,3,193529041187,Blowfish Malibu,Blowfish Malibu,Talla,35,,1,
19434,variation,F WHITE37,,Fruit White Smoked - 37,1,0,visible,,,,,taxable,parent,1,52,3,notify,0,0,30,,15,0,,,39990,,,,,,,F WHITE,,,"PK13PH, 20510",,,3,191733729822,Blowfish Malibu,Blowfish Malibu,Talla,37,,1,
19440,variation,MELONCITY37,,Melondrop Natural City Kitty - 37,1,0,visible,,,,,taxable,parent,0,0,3,0,0,0,30,,15,0,,,44990,,,,,,,MELONCITY,,,"GR20PH, VEXWHITE",,,3,193529089585,Blowfish Malibu,Blowfish Malibu,Talla,37,,1,
19447,variation,MELONWH38,,Melondrop White Smoked - 38,1,0,visible,,,,,taxable,parent,1,34,3,0,0,0,30,,15,0,,,44990,,,,,,,MELONWH,,,,,,3,193529056228,Blowfish Malibu,Blowfish Malibu,Talla,38,,1,
19452,variation,MAD NSLP37,,Maddox Natural Snake Kitty Camo - 37,1,0,visible,,,,,taxable,parent,1,45,3,0,0,0,30,,15,0,,,38990,,,,,,,MAD NSLP,,,,,,3,193529106800,Blowfish Malibu,Blowfish Malibu,Talla,37,,1,
19457,variation,MAD SMOKED37,,Maddox Smoke Snake Leopard - 37,1,0,visible,,,,,taxable,parent,0,0,3,0,0,0,30,,15,0,,,38990,,,,,,,MAD SMOKED,,,"BL08PM, UBP1152KBM-MLR",,,3,193529106930,Blowfish Malibu,Blowfish Malibu,Talla,37,,1,
19465,variation,PN CAMPUS37,,Play Navy Campus - 37,1,0,visible,,,,,taxable,parent,1,66,3,0,0,,,,,0,,,24990,,,,,,,PN CAMPUS,,,"PK15TB, VEXBLACK",,,3,193529097207,Blowfish Malibu,Blowfish Malibu,Talla,37,,1,
19478,variation,P GREY MINI 38,,Play Grey Mini Check - 38,1,0,visible,,,,,taxable,parent,0,0,3,0,0,,,,,0,,,39990,,,,,,,P GREY MINI,,,"Clay WH, MAD NSLP, Play CPC",,,3,193529082562,Blowfish Malibu,Blowfish Malibu,Talla,38,,1,
19493,variation,P NAVY36,,Play Navy - 36,1,0,visible,,,,,taxable,parent,1,33,3,0,0,,,,,0,,,39990,,,,,,,P NAVY,,,"Clay WH, MAD NSLP, Play CPC",,,3,193529034660,Blowfish Malibu,Blowfish Malibu,Talla,36,,1,
19505,variation,F SUNRISE37,,Fruit Sunrise - 37,1,0,visible,,,,,taxable,parent,1,2,3,0,0,,,,,0,,,39990,,,,,,,F SUNRISE,,,"P BLACK, P C KITTY, PO TABBY",,,3,193529093469,Blowfish Malibu,Blowfish Malibu,Talla,37,,1,
19529,variation,Clay BLK38,,Clay Black Foxing (suela negra) - 38,1,0,visible,,,,,taxable,parent,0,0,3,0,0,,,,,0,,,44990,,,,,,,Clay Black,,,"RD06TB, 30314",,,3,193529137378,Blowfish Malibu,Blowfish Malibu,Talla,38,,1,
19533,variation,Clay WH37,,Clay White - 37,1,0,visible,,,,,taxable,parent,0,0,3,0,0,,,,,0,,,44990,,,,,,,Clay WH,,,"PK13PH, 20510",,,3,193529142174,Blowfish Malibu,Blowfish Malibu,Talla,37,,1,
19541,variation,P SUGAR38,,Play Grey Sugar Skull - 38,1,0,visible,,,,,taxable,parent,1,39,3,0,0,,,,,0,,,24990,,,,,,,GREY SUGAR,,,"Clay WH, MAD NSLP, Play CPC",,,3,193529136074,Blowfish Malibu,Blowfish Malibu,Talla,38,,1,
19546,variation,GREY CAMO38,,Play Grey Camo - 38,1,0,visible,,,,,taxable,parent,1,15,3,0,0,1,,,,0,,,39990,,,,,,,GREY CAMO,,,"PK15TB, VEXBLACK",,,3,193529089837,Blowfish Malibu,Blowfish Malibu,Talla,38,,1,
19551,variation,P DOE BLK38,,Playdoe Sherpa Black - 38,1,0,visible,,,,,taxable,parent,1,22,3,0,0,,,,,0,,,39990,,,,,,,P DOE BLK,,,"PK15TB, VEXBLACK",,,3,193529149357,Blowfish Malibu,Blowfish Malibu,Talla,38,,1,
19556,variation,DUSTY P38,,Play Dusty Pink Hipster - 38,1,0,visible,,,,,taxable,parent,1,22,3,0,0,,,,,0,,,39990,,,,,,,Dusty P,,,"PK15TB, 21692",,,3,193529148886,Blowfish Malibu,Blowfish Malibu,Talla,38,,1,
19618,variation,PWHITES 37,,Play White Smoked - 37,1,0,visible,,,,,taxable,parent,0,0,3,0,0,1,30,,20,0,,,39990,,,,,,,PWHITES,,,"Clay WH, MAD NSLP, Play CPC",,,3,193529035162,Blowfish Malibu,Blowfish Malibu,Talla,37,,1,
19662,variation,BUENOSOAS38,,Alpargata Oasis - 38,1,0,visible,,,,,taxable,parent,0,0,3,0,0,,,,,0,,,35990,,,,,,,BUENOSOAS,,,"BL15TB, 20749",,,3,193529115376,Blowfish Malibu,Blowfish Malibu,Talla,38,,1,
19672,variation,BUENOSTAU40,,Alpargatas Taupe - 40,1,0,visible,,,,,taxable,parent,1,2,3,0,0,,,,,0,,,35990,,,,,,,BUENOSTAU,,,"PK15TB, 21692",,,3,193529115529,Blowfish Malibu,Blowfish Malibu,Talla,40,,1,
19676,variation,BUENOSBAMB37,,Alpargatas Bamboo - 37,1,0,visible,,,,,taxable,parent,0,0,3,0,0,,,,,0,,,35990,,,,,,,BUENOSBAMB,,,"RD06TB, 30314",,,3,193529163681,Blowfish Malibu,Blowfish Malibu,Talla,37,,1,
19681,variation,BUENOSDPINK37,,Alpargatas Dirty Pink - 37,1,0,visible,,,,,taxable,parent,1,35,3,0,0,,,,,0,,,35990,,,,,,,BUENOSDPINK,,,"PK13PH, 20510",,,3,193529163803,Blowfish Malibu,Blowfish Malibu,Talla,37,,1,
19843,variation,VEX BLACK38,,Zapatilla Vex Black - 38,1,0,visible,,,,,taxable,parent,0,0,,0,0,,,,,0,,,37990,,,,,,,VEXBLACK,,,"GR20PH, VEXWHITE",,,3,193529070743,Blowfish Malibu,Blowfish Malibu,Talla,38,,1,
19853,variation,VEXWHITE38,,Zapatilla Vex White - 38,1,0,visible,,,,,taxable,parent,0,0,,0,0,,,,,0,,,37990,,,,,,,VEXWHITE,,,"PK15TB, VEXBLACK",,,3,193529035841,Blowfish Malibu,Blowfish Malibu,Talla,38,,1,
19858,variation,MELONGRY38,193529163070,Melondrop Sweet Grey - 38,1,0,visible,,,,,taxable,parent,1,87,,0,0,,,,,0,,,44990,,,,,,,MELONGRY,,,,,,3,193529163070,Blowfish Malibu,Blowfish Malibu,Talla,38,,1,
19872,variation,CHILLTAUPE38,,Botín Chillin Taupe - 38,1,0,visible,,,,,taxable,parent,1,20,,0,0,,,,,0,,,59990,,,,,,,CHILLTAUPE,,,"PK15TB, 21692",,,3,193529154528,Blowfish Malibu,Blowfish Malibu,Talla,38,,1,
19878,variation,CHILLBLK38,,Botín Chillin Black - 38,1,0,visible,,,,,taxable,parent,1,29,,0,0,,,,,0,,,59990,,,,,,,CHILLBLK,,,"BL15TB, 20749",,,3,193529175790,Blowfish Malibu,Blowfish Malibu,Talla,38,,1,
19928,variation,MarleyAhiTuna-37,,Marley Ahi Tuna - 37,1,0,visible,,,,,taxable,parent,1,20,,0,0,,,,,0,,,39990,,,,,,,MarleyAhiTuna,,,,,,3,193529186765,Blowfish Malibu,Blowfish Malibu,Talla,37,,1,
19934,variation,MarleyCherry-38,,Marley Cherry - 38,1,0,visible,,,,,taxable,parent,0,0,,0,0,,,,,0,,,39990,,,,,,,MarleyCherry,,,,,,3,193529186871,Blowfish Malibu,Blowfish Malibu,Talla,38,,1,
19939,variation,MarleyLila-38,,Marley Lila - 38,1,0,visible,,,,,taxable,parent,1,23,,0,0,,,,,0,,,39990,,,,,,,MarleyLila,,,,,,3,193529187007,Blowfish Malibu,Blowfish Malibu,Talla,38,,1,
19947,variation,MarleySky-38,,Marley Sky - 38,1,0,visible,,,,,taxable,parent,1,18,,0,0,,,,,0,,,39990,,,,,,,MarleySky,,,,,,3,193529187137,Blowfish Malibu,Blowfish Malibu,Talla,38,,1,
19954,variation,MarleyCreamCoffee-38,,Marley Cream Coffee - 38,1,0,visible,,,,,taxable,parent,1,11,,0,0,,,,,0,,,39990,,,,,,,MarleyCreamCoffee,,,,,,3,193529173376,Blowfish Malibu,Blowfish Malibu,Talla,38,,1,
19959,variation,MarleyVaporSmoked-38,,Marley Vapor Color Washed - 38,1,0,visible,,,,,taxable,parent,0,0,,0,0,,,,,0,,,39990,,,,,,,MarleyVaporSmoked,,,,,,3,193529145786,Blowfish Malibu,Blowfish Malibu,Talla,38,,1,
19966,variation,CBlackW-38,,Clay Black Smoked (suela blanca) - 38,1,0,visible,,,,,taxable,parent,0,0,,0,0,,,,,0,,,44990,,,,,,,CBlackW,,,"PK13PH, 20510",,,3,193529188042,Blowfish Malibu,Blowfish Malibu,Talla,38,,1,
19979,variation,ClayVaporSmoked-38,,Clay Vapor Smoked - 38,1,0,visible,,,,,taxable,parent,1,37,,0,0,,,,,0,,,44990,,,,,,,ClayVaporSmoked,,,"BL15TB, 20749",,,3,193529187311,Blowfish Malibu,Blowfish Malibu,Talla,38,,1,
19986,variation,CatchCat-38,,Catch Natural Pongo Cat - 38,1,0,visible,,,,,taxable,parent,0,0,,0,0,,,,,0,,,54990,,,,,,,CatchCat,,,"RD06TB, 30314",,,3,193529187434,Blowfish Malibu,Blowfish Malibu,Talla,38,,1,
20366,variation,Maddox GFC38,193529220650,Maddox Grey Field Camo - 38,1,0,visible,,,,,taxable,parent,1,43,,0,0,,,,,0,,,44990,,,,,,,Maddox GFC,,,"P BLACK, P WHITE",,,3,193529220650,Blowfish Malibu,Blowfish Malibu,Talla,38,,1,
20377,variation,Maddox OFC38,193529220773,Maddox Olive Field Camo - 38,1,0,visible,,,,,taxable,parent,1,60,,0,0,,,,,0,,,44990,,,,,,,Maddox OFC,,,"Maddox GFC, MAD NSLP",,,3,193529220773,Blowfish Malibu,Blowfish Malibu,Talla,38,,1,
20385,variation,Parlane BLK38,193529225952,Parlane Black - 38,1,0,visible,,,,,taxable,parent,1,11,,0,0,,,,,0,,,44990,,,,,,,Parlane BLK,,,"Clay Black, P C KITTY",,,3,193529225952,Blowfish Malibu,Blowfish Malibu,Talla,38,,1,
20393,variation,Parlane WHT38,193529150018,Parlane White - 38,1,0,visible,,,,,taxable,parent,1,119,,0,0,,,,,0,,,44990,,,,,,,Parlane WHT,,,"Clay Black, Parlane BLK, P C KITTY",,,3,193529150018,Blowfish Malibu,Blowfish Malibu,Talla,38,,1,
20404,variation,Playwire GMP38,,Playwire Grey Micro Pixie - 38,1,0,visible,,,,,taxable,parent,1,61,,0,0,,,,,0,,,24990,,,,,,,Playwire GMP,,,"P BLACK, P C KITTY, PO TABBY",,,3,193529220292,Blowfish Malibu,Blowfish Malibu,Talla,38,,1,
20412,variation,Play CPC38,,Play Coffee Paper Cat - 38,1,0,visible,,,,,taxable,parent,1,55,,0,0,,,,,0,,,39990,,,,,,,Play CPC,,,"Clay Black, Clay WH, P C KITTY",,,3,193529220414,Blowfish Malibu,Blowfish Malibu,Talla,38,,1,
20420,variation,Play PSS38,,Play Pink Shake Smoked - 38,1,0,visible,,,,,taxable,parent,1,97,,0,0,,,,,0,,,39990,,,,,,,Play PSS,,,"Clay WH, MAD NSLP, Play CPC",,,3,193529220537,Blowfish Malibu,Blowfish Malibu,Talla,38,,1,
18700,variation,F DIRTY38,,Fruit Dirty Pink - 38,1,0,visible,,,,,taxable,parent,1,3,3,0,0,0,30,,15,0,,,39990,,,,,,,F DIRTY,,,"Clay Black, P C KITTY",,,4,191733758174,Blowfish Malibu,Blowfish Malibu,Talla,38,,1,
18706,variation,F EARTH38,,Fruit Earth Camo - 38,1,0,visible,,,,,taxable,parent,1,30,3,0,0,0,30,,15,0,,,24990,,,,,,,F EARTH,,,"Clay Black, Parlane BLK, P C KITTY",,,4,193529018745,Blowfish Malibu,Blowfish Malibu,Talla,38,,1,
18717,variation,F Wolgry37,,Fruit Wolf Grey - 37,1,0,visible,,,,,taxable,parent,1,80,3,0,0,0,30,,15,0,,,39990,,,,,,,F Wolgry,,,"GR20PH, VEXWHITE",,,4,191733616115,Blowfish Malibu,Blowfish Malibu,Talla,37,,1,
18723,variation,M CAMO37,,Marley Natural Camoflauge - 37,1,0,visible,,,,,taxable,parent,0,0,3,0,0,0,30,,15,0,,,39990,,,,,,,M CAMO,,,,,,4,191733418771,Blowfish Malibu,Blowfish Malibu,Talla,37,,1,
18738,variation,F33DO38,,DAKOTA ZEBRA - 38,1,0,visible,,,,,taxable,parent,0,0,,0,0,0.5,16,,11,0,,,129990,,,,,,,F33DO,,,"Clay WH, MAD NSLP, Play CPC",,,4,,Blowfish Malibu,Blowfish Malibu,Talla,38,,1,
18775,variation,P N CAMO36,,Play Natural Camo - 36,1,0,visible,,,,,taxable,parent,0,0,3,0,0,0,30,,15,0,,,39990,,,,,,,P N CAMO,,,"PK15TB, VEXBLACK",,,4,193529010121,Blowfish Malibu,Blowfish Malibu,Talla,36,,1,
18972,variation,P SNAKE38,,Play Natural Snake - 38,1,0,visible,,,,,taxable,parent,1,14,3,0,0,0,30,,15,0,,,39990,,,,,,,P SNAKE,,,"PK15TB, VEXBLACK",,,4,193529075526,Blowfish Malibu,Blowfish Malibu,Talla,38,,1,
18978,variation,P WHITE38,,Play White Cozumel - 38,1,0,visible,,,,,taxable,parent,1,1,3,0,0,0,30,,15,0,,,39990,,,,,,,P WHITE,,,"PK15TB, VEXBLACK",,,4,193529002591,Blowfish Malibu,Blowfish Malibu,Talla,38,,1,
18984,variation,P BLACK38,,Play Black Smoked - 38,1,0,visible,,,,,taxable,parent,0,0,3,0,0,0,30,,15,0,,,39990,,,,,,,P BLACK,,,"Clay WH, MAD NSLP, Play CPC",,,4,193870078986,Blowfish Malibu,Blowfish Malibu,Talla,38,,1,
18989,variation,P HIPSTER38,,Play Grey Hipster - 38,1,0,visible,,,,,taxable,parent,1,18,3,0,0,0,30,,15,0,,,39990,,,,,,,P HIPSTER,,,"PK13PH, 20510",,,4,193529018448,Blowfish Malibu,Blowfish Malibu,Talla,38,,1,
18994,variation,P S GREY38,,Play Steel Grey - 38,1,0,visible,,,,,taxable,parent,1,36,3,0,0,0,30,,15,0,,,39990,,,,,,,P S GREY,,,"P BLACK, P C KITTY, PO TABBY",,,4,190059525101,Blowfish Malibu,Blowfish Malibu,Talla,38,,1,
18999,variation,P C KITTY37,,Play Natural City Kitty - 37,1,0,visible,,,,,taxable,parent,1,3,3,0,0,0,30,,15,0,,,39990,,,,,,,P C KITTY,,,"PK13PH, 20510",,,4,193529063219,Blowfish Malibu,Blowfish Malibu,Talla,37,,1,
19006,variation,P SWEET38,,Play Sweet Grey - 38,1,0,visible,,,,,taxable,parent,1,19,3,0,0,0,30,,15,0,,,39990,,,,,,,P SWEET,,,"PK13PH, 20510",,,4,193529048087,Blowfish Malibu,Blowfish Malibu,Talla,38,,1,
19011,variation,P JEET37,,Play Jestred Hipster - 37,1,0,visible,,,,,taxable,parent,0,0,3,0,0,0,30,,15,0,,,39990,,,,,,,P JEET,,,"GR20PH, VEXWHITE",,,4,193529097337,Blowfish Malibu,Blowfish Malibu,Talla,37,,1,
19018,variation,ZS-0071_MARLEY_SLCWC38,,Marley Steel Grey - 38,1,0,visible,,,,,taxable,parent,0,0,3,0,0,0,30,,15,0,,,39990,,,,,,,ZS-0071_MARLEY_SLCWC,,,,,,4,190059557485,Blowfish Malibu,Blowfish Malibu,Talla,38,,1,
19385,variation,M SLATE 38,,Marley Slate Grey - 38,1,0,visible,,,,,taxable,parent,0,0,3,0,0,0,30,,15,0,,,39990,,,,,,,M SLATE,,,,,,4,193529104219,Blowfish Malibu,Blowfish Malibu,Talla,38,,1,
19405,variation,PB HAWAI39,,Play Black Hawaiian Nights - 39,1,0,visible,,,,,taxable,parent,0,0,3,0,0,0,30,,15,0,,,39990,,,,,,,PB HAWAI,,,"GR20PH, VEXWHITE",,,4,193529099942,Blowfish Malibu,Blowfish Malibu,Talla,39,,1,
19410,variation,PB TUNA 37,,Play Blue Tuna - 37,1,0,visible,,,,,taxable,parent,1,29,3,notify,0,0,30,,15,0,,,39990,,,,,,,PB TUNA,,,"Clay WH, MAD NSLP, Play CPC",,,4,193529100167,Blowfish Malibu,Blowfish Malibu,Talla,37,,1,
19416,variation,FRUIT BS37,,Fruit Black Smoked - 37,1,0,visible,,,,,taxable,parent,0,0,3,0,0,0,30,,15,0,,,39990,,,,,,,FRUIT BS,,,"P BLACK, P C KITTY, PO TABBY",,,4,191733892403,Blowfish Malibu,Blowfish Malibu,Talla,37,,1,
19422,variation,PO TABBY 37,,Play Olive Tabby Cat - 37,1,0,visible,,,,,taxable,parent,1,47,3,notify,0,0,30,,15,0,,,39990,,,,,,,PO TABBY,,,"PK13PH, 20510",,,4,193529103151,Blowfish Malibu,Blowfish Malibu,Talla,37,,1,
19427,variation,F WHISKY36,,Fruit Whisky Smoked - 36,1,0,visible,,,,,taxable,parent,1,41,3,notify,0,0,30,,15,0,,,39990,,,,,,,F WHISKY,,,"PK13PH, UBP1152KBM-DOV",,,4,193529037289,Blowfish Malibu,Blowfish Malibu,Talla,36,,1,
19441,variation,MELONCITY38,,Melondrop Natural City Kitty - 38,1,0,visible,,,,,taxable,parent,0,0,3,0,0,0,30,,15,0,,,44990,,,,,,,MELONCITY,,,"GR20PH, VEXWHITE",,,4,193529089608,Blowfish Malibu,Blowfish Malibu,Talla,38,,1,
19446,variation,MELONWH37,,Melondrop White Smoked - 37,1,0,visible,,,,,taxable,parent,1,35,3,0,0,0,30,,15,0,,,44990,,,,,,,MELONWH,,,,,,4,193529056204,Blowfish Malibu,Blowfish Malibu,Talla,37,,1,
19454,variation,MAD NSLP39,,Maddox Natural Snake Kitty Camo - 39,1,0,visible,,,,,taxable,parent,1,56,3,0,0,0,30,,15,0,,,38990,,,,,,,MAD NSLP,,,,,,4,193529106848,Blowfish Malibu,Blowfish Malibu,Talla,39,,1,
19458,variation,MAD SMOKED38,,Maddox Smoke Snake Leopard - 38,1,0,visible,,,,,taxable,parent,0,0,3,0,0,0,30,,15,0,,,38990,,,,,,,MAD SMOKED,,,"BL08PM, UBP1152KBM-MLR",,,4,193529106954,Blowfish Malibu,Blowfish Malibu,Talla,38,,1,
19466,variation,PN CAMPUS38,,Play Navy Campus - 38,1,0,visible,,,,,taxable,parent,1,67,3,0,0,,,,,0,,,24990,,,,,,,PN CAMPUS,,,"PK15TB, VEXBLACK",,,4,193529097221,Blowfish Malibu,Blowfish Malibu,Talla,38,,1,
19479,variation,P GREY MINI 39,,Play Grey Mini Check - 39,1,0,visible,,,,,taxable,parent,0,0,3,0,0,,,,,0,,,39990,,,,,,,P GREY MINI,,,"Clay WH, MAD NSLP, Play CPC",,,4,193529082586,Blowfish Malibu,Blowfish Malibu,Talla,39,,1,
19494,variation,P NAVY37,,Play Navy - 37,1,0,visible,,,,,taxable,parent,1,28,3,0,0,,,,,0,,,39990,,,,,,,P NAVY,,,"Clay WH, MAD NSLP, Play CPC",,,4,193529034684,Blowfish Malibu,Blowfish Malibu,Talla,37,,1,
19506,variation,F SUNRISE38,,Fruit Sunrise - 38,1,0,visible,,,,,taxable,parent,0,0,3,0,0,,,,,0,,,39990,,,,,,,F SUNRISE,,,"P BLACK, P C KITTY, PO TABBY",,,4,193529093483,Blowfish Malibu,Blowfish Malibu,Talla,38,,1,
19530,variation,Clay BLK39,,Clay Black Foxing (suela negra) - 39,1,0,visible,,,,,taxable,parent,0,0,3,0,0,,,,,0,,,44990,,,,,,,Clay Black,,,"RD06TB, 30314",,,4,193529137392,Blowfish Malibu,Blowfish Malibu,Talla,39,,1,
19535,variation,Clay WH39,,Clay White - 39,1,0,visible,,,,,taxable,parent,0,0,3,0,0,,,,,0,,,44990,,,,,,,Clay WH,,,"PK13PH, 20510",,,4,193529142211,Blowfish Malibu,Blowfish Malibu,Talla,39,,1,
19542,variation,P SUGAR39,,Play Grey Sugar Skull - 39,1,0,visible,,,,,taxable,parent,1,56,3,0,0,,,,,0,,,24990,,,,,,,GREY SUGAR,,,"Clay WH, MAD NSLP, Play CPC",,,4,193529136050,Blowfish Malibu,Blowfish Malibu,Talla,39,,1,
19547,variation,GREY CAMO39,,Play Grey Camo - 39,1,0,visible,,,,,taxable,parent,1,56,3,0,0,1,,,,0,,,39990,,,,,,,GREY CAMO,,,"PK15TB, VEXBLACK",,,4,193529089851,Blowfish Malibu,Blowfish Malibu,Talla,39,,1,
19552,variation,P DOE BLK37,,Playdoe Sherpa Black - 37,1,0,visible,,,,,taxable,parent,1,27,3,0,0,,,,,0,,,39990,,,,,,,P DOE BLK,,,"PK15TB, VEXBLACK",,,4,193529149333,Blowfish Malibu,Blowfish Malibu,Talla,37,,1,
19557,variation,DUSTY P39,,Play Dusty Pink Hipster - 39,1,0,visible,,,,,taxable,parent,1,27,3,0,0,,,,,0,,,39990,,,,,,,Dusty P,,,"PK15TB, 21692",,,4,193529148909,Blowfish Malibu,Blowfish Malibu,Talla,39,,1,
19620,variation,PWHITES 39,,Play White Smoked - 39,1,0,visible,,,,,taxable,parent,1,4,3,0,0,,,,,0,,,39990,,,,,,,PWHITES,,,"Clay WH, MAD NSLP, Play CPC",,,4,193529035209,Blowfish Malibu,Blowfish Malibu,Talla,39,,1,
19663,variation,BUENOSOAS39,,Alpargata Oasis - 39,1,0,visible,,,,,taxable,parent,1,7,3,0,0,,,,,0,,,35990,,,,,,,BUENOSOAS,,,"BL15TB, 20749",,,4,193529115390,Blowfish Malibu,Blowfish Malibu,Talla,39,,1,
19668,variation,BUENOSTAU36,,Alpargatas Taupe - 36,1,0,visible,,,,,taxable,parent,1,8,3,0,0,,,,,0,,,35990,,,,,,,BUENOSTAU,,,"PK15TB, 21692",,,4,193529115451,Blowfish Malibu,Blowfish Malibu,Talla,36,,1,
19677,variation,BUENOSBAMB38,,Alpargatas Bamboo - 38,1,0,visible,,,,,taxable,parent,0,0,3,0,0,,,,,0,,,35990,,,,,,,BUENOSBAMB,,,"RD06TB, 30314",,,4,193529163704,Blowfish Malibu,Blowfish Malibu,Talla,38,,1,
19682,variation,BUENOSDPINK38,,Alpargatas Dirty Pink - 38,1,0,visible,,,,,taxable,parent,1,16,3,0,0,,,,,0,,,35990,,,,,,,BUENOSDPINK,,,"PK13PH, 20510",,,4,193529163827,Blowfish Malibu,Blowfish Malibu,Talla,38,,1,
19844,variation,VEX BLACK39,,Zapatilla Vex Black - 39,1,0,visible,,,,,taxable,parent,1,14,,0,0,,,,,0,,,37990,,,,,,,VEXBLACK,,,"GR20PH, VEXWHITE",,,4,193529070767,Blowfish Malibu,Blowfish Malibu,Talla,39,,1,
19854,variation,VEXWHITE39,,Zapatilla Vex White - 39,1,0,visible,,,,,taxable,parent,1,13,,0,0,,,,,0,,,37990,,,,,,,VEXWHITE,,,"PK15TB, VEXBLACK",,,4,193529035865,Blowfish Malibu,Blowfish Malibu,Talla,39,,1,
19859,variation,MELONGRY39,193529163094,Melondrop Sweet Grey - 39,1,0,visible,,,,,taxable,parent,1,91,,0,0,,,,,0,,,44990,,,,,,,MELONGRY,,,,,,4,193529163094,Blowfish Malibu,Blowfish Malibu,Talla,39,,1,
19873,variation,CHILLTAUPE39,,Botín Chillin Taupe - 39,1,0,visible,,,,,taxable,parent,1,54,,0,0,,,,,0,,,59990,,,,,,,CHILLTAUPE,,,"PK15TB, 21692",,,4,193529154542,Blowfish Malibu,Blowfish Malibu,Talla,39,,1,
19879,variation,CHILLBLK39,,Botín Chillin Black - 39,1,0,visible,,,,,taxable,parent,1,52,,0,0,,,,,0,,,59990,,,,,,,CHILLBLK,,,"BL15TB, 20749",,,4,193529175813,Blowfish Malibu,Blowfish Malibu,Talla,39,,1,
19929,variation,MarleyAhiTuna-39,,Marley Ahi Tuna - 39,1,0,visible,,,,,taxable,parent,1,59,,0,0,,,,,0,,,39990,,,,,,,MarleyAhiTuna,,,,,,4,193529186727,Blowfish Malibu,Blowfish Malibu,Talla,39,,1,
19935,variation,MarleyCherry-39,,Marley Cherry - 39,1,0,visible,,,,,taxable,parent,1,40,,0,0,,,,,0,,,39990,,,,,,,MarleyCherry,,,,,,4,193529186857,Blowfish Malibu,Blowfish Malibu,Talla,39,,1,
19940,variation,MarleyLila-39,,Marley Lila - 39,1,0,visible,,,,,taxable,parent,1,67,,0,0,,,,,0,,,39990,,,,,,,MarleyLila,,,,,,4,193529186987,Blowfish Malibu,Blowfish Malibu,Talla,39,,1,
19948,variation,MarleySky-39,,Marley Sky - 39,1,0,visible,,,,,taxable,parent,1,52,,0,0,,,,,0,,,39990,,,,,,,MarleySky,,,,,,4,193529187113,Blowfish Malibu,Blowfish Malibu,Talla,39,,1,
19955,variation,MarleyCreamCoffee-39,,Marley Cream Coffee - 39,1,0,visible,,,,,taxable,parent,1,56,,0,0,,,,,0,,,39990,,,,,,,MarleyCreamCoffee,,,,,,4,193529173390,Blowfish Malibu,Blowfish Malibu,Talla,39,,1,
19960,variation,MarleyVaporSmoked-39,,Marley Vapor Color Washed - 39,1,0,visible,,,,,taxable,parent,1,20,,0,0,,,,,0,,,39990,,,,,,,MarleyVaporSmoked,,,,,,4,193529145809,Blowfish Malibu,Blowfish Malibu,Talla,39,,1,
19967,variation,CBlackW-39,,Clay Black Smoked (suela blanca) - 39,1,0,visible,,,,,taxable,parent,1,34,,0,0,,,,,0,,,44990,,,,,,,CBlackW,,,"PK13PH, 20510",,,4,193529188066,Blowfish Malibu,Blowfish Malibu,Talla,39,,1,
19980,variation,ClayVaporSmoked-39,,Clay Vapor Smoked - 39,1,0,visible,,,,,taxable,parent,1,56,,0,0,,,,,0,,,44990,,,,,,,ClayVaporSmoked,,,"BL15TB, 20749",,,4,193529187335,Blowfish Malibu,Blowfish Malibu,Talla,39,,1,
19987,variation,CatchCat-39,,Catch Natural Pongo Cat - 39,1,0,visible,,,,,taxable,parent,1,28,,0,0,,,,,0,,,54990,,,,,,,CatchCat,,,"RD06TB, 30314",,,4,193529187458,Blowfish Malibu,Blowfish Malibu,Talla,39,,1,
20367,variation,Maddox GFC39,193529220674,Maddox Grey Field Camo - 39,1,0,visible,,,,,taxable,parent,1,69,,0,0,,,,,0,,,44990,,,,,,,Maddox GFC,,,"P BLACK, P WHITE",,,4,193529220674,Blowfish Malibu,Blowfish Malibu,Talla,39,,1,
20378,variation,Maddox OFC39,193529220797,Maddox Olive Field Camo - 39,1,0,visible,,,,,taxable,parent,1,55,,0,0,,,,,0,,,44990,,,,,,,Maddox OFC,,,"Maddox GFC, MAD NSLP",,,4,193529220797,Blowfish Malibu,Blowfish Malibu,Talla,39,,1,
20386,variation,Parlane BLK39,193529225976,Parlane Black - 39,1,0,visible,,,,,taxable,parent,1,11,,0,0,,,,,0,,,44990,,,,,,,Parlane BLK,,,"Clay Black, P C KITTY",,,4,193529225976,Blowfish Malibu,Blowfish Malibu,Talla,39,,1,
20394,variation,Parlane WHT39,193529150032,Parlane White - 39,1,0,visible,,,,,taxable,parent,1,105,,0,0,,,,,0,,,44990,,,,,,,Parlane WHT,,,"Clay Black, Parlane BLK, P C KITTY",,,4,193529150032,Blowfish Malibu,Blowfish Malibu,Talla,39,,1,
20405,variation,Playwire GMP39,,Playwire Grey Micro Pixie - 39,1,0,visible,,,,,taxable,parent,1,63,,0,0,,,,,0,,,24990,,,,,,,Playwire GMP,,,"P BLACK, P C KITTY, PO TABBY",,,4,193529220315,Blowfish Malibu,Blowfish Malibu,Talla,39,,1,
20413,variation,Play CPC39,,Play Coffee Paper Cat - 39,1,0,visible,,,,,taxable,parent,1,61,,0,0,,,,,0,,,39990,,,,,,,Play CPC,,,"Clay Black, Clay WH, P C KITTY",,,4,193529220438,Blowfish Malibu,Blowfish Malibu,Talla,39,,1,
20421,variation,Play PSS39,,Play Pink Shake Smoked - 39,1,0,visible,,,,,taxable,parent,1,80,,0,0,,,,,0,,,39990,,,,,,,Play PSS,,,"Clay WH, MAD NSLP, Play CPC",,,4,193529220551,Blowfish Malibu,Blowfish Malibu,Talla,39,,1,
18701,variation,F DIRTY39,,Fruit Dirty Pink - 39,1,0,visible,,,,,taxable,parent,1,4,3,0,0,0,30,,15,0,,,39990,,,,,,,F DIRTY,,,"Clay Black, P C KITTY",,,5,191733758198,Blowfish Malibu,Blowfish Malibu,Talla,39,,1,
18707,variation,F EARTH39,,Fruit Earth Camo - 39,1,0,visible,,,,,taxable,parent,1,22,3,0,0,0,30,,15,0,,,24990,,,,,,,F EARTH,,,"Clay Black, Parlane BLK, P C KITTY",,,5,193529018769,Blowfish Malibu,Blowfish Malibu,Talla,39,,1,
18718,variation,F Wolgry38,,Fruit Wolf Grey - 38,1,0,visible,,,,,taxable,parent,1,77,3,0,0,0,30,,15,0,,,39990,,,,,,,F Wolgry,,,"GR20PH, VEXWHITE",,,5,191733616139,Blowfish Malibu,Blowfish Malibu,Talla,38,,1,
18724,variation,M CAMO38,,Marley Natural Camoflauge - 38,1,0,visible,,,,,taxable,parent,1,1,3,0,0,0,30,,15,0,,,39990,,,,,,,M CAMO,,,,,,5,191733418795,Blowfish Malibu,Blowfish Malibu,Talla,38,,1,
18739,variation,F33DO39,,DAKOTA ZEBRA - 39,1,0,visible,,,,,taxable,parent,0,0,,0,0,0.5,16,,11,0,,,129990,,,,,,,F33DO,,,"Clay WH, MAD NSLP, Play CPC",,,5,,Blowfish Malibu,Blowfish Malibu,Talla,39,,1,
18776,variation,P N CAMO37,,Play Natural Camo - 37,1,0,visible,,,,,taxable,parent,1,18,3,0,0,0,30,,15,0,,,39990,,,,,,,P N CAMO,,,"PK15TB, VEXBLACK",,,5,193529010145,Blowfish Malibu,Blowfish Malibu,Talla,37,,1,
18973,variation,P SNAKE39,,Play Natural Snake - 39,1,0,visible,,,,,taxable,parent,1,13,3,0,0,0,30,,15,0,,,39990,,,,,,,P SNAKE,,,"PK15TB, VEXBLACK",,,5,193529075540,Blowfish Malibu,Blowfish Malibu,Talla,39,,1,
18979,variation,P WHITE39,,Play White Cozumel - 39,1,0,visible,,,,,taxable,parent,1,5,3,0,0,0,30,,15,0,,,39990,,,,,,,P WHITE,,,"PK15TB, VEXBLACK",,,5,193529002614,Blowfish Malibu,Blowfish Malibu,Talla,39,,1,
18985,variation,P BLACK39,,Play Black Smoked - 39,1,0,visible,,,,,taxable,parent,0,0,3,0,0,0,30,,15,0,,,39990,,,,,,,P BLACK,,,"Clay WH, MAD NSLP, Play CPC",,,5,193870079006,Blowfish Malibu,Blowfish Malibu,Talla,39,,1,
18990,variation,P HIPSTER39,,Play Grey Hipster - 39,1,0,visible,,,,,taxable,parent,1,9,3,0,0,0,30,,15,0,,,39990,,,,,,,P HIPSTER,,,"PK13PH, 20510",,,5,193529018462,Blowfish Malibu,Blowfish Malibu,Talla,39,,1,
18995,variation,P S GREY39,,Play Steel Grey - 39,1,0,visible,,,,,taxable,parent,1,12,3,0,0,0,30,,15,0,,,39990,,,,,,,P S GREY,,,"P BLACK, P C KITTY, PO TABBY",,,5,190059525125,Blowfish Malibu,Blowfish Malibu,Talla,39,,1,
19001,variation,P C KITTY39,,Play Natural City Kitty - 39,1,0,visible,,,,,taxable,parent,1,31,3,0,0,0,30,,15,0,,,39990,,,,,,,P C KITTY,,,"PK13PH, 20510",,,5,193529063257,Blowfish Malibu,Blowfish Malibu,Talla,39,,1,
19007,variation,P SWEET39,,Play Sweet Grey - 39,1,0,visible,,,,,taxable,parent,1,24,3,0,0,0,30,,15,0,,,39990,,,,,,,P SWEET,,,"PK13PH, 20510",,,5,193529048100,Blowfish Malibu,Blowfish Malibu,Talla,39,,1,
19012,variation,P JEET38,,Play Jestred Hipster - 38,1,0,visible,,,,,taxable,parent,1,1,3,0,0,0,30,,15,0,,,39990,,,,,,,P JEET,,,"GR20PH, VEXWHITE",,,5,193529097351,Blowfish Malibu,Blowfish Malibu,Talla,38,,1,
19019,variation,ZS-0071_MARLEY_SLCWC39,,Marley Steel Grey - 39,1,0,visible,,,,,taxable,parent,0,0,3,0,0,0,30,,15,0,,,39990,,,,,,,ZS-0071_MARLEY_SLCWC,,,,,,5,190059557508,Blowfish Malibu,Blowfish Malibu,Talla,39,,1,
19386,variation,M SLATE 39,,Marley Slate Grey - 39,1,0,visible,,,,,taxable,parent,0,0,3,0,0,0,30,,15,0,,,39990,,,,,,,M SLATE,,,,,,5,193529104233,Blowfish Malibu,Blowfish Malibu,Talla,39,,1,
19401,variation,PB HAWAI36,,Play Black Hawaiian Nights - 36,1,0,visible,,,,,taxable,parent,0,0,3,0,0,0,30,,15,0,,,39990,,,,,,,PB HAWAI,,,"GR20PH, VEXWHITE",,,5,193529099881,Blowfish Malibu,Blowfish Malibu,Talla,36,,1,
19409,variation,PB TUNA 36,,Play Blue Tuna - 36,1,0,visible,,,,,taxable,parent,1,30,3,notify,0,0,30,,15,0,,,39990,,,,,,,PB TUNA,,,"Clay WH, MAD NSLP, Play CPC",,,5,193529100143,Blowfish Malibu,Blowfish Malibu,Talla,36,,1,
19417,variation,FRUIT BS38,,Fruit Black Smoked - 38,1,0,visible,,,,,taxable,parent,0,0,3,0,0,0,30,,15,0,,,39990,,,,,,,FRUIT BS,,,"P BLACK, P C KITTY, PO TABBY",,,5,191733892427,Blowfish Malibu,Blowfish Malibu,Talla,38,,1,
19424,variation,PO TABBY39,,Play Olive Tabby Cat - 39,1,0,visible,,,,,taxable,parent,1,40,3,notify,0,0,30,,15,0,,,39990,,,,,,,PO TABBY,,,"PK13PH, 20510",,,5,193529103199,Blowfish Malibu,Blowfish Malibu,Talla,39,,1,
19428,variation,F WHISKY37,,Fruit Whisky Smoked - 37,1,0,visible,,,,,taxable,parent,1,62,3,notify,0,0,30,,15,0,,,39990,,,,,,,F WHISKY,,,"PK13PH, UBP1152KBM-DOV",,,5,193529037302,Blowfish Malibu,Blowfish Malibu,Talla,37,,1,
19436,variation,F WHITE39,,Fruit White Smoked - 39,1,0,visible,,,,,taxable,parent,1,37,3,notify,0,0,30,,15,0,,,39990,,,,,,,F WHITE,,,"PK13PH, 20510",,,5,191733729860,Blowfish Malibu,Blowfish Malibu,Talla,39,,1,
19442,variation,MELONCITY39,,Melondrop Natural City Kitty - 39,1,0,visible,,,,,taxable,parent,0,0,3,0,0,0,30,,15,0,,,44990,,,,,,,MELONCITY,,,"GR20PH, VEXWHITE",,,5,193529089622,Blowfish Malibu,Blowfish Malibu,Talla,39,,1,
19448,variation,MELONWH39,,Melondrop White Smoked - 39,1,0,visible,,,,,taxable,parent,1,23,3,0,0,0,30,,15,0,,,44990,,,,,,,MELONWH,,,,,,5,193529056242,Blowfish Malibu,Blowfish Malibu,Talla,39,,1,
19455,variation,MAD NSLP40,,Maddox Natural Snake Kitty Camo - 40,1,0,visible,,,,,taxable,parent,1,1,3,0,0,0,30,,15,0,,,38990,,,,,,,MAD NSLP,,,,,,5,193529106855,Blowfish Malibu,Blowfish Malibu,Talla,40,,1,
19459,variation,MAD SMOKED39,,Maddox Smoke Snake Leopard - 39,1,0,visible,,,,,taxable,parent,1,20,3,0,0,0,30,,15,0,,,38990,,,,,,,MAD SMOKED,,,"BL08PM, UBP1152KBM-MLR",,,5,193529106978,Blowfish Malibu,Blowfish Malibu,Talla,39,,1,
19467,variation,PN CAMPUS39,,Play Navy Campus - 39,1,0,visible,,,,,taxable,parent,1,45,3,0,0,,,,,0,,,24990,,,,,,,PN CAMPUS,,,"PK15TB, VEXBLACK",,,5,193529097245,Blowfish Malibu,Blowfish Malibu,Talla,39,,1,
19480,variation,P GREY MINI 40,,Play Grey Mini Check - 40,1,0,visible,,,,,taxable,parent,0,0,3,0,0,,,,,0,,,39990,,,,,,,P GREY MINI,,,"Clay WH, MAD NSLP, Play CPC",,,5,193529082593,Blowfish Malibu,Blowfish Malibu,Talla,40,,1,
19495,variation,P NAVY38,,Play Navy - 38,1,0,visible,,,,,taxable,parent,1,31,3,0,0,,,,,0,,,39990,,,,,,,P NAVY,,,"Clay WH, MAD NSLP, Play CPC",,,5,193529034707,Blowfish Malibu,Blowfish Malibu,Talla,38,,1,
19507,variation,F SUNRISE39,,Fruit Sunrise - 39,1,0,visible,,,,,taxable,parent,0,0,3,0,0,,,,,0,,,39990,,,,,,,F SUNRISE,,,"P BLACK, P C KITTY, PO TABBY",,,5,193529093506,Blowfish Malibu,Blowfish Malibu,Talla,39,,1,
19531,variation,Clay BLK40,,Clay Black Foxing (suela negra) - 40,1,0,visible,,,,,taxable,parent,1,29,3,0,0,,,,,0,,,44990,,,,,,,Clay Black,,,"RD06TB, 30314",,,5,193529137408,Blowfish Malibu,Blowfish Malibu,Talla,40,,1,
19536,variation,Clay WH40,,Clay White - 40,1,0,visible,,,,,taxable,parent,0,0,3,0,0,,,,,0,,,44990,,,,,,,Clay WH,,,"PK13PH, 20510",,,5,193529142228,Blowfish Malibu,Blowfish Malibu,Talla,40,,1,
19543,variation,P SUGAR40,,Play Grey Sugar Skull - 40,1,0,visible,,,,,taxable,parent,1,23,3,0,0,,,,,0,,,24990,,,,,,,GREY SUGAR,,,"Clay WH, MAD NSLP, Play CPC",,,5,193529136043,Blowfish Malibu,Blowfish Malibu,Talla,40,,1,
19548,variation,GREY CAMO40,,Play Grey Camo - 40,1,0,visible,,,,,taxable,parent,1,25,3,0,0,1,,,,0,,,39990,,,,,,,GREY CAMO,,,"PK15TB, VEXBLACK",,,5,193529148923,Blowfish Malibu,Blowfish Malibu,Talla,40,,1,
19553,variation,P DOE BLK36,,Playdoe Sherpa Black - 36,1,0,visible,,,,,taxable,parent,1,18,3,0,0,,,,,0,,,39990,,,,,,,P DOE BLK,,,"PK15TB, VEXBLACK",,,5,193529149319,Blowfish Malibu,Blowfish Malibu,Talla,36,,1,
19558,variation,DUSTY P40,,Play Dusty Pink Hipster - 40,1,0,visible,,,,,taxable,parent,1,19,3,0,0,,,,,0,,,39990,,,,,,,Dusty P,,,"PK15TB, 21692",,,5,193529148916,Blowfish Malibu,Blowfish Malibu,Talla,40,,1,
19621,variation,PWHITES 40,,Play White Smoked - 40,1,0,visible,,,,,taxable,parent,0,0,3,0,0,1,30,,20,0,,,39990,,,,,,,PWHITES,,,"Clay WH, MAD NSLP, Play CPC",,,5,193529035216,Blowfish Malibu,Blowfish Malibu,Talla,40,,1,
19664,variation,BUENOSOAS40,,Alpargata Oasis - 40,1,0,visible,,,,,taxable,parent,1,6,3,0,0,,,,,0,,,35990,,,,,,,BUENOSOAS,,,"BL15TB, 20749",,,5,193529115406,Blowfish Malibu,Blowfish Malibu,Talla,40,,1,
19669,variation,BUENOSTAU37,,Alpargatas Taupe - 37,1,0,visible,,,,,taxable,parent,0,0,3,0,0,,,,,0,,,35990,,,,,,,BUENOSTAU,,,"PK15TB, 21692",,,5,193529115475,Blowfish Malibu,Blowfish Malibu,Talla,37,,1,
19678,variation,BUENOSBAMB39,,Alpargatas Bamboo - 39,1,0,visible,,,,,taxable,parent,1,3,3,0,0,,,,,0,,,35990,,,,,,,BUENOSBAMB,,,"RD06TB, 30314",,,5,193529163728,Blowfish Malibu,Blowfish Malibu,Talla,39,,1,
19683,variation,BUENOSDPINK39,,Alpargatas Dirty Pink - 39,1,0,visible,,,,,taxable,parent,1,32,3,0,0,,,,,0,,,35990,,,,,,,BUENOSDPINK,,,"PK13PH, 20510",,,5,193529163841,Blowfish Malibu,Blowfish Malibu,Talla,39,,1,
19845,variation,VEX BLACK40,,Zapatilla Vex Black - 40,1,0,visible,,,,,taxable,parent,0,0,,0,0,,,,,0,,,37990,,,,,,,VEXBLACK,,,"GR20PH, VEXWHITE",,,5,193529070774,Blowfish Malibu,Blowfish Malibu,Talla,40,,1,
19855,variation,VEXWHITE40,,Zapatilla Vex White - 40,1,0,visible,,,,,taxable,parent,0,0,,0,0,,,,,0,,,37990,,,,,,,VEXWHITE,,,"PK15TB, VEXBLACK",,,5,193529035872,Blowfish Malibu,Blowfish Malibu,Talla,40,,1,
19860,variation,MELONGRY40,193529163100,Melondrop Sweet Grey - 40,1,0,visible,,,,,taxable,parent,1,45,,0,0,,,,,0,,,44990,,,,,,,MELONGRY,,,,,,5,193529163100,Blowfish Malibu,Blowfish Malibu,Talla,40,,1,
19874,variation,CHILLTAUPE40,,Botín Chillin Taupe - 40,1,0,visible,,,,,taxable,parent,1,27,,0,0,,,,,0,,,59990,,,,,,,CHILLTAUPE,,,"PK15TB, 21692",,,5,193529154559,Blowfish Malibu,Blowfish Malibu,Talla,40,,1,
19880,variation,CHILLBLK40,,Botín Chillin Black - 40,1,0,visible,,,,,taxable,parent,1,27,,0,0,,,,,0,,,59990,,,,,,,CHILLBLK,,,"BL15TB, 20749",,,5,193529175820,Blowfish Malibu,Blowfish Malibu,Talla,40,,1,
19930,variation,MarleyAhiTuna-40,,Marley Ahi Tuna - 40,1,0,visible,,,,,taxable,parent,1,28,,0,0,,,,,0,,,39990,,,,,,,MarleyAhiTuna,,,,,,5,193529186710,Blowfish Malibu,Blowfish Malibu,Talla,40,,1,
19936,variation,MarleyCherry-40,,Marley Cherry - 40,1,0,visible,,,,,taxable,parent,1,3,,0,0,,,,,0,,,39990,,,,,,,MarleyCherry,,,,,,5,193529186840,Blowfish Malibu,Blowfish Malibu,Talla,40,,1,
19941,variation,MarleyLila-40,,Marley Lila - 40,1,0,visible,,,,,taxable,parent,1,31,,0,0,,,,,0,,,39990,,,,,,,MarleyLila,,,,,,5,193529186970,Blowfish Malibu,Blowfish Malibu,Talla,40,,1,
19949,variation,MarleySky-40,,Marley Sky - 40,1,0,visible,,,,,taxable,parent,1,37,,0,0,,,,,0,,,39990,,,,,,,MarleySky,,,,,,5,193529187106,Blowfish Malibu,Blowfish Malibu,Talla,40,,1,
19956,variation,MarleyCreamCoffee-40,,Marley Cream Coffee - 40,1,0,visible,,,,,taxable,parent,1,14,,0,0,,,,,0,,,39990,,,,,,,MarleyCreamCoffee,,,,,,5,193529173406,Blowfish Malibu,Blowfish Malibu,Talla,40,,1,
19961,variation,MarleyVaporSmoked-40,,Marley Vapor Color Washed - 40,1,0,visible,,,,,taxable,parent,0,0,,0,0,,,,,0,,,39990,,,,,,,MarleyVaporSmoked,,,,,,5,193529145816,Blowfish Malibu,Blowfish Malibu,Talla,40,,1,
19968,variation,CBlackW-40,,Clay Black Smoked (suela blanca) - 40,1,0,visible,,,,,taxable,parent,1,20,,0,0,,,,,0,,,44990,,,,,,,CBlackW,,,"PK13PH, 20510",,,5,193529188073,Blowfish Malibu,Blowfish Malibu,Talla,40,,1,
19981,variation,ClayVaporSmoked-40,,Clay Vapor Smoked - 40,1,0,visible,,,,,taxable,parent,1,24,,0,0,,,,,0,,,44990,,,,,,,ClayVaporSmoked,,,"BL15TB, 20749",,,5,193529187342,Blowfish Malibu,Blowfish Malibu,Talla,40,,1,
19988,variation,CatchCat-40,,Catch Natural Pongo Cat - 40,1,0,visible,,,,,taxable,parent,1,17,,0,0,,,,,0,,,54990,,,,,,,CatchCat,,,"RD06TB, 30314",,,5,193529187465,Blowfish Malibu,Blowfish Malibu,Talla,40,,1,
20368,variation,Maddox GFC40,193529220681,Maddox Grey Field Camo - 40,1,0,visible,,,,,taxable,parent,1,12,,0,0,,,,,0,,,44990,,,,,,,Maddox GFC,,,"P BLACK, P WHITE",,,5,193529220681,Blowfish Malibu,Blowfish Malibu,Talla,40,,1,
20379,variation,Maddox OFC40,193529220803,Maddox Olive Field Camo - 40,1,0,visible,,,,,taxable,parent,1,15,,0,0,,,,,0,,,44990,,,,,,,Maddox OFC,,,"Maddox GFC, MAD NSLP",,,5,193529220803,Blowfish Malibu,Blowfish Malibu,Talla,40,,1,
20387,variation,Parlane BLK40,193529225983,Parlane Black - 40,1,0,visible,,,,,taxable,parent,1,2,,0,0,,,,,0,,,44990,,,,,,,Parlane BLK,,,"Clay Black, P C KITTY",,,5,193529225983,Blowfish Malibu,Blowfish Malibu,Talla,40,,1,
20395,variation,Parlane WHT40,193529150049,Parlane White - 40,1,0,visible,,,,,taxable,parent,1,21,,0,0,,,,,0,,,44990,,,,,,,Parlane WHT,,,"Clay Black, Parlane BLK, P C KITTY",,,5,193529150049,Blowfish Malibu,Blowfish Malibu,Talla,40,,1,
20406,variation,Playwire GMP40,,Playwire Grey Micro Pixie - 40,1,0,visible,,,,,taxable,parent,1,9,,0,0,,,,,0,,,24990,,,,,,,Playwire GMP,,,"P BLACK, P C KITTY, PO TABBY",,,5,193529220322,Blowfish Malibu,Blowfish Malibu,Talla,40,,1,
20414,variation,Play CPC40,,Play Coffee Paper Cat - 40,1,0,visible,,,,,taxable,parent,1,15,,0,0,,,,,0,,,39990,,,,,,,Play CPC,,,"Clay Black, Clay WH, P C KITTY",,,5,193529220445,Blowfish Malibu,Blowfish Malibu,Talla,40,,1,
20422,variation,Play PSS40,,Play Pink Shake Smoked - 40,1,0,visible,,,,,taxable,parent,1,18,,0,0,,,,,0,,,39990,,,,,,,Play PSS,,,"Clay WH, MAD NSLP, Play CPC",,,5,193529220568,Blowfish Malibu,Blowfish Malibu,Talla,40,,1,
18702,variation,F DIRTY40,,Fruit Dirty Pink - 40,1,0,visible,,,,,taxable,parent,0,0,3,0,0,0,30,,15,0,,,39990,,,,,,,F DIRTY,,,"Clay Black, P C KITTY",,,6,191733758211,Blowfish Malibu,Blowfish Malibu,Talla,40,,1,
18708,variation,F EARTH40,,Fruit Earth Camo - 40,1,0,visible,,,,,taxable,parent,1,9,3,0,0,0,30,,15,0,,,24990,,,,,,,F EARTH,,,"Clay Black, Parlane BLK, P C KITTY",,,6,193870028165,Blowfish Malibu,Blowfish Malibu,Talla,40,,1,
18719,variation,F Wolgry39,,Fruit Wolf Grey - 39,1,0,visible,,,,,taxable,parent,1,79,3,0,0,0,30,,15,0,,,39990,,,,,,,F Wolgry,,,"GR20PH, VEXWHITE",,,6,191733616153,Blowfish Malibu,Blowfish Malibu,Talla,39,,1,
18725,variation,M CAMO39,,Marley Natural Camoflauge - 39,1,0,visible,,,,,taxable,parent,0,0,3,0,0,0,30,,15,0,,,39990,,,,,,,M CAMO,,,,,,6,191733418818,Blowfish Malibu,Blowfish Malibu,Talla,39,,1,
18779,variation,P N CAMO40,,Play Natural Camo - 40,1,0,visible,,,,,taxable,parent,1,23,3,0,0,0,30,,15,0,,,39990,,,,,,,P N CAMO,,,"PK15TB, VEXBLACK",,,6,193529010107,Blowfish Malibu,Blowfish Malibu,Talla,40,,1,
18974,variation,P SNAKE40,,Play Natural Snake - 40,1,0,visible,,,,,taxable,parent,1,5,3,0,0,0,30,,15,0,,,39990,,,,,,,P SNAKE,,,"PK15TB, VEXBLACK",,,6,193529075441,Blowfish Malibu,Blowfish Malibu,Talla,40,,1,
18980,"variation, downloadable",P WHITE40,,Play White Cozumel - 40,1,0,visible,,,,,taxable,parent,0,0,3,0,0,0,30,,15,0,,,39990,,,,,-1,-1,P WHITE,,,"PK15TB, VEXBLACK",,,6,193529002539,Blowfish Malibu,Blowfish Malibu,Talla,40,,1,
18986,variation,P BLACK40,,Play Black Smoked - 40,1,0,visible,,,,,taxable,parent,0,0,3,0,0,0,30,,15,0,,,39990,,,,,,,P BLACK,,,"Clay WH, MAD NSLP, Play CPC",,,6,193529037128,Blowfish Malibu,Blowfish Malibu,Talla,40,,1,
18991,variation,P HIPSTER40,,Play Grey Hipster - 40,1,0,visible,,,,,taxable,parent,1,4,3,0,0,0,30,,15,0,,,39990,,,,,,,P HIPSTER,,,"PK13PH, 20510",,,6,193529082470,Blowfish Malibu,Blowfish Malibu,Talla,40,,1,
18996,variation,P S GREY40,,Play Steel Grey - 40,1,0,visible,,,,,taxable,parent,1,14,3,0,0,0,30,,15,0,,,39990,,,,,,,P S GREY,,,"P BLACK, P C KITTY, PO TABBY",,,6,190059525149,Blowfish Malibu,Blowfish Malibu,Talla,40,,1,
19002,variation,P C KITTY40,,Play Natural City Kitty - 40,1,0,visible,,,,,taxable,parent,0,0,3,0,0,0,30,,15,0,,,39990,,,,,,,P C KITTY,,,"PK13PH, 20510",,,6,193529063264,Blowfish Malibu,Blowfish Malibu,Talla,40,,1,
19008,variation,P SWEET40,,Play Sweet Grey - 40,1,0,visible,,,,,taxable,parent,1,14,3,0,0,0,30,,15,0,,,39990,,,,,,,P SWEET,,,"PK13PH, 20510",,,6,193529048117,Blowfish Malibu,Blowfish Malibu,Talla,40,,1,
19013,variation,P JEET39,,Play Jestred Hipster - 39,1,0,visible,,,,,taxable,parent,0,0,3,0,0,0,30,,15,0,,,39990,,,,,,,P JEET,,,"GR20PH, VEXWHITE",,,6,193529097375,Blowfish Malibu,Blowfish Malibu,Talla,39,,1,
19020,variation,ZS-0071_MARLEY_SLCWC40,,Marley Steel Grey - 40,1,0,visible,,,,,taxable,parent,0,0,3,0,0,0,30,,15,0,,,39990,,,,,,,ZS-0071_MARLEY_SLCWC,,,,,,6,191733758211,Blowfish Malibu,Blowfish Malibu,Talla,40,,1,
19387,variation,M SLATE 40,,Marley Slate Grey - 40,1,0,visible,,,,,taxable,parent,0,0,3,0,0,0,30,,15,0,,,39990,,,,,,,M SLATE,,,,,,6,193529104127,Blowfish Malibu,Blowfish Malibu,Talla,40,,1,
19402,variation,PB HAWAI35,,Play Black Hawaiian Nights - 35,1,0,visible,,,,,taxable,parent,0,0,3,0,0,0,30,,15,0,,,39990,,,,,,,PB HAWAI,,,"GR20PH, VEXWHITE",,,6,193529099867,Blowfish Malibu,Blowfish Malibu,Talla,35,,1,
19408,variation,PB TUNA 35,,Play Blue Tuna - 35,1,0,visible,,,,,taxable,parent,1,4,3,notify,0,0,30,,15,0,,,39990,,,,,,,PB TUNA,,,"Clay WH, MAD NSLP, Play CPC",,,6,193529100129,Blowfish Malibu,Blowfish Malibu,Talla,35,,1,
19418,variation,FRUIT BS39,,Fruit Black Smoked - 39,1,0,visible,,,,,taxable,parent,0,0,3,0,0,0,30,,15,0,,,39990,,,,,,,FRUIT BS,,,"P BLACK, P C KITTY, PO TABBY",,,6,191733892441,Blowfish Malibu,Blowfish Malibu,Talla,39,,1,
19425,variation,PO TABBY40,,Play Olive Tabby Cat - 40,1,0,visible,,,,,taxable,parent,1,17,3,notify,0,0,30,,15,0,,,39990,,,,,,,PO TABBY,,,"PK13PH, 20510",,,6,193529103205,Blowfish Malibu,Blowfish Malibu,Talla,40,,1,
19431,variation,F WHISKY40,,Fruit Whisky Smoked - 40,1,0,visible,,,,,taxable,parent,1,16,3,notify,0,0,30,,15,0,,,39990,,,,,,,F WHISKY,,,"PK13PH, UBP1152KBM-DOV",,,6,193529037357,Blowfish Malibu,Blowfish Malibu,Talla,40,,1,
19443,variation,MELONCITY40,,Melondrop Natural City Kitty - 40,1,0,visible,,,,,taxable,parent,1,2,3,0,0,0,30,,15,0,,,44990,,,,,,,MELONCITY,,,"GR20PH, VEXWHITE",,,6,193529089639,Blowfish Malibu,Blowfish Malibu,Talla,40,,1,
19449,variation,MELONWH40,,Melondrop White Smoked - 40,1,0,visible,,,,,taxable,parent,1,15,3,0,0,0,30,,15,0,,,44990,,,,,,,MELONWH,,,,,,6,193529056259,Blowfish Malibu,Blowfish Malibu,Talla,40,,1,
19450,variation,MAD NSLP35,,Maddox Natural Snake Kitty Camo - 35,1,0,visible,,,,,taxable,parent,0,-1,3,0,0,0,30,,15,0,,,38990,,,,,,,MAD NSLP,,,,,,6,193529106763,Blowfish Malibu,Blowfish Malibu,Talla,35,,1,
19463,variation,MAD SMOKED40,,Maddox Smoke Snake Leopard - 40,1,0,visible,,,,,taxable,parent,0,0,3,0,0,0,30,,15,0,,,38990,,,,,,,MAD SMOKED,,,"BL08PM, UBP1152KBM-MLR",,,6,193529106985,Blowfish Malibu,Blowfish Malibu,Talla,40,,1,
19468,variation,PN CAMPUS40,,Play Navy Campus - 40,1,0,visible,,,,,taxable,parent,1,21,3,0,0,,,,,0,,,24990,,,,,,,PN CAMPUS,,,"PK15TB, VEXBLACK",,,6,193529097252,Blowfish Malibu,Blowfish Malibu,Talla,40,,1,
19475,variation,P GREY MINI 35,,Play Grey Mini Check - 35,1,0,visible,,,,,taxable,parent,0,0,3,0,0,,,,,0,,,39990,,,,,,,P GREY MINI,,,"Clay WH, MAD NSLP, Play CPC",,,6,193529082500,Blowfish Malibu,Blowfish Malibu,Talla,35,,1,
19496,variation,P NAVY39,,Play Navy - 39,1,0,visible,,,,,taxable,parent,1,19,3,0,0,,,,,0,,,39990,,,,,,,P NAVY,,,"Clay WH, MAD NSLP, Play CPC",,,6,193529034721,Blowfish Malibu,Blowfish Malibu,Talla,39,,1,
19508,variation,F SUNRISE40,,Fruit Sunrise - 40,1,0,visible,,,,,taxable,parent,1,2,3,0,0,,,,,0,,,39990,,,,,,,F SUNRISE,,,"P BLACK, P C KITTY, PO TABBY",,,6,193529093391,Blowfish Malibu,Blowfish Malibu,Talla,40,,1,
18916,variable,P JEET,,Play Jestred Hipster,1,0,visible,,Este estilo cuenta con un aspecto pre-envejecido y sin cordones con interior elástico para mantenerlos puestos y quitarlos fácilmente. Todo el mundo será capaz de detectar que estos son Blowfish Malibu con nuestros ojales de marca firme. El juego es perfecto para todos tus looks casuales y cálidos.\n\n\n\n- Parte superior de lona envejecida.\n\n\n\n- Construcción abatible.\n\n\n\n- Ojales de marca.\n\n\n\n- Suela de goma flexible.\n\n\n\n- Plantilla ligeramente acolchada.,,,taxable,,0,,,0,0,,,,,0,,,39990,"Género, Género > Mujer, Tipo de producto, Tipo de producto > Zapatillas",,,"https://trendseeker.cl/wp-content/uploads/2023/07/P-SWEET-1-princ.jpg, https://trendseeker.cl/wp-content/uploads/2023/07/P-SWEET-2.jpg, https://trendseeker.cl/wp-content/uploads/2023/07/P-SWEET-3.jpg, https://trendseeker.cl/wp-content/uploads/2023/07/TALLA-BLOWFISH-11.png",,,,,,"GR20PH, VEXWHITE",,,36,,Blowfish Malibu,Blowfish Malibu,Talla,"35, 36, 37, 38, 39, 40",1,1,
18909,variable,P BLACK,,Play Black Smoked,1,0,visible,,Este estilo cuenta con un aspecto pre-envejecido y sin cordones con interior elástico para mantenerlos puestos y quitarlos fácilmente. Todo el mundo será capaz de detectar que estos son Blowfish Malibu con nuestros ojales de marca firme. El juego es perfecto para todos tus looks casuales y cálidos.\n\n<ul>\n\n 	<li>Parte superior de lona envejecida.</li>\n\n 	<li>Construcción abatible.</li>\n\n 	<li>Ojales de marca.</li>\n\n 	<li>Suela de goma flexible.</li>\n\n 	<li>Plantilla ligeramente acolchada.</li>\n\n</ul>\n\n<strong>SIN CAMBIOS NI DEVOLUCIONES</strong>,,,taxable,,0,,,0,0,,,,,0,,,39990,"Género, Género > Mujer, Tipo de producto, Tipo de producto > Zapatillas",,,"https://trendseeker.cl/wp-content/uploads/2023/07/P-BLACK-1-princ.jpg, https://trendseeker.cl/wp-content/uploads/2023/07/P-BLACK-2.jpg, https://trendseeker.cl/wp-content/uploads/2023/07/P-BLACK-3.jpg, https://trendseeker.cl/wp-content/uploads/2023/07/TALLA-BLOWFISH-5.png",,,,,,"Clay WH, MAD NSLP, Play CPC",,,43,,Blowfish Malibu,Blowfish Malibu,Talla,"35, 36, 37, 38, 39, 40",1,1,
20337,variable,Parlane BLK,,Parlane Black,1,0,visible,,"Las zapatillas Parlane son un nuevo modelo sin cordones de Blowfish, pero que tienen elástico en el interior <span lang=""es"">para mantenerlas puestas y quitárselas fácilmente. </span>Cuenta con un detalle trenzado en la punta y al costado de la zapatilla que le da un look único.\n\n<ul class=""a-unordered-list a-vertical a-spacing-mini"">\n\n 	<li><span class=""a-list-item"">Parte superior de tela de lona</span></li>\n\n 	<li><span class=""a-list-item"">Estilo sin cordones</span></li>\n\n 	<li><span class=""a-list-item"">Plantilla acolchada</span></li>\n\n 	<li><span class=""a-list-item"">Suela de goma</span></li>\n\n</ul>",,,taxable,,0,,,0,0,,,,,0,,,44990,"Género, Género > Mujer, Tipo de producto, Tipo de producto > Zapatillas",,,"https://trendseeker.cl/wp-content/uploads/2022/11/TS-PRODUCTO-FOTOS-2.png, https://trendseeker.cl/wp-content/uploads/2022/11/ZS-0917_PARLANE_BL8ZC-2.jpg, https://trendseeker.cl/wp-content/uploads/2022/11/ZS-0917_PARLANE_BL8ZC-3.jpg, https://trendseeker.cl/wp-content/uploads/2023/07/TALLA-BLOWFISH-34.png",,,,,,"Clay Black, P C KITTY",,,33,,Blowfish Malibu,Blowfish Malibu,Talla,"36, 37, 38, 39, 40",1,1,
20372,variable,Parlane WHT,,Parlane White,1,0,visible,,"Las zapatillas Parlane son un nuevo modelo sin cordones de Blowfish, pero que tienen elástico en el interior <span lang=""es"">para mantenerlas puestas y quitárselas fácilmente. </span>Cuenta con un detalle trenzado en la punta y al costado de la zapatilla que le da un look único.\n\n<ul class=""a-unordered-list a-vertical a-spacing-mini"">\n\n 	<li><span class=""a-list-item"">Parte superior de tela de lona</span></li>\n\n 	<li><span class=""a-list-item"">Estilo sin cordones</span></li>\n\n 	<li><span class=""a-list-item"">Plantilla acolchada</span></li>\n\n 	<li><span class=""a-list-item"">Suela de goma</span></li>\n\n</ul>",,,taxable,,0,,,0,0,,,,,0,,,44990,"Género, Género > Mujer, Tipo de producto, Tipo de producto > Zapatillas",,,"https://trendseeker.cl/wp-content/uploads/2022/11/TS-PRODUCTO-FOTOS-7.png, https://trendseeker.cl/wp-content/uploads/2022/11/Blowfish-Parlane-White-2.jpg, https://trendseeker.cl/wp-content/uploads/2022/11/Blowfish-Parlane-White-1.jpg, https://trendseeker.cl/wp-content/uploads/2022/11/Blowfish-Parlane-White-3.jpg",,,,,,"Clay Black, Parlane BLK, P C KITTY",,,34,,Blowfish Malibu,Blowfish Malibu,Talla,"36, 37, 38, 39, 40",1,1,
19847,variable,MELONGRY,,Melondrop Sweet Grey,1,0,visible,,"Estas zapatillas de lona de alta calidad ofrecen un aspecto fresco y casual. Son el complemento perfecto para cualquier look, ya que el gris es un clásico de las temporadas de calor y el detalle bordado en la parte de atrás es una sorpresa que combina con todo! Te encantará la altura añadida que estas zapatillas de plataforma de 2,5 cm te darán.\n\n<ul class=""a-unordered-list a-vertical a-spacing-mini"">\n\n 	<li><span class=""a-list-item"">Suela de Sintético</span></li>\n\n 	<li><span class=""a-list-item"">Parte superior de lona envejecida con acento decorativo de cremallera</span></li>\n\n 	<li><span class=""a-list-item"">Panel frontal con cordones</span></li>\n\n 	<li><span class=""a-list-item"">Forros de tela de felpa</span></li>\n\n 	<li><span class=""a-list-item"">Plantilla acolchada para mayor comodidad</span></li>\n\n 	<li><span class=""a-list-item"">Entresuela vulcanizada con una plataforma de 1.0 pulgada (2,54 cm) y cuña oculta</span></li>\n\n</ul>",,,taxable,,1,345,,0,0,,,,,0,,,44990,"Género, Género > Mujer, Tipo de producto, Tipo de producto > Zapatillas",,,"https://trendseeker.cl/wp-content/uploads/2022/11/TS-PRODUCTO-FOTOS-1-1.png, https://trendseeker.cl/wp-content/uploads/2023/07/ZS-0651_MELONDROP_SGSND-2.jpg, https://trendseeker.cl/wp-content/uploads/2022/11/TS-PRODUCTO-FOTOS-1.png",,,,,,,,,47,,Blowfish Malibu,Blowfish Malibu,Talla,"36, 37, 38, 39, 40",1,1,
20323,variable,Maddox GFC,,Maddox Grey Field Camo,1,0,visible,,"<p id=""tw-target-text"" class=""tw-data-text tw-text-large XcVN5d tw-ta"" dir=""ltr"" data-placeholder=""Traducción""><span lang=""es"">La zapatilla Maddox cuenta con una plantilla acolchada y una silueta sin cordones para mantenerlas puestas y quitárselas fácilmente. La parte superior mal combinada les da un factor genial que actualizará todos tus looks para la temporada!</span></p>\n\n\n\n<ul class=""a-unordered-list a-vertical a-spacing-mini"">\n\n 	<li><span class=""a-list-item"">Suela de Sintético</span></li>\n\n 	<li><span class=""a-list-item"">Parte superior de tela de lona</span></li>\n\n 	<li><span class=""a-list-item"">Estilo sin cordones</span></li>\n\n 	<li><span class=""a-list-item"">Plantilla acolchada</span></li>\n\n 	<li><span class=""a-list-item"">Suela de goma</span></li>\n\n</ul>",,,taxable,,1,263,,0,0,,,,,0,,,44990,"Género, Género > Mujer, Tipo de producto, Tipo de producto > Zapatillas",animal-print,,"https://trendseeker.cl/wp-content/uploads/2022/11/TS-PRODUCTO-FOTOS-6.png, https://trendseeker.cl/wp-content/uploads/2022/11/Blowfish-Maddox-Grey-Field-Camo-1.jpg, https://trendseeker.cl/wp-content/uploads/2022/11/Blowfish-Maddox-Grey-Field-Camo-2.jpg",,,,,,"P BLACK, P WHITE",,,48,,Blowfish Malibu,Blowfish Malibu,Talla,"36, 37, 38, 39, 40",1,1,
20336,variable,Maddox OFC,,Maddox Olive Field Camo,1,0,visible,,"<p id=""tw-target-text"" class=""tw-data-text tw-text-large XcVN5d tw-ta"" dir=""ltr"" data-placeholder=""Traducción""><span lang=""es"">La zapatilla Maddox cuenta con una plantilla acolchada y una silueta sin cordones para mantenerlas puestas y quitárselas fácilmente. La parte superior mal combinada les da un factor genial que actualizará todos tus looks para la temporada!</span></p>\n\n\n\n<ul class=""a-unordered-list a-vertical a-spacing-mini"">\n\n 	<li><span class=""a-list-item"">Suela de Sintético</span></li>\n\n 	<li><span class=""a-list-item"">Parte superior de tela de lona</span></li>\n\n 	<li><span class=""a-list-item"">Estilo sin cordones</span></li>\n\n 	<li><span class=""a-list-item"">Plantilla acolchada</span></li>\n\n 	<li><span class=""a-list-item"">Suela de goma</span></li>\n\n</ul>",,,taxable,,1,240,,0,0,,,,,0,,,44990,"Género, Género > Mujer, Tipo de producto, Tipo de producto > Zapatillas","animal-print, oferta, Ofertas",,"https://trendseeker.cl/wp-content/uploads/2022/11/TS-PRODUCTO-FOTOS-5.png, https://trendseeker.cl/wp-content/uploads/2022/11/Blowfish-Maddox-Olive-Field-Camo.jpg, https://trendseeker.cl/wp-content/uploads/2022/11/Blowfish-Maddox-Olive-Field-Camo-1.jpg",,,,,,"Maddox GFC, MAD NSLP",,,49,,Blowfish Malibu,Blowfish Malibu,Talla,"36, 37, 38, 39, 40",1,1,
19846,variable,VEXWHITE,,Zapatilla Vex White,1,0,visible,,"Disfruta de esta temporada con las zapatillas <span class=""il"">Vex</span> de Blowfish Malibu, la silueta más cómoda de Blowfish Malibu. Esta zapatilla ultraligera cuenta con una parte superior de lona y una parte posterior elástica para poner y quitar fácilmente. <span class=""il"">Vex</span> también presenta una parte superior con bordes desgastados y costuras en contraste.\n\n\n\n¡Combínalas con tus mejores looks!\n\n<ul>\n\n 	<li class=""m_3475505470503662078MsoListParagraph""><span lang=""ES"">VEGANAS</span><u></u><u></u></li>\n\n 	<li class=""m_3475505470503662078MsoListParagraph""><span lang=""ES"">Plantilla acolchada</span></li>\n\n 	<li class=""m_3475505470503662078MsoListParagraph"">Elástico para poner y quitar fácilmente</li>\n\n 	<li class=""m_3475505470503662078MsoListParagraph"">Ultra ligeras</li>\n\n</ul>\n\n<strong>SIN CAMBIOS NI DEVOLUCIONES</strong>",,,taxable,,0,,,0,0,,,,,0,,,37990,"Género, Género > Mujer, Tipo de producto, Tipo de producto > Zapatillas",,,"https://trendseeker.cl/wp-content/uploads/2023/07/ZS-0370_VEX_WH16C_1-1.jpg, https://trendseeker.cl/wp-content/uploads/2023/07/ZS-0370_VEX_WH16C_3-1.jpg, https://trendseeker.cl/wp-content/uploads/2023/07/ZS-0370_VEX_WH16C_2-1.jpg, https://trendseeker.cl/wp-content/uploads/2023/07/TALLA-BLOWFISH-28.png",,,,,,"PK15TB, VEXBLACK",,,198,,Blowfish Malibu,Blowfish Malibu,Talla,"36, 37, 38, 39, 40",1,1,
19816,variable,VEXBLACK,,Zapatilla Vex Black,1,0,visible,,"Disfruta de esta temporada con las zapatillas <span class=""il"">Vex</span> de Blowfish Malibu, la silueta más cómoda de Blowfish Malibu. Esta zapatilla ultraligera cuenta con una parte superior de lona y una parte posterior elástica para poner y quitar fácilmente. <span class=""il"">Vex</span> también presenta una parte superior con bordes desgastados y costuras en contraste.\n\n\n\n¡Combínalas con tus mejores looks!\n\n<ul>\n\n 	<li class=""m_3475505470503662078MsoListParagraph""><span lang=""ES"">VEGANAS</span><u></u><u></u></li>\n\n 	<li class=""m_3475505470503662078MsoListParagraph""><span lang=""ES"">Plantilla acolchada</span></li>\n\n 	<li class=""m_3475505470503662078MsoListParagraph"">Elástico para poner y quitar fácilmente</li>\n\n 	<li class=""m_3475505470503662078MsoListParagraph"">Ultra ligeras</li>\n\n</ul>\n\n<strong>SIN CAMBIOS NI DEVOLUCIONES</strong>",,,taxable,,0,,,0,0,,,,,0,,,37990,"Género, Género > Mujer, Tipo de producto, Tipo de producto > Zapatillas",,,"https://trendseeker.cl/wp-content/uploads/2023/07/ZS-0370_VEX_BLS16-1-1.jpg, https://trendseeker.cl/wp-content/uploads/2023/07/ZS-0370_VEX_BLS16-3-1.jpg, https://trendseeker.cl/wp-content/uploads/2023/07/ZS-0370_VEX_BLS16-2-1.jpg, https://trendseeker.cl/wp-content/uploads/2023/07/TALLA-BLOWFISH-27.png",,,,,,"GR20PH, VEXWHITE",,,199,,Blowfish Malibu,Blowfish Malibu,Talla,"36, 37, 38, 39, 40",1,1,
19656,variable,BUENOSBAMB,,Alpargatas Bamboo,1,0,visible,,"Las increíbles alpargatas con cordones de Blowfish presentan un veraniego diseño con la parte superior desgastada, ojales con la marca y cordones funcionales. La suela exterior está cubierta de yute trenzado y la plantilla acolchada permite comodidad durante todo el día. Combínalas con cualquier tenida y disfruta de la manera más cómoda los entretenidos días de verano!\n\n<ul>\n\n 	<li style=""font-weight: 400;"">Empeine: 100% algodón</li>\n\n 	<li style=""font-weight: 400;"">Plantilla: 100% algodón</li>\n\n 	<li style=""font-weight: 400;"">Forro: 100% algodón</li>\n\n 	<li style=""font-weight: 400;"">Suela: 100% sintética</li>\n\n</ul>\n\n[embed]https://www.youtube.com/watch?v=5kh5QMpT3ac[/embed]",,,taxable,,0,,,0,0,,,,,0,,,35990,"Género, Género > Mujer, Tipo de producto, Tipo de producto > Zapatillas",,,"https://trendseeker.cl/wp-content/uploads/2023/11/C4.jpg, https://trendseeker.cl/wp-content/uploads/2022/11/ZS-0902_BUENOS_BAMBOO-3.jpg, https://trendseeker.cl/wp-content/uploads/2023/07/BUENOS_BAMBOO-1.jpg, https://trendseeker.cl/wp-content/uploads/2023/07/TALLA-BLOWFISH-25.png",,,,,,"RD06TB, 30314",,,200,,Blowfish Malibu,Blowfish Malibu,Talla,"36, 37, 38, 39, 40",1,1,
19657,variable,BUENOSDPINK,,Alpargatas Dirty Pink,1,0,visible,,"Las increíbles alpargatas con cordones de Blowfish presentan un veraniego diseño con la parte superior desgastada, ojales con la marca y cordones funcionales. La suela exterior está cubierta de yute trenzado y la plantilla acolchada permite comodidad durante todo el día. Combínalas con cualquier tenida y disfruta de la manera más cómoda los entretenidos días de verano!\n\n<ul>\n\n 	<li style=""font-weight: 400;"">Empeine: 100% algodón</li>\n\n 	<li style=""font-weight: 400;"">Plantilla: 100% algodón</li>\n\n 	<li style=""font-weight: 400;"">Forro: 100% algodón</li>\n\n 	<li style=""font-weight: 400;"">Suela: 100% sintética</li>\n\n</ul>",,,taxable,,0,,,0,0,,,,,0,,,35990,"Género, Género > Mujer, Tipo de producto, Tipo de producto > Zapatillas",,,"https://trendseeker.cl/wp-content/uploads/2023/07/BUENOS_DPSRR-1.jpg, https://trendseeker.cl/wp-content/uploads/2023/07/BUENOS_DIRTY-PINK-1.jpg, https://trendseeker.cl/wp-content/uploads/2023/07/BUENOS_DPSRR-3.jpg, https://trendseeker.cl/wp-content/uploads/2023/07/TALLA-BLOWFISH-26.png",,,,,,"PK13PH, 20510",,,201,,Blowfish Malibu,Blowfish Malibu,Talla,"36, 37, 38, 39, 40",1,1,
19632,variable,BUENOSOAS,,Alpargata Oasis,1,0,visible,,"Las increíbles alpargatas con cordones de Blowfish presentan un veraniego diseño con la parte superior desgastada, ojales con la marca y cordones funcionales. La suela exterior está cubierta de yute trenzado y la plantilla acolchada permite comodidad durante todo el día. Combínalas con cualquier tenida y disfruta de la manera más cómoda los entretenidos días de verano!\n\n<ul>\n\n 	<li style=""font-weight: 400;"">Empeine: 100% algodón</li>\n\n 	<li style=""font-weight: 400;"">Plantilla: 100% algodón</li>\n\n 	<li style=""font-weight: 400;"">Forro: 100% algodón</li>\n\n 	<li style=""font-weight: 400;"">Suela: 100% sintética</li>\n\n</ul>\n\n<strong>SIN CAMBIOS NI DEVOLUCIONES </strong>",,,taxable,,0,,,0,0,,,,,0,,,35990,"Género, Género > Mujer, Tipo de producto, Tipo de producto > Zapatillas",,,"https://trendseeker.cl/wp-content/uploads/2023/11/TS-PRODUCTO-FOTOS-6.png, https://trendseeker.cl/wp-content/uploads/2022/11/BUENOS_OSRRW-2.jpg, https://trendseeker.cl/wp-content/uploads/2022/11/BUENOS_OSRRW-3.jpg, https://trendseeker.cl/wp-content/uploads/2023/07/TALLA-BLOWFISH-23.png",,,,,,"BL15TB, 20749",,,202,,Blowfish Malibu,Blowfish Malibu,Talla,"36, 37, 38, 39, 40",1,1,
19633,variable,BUENOSTAU,,Alpargatas Taupe,1,0,visible,,"Las increíbles alpargatas con cordones de Blowfish presentan un veraniego diseño con la parte superior desgastada, ojales con la marca y cordones funcionales. La suela exterior está cubierta de yute trenzado y la plantilla acolchada permite comodidad durante todo el día. Combínalas con cualquier tenida y disfruta de la manera más cómoda los entretenidos días de verano!\n\n<ul>\n\n 	<li style=""font-weight: 400;"">Empeine: 100% algodón</li>\n\n 	<li style=""font-weight: 400;"">Plantilla: 100% algodón</li>\n\n 	<li style=""font-weight: 400;"">Forro: 100% algodón</li>\n\n 	<li style=""font-weight: 400;"">Suela: 100% sintética</li>\n\n</ul>\n\n<strong>SIN CAMBIOS NI DEVOLUCIÓN</strong>",,,taxable,,0,,,0,0,,,,,0,,,35990,"Género, Género > Mujer, Tipo de producto, Tipo de producto > Zapatillas",,,"https://trendseeker.cl/wp-content/uploads/2023/11/TS-PRODUCTO-FOTOS-7.png, https://trendseeker.cl/wp-content/uploads/2022/11/BUENOS_TSRRW-2.jpg, https://trendseeker.cl/wp-content/uploads/2022/11/BUENOS_TSRRW-3.jpg, https://trendseeker.cl/wp-content/uploads/2023/07/TALLA-BLOWFISH-24.png",,,,,,"PK15TB, 21692",,,203,,Blowfish Malibu,Blowfish Malibu,Talla,"36, 37, 38, 39, 40",1,1,
19849,variable,CHILLTAUPE,,Botín Chillin Taupe,1,0,visible,,"Acogedor botín  de chiporro, inspirado en el modelo Chelsea de Blowfish. Es ideal para los días fríos de invierno, ya que te mantendrán cómoda y abrigada durante todo el día.\n\n<ul>\n\n 	<li>Plantilla acolchada para mayor comodidad.</li>\n\n 	<li>Caña elasticada.</li>\n\n 	<li>Con cierre en el talón.</li>\n\n 	<li>Vegano.</li>\n\n 	<li>Altura suela 2,54 cm.</li>\n\n</ul>",2025-07-18 0:00:00,2025-07-31 23:59:59,taxable,,0,,,0,0,,,,,0,,,59990,"Género, Género > Mujer, Tipo de producto, Tipo de producto > Zapatillas",,,"https://trendseeker.cl/wp-content/uploads/2022/11/TS-PRODUCTO-FOTOS-19.png, https://trendseeker.cl/wp-content/uploads/2023/07/BF-9112SH_CHILLIN-SHR_TAPPS-2.jpg, https://trendseeker.cl/wp-content/uploads/2023/07/BF-9112SH_CHILLIN-SHR_TAPPS-3.jpg, https://trendseeker.cl/wp-content/uploads/2023/07/TALLA-BLOWFISH-29.png",,,,,,"PK15TB, 21692",,,214,,Blowfish Malibu,Blowfish Malibu,Talla,"36, 37, 38, 39, 40",1,1,
19850,variable,CHILLBLK,,Botín Chillin Black,1,0,visible,,"Acogedor botín negro de chiporro, inspirado en el modelo Chelsea de Blowfish. Es ideal para los días fríos de invierno, ya que te mantendrán cómoda y abrigada durante todo el día.\n\n<ul>\n\n 	<li>Plantilla acolchada para mayor comodidad.</li>\n\n 	<li>Caña elasticada.</li>\n\n 	<li>Con cierre en el talón.</li>\n\n 	<li>Vegano.</li>\n\n 	<li>Altura suela 2,54 cm.</li>\n\n</ul>",2025-07-18 0:00:00,2025-07-31 23:59:59,taxable,,0,,,0,0,,,,,0,,,59990,"Género, Género > Mujer, Tipo de producto, Tipo de producto > Zapatillas",,,"https://trendseeker.cl/wp-content/uploads/2022/11/TS-PRODUCTO-FOTOS-8-1.png, https://trendseeker.cl/wp-content/uploads/2023/07/BF-9112SH_CHILLIN-SHR_BLKPS-2.jpg, https://trendseeker.cl/wp-content/uploads/2023/07/BF-9112SH_CHILLIN-SHR_BLKPS-3.jpg, https://trendseeker.cl/wp-content/uploads/2023/07/TALLA-BLOWFISH-30.png",,,,,,"BL15TB, 20749",,,215,,Blowfish Malibu,Blowfish Malibu,Talla,"36, 37, 38, 39, 40",1,1,
19514,variable,Clay Black,,Clay Black Foxing (suela negra),1,0,visible,,"<span style=""font-size: 14.4px;"">La Clay de Blowfish Malibu es una zapatilla funcional con cordones que cuenta con ojales </span><span style=""font-size: 14.4px;"">con la marca y una cómoda plantilla acolchada. </span><span style=""font-size: 14.4px;"">Podrás estar de pie con estilo todo el día con la zapatilla Clay y disfrutar tus paseos y caminatas con el mejor estilo! </span>\n\n<ul>\n\n 	<li>Cordones funcionales</li>\n\n 	<li>Ojales de marca</li>\n\n 	<li>Plantilla acolchada para mayor comodidad</li>\n\n</ul>",,,taxable,,0,,,0,0,,,,,0,,,44990,"Género, Género > Mujer, Tipo de producto, Tipo de producto > Zapatillas",,,"https://trendseeker.cl/wp-content/uploads/2022/11/C6.jpg, https://trendseeker.cl/wp-content/uploads/2023/07/ZS-0930_CLAY_BL16C-2.jpg, https://trendseeker.cl/wp-content/uploads/2023/07/TALLA-BLOWFISH-18.png",,,,,,"RD06TB, 30314",,,216,,Blowfish Malibu,Blowfish Malibu,Talla,"36, 37, 38, 39, 40",1,1,
19390,variable,MAD SMOKED,,Maddox Smoke Snake Leopard,1,0,visible,,"<p id=""tw-target-text"" class=""tw-data-text tw-text-large XcVN5d tw-ta"" dir=""ltr"" data-placeholder=""Traducción""><span lang=""es"">La zapatilla Maddox cuenta con una plantilla acolchada y una silueta sin cordones para mantenerlas puestas y quitárselas fácilmente. La parte superior mal combinada les da un factor genial que actualizará todos tus looks para la temporada!</span></p>\n\n\n\n<ul class=""a-unordered-list a-vertical a-spacing-mini"">\n\n 	<li><span class=""a-list-item"">Suela de Sintético</span></li>\n\n 	<li><span class=""a-list-item"">Parte superior de tela de lona</span></li>\n\n 	<li><span class=""a-list-item"">Estilo sin cordones</span></li>\n\n 	<li><span class=""a-list-item"">Plantilla acolchada</span></li>\n\n 	<li><span class=""a-list-item"">Suela de goma</span></li>\n\n</ul>\n\n<strong>SIN CAMBIOS NI DEVOLUCIONES</strong>\n\n\n\n&nbsp;",,,taxable,,1,117,,0,0,,,,,0,,,38990,"Género, Género > Mujer, Tipo de producto, Tipo de producto > Zapatillas",,,"https://trendseeker.cl/wp-content/uploads/2022/11/TS-PRODUCTO-FOTOS-9.png, https://trendseeker.cl/wp-content/uploads/2022/11/Blowfish-Maddox-Smoke-Snake-Leopard-2.jpg, https://trendseeker.cl/wp-content/uploads/2022/11/Blowfish-Maddox-Smoke-Snake-Leopard-1.jpg",,,,,,"BL08PM, UBP1152KBM-MLR",,,217,,Blowfish Malibu,Blowfish Malibu,Talla,"35, 36, 37, 38, 39, 40",1,1,
19389,variable,MAD NSLP,,Maddox Natural Snake Kitty Camo,1,0,visible,,"<p id=""tw-target-text"" class=""tw-data-text tw-text-large XcVN5d tw-ta"" dir=""ltr"" data-placeholder=""Traducción""><span lang=""es"">La zapatilla Maddox cuenta con una plantilla acolchada y una silueta sin cordones para mantenerlas puestas y quitárselas fácilmente. La parte superior mal combinada les da un factor genial que actualizará todos tus looks para la temporada!</span></p>\n\n\n\n<ul class=""a-unordered-list a-vertical a-spacing-mini"">\n\n 	<li><span class=""a-list-item"">Suela de Sintético</span></li>\n\n 	<li><span class=""a-list-item"">Parte superior de tela de lona</span></li>\n\n 	<li><span class=""a-list-item"">Estilo sin cordones</span></li>\n\n 	<li><span class=""a-list-item"">Plantilla acolchada</span></li>\n\n 	<li><span class=""a-list-item"">Suela de goma</span></li>\n\n</ul>\n\n<strong>SIN CAMBIOS NI DEVOLUCIONES</strong>\n\n\n\n&nbsp;",,,taxable,,0,,,0,0,,,,,0,,,38990,"Género, Género > Mujer, Tipo de producto, Tipo de producto > Zapatillas",,,"https://trendseeker.cl/wp-content/uploads/2022/11/TS-PRODUCTO-FOTOS-10.png, https://trendseeker.cl/wp-content/uploads/2022/11/Blowfish-Maddox-Natural-Snake-Kitty-Camo-1.jpg, https://trendseeker.cl/wp-content/uploads/2022/11/Blowfish-Maddox-Natural-Snake-Kitty-Camo-2.jpg",,,,,,,,,218,,Blowfish Malibu,Blowfish Malibu,Talla,"35, 36, 37, 38, 39, 40",1,1,
19526,variable,P DOE BLK,,Playdoe Sherpa Black,1,0,visible,,"<p class=""tw-data-text tw-text-large XcVN5d tw-ta"" dir=""ltr"" style=""text-align: left;"" data-placeholder=""Traducción""><span class=""Y2IQFc"" lang=""es"">Este estilo está inspirado en la relajada California y presenta un aspecto desgastado y sin cordones con elástico en el interior para mantenerlos puestos y quitárselos fácilmente. ¿La mejor parte de Playdoe? ¡Los detalles de piel de oveja sintética para mantener tus pies cómodos! Playdoe es perfecto para todos tus looks casuales de otoño. </span></p>\n\n\n\n<div id=""tw-ob"" class=""tw-src-ltr"">\n\n<div class=""oSioSc"">\n\n<div id=""tw-target"">\n\n<div id=""kAz1tf"" class=""g9WsWb"">\n\n<div id=""tw-target-text-container"" class=""tw-ta-container F0azHf tw-nfl"" tabindex=""0"">\n\n<p id=""tw-target-text"" class=""tw-data-text tw-text-large XcVN5d tw-ta"" dir=""ltr"" data-placeholder=""Traducción""><span class=""Y2IQFc"" lang=""es"">El estilo Playdoe es nuestra versión acogedora de tu zapatilla clásica que nunca pasará de moda. Esta zapatilla de lona sin cordones con detalles de piel de oveja se combina mejor con tus pantalones de mezclilla favoritos y una camiseta blanca, para una apariencia que es californiana fresca (sin importar dónde estés).</span></p>\n\n\n\n</div>\n\n</div>\n\n</div>\n\n</div>\n\n</div>\n\n<ul>\n\n 	<li id=""tw-target-text"" class=""tw-data-text tw-text-large XcVN5d tw-ta"" dir=""ltr"" data-placeholder=""Traducción""><span class=""Y2IQFc"" lang=""es"">Aspecto desgastado y sin cordones </span></li>\n\n 	<li class=""tw-data-text tw-text-large XcVN5d tw-ta"" dir=""ltr"" data-placeholder=""Traducción""><span class=""Y2IQFc"" lang=""es"">Interior elástico para poner y quitar </span></li>\n\n 	<li><span class=""Y2IQFc"" lang=""es"">fácilmente Entrada deslizante</span></li>\n\n 	<li><span class=""Y2IQFc"" lang=""es"">Detalle de imitación de chiporro de oveja</span></li>\n\n 	<li><span class=""Y2IQFc"" lang=""es"">Plantilla acolchada para mayor comodidad.</span></li>\n\n</ul>\n\n<pre id=""tw-target-text"" class=""tw-data-text tw-text-large XcVN5d tw-ta"" dir=""ltr"" data-placeholder=""Traducción""></pre>",,,taxable,,0,,,0,0,,,,,0,,,39990,"Género, Género > Mujer, Tipo de producto, Tipo de producto > Zapatillas",,,"https://trendseeker.cl/wp-content/uploads/2023/07/ZS-0578SH_PLAYDOE-SHR_BFSFS-1.jpg, https://trendseeker.cl/wp-content/uploads/2023/07/ZS-0578SH_PLAYDOE-SHR_BFSFS-3.jpg, https://trendseeker.cl/wp-content/uploads/2023/07/ZS-0578SH_PLAYDOE-SHR_BFSFS-2.jpg",,,,,,"PK15TB, VEXBLACK",,,225,,Blowfish Malibu,Blowfish Malibu,Talla,"36, 37, 38, 39, 40",1,1,
18912,variable,P C KITTY,,Play Natural City Kitty,1,0,visible,,Este estilo cuenta con un aspecto pre-envejecido y sin cordones con interior elástico para mantenerlos puestos y quitarlos fácilmente. Todo el mundo será capaz de detectar que estos son Blowfish Malibu con nuestros ojales de marca firme. El juego es perfecto para todos tus looks casuales y cálidos.\n\n<ul>\n\n 	<li>Parte superior de lona envejecida.</li>\n\n 	<li>Construcción abatible.</li>\n\n 	<li>Ojales de marca.</li>\n\n 	<li>Suela de goma flexible.</li>\n\n 	<li>Plantilla ligeramente acolchada.</li>\n\n</ul>,,,taxable,,0,,,0,0,,,,,0,,,39990,"Género, Género > Mujer, Tipo de producto, Tipo de producto > Zapatillas",,,"https://trendseeker.cl/wp-content/uploads/2022/11/TS-PRODUCTO-FOTOS-11.png, https://trendseeker.cl/wp-content/uploads/2022/11/Blowfish-Play-Natural-City-Kitty-1.jpg, https://trendseeker.cl/wp-content/uploads/2022/11/Blowfish-Play-Natural-City-Kitty-2.jpg, https://trendseeker.cl/wp-content/uploads/2022/11/Blowfish-Play-Natural-City-Kitty-3.jpg",,,,,,"PK13PH, 20510",,,226,,Blowfish Malibu,Blowfish Malibu,Talla,"35, 36, 37, 38, 39, 40",1,1,
19515,variable,Clay WH,,Clay White,1,0,visible,,"<span style=""font-size: 14.4px;"">La Clay de Blowfish Malibu es una zapatilla funcional con cordones que cuenta con ojales </span><span style=""font-size: 14.4px;"">con la marca y una cómoda plantilla acolchada. </span><span style=""font-size: 14.4px;"">Podrás estar de pie con estilo todo el día con la zapatilla Clay y disfrutar tus paseos y caminatas con el mejor estilo! </span>\n\n<ul>\n\n 	<li>Cordones funcionales</li>\n\n 	<li>Ojales de marca</li>\n\n 	<li>Plantilla acolchada para mayor comodidad</li>\n\n</ul>\n\n&nbsp;",,,taxable,,0,,,0,0,,,,,0,,,44990,"Género, Género > Mujer, Tipo de producto, Tipo de producto > Zapatillas",,,"https://trendseeker.cl/wp-content/uploads/2023/07/ZS-0930_CLAY_WT16C-1.jpg, https://trendseeker.cl/wp-content/uploads/2023/07/ZS-0930_CLAY_WT16C-2.jpg, https://trendseeker.cl/wp-content/uploads/2023/07/TALLA-BLOWFISH-19.png",,,,,,"PK13PH, 20510",,,233,,Blowfish Malibu,Blowfish Malibu,Talla,"36, 37, 38, 39, 40",1,1,
20399,variable,Play PSS,,Play Pink Shake Smoked,1,0,visible,,Este estilo cuenta con un aspecto pre-envejecido y sin cordones con interior elástico para mantenerlos puestos y quitarlos fácilmente. Todo el mundo será capaz de detectar que estos son Blowfish Malibu con nuestros ojales de marca firme. El juego es perfecto para todos tus looks casuales y cálidos.\n\n<ul>\n\n 	<li>Parte superior de lona envejecida.</li>\n\n 	<li>Construcción abatible.</li>\n\n 	<li>Ojales de marca.</li>\n\n 	<li>Suela de goma flexible.</li>\n\n 	<li>Plantilla ligeramente acolchada.</li>\n\n</ul>\n\n&nbsp;,,,taxable,,0,,,0,0,,,,,0,,,39990,"Género, Género > Mujer, Tipo de producto, Tipo de producto > Zapatillas",,,"https://trendseeker.cl/wp-content/uploads/2022/11/TS-PRODUCTO-FOTOS-13.png, https://trendseeker.cl/wp-content/uploads/2022/11/Play-PSS2.png, https://trendseeker.cl/wp-content/uploads/2022/11/Play-PSS3.png, https://trendseeker.cl/wp-content/uploads/2022/11/TALLA-BLOWFISH.png",,,,,,"Clay WH, MAD NSLP, Play CPC",,,237,,Blowfish Malibu,Blowfish Malibu,Talla,"36, 37, 38, 39, 40",1,1,
20373,variable,Playwire GMP,,Playwire Grey Micro Pixie,1,0,visible,,Este estilo cuenta con un aspecto pre-envejecido y sin cordones con interior elástico para mantenerlos puestos y quitarlos fácilmente. Todo el mundo será capaz de detectar que estos son Blowfish Malibu con nuestros ojales de marca firme. El juego es perfecto para todos tus looks casuales y cálidos.\n\n<ul>\n\n 	<li>Parte superior de lona envejecida.</li>\n\n 	<li>Construcción abatible.</li>\n\n 	<li>Ojales de marca.</li>\n\n 	<li>Suela de goma flexible.</li>\n\n 	<li>Plantilla ligeramente acolchada.</li>\n\n</ul>,,,taxable,,0,,,0,0,,,,,0,,,24990,"Género, Género > Mujer, Tipo de producto, Tipo de producto > Zapatillas",,,"https://trendseeker.cl/wp-content/uploads/2022/11/7-.jpg, https://trendseeker.cl/wp-content/uploads/2022/11/ZS-0325_PLAYWIRE_GMPCC-2.jpg, https://trendseeker.cl/wp-content/uploads/2022/11/ZS-0325_PLAYWIRE_GMPCC-3.jpg, https://trendseeker.cl/wp-content/uploads/2023/07/TALLA-BLOWFISH-36.png",,,,,,"P BLACK, P C KITTY, PO TABBY",,,238,,Blowfish Malibu,Blowfish Malibu,Talla,"36, 37, 38, 39, 40",1,1,
20374,variable,Play CPC,,Play Coffee Paper Cat,1,0,visible,,Este estilo cuenta con un aspecto pre-envejecido y sin cordones con interior elástico para mantenerlos puestos y quitarlos fácilmente. Todo el mundo será capaz de detectar que estos son Blowfish Malibu con nuestros ojales de marca firme. El juego es perfecto para todos tus looks casuales y cálidos.\n\n<ul>\n\n 	<li>Parte superior de lona envejecida.</li>\n\n 	<li>Construcción abatible.</li>\n\n 	<li>Ojales de marca.</li>\n\n 	<li>Suela de goma flexible.</li>\n\n 	<li>Plantilla ligeramente acolchada.</li>\n\n</ul>,,,taxable,,0,,,0,0,,,,,0,,,39990,"Género, Género > Mujer, Tipo de producto, Tipo de producto > Zapatillas",,,"https://trendseeker.cl/wp-content/uploads/2022/11/TS-PRODUCTO-FOTOS-12.png, https://trendseeker.cl/wp-content/uploads/2022/11/ZS-0061_PLAY_CFPCC-2.jpg, https://trendseeker.cl/wp-content/uploads/2022/11/ZS-0061_PLAY_CFPCC-3.jpg, https://trendseeker.cl/wp-content/uploads/2023/07/TALLA-BLOWFISH-37.png",,,,,,"Clay Black, Clay WH, P C KITTY",,,239,,Blowfish Malibu,Blowfish Malibu,Talla,"36, 37, 38, 39, 40",1,1,
18769,variable,P N CAMO,,Play Natural Camo,1,0,visible,,Este estilo cuenta con un aspecto pre-envejecido y sin cordones con interior elástico para mantenerlos puestos y quitarlos fácilmente. Todo el mundo será capaz de detectar que estos son Blowfish Malibu con nuestros ojales de marca firme. El juego es perfecto para todos tus looks casuales y cálidos.\n\n\n\n- Parte superior de lona envejecida.\n\n\n\n- Construcción abatible.\n\n\n\n- Ojales de marca.\n\n\n\n- Suela de goma flexible.\n\n\n\n- Plantilla ligeramente acolchada.,,,taxable,,0,,,0,0,,,,,0,,,39990,"Género, Género > Mujer, Tipo de producto, Tipo de producto > Zapatillas",,,"https://trendseeker.cl/wp-content/uploads/2023/07/P-N-CAMO-1-princ.jpg, https://trendseeker.cl/wp-content/uploads/2023/07/P-N-CAMO-2.jpg, https://trendseeker.cl/wp-content/uploads/2023/07/P-N-CAMO-3.jpg, https://trendseeker.cl/wp-content/uploads/2023/07/Captura-de-Pantalla-2020-11-16-a-las-23.44.28.png, https://trendseeker.cl/wp-content/uploads/2023/07/TALLA-BLOWFISH-2.png",,,,,,"PK15TB, VEXBLACK",,,244,,Blowfish Malibu,Blowfish Malibu,Talla,"35, 36, 37, 38, 39, 40",1,1,
19973,variable,CatchCat,,Catch Natural Pongo Cat,1,0,visible,,Lúcete en la Catch de Blowfish Malibu. Esta zapatilla cuenta con una parte superior de lona con elástico para facilitar el calce y hacerlas más cómodas. Este modelo también cuenta con una parte superior con bordes desgastados y costuras de contraste. Combínalos con tus jeans favoritos de esta primavera.\n\n\n\n– Bandas elásticas para un mejor ajuste.\n\n\n\n– Parte superior de lona envejecida.\n\n\n\n– Parche con logotipo en el talón.\n\n\n\n– Ojales para cordones.\n\n\n\n– Suela acholchada.\n\n\n\n&nbsp;,,,taxable,,0,,,0,0,,,,,0,,,54990,"Género, Género > Mujer, Tipo de producto, Tipo de producto > Zapatillas",,,"https://trendseeker.cl/wp-content/uploads/2022/11/TS-PRODUCTO-FOTOS-14.png, https://trendseeker.cl/wp-content/uploads/2022/11/ZS-1010_CATCH_NATPC-2.jpg, https://trendseeker.cl/wp-content/uploads/2023/07/ZS-1010_CATCH_NATPC-3.jpg, https://trendseeker.cl/wp-content/uploads/2023/07/TALLA-BLOWFISH-33.png",,,,,,"RD06TB, 30314",,,250,,Blowfish Malibu,Blowfish Malibu,Talla,"36, 37, 38, 39, 40",1,1,
19945,variable,ClayVaporSmoked,,Clay Vapor Smoked,1,0,visible,,La Clay de Blowfish Malibu es una zapatilla funcional con cordones que cuenta con ojales con la marca y una cómoda plantilla acolchada. Podrás estar de pie con estilo todo el día con la zapatilla Clay y disfrutar tus paseos y caminatas con el mejor estilo.\n\n<ul>\n\n 	<li>Cordones funcionales</li>\n\n 	<li>Ojales de marca</li>\n\n 	<li>Plantilla acolchada para mayor comodidad</li>\n\n</ul>,,,taxable,,0,,,0,0,,,,,0,,,44990,"Género, Género > Mujer, Tipo de producto, Tipo de producto > Zapatillas",,,"https://trendseeker.cl/wp-content/uploads/2022/11/5-.jpg, https://trendseeker.cl/wp-content/uploads/2022/11/ZS-0930_CLAY_VAS16-2.jpg, https://trendseeker.cl/wp-content/uploads/2022/11/ZS-0930_CLAY_VAS16-3.jpg, https://trendseeker.cl/wp-content/uploads/2023/07/TALLA-BLOWFISH-32.png",,,,,,"BL15TB, 20749",,,251,,Blowfish Malibu,Blowfish Malibu,Talla,"36, 37, 38, 39, 40",1,1,
19537,variable,Dusty P,,Play Dusty Pink Hipster,1,0,visible,,"<span style=""font-size: 14.4px;"">La zapatilla Play presenta un aspecto desgastado y sin cordones con elástico en el interior para un calce cómodo y perfecto. Además el aspecto casual te permite combinar tus Blowfish con cualquier look y agregarle estilo a todas tus tenidas. </span>\n\n<ul>\n\n 	<li>Veganas</li>\n\n 	<li>Plantilla acolchada para mayor comodidad</li>\n\n 	<li>Elásticos internos para un calce perfecto</li>\n\n</ul>\n\n<strong>SIN CAMBIOS NI DEVOLUCIONES</strong>",,,taxable,,0,,,0,0,,,,,0,,,39990,"Género, Género > Mujer, Tipo de producto, Tipo de producto > Zapatillas",,,"https://trendseeker.cl/wp-content/uploads/2023/07/ZS-0061_PLAY_DPHST-1.jpg, https://trendseeker.cl/wp-content/uploads/2023/07/ZS-0061_PLAY_DPHST-2.jpg, https://trendseeker.cl/wp-content/uploads/2023/07/TALLA-BLOWFISH-20.png",,,,,,"PK15TB, 21692",,,252,,Blowfish Malibu,Blowfish Malibu,Talla,"36, 37, 38, 39, 40",1,1,
19391,variable,PB HAWAI,,Play Black Hawaiian Nights,1,0,visible,,Este estilo cuenta con un aspecto pre-envejecido y sin cordones con interior elástico para mantenerlos puestos y quitarlos fácilmente. Todo el mundo será capaz de detectar que estos son Blowfish Malibu con nuestros ojales de la marca. Estas zapatillas sonperfecto para todos tus looks casuales y cálidos.\n\n\n\n- Parte superior de lona envejecida.\n\n\n\n- Construcción abatible.\n\n\n\n- Ojales de marca.\n\n\n\n- Suela de goma flexible.\n\n\n\n- Plantilla ligeramente acolchada.\n\n\n\n&nbsp;\n\n\n\n&nbsp;,,,taxable,,0,,,0,0,,,,,0,,,39990,"Género, Género > Mujer, Tipo de producto, Tipo de producto > Zapatillas",,,"https://trendseeker.cl/wp-content/uploads/2023/07/ZS-0061_PLAY_BLKHN-1.jpg, https://trendseeker.cl/wp-content/uploads/2023/07/ZS-0061_PLAY_BLKHN-3.jpg, https://trendseeker.cl/wp-content/uploads/2023/07/ZS-0061_PLAY_BLKHN-2.jpg, https://trendseeker.cl/wp-content/uploads/2023/07/TALLA-BLOWFISH-12.png",,,,,,"GR20PH, VEXWHITE",,,262,,Blowfish Malibu,Blowfish Malibu,Talla,"35, 36, 37, 38, 39, 40",1,1,
19944,variable,CBlackW,,Clay Black Smoked (suela blanca),1,0,visible,,La Clay de Blowfish Malibu es una zapatilla funcional con cordones que cuenta con ojales con la marca y una cómoda plantilla acolchada. Podrás estar de pie con estilo todo el día con la zapatilla Clay y disfrutar tus paseos y caminatas con el mejor estilo.\n\n<ul>\n\n 	<li>Cordones funcionales</li>\n\n 	<li>Ojales de marca</li>\n\n 	<li>Plantilla acolchada para mayor comodidad</li>\n\n</ul>,,,taxable,,0,,,0,0,,,,,0,,,44990,"Género, Género > Mujer, Tipo de producto, Tipo de producto > Zapatillas",,,"https://trendseeker.cl/wp-content/uploads/2023/07/ZS-0930_CLAY_BLS16-White-1.jpg, https://trendseeker.cl/wp-content/uploads/2022/11/ZS-0930_CLAY_BLS16-White-2.jpg, https://trendseeker.cl/wp-content/uploads/2022/11/ZS-0930_CLAY_BLS16-White-3.jpg, https://trendseeker.cl/wp-content/uploads/2023/07/TALLA-BLOWFISH-31.png",,,,,,"PK13PH, 20510",,,263,,Blowfish Malibu,Blowfish Malibu,Talla,"36, 37, 38, 39, 40",1,1,
19538,variable,GREY CAMO,,Play Grey Camo,1,0,visible,,"<span style=""font-size: 14.4px;"">La zapatilla Play presenta un aspecto desgastado y sin cordones con elástico en el interior para un calce cómodo y perfecto. Además el aspecto casual te permite combinar tus Blowfish con cualquier look y agregarle estilo a todas tus tenidas. </span>\n\n<ul>\n\n 	<li>Veganas</li>\n\n 	<li>Plantilla acolchada para mayor comodidad</li>\n\n 	<li>Elásticos internos para un calce perfecto</li>\n\n</ul>",,,taxable,,0,,,0,0,,,,,0,,,39990,"Género, Género > Mujer, Tipo de producto, Tipo de producto > Zapatillas",,,"https://trendseeker.cl/wp-content/uploads/2023/07/ZS-0061_PLAY_GRCFC-1.jpg, https://trendseeker.cl/wp-content/uploads/2023/07/ZS-0061_PLAY_GRCFC-3.jpg, https://trendseeker.cl/wp-content/uploads/2023/07/ZS-0061_PLAY_GRCFC-2.jpg, https://trendseeker.cl/wp-content/uploads/2023/07/TALLA-BLOWFISH-21.png",,,,,,"PK15TB, VEXBLACK",,,264,,Blowfish Malibu,Blowfish Malibu,Talla,"36, 37, 38, 39, 40",1,1,
19943,variable,MarleyVaporSmoked,,Marley Vapor Color Washed,1,0,visible,,Lúcete en la Marley de Malibu. Esta zapatilla cuenta con una parte superior de lona con elástico para facilitar el calce y hacerlas más cómodas. Marley también cuenta con una parte superior con bordes desgastados y costuras de contraste. Combínalos con tus jeans favoritos de esta primavera.\n\n\n\n– Bandas elásticas cruzadas para un ajuste elástico.\n\n\n\n– Parche con logotipo en el talón.\n\n\n\n– Parte superior de lona envejecida.\n\n\n\n– Suela de goma texturizada con protección para los dedos.\n\n\n\n– Veganos.\n\n\n\n<strong>SIN CAMBIOS NI DEVOLUCIONES</strong>,,,taxable,,0,,,0,0,,,,,0,,,39990,"Género, Género > Mujer, Tipo de producto, Tipo de producto > Zapatillas","Cyber, Verano 2022",,"https://trendseeker.cl/wp-content/uploads/2023/07/ZS-0071_MARLEY_VACWC-1.jpg, https://trendseeker.cl/wp-content/uploads/2023/07/ZS-0071_MARLEY_VACWC-2.jpg, https://trendseeker.cl/wp-content/uploads/2023/07/ZS-0071_MARLEY_VACWC-3.jpg, https://trendseeker.cl/wp-content/uploads/2023/07/Bf-LOGO-VEGANO-5.png",,,,,,,,,265,,Blowfish Malibu,Blowfish Malibu,Talla,"36, 37, 38, 39, 40",1,1,
19925,variable,MarleySky,,Marley Sky,1,0,visible,,Lúcete en la Marley de Malibu. Esta zapatilla cuenta con una parte superior de lona con elástico para facilitar el calce y hacerlas más cómodas. Marley también cuenta con una parte superior con bordes desgastados y costuras de contraste. Combínalos con tus jeans favoritos de esta primavera.\n\n\n\n– Bandas elásticas cruzadas para un ajuste elástico.\n\n\n\n– Parche con logotipo en el talón.\n\n\n\n– Parte superior de lona envejecida.\n\n\n\n– Suela de goma texturizada con protección para los dedos.\n\n\n\n– Veganos.,,,taxable,,1,209,,0,0,,,,,0,,,39990,"Género, Género > Mujer, Tipo de producto, Tipo de producto > Zapatillas","Cyber, Verano 2022",,"https://trendseeker.cl/wp-content/uploads/2023/07/ZS-0071_MARLEY_SKCWC-1.jpg, https://trendseeker.cl/wp-content/uploads/2023/07/ZS-0071_MARLEY_SKCWC-2.jpg, https://trendseeker.cl/wp-content/uploads/2023/07/ZS-0071_MARLEY_SKCWC-3.jpg, https://trendseeker.cl/wp-content/uploads/2023/07/Bf-LOGO-VEGANO-3.png",,,,,,,,,266,,Blowfish Malibu,Blowfish Malibu,Talla,"36, 37, 38, 39, 40",1,1,
19926,variable,MarleyCreamCoffee,,Marley Cream Coffee,1,0,visible,,Lúcete en la Marley de Malibu. Esta zapatilla cuenta con una parte superior de lona con elástico para facilitar el calce y hacerlas más cómodas. Marley también cuenta con una parte superior con bordes desgastados y costuras de contraste. Combínalos con tus jeans favoritos de esta primavera.\n\n\n\n– Bandas elásticas cruzadas para un ajuste elástico.\n\n\n\n– Parche con logotipo en el talón.\n\n\n\n– Parte superior de lona envejecida.\n\n\n\n– Suela de goma texturizada con protección para los dedos.\n\n\n\n– Veganos.,,,taxable,,0,,,0,0,,,,,0,,,39990,"Género, Género > Mujer, Tipo de producto, Tipo de producto > Zapatillas","Cyber, Verano 2022",,"https://trendseeker.cl/wp-content/uploads/2022/11/TS-PRODUCTO-FOTOS-20.png, https://trendseeker.cl/wp-content/uploads/2022/11/ZS-0071_MARLEY_CCCWC-2-1.jpg, https://trendseeker.cl/wp-content/uploads/2023/07/ZS-0071_MARLEY_CCCWC-3-1.jpg, https://trendseeker.cl/wp-content/uploads/2023/07/Bf-LOGO-VEGANO-4.png",,,,,,,,,267,,Blowfish Malibu,Blowfish Malibu,Talla,"36, 37, 38, 39, 40",1,1,
18917,variable,ZS-0071_MARLEY_SLCWC,,Marley Steel Grey,1,0,visible,,Lúcete en la Marley de Malibu. Esta zapatilla cuenta con una parte superior de lona con elástico para facilitar el calce y hacerlas más cómodas. Marley también cuenta con una parte superior con bordes desgastados y costuras de contraste. Combínalos con tus jeans favoritos de esta primavera.\n\n\n\n- Bandas elásticas cruzadas para un ajuste elástico.\n\n\n\n- Parche con logotipo en el talón.\n\n\n\n- Parte superior de lona envejecida.\n\n\n\n- Suela de goma texturizada con protección para los dedos.,,,taxable,,0,0,,0,0,,,,,0,,,39990,"Género, Género > Mujer, Tipo de producto, Tipo de producto > Zapatillas",,,"https://trendseeker.cl/wp-content/uploads/2023/07/ZS-0071_MARLEY_SWGCW_1.jpg-editado.jpg, https://trendseeker.cl/wp-content/uploads/2023/07/ZS-0071_MARLEY_SWGCW_3.jpg-editado.jpg, https://trendseeker.cl/wp-content/uploads/2023/07/ZS-0071_MARLEY_SWGCW_2.jpg-editado.jpg",,,,,,,,,269,,Blowfish Malibu,Blowfish Malibu,Talla,"35, 36, 37, 38, 39, 40",1,1,
19516,variable,GREY SUGAR,,Play Grey Sugar Skull,1,0,visible,,"<span style=""font-size: 14.4px;"">La zapatilla Play presenta un aspecto desgastado y sin cordones con elástico en el interior para un calce cómodo y perfecto. Además el aspecto casual te permite combinar tus Blowfish con cualquier look y agregarle estilo a todas tus tenidas. </span>\n\n<ul>\n\n 	<li>Veganas</li>\n\n 	<li>Plantilla acolchada para mayor comodidad</li>\n\n 	<li>Elásticos internos para un calce perfecto</li>\n\n</ul>",,,taxable,,1,,,0,0,,,,,0,,,24990,"Género, Género > Mujer, Tipo de producto, Tipo de producto > Zapatillas",,,"https://trendseeker.cl/wp-content/uploads/2022/11/9-.jpg, https://trendseeker.cl/wp-content/uploads/2023/07/ZS-0061_PLAY_GRAYS-2.jpg, https://trendseeker.cl/wp-content/uploads/2023/07/ZS-0061_PLAY_GRAYS-3.jpg",,,,,,"Clay WH, MAD NSLP, Play CPC",,,268,,Blowfish Malibu,Blowfish Malibu,Talla,"36, 37, 38, 39, 40",1,1,
19393,variable,PB TUNA,,Play Blue Tuna,1,0,visible,,Este estilo cuenta con un aspecto pre-envejecido y sin cordones con interior elástico para mantenerlos puestos y quitarlos fácilmente. Todo el mundo será capaz de detectar que estos son Blowfish Malibu con nuestros ojales de la marca. El juego es perfecto para todos tus looks casuales y cálidos\n\n\n\n- Parte superior de lona envejecida.\n\n\n\n- Construcción abatible.\n\n\n\n- Ojales de marca.\n\n\n\n- Suela de goma flexible.\n\n\n\n- Plantilla ligeramente acolchada.,,,taxable,,0,,,0,0,,,,,0,,,39990,"Género, Género > Mujer, Tipo de producto, Tipo de producto > Zapatillas",,,"https://trendseeker.cl/wp-content/uploads/2023/07/ZS-0061_PLAY_BTS16-1.jpg, https://trendseeker.cl/wp-content/uploads/2023/07/ZS-0061_PLAY_BTS16-3.jpg, https://trendseeker.cl/wp-content/uploads/2023/07/ZS-0061_PLAY_BTS16-2.jpg, https://trendseeker.cl/wp-content/uploads/2023/07/TALLA-BLOWFISH-14.png",,,,,,"Clay WH, MAD NSLP, Play CPC",,,269,,Blowfish Malibu,Blowfish Malibu,Talla,"35, 36, 37, 38, 39, 40",1,1,
18913,variable,P NAVY,,Play Navy,1,0,visible,,Este estilo cuenta con un aspecto pre-envejecido y sin cordones con interior elástico para mantenerlos puestos y quitarlos fácilmente. Todo el mundo será capaz de detectar que estos son Blowfish Malibu con nuestros ojales de marca firme. El juego es perfecto para todos tus looks casuales y cálidos.\n\n\n\n- Parte superior de lona envejecida.\n\n\n\n- Construcción abatible.\n\n\n\n- Ojales de marca.\n\n\n\n- Suela de goma flexible.\n\n\n\n- Plantilla ligeramente acolchada.,,2021-06-01 23:59:59,taxable,,0,,,0,0,,,,,0,,,39990,"Género, Género > Mujer, Tipo de producto, Tipo de producto > Zapatillas",,,"https://trendseeker.cl/wp-content/uploads/2023/07/P-NAVY-1-princ.jpg, https://trendseeker.cl/wp-content/uploads/2023/07/P-NAVY-2.jpg, https://trendseeker.cl/wp-content/uploads/2023/07/P-NAVY-3.jpg, https://trendseeker.cl/wp-content/uploads/2023/07/TALLA-BLOWFISH-9.png",,,,,,"Clay WH, MAD NSLP, Play CPC",,,270,,Blowfish Malibu,Blowfish Malibu,Talla,"35, 36, 37, 38, 39, 40",1,1,
19461,variable,P GREY MINI,,Play Grey Mini Check,1,0,visible,,"<span style=""font-size: 14.4px;"">La zapatilla Play presenta un aspecto desgastado y sin cordones con elástico en el interior para un calce cómodo y perfecto. Además el aspecto casual te permite combinar tus Blowfish con cualquier look y agregarle estilo a todas tus tenidas. </span>\n\n<ul>\n\n 	<li>Plantilla acolchada para mayor comodidad</li>\n\n 	<li>Elásticos internos para un calce perfecto</li>\n\n 	<li>Ojales metálicos de la marca</li>\n\n</ul>\n\n<strong>SIN CAMBIOS NI DEVOLUCIONES</strong>",,,taxable,,0,,,0,0,,,,,0,,,39990,"Género, Género > Mujer, Tipo de producto, Tipo de producto > Zapatillas",,,"https://trendseeker.cl/wp-content/uploads/2023/07/ZS-0061_PLAY_GRYBC-1.jpg, https://trendseeker.cl/wp-content/uploads/2023/07/ZS-0061_PLAY_GRYBC-3.jpg, https://trendseeker.cl/wp-content/uploads/2023/07/ZS-0061_PLAY_GRYBC-2.jpg, https://trendseeker.cl/wp-content/uploads/2023/07/TALLA-BLOWFISH-17.png",,,,,,"Clay WH, MAD NSLP, Play CPC",,,271,,Blowfish Malibu,Blowfish Malibu,Talla,"35, 36, 37, 38, 39, 40",1,1,
19907,variable,MarleyLila,,Marley Lila,1,0,visible,,Lúcete en la Marley de Malibu. Esta zapatilla cuenta con una parte superior de lona con elástico para facilitar el calce y hacerlas más cómodas. Marley también cuenta con una parte superior con bordes desgastados y costuras de contraste. Combínalos con tus jeans favoritos de esta primavera.\n\n\n\n– Bandas elásticas cruzadas para un ajuste elástico.\n\n\n\n– Parche con logotipo en el talón.\n\n\n\n– Parte superior de lona envejecida.\n\n\n\n– Suela de goma texturizada con protección para los dedos.\n\n\n\n– Veganos.,,,taxable,,1,192,,0,0,,,,,0,,,39990,"Género, Género > Mujer, Tipo de producto, Tipo de producto > Zapatillas","Cyber, Verano 2022",,"https://trendseeker.cl/wp-content/uploads/2022/11/C3.jpg, https://trendseeker.cl/wp-content/uploads/2023/07/ZS-0071_MARLEY_LHCWC-2.jpg, https://trendseeker.cl/wp-content/uploads/2023/07/ZS-0071_MARLEY_LHCWC-3.jpg, https://trendseeker.cl/wp-content/uploads/2023/07/Bf-LOGO-VEGANO-2.png",,,,,,,,,272,,Blowfish Malibu,Blowfish Malibu,Talla,"36, 37, 38, 39, 40",1,1,
18709,variable,F SUNRISE,,Fruit Sunrise,1,0,visible,,"Estas zapatillas baja cuenta con una parte superior preenvejecida con costuras superiores, forro de rizo, entrada deslizable, cordones decorativos y cremallera decorativa. Sin mencionar la plantilla de espuma súper cómoda. Combínalos con una chaqueta de mezclilla para un aspecto californiano.\n\n<ul>\n\n 	<li>Parte superior de lona.</li>\n\n 	<li>Cordones decorativos.</li>\n\n 	<li>Detalles bordados.</li>\n\n 	<li>Ojales de marca.</li>\n\n 	<li>Suela de goma flexible.</li>\n\n 	<li>Plantilla ligeramente acolchada.</li>\n\n</ul>\n\n<strong>SIN CAMBIOS NI DEVOLUCIONES</strong>",,2021-06-01 23:59:59,taxable,,0,,,0,0,0.5,30,,15,0,,,39990,"Género, Género > Mujer, Tipo de producto, Tipo de producto > Zapatillas",,,"https://trendseeker.cl/wp-content/uploads/2023/07/F-SUNRISE-1-princ-1.jpg, https://trendseeker.cl/wp-content/uploads/2023/07/F-SUNRISE-2-1.jpg, https://trendseeker.cl/wp-content/uploads/2023/07/F-SUNRISE-3-1.jpg, https://trendseeker.cl/wp-content/uploads/2023/07/Captura-de-Pantalla-2020-11-16-a-las-23.36.57.png",,,,,,"P BLACK, P C KITTY, PO TABBY",,,274,,Blowfish Malibu,Blowfish Malibu,Talla,"35, 36, 37, 38, 39, 40",1,1,
19396,variable,F WHISKY,,Fruit Whisky Smoked,1,0,visible,,"Esta zapatilla baja cuenta con una parte superior preenvejecida con costuras superiores, forro de rizo, entrada deslizable, cordones decorativos y cremallera decorativa. Sin mencionar la plantilla de espuma súper cómoda. Combínalas con una chaqueta de mezclilla para un aspecto californiano.\n\n<ul class=""a-unordered-list a-vertical a-spacing-mini"">\n\n 	<li><span class=""a-list-item"">tela</span></li>\n\n 	<li><span class=""a-list-item"">Importado</span></li>\n\n 	<li><span class=""a-list-item"">Suela de Sintético</span></li>\n\n 	<li><span class=""a-list-item"">Tenis con encaje sin cordones.</span></li>\n\n 	<li><span class=""a-list-item"">Detalle cosido de manta en la parte trasera del talón.</span></li>\n\n</ul>",,,taxable,,1,,,0,0,,,,,0,,,39990,"Género, Género > Mujer, Tipo de producto, Tipo de producto > Zapatillas",,,"https://trendseeker.cl/wp-content/uploads/2023/07/ZS-0269_FRUIT_WSCTD-1.jpg, https://trendseeker.cl/wp-content/uploads/2023/07/ZS-0269_FRUIT_WSCTD-3.jpg, https://trendseeker.cl/wp-content/uploads/2023/07/ZS-0269_FRUIT_WSCTD-2.jpg",,,,,,"PK13PH, UBP1152KBM-DOV",,,276,,Blowfish Malibu,Blowfish Malibu,Talla,"35, 36, 37, 38, 39, 40",1,1,
18711,variable,M CAMO,,Marley Natural Camoflauge,1,0,visible,,Deslízate en la Marley de Malibu. Esta zapatilla cuenta con una parte superior de lona con elástico en el vamp para facilitar el apagado/encendido. Marley también cuenta con una parte superior con bordes desgastados y costuras de contraste. Combínalos con tus vaqueros favoritos de novio envejecido esta primavera.\n\n\n\n- Bandas elásticas cruzadas para un ajuste elástico.\n\n\n\n- Parche con logotipo en el panel del talón.\n\n\n\n- Parte superior de lona envejecida.\n\n\n\n- Suela de goma texturizada con protección para los dedos.,,,taxable,,1,329,,0,0,,,,,0,,,39990,"Género, Género > Mujer, Tipo de producto, Tipo de producto > Zapatillas",,,"https://trendseeker.cl/wp-content/uploads/2023/07/M-CAMO-1-princ.jpg, https://trendseeker.cl/wp-content/uploads/2023/07/M-CAMO-2.jpg, https://trendseeker.cl/wp-content/uploads/2023/07/M-CAMO-3.jpg",,,,,,,,,277,,Blowfish Malibu,Blowfish Malibu,Talla,"35, 36, 37, 38, 39, 40",1,1,
19602,variable,PWHITES,,Play White Smoked,1,0,visible,,Este estilo cuenta con un aspecto pre-envejecido y sin cordones con interior elástico para mantenerlos puestos y quitarlos fácilmente. Todo el mundo será capaz de detectar que estos son Blowfish Malibu con nuestros ojales de marca firme. El juego es perfecto para todos tus looks casuales y cálidos.\n\n<ul>\n\n 	<li>Parte superior de lona envejecida.</li>\n\n 	<li>Construcción abatible.</li>\n\n 	<li>Ojales de marca.</li>\n\n 	<li>Suela de goma flexible.</li>\n\n 	<li>Plantilla ligeramente acolchada.</li>\n\n</ul>\n\n<strong>SIN CAMBIOS NI DEVOLUCIONES</strong>,,,taxable,,0,,,0,0,,,,,0,,,39990,"Género, Género > Mujer, Tipo de producto, Tipo de producto > Zapatillas",,,"https://trendseeker.cl/wp-content/uploads/2022/11/TS-PRODUCTO-FOTOS-17.png, https://trendseeker.cl/wp-content/uploads/2022/11/PLAY_WH16C-2.jpg, https://trendseeker.cl/wp-content/uploads/2022/11/PLAY_WH16C-3.jpg, https://trendseeker.cl/wp-content/uploads/2023/07/TALLA-BLOWFISH-22.png",,,,,,"Clay WH, MAD NSLP, Play CPC",,,283,,Blowfish Malibu,Blowfish Malibu,Talla,"36, 37, 38, 39, 40",1,1,
19906,variable,MarleyCherry,,Marley Cherry,1,0,visible,,Lúcete en la Marley de Malibu. Esta zapatilla cuenta con una parte superior de lona con elástico para facilitar el calce y hacerlas más cómodas. Marley también cuenta con una parte superior con bordes desgastados y costuras de contraste. Combínalos con tus jeans favoritos de esta primavera.\n\n\n\n– Bandas elásticas cruzadas para un ajuste elástico.\n\n\n\n– Parche con logotipo en el talón.\n\n\n\n– Parte superior de lona envejecida.\n\n\n\n– Suela de goma texturizada con protección para los dedos.\n\n\n\n– Veganos.,,,taxable,,1,111,,0,0,,,,,0,,,39990,"Género, Género > Mujer, Tipo de producto, Tipo de producto > Zapatillas","Cyber, Verano 2022",,"https://trendseeker.cl/wp-content/uploads/2022/11/10-.jpg, https://trendseeker.cl/wp-content/uploads/2023/07/ZS-0071_MARLEY_CCCWC-2.jpg, https://trendseeker.cl/wp-content/uploads/2022/11/ZS-0071_MARLEY_CCCWC-3.jpg, https://trendseeker.cl/wp-content/uploads/2023/07/Bf-LOGO-VEGANO-1.png",,,,,,,,,300,,Blowfish Malibu,Blowfish Malibu,Talla,"36, 37, 38, 39, 40",1,1,
19894,variable,MarleyAhiTuna,,Marley Ahi Tuna,1,0,visible,,Lúcete en la Marley de Malibu. Esta zapatilla cuenta con una parte superior de lona con elástico para facilitar el calce y hacerlas más cómodas. Marley también cuenta con una parte superior con bordes desgastados y costuras de contraste. Combínalos con tus jeans favoritos de esta primavera.\n\n\n\n– Bandas elásticas cruzadas para un ajuste elástico.\n\n\n\n– Parche con logotipo en el talón.\n\n\n\n– Parte superior de lona envejecida.\n\n\n\n– Suela de goma texturizada con protección para los dedos.\n\n\n\n– Veganos.,,,taxable,,1,165,,0,0,,,,,0,,,39990,"Género, Género > Mujer, Tipo de producto, Tipo de producto > Zapatillas","Cyber, Verano 2022",,"https://trendseeker.cl/wp-content/uploads/2023/07/ZS-0071_MARLEY_ATCWC-1.jpg, https://trendseeker.cl/wp-content/uploads/2023/07/ZS-0071_MARLEY_ATCWC-2.jpg, https://trendseeker.cl/wp-content/uploads/2023/07/ZS-0071_MARLEY_ATCWC-3.jpg, https://trendseeker.cl/wp-content/uploads/2023/07/Bf-LOGO-VEGANO.png",,,,,,,,,301,,Blowfish Malibu,Blowfish Malibu,Talla,"36, 37, 38, 39, 40",1,1,
19398,variable,MELONWH,,Melondrop White Smoked,1,0,visible,,"Estas zapatillas de lona de alta calidad ofrecen un aspecto fresco y casual. Son el complemento perfecto para cualquier look, ya que el blanco es un clásico de las temporadas de calor y el detalle bordado en la parte de atrás es una sorpresa que combina con todo! Te encantará la altura añadida que estas zapatillas de plataforma de 2,5 cm te darán.\n\n<ul class=""a-unordered-list a-vertical a-spacing-mini"">\n\n 	<li><span class=""a-list-item"">Suela de Sintético</span></li>\n\n 	<li><span class=""a-list-item"">Parte superior de lona envejecida con acento decorativo de cremallera</span></li>\n\n 	<li><span class=""a-list-item"">Panel frontal con cordones</span></li>\n\n 	<li><span class=""a-list-item"">Forros de tela de felpa</span></li>\n\n 	<li><span class=""a-list-item"">Plantilla acolchada para mayor comodidad</span></li>\n\n 	<li><span class=""a-list-item"">Entresuela vulcanizada con una plataforma de 1.0 pulgada (2,54 cm) y cuña oculta</span></li>\n\n</ul>",,,taxable,,1,143,,0,0,,,,,0,,,44990,"Género, Género > Mujer, Tipo de producto, Tipo de producto > Zapatillas",,,"https://trendseeker.cl/wp-content/uploads/2023/07/ZS-0651_MELONDROP_WSNDW-1.jpg, https://trendseeker.cl/wp-content/uploads/2023/07/ZS-0651_MELONDROP_WSNDW-2.jpg",,,,,,,,,302,,Blowfish Malibu,Blowfish Malibu,Talla,"35, 36, 37, 38, 39, 40",1,1,
19397,variable,F WHITE,,Fruit White Smoked,1,0,visible,,"Esta zapatilla baja cuenta con una parte superior preenvejecida con costuras superiores, forro de rizo, entrada deslizable, cordones decorativos y cremallera decorativa. Sin mencionar la plantilla de espuma súper cómoda. Combínalos con una chaqueta de mezclilla para un aspecto californiano.\n\n<ul class=""a-unordered-list a-vertical a-spacing-mini"">\n\n 	<li><span class=""a-list-item"">tela</span></li>\n\n 	<li><span class=""a-list-item"">Importado</span></li>\n\n 	<li><span class=""a-list-item"">Suela de Sintético</span></li>\n\n 	<li><span class=""a-list-item"">Tenis con encaje sin cordones.</span></li>\n\n 	<li><span class=""a-list-item"">Detalle cosido de manta en la parte trasera del talón.</span></li>\n\n</ul>",,,taxable,,0,,,0,0,,,,,0,,,39990,"Género, Género > Mujer, Tipo de producto, Tipo de producto > Zapatillas",,,"https://trendseeker.cl/wp-content/uploads/2023/07/ZS-0269_FRUIT_WSNDW-1.jpg, https://trendseeker.cl/wp-content/uploads/2023/07/ZS-0269_FRUIT_WSNDW-3.jpg, https://trendseeker.cl/wp-content/uploads/2023/07/ZS-0269_FRUIT_WSNDW-2.jpg",,,,,,"PK13PH, 20510",,,303,,Blowfish Malibu,Blowfish Malibu,Talla,"35, 36, 37, 38, 39, 40",1,1,
19394,variable,FRUIT BS,,Fruit Black Smoked,1,0,visible,,"<p class=""tw-data-text tw-text-large XcVN5d tw-ta"" dir=""ltr"" data-placeholder=""Traducción""><span lang=""es"">Esta zapatilla de tiro bajo presenta una parte superior desgastada con costuras superiores, forro de tela de felpa, entrada sin cordones, cordones decorativos y cremallera decorativa. Por no hablar de la plantilla de espuma ultra cómoda. Combina la zapatilla negra FRUIT con una chaqueta de mezclilla para lograr un estilo californiano. </span><span lang=""es""> </span></p>\n\n<p dir=""ltr"" data-placeholder=""Traducción""><strong>SIN CAMBIOS NI DEVOLUCIONES</strong></p>",,,taxable,,0,,,0,0,,,,,0,,,39990,"Género, Género > Mujer, Tipo de producto, Tipo de producto > Zapatillas",,,"https://trendseeker.cl/wp-content/uploads/2023/07/ZS-0269_FRUIT_BSCTD-1.jpg, https://trendseeker.cl/wp-content/uploads/2023/07/ZS-0269_FRUIT_BSCTD-3.jpg, https://trendseeker.cl/wp-content/uploads/2023/07/ZS-0269_FRUIT_BSCTD-2.jpg",,,,,,"P BLACK, P C KITTY, PO TABBY",,,304,,Blowfish Malibu,Blowfish Malibu,Talla,"35, 36, 37, 38, 39, 40",1,1,
19392,variable,PN CAMPUS,,Play Navy Campus,1,0,visible,,"Ponte a la moda esta temporada con la zapatilla más combinable de Blowfish Malibu. Este modelo Play Campus tiene un aspecto pre-envejecido y sin cordones con interior elástico para mantenerlos puestos y quitarlos fácilmente.\n\n\n\nTodo el mundo podrá ver la última tendencia de estas Blowfish y su característico diseño. El look es perfecto para todas las ocasiones y temporadas, tanto frías como cálidas.\n\n\n\nParte superior de lona envejecida.\n\n\n\n– Interior con elásticos para un calce perfecto\n\n\n\n– Ojales de marca.\n\n\n\n– Suela de goma flexible.\n\n\n\n– Plantilla ligeramente acolchada.",,,taxable,,0,,,0,0,,,,,0,,,24990,"Género, Género > Mujer, Tipo de producto, Tipo de producto > Zapatillas",,,"https://trendseeker.cl/wp-content/uploads/2023/07/ZS-0061_PLAY_NAVCP-1.jpg, https://trendseeker.cl/wp-content/uploads/2023/07/ZS-0061_PLAY_NAVCP-3.jpg, https://trendseeker.cl/wp-content/uploads/2023/07/ZS-0061_PLAY_NAVCP-2.jpg, https://trendseeker.cl/wp-content/uploads/2023/07/TALLA-BLOWFISH-13.png",,,,,,"PK15TB, VEXBLACK",,,309,,Blowfish Malibu,Blowfish Malibu,Talla,"35, 36, 37, 38, 39, 40",1,1,
19395,variable,PO TABBY,,Play Olive Tabby Cat,1,0,visible,,Este estilo cuenta con un aspecto pre-envejecido y sin cordones con interior elástico para mantenerlos puestos y quitarlos fácilmente. Todo el mundo será capaz de detectar que estos son Blowfish Malibu con nuestros ojales de marca firme. Estas zapatillas son perfectas para todos tus looks casuales y cálidos.\n\n\n\n- Parte superior de lona envejecida.\n\n\n\n- Construcción abatible.\n\n\n\n- Ojales de marca.\n\n\n\n- Suela de goma flexible.\n\n\n\n- Plantilla ligeramente acolchada.,,,taxable,,0,,,0,0,,,,,0,,,39990,"Género, Género > Mujer, Tipo de producto, Tipo de producto > Zapatillas",,,"https://trendseeker.cl/wp-content/uploads/2023/07/ZS-0061_PLAY_OLVTC-1.jpg, https://trendseeker.cl/wp-content/uploads/2023/07/ZS-0061_PLAY_OLVTC-3.jpg, https://trendseeker.cl/wp-content/uploads/2023/07/ZS-0061_PLAY_OLVTC-2.jpg, https://trendseeker.cl/wp-content/uploads/2023/07/TALLA-BLOWFISH-15.png",,,,,,"PK13PH, 20510",,,312,,Blowfish Malibu,Blowfish Malibu,Talla,"35, 36, 37, 38, 39, 40",1,1,
19399,variable,MELONCITY,,Melondrop Natural City Kitty,1,0,visible,,"Mujer Blowfish Malibu, Melondrop Sneaker. Estas zapatillas de lona de alta calidad ofrecen un aspecto fresco y casual. Te encantará la altura añadida que estas zapatillas de plataforma de 2,5 cm te darán. Combínalas con todo ya que el animal print es un básico de todas las temporadas que servirá para aportarle estilo a todos tus looks!\n\n<ul class=""a-unordered-list a-vertical a-spacing-mini"">\n\n 	<li><span class=""a-list-item"">Suela de Sintético</span></li>\n\n 	<li><span class=""a-list-item"">Parte superior de lona envejecida con acento decorativo de cremallera</span></li>\n\n 	<li><span class=""a-list-item"">Panel frontal con cordones</span></li>\n\n 	<li><span class=""a-list-item"">Forros de tela de felpa</span></li>\n\n 	<li><span class=""a-list-item"">Plantilla acolchada para mayor comodidad</span></li>\n\n 	<li><span class=""a-list-item"">Entresuela vulcanizada con una plataforma de 1.0 pulgada (2,54 cm) y cuña oculta</span></li>\n\n</ul>",,,taxable,,0,,,0,0,,,,,0,,,44990,"Género, Género > Mujer, Tipo de producto, Tipo de producto > Zapatillas",,,"https://trendseeker.cl/wp-content/uploads/2023/07/ZS-0651_MELONDROP_NACKC-1.jpg, https://trendseeker.cl/wp-content/uploads/2023/07/ZS-0651_MELONDROP_NACKC-3.jpg, https://trendseeker.cl/wp-content/uploads/2023/07/ZS-0651_MELONDROP_NACKC-2.jpg, https://trendseeker.cl/wp-content/uploads/2023/07/TALLA-BLOWFISH-16.png",,,,,,"GR20PH, VEXWHITE",,,315,,Blowfish Malibu,Blowfish Malibu,Talla,"35, 36, 37, 38, 39, 40",1,1,
19379,variable,M SLATE,,Marley Slate Grey,1,0,visible,,Lúcete en la Marley de Malibu. Esta zapatilla cuenta con una parte superior de lona con elástico para facilitar el calce y hacerlas más cómodas. Marley también cuenta con una parte superior con bordes desgastados y costuras de contraste. Combínalos con tus jeans favoritos de esta primavera.\n\n\n\n- Bandas elásticas cruzadas para un ajuste elástico.\n\n\n\n- Parche con logotipo en el talón.\n\n\n\n- Parte superior de lona envejecida.\n\n\n\n- Suela de goma texturizada con protección para los dedos.\n\n\n\n<strong>SIN CAMBIOS NI DEVOLUCIONES</strong>,,,taxable,,1,27,,0,0,,,,,0,,,39990,"Género, Género > Mujer, Tipo de producto, Tipo de producto > Zapatillas",,,"https://trendseeker.cl/wp-content/uploads/2022/11/TS-PRODUCTO-FOTOS-18.png, https://trendseeker.cl/wp-content/uploads/2023/07/ZS-0071_MARLEY_SLCWC_3.jpg, https://trendseeker.cl/wp-content/uploads/2023/07/ZS-0071_MARLEY_SLCWC_2.jpg",,,,,,,,,317,,Blowfish Malibu,Blowfish Malibu,Talla,"35, 36, 37, 38, 39, 40",1,1,
18915,variable,P SWEET,,Play Sweet Grey,1,0,visible,,Este estilo cuenta con un aspecto pre-envejecido y sin cordones con interior elástico para mantenerlos puestos y quitarlos fácilmente. Todo el mundo será capaz de detectar que estos son Blowfish Malibu con nuestros ojales de marca firme. El juego es perfecto para todos tus looks casuales y cálidos.\n\n\n\n- Parte superior de lona envejecida.\n\n\n\n- Construcción abatible.\n\n\n\n- Ojales de marca.\n\n\n\n- Suela de goma flexible.\n\n\n\n- Plantilla ligeramente acolchada.,,,taxable,,0,,,0,0,,,,,0,,,39990,"Género, Género > Mujer, Tipo de producto, Tipo de producto > Zapatillas",,,"https://trendseeker.cl/wp-content/uploads/2022/11/3-.png, https://trendseeker.cl/wp-content/uploads/2023/07/P-SWEET-2-1.jpg, https://trendseeker.cl/wp-content/uploads/2023/07/P-SWEET-3-1.jpg, https://trendseeker.cl/wp-content/uploads/2023/07/TALLA-BLOWFISH-10.png",,,,,,"PK13PH, 20510",,,320,,Blowfish Malibu,Blowfish Malibu,Talla,"35, 36, 37, 38, 39, 40",1,1,
18911,variable,P S GREY,,Play Steel Grey,1,0,visible,,Este estilo cuenta con un aspecto pre-envejecido y sin cordones con interior elástico para mantenerlos puestos y quitarlos fácilmente. Todo el mundo será capaz de detectar que estos son Blowfish Malibu con nuestros ojales de marca firme. El juego es perfecto para todos tus looks casuales y cálidos.\n\n\n\n- Parte superior de lona envejecida.\n\n\n\n- Construcción abatible.\n\n\n\n- Ojales de marca.\n\n\n\n- Suela de goma flexible.\n\n\n\n- Plantilla ligeramente acolchada.,,,taxable,,0,,,0,0,,,,,0,,,39990,"Género, Género > Mujer, Tipo de producto, Tipo de producto > Zapatillas",,,"https://trendseeker.cl/wp-content/uploads/2023/07/P-S-GREY-1-princ.jpg, https://trendseeker.cl/wp-content/uploads/2023/07/P-S-GREY-2.jpg, https://trendseeker.cl/wp-content/uploads/2023/07/P-S-GREY-3.jpg, https://trendseeker.cl/wp-content/uploads/2023/07/TALLA-BLOWFISH-7.png",,,,,,"P BLACK, P C KITTY, PO TABBY",,,322,,Blowfish Malibu,Blowfish Malibu,Talla,"35, 36, 37, 38, 39, 40",1,1,
18910,variable,P HIPSTER,,Play Grey Hipster,1,0,visible,,Este estilo cuenta con un aspecto pre-envejecido y sin cordones con interior elástico para mantenerlos puestos y quitarlos fácilmente. Todo el mundo será capaz de detectar que estos son Blowfish Malibu con nuestros ojales de marca firme. El juego es perfecto para todos tus looks casuales y cálidos.\n\n\n\n- Parte superior de lona envejecida.\n\n\n\n- Construcción abatible.\n\n\n\n- Ojales de marca.\n\n\n\n- Suela de goma flexible.\n\n\n\n- Plantilla ligeramente acolchada.,,,taxable,,0,,,0,0,,,,,0,,,39990,"Género, Género > Mujer, Tipo de producto, Tipo de producto > Zapatillas",,,"https://trendseeker.cl/wp-content/uploads/2023/07/P-HIPSTER-1-princ.jpg, https://trendseeker.cl/wp-content/uploads/2023/07/P-HIPSTER-2.jpg, https://trendseeker.cl/wp-content/uploads/2023/07/P-HIPSTER-3.jpg, https://trendseeker.cl/wp-content/uploads/2023/07/TALLA-BLOWFISH-6.png",,,,,,"PK13PH, 20510",,,324,,Blowfish Malibu,Blowfish Malibu,Talla,"35, 36, 37, 38, 39, 40",1,1,
18908,variable,P WHITE,,Play White Cozumel,1,0,visible,,Este estilo cuenta con un aspecto pre-envejecido y sin cordones con interior elástico para mantenerlos puestos y quitarlos fácilmente. Todo el mundo será capaz de detectar que estos son Blowfish Malibu con nuestros ojales de marca firme. El juego es perfecto para todos tus looks casuales y cálidos.\n\n<ul>\n\n 	<li>Parte superior de lona envejecida.</li>\n\n 	<li>Construcción abatible.</li>\n\n 	<li>Ojales de marca.</li>\n\n 	<li>Suela de goma flexible.</li>\n\n 	<li>Plantilla ligeramente acolchada.</li>\n\n</ul>,,,taxable,,0,,,0,0,,,,,0,,,39990,"Género, Género > Mujer, Tipo de producto, Tipo de producto > Zapatillas",,,"https://trendseeker.cl/wp-content/uploads/2023/07/P-WHITE-1-princ.jpg, https://trendseeker.cl/wp-content/uploads/2023/07/P-WHITE-2.jpg, https://trendseeker.cl/wp-content/uploads/2023/07/P-WHITE-3.jpg, https://trendseeker.cl/wp-content/uploads/2023/07/Captura-de-Pantalla-2020-11-16-a-las-23.45.17.png, https://trendseeker.cl/wp-content/uploads/2023/07/TALLA-BLOWFISH-4.png",,,,,,"PK15TB, VEXBLACK",,,326,,Blowfish Malibu,Blowfish Malibu,Talla,"35, 36, 37, 38, 39, 40",1,1,
18907,variable,P SNAKE,,Play Natural Snake,1,0,visible,,Este estilo cuenta con un aspecto pre-envejecido y sin cordones con interior elástico para mantenerlos puestos y quitarlos fácilmente. Todo el mundo será capaz de detectar que estos son Blowfish Malibu con nuestros ojales de marca firme. El juego es perfecto para todos tus looks casuales y cálidos.\n\n<ul>\n\n 	<li>Parte superior de lona envejecida.</li>\n\n 	<li>Construcción abatible.</li>\n\n 	<li>Ojales de marca.</li>\n\n 	<li>Suela de goma flexible.</li>\n\n 	<li>Plantilla ligeramente acolchada.</li>\n\n</ul>,,,taxable,,0,,,0,0,,,,,0,,,39990,"Género, Género > Mujer, Tipo de producto, Tipo de producto > Zapatillas",,,"https://trendseeker.cl/wp-content/uploads/2023/07/P-SNAKE-1-princ.jpg, https://trendseeker.cl/wp-content/uploads/2023/07/P-SNAKE-2.jpg, https://trendseeker.cl/wp-content/uploads/2023/07/P-SNAKE-3.jpg, https://trendseeker.cl/wp-content/uploads/2023/07/TALLA-BLOWFISH-3.png",,,,,,"PK15TB, VEXBLACK",,,327,,Blowfish Malibu,Blowfish Malibu,Talla,"35, 36, 37, 38, 39, 40",1,1,
18710,variable,F Wolgry,,Fruit Wolf Grey,1,0,visible,,"Esta zapatilla baja cuenta con una parte superior preenvejecida con costuras superiores, forro de rizo, entrada deslizable, cordones decorativos y cremallera decorativa. Sin mencionar la plantilla de espuma súper cómoda. Combínalas con una chaqueta de mezclilla para un aspecto californiano.\n\n\n\n- Parte superior de lona.\n\n\n\n- Cordones decorativos.\n\n\n\n- Detalles bordados.\n\n\n\n- Ojales de marca.\n\n\n\n- Suela de goma flexible.\n\n\n\n- Plantilla ligeramente acolchada.",,,taxable,,0,,,0,0,0.5,30,,15,0,,,39990,"Género, Género > Mujer, Tipo de producto, Tipo de producto > Zapatillas",,,"https://trendseeker.cl/wp-content/uploads/2023/07/F-Wolgry-1-princ.jpg, https://trendseeker.cl/wp-content/uploads/2023/07/F-Wolgry-2.jpg, https://trendseeker.cl/wp-content/uploads/2023/07/F-Wolgry-3.jpg, https://trendseeker.cl/wp-content/uploads/2023/07/Captura-de-Pantalla-2020-11-16-a-las-23.32.12.png",,,,,,"GR20PH, VEXWHITE",,,328,,Blowfish Malibu,Blowfish Malibu,Talla,"35, 36, 37, 38, 39, 40",1,1,
18683,variable,F EARTH,,Fruit Earth Camo,1,0,visible,,"Recién recogido para la primavera; Fruta de Blowfish Malibu. Esta zapatilla baja cuenta con una parte superior preenvejecida con costuras superiores, forro de rizo, entrada deslizable, cordones decorativos y cremallera decorativa. Sin mencionar la plantilla de espuma súper cómoda. Combínalos con una chaqueta de mezclilla para un aspecto californiano.\n\n<ul>\n\n 	<li>Parte superior de lona.</li>\n\n 	<li>Cordones decorativos.</li>\n\n 	<li>Detalles bordados.</li>\n\n 	<li>Ojales de marca.</li>\n\n 	<li>Suela de goma flexible.</li>\n\n 	<li>Plantilla ligeramente acolchada.</li>\n\n</ul>",,,taxable,,0,,,0,0,,,,,0,,,24990,"Género, Género > Mujer, Tipo de producto, Tipo de producto > Zapatillas",,,"https://trendseeker.cl/wp-content/uploads/2023/07/F-EARTH-1-princ.jpg, https://trendseeker.cl/wp-content/uploads/2023/07/F-EARTH-2.jpg, https://trendseeker.cl/wp-content/uploads/2023/07/F-EARTH-3.jpg, https://trendseeker.cl/wp-content/uploads/2023/07/Captura-de-Pantalla-2020-11-16-a-las-23.33.57.png, https://trendseeker.cl/wp-content/uploads/2023/07/TALLA-BLOWFISH-1.png",,,,,,"Clay Black, Parlane BLK, P C KITTY",,,329,,Blowfish Malibu,Blowfish Malibu,Talla,"35, 36, 37, 38, 39, 40",1,1,
18682,variable,F DIRTY,,Fruit Dirty Pink,1,0,visible,,"Recién recogido para la primavera; Fruta de Blowfish Malibu. Estas zapatillas baja cuenta con una parte superior preenvejecida con costuras superiores, forro de rizo, entrada deslizable, cordones decorativos y cremallera decorativa. Sin mencionar la plantilla de espuma súper cómoda. Combínalos con una chaqueta de mezclilla para un aspecto californiano.\n\n<ul>\n\n 	<li>Parte superior de lona.</li>\n\n 	<li>Cordones decorativos.</li>\n\n 	<li>Detalles bordados.</li>\n\n 	<li>Ojales de marca.</li>\n\n 	<li>Suela de goma flexible.</li>\n\n 	<li>Plantilla ligeramente acolchada.</li>\n\n</ul>\n\n<strong>SIN CAMBIOS NI DEVOLUCIONES</strong>",,,taxable,,0,,,0,0,,,,,0,,,39990,"Género, Género > Mujer, Tipo de producto, Tipo de producto > Zapatillas",,,"https://trendseeker.cl/wp-content/uploads/2023/07/F-DIRTY-PINK-1-princ.jpg, https://trendseeker.cl/wp-content/uploads/2023/07/F-DIRTY-PINK-2.jpg, https://trendseeker.cl/wp-content/uploads/2023/07/F-DIRTY-PINK-3.jpg, https://trendseeker.cl/wp-content/uploads/2023/07/Captura-de-Pantalla-2020-11-16-a-las-23.35.07.png, https://trendseeker.cl/wp-content/uploads/2023/07/TALLA-BLOWFISH.png",,,,,,"Clay Black, P C KITTY",,,330,,Blowfish Malibu,Blowfish Malibu,Talla,"35, 36, 37, 38, 39, 40",1,1,
18714,variable,F33DO,,DAKOTA ZEBRA,1,0,visible,,"Las alpargatas Hamptons de Manebí en Zebra son el modelo más buscado por la marca. Perfecto para llevar en la ciudad o en tus próximas vacaciones en la playa. ¡Usa el tuyo con todo! Este par de alpargatas de ante sutil se fija sobre una suela de plataforma de yute natural con una base de goma antideslizante.\n\n\n\naltura de la suela: 4 cm / 1.6 ""in\n\n\n\nmaterial superior: ante de la marca\n\n\n\nmaterial de la suela: 100% yute natural con una fina capa de caucho natural\n\n\n\ncolor: zebra\n\n<div id=""-product-builder-2-2872"" class=""oxy-product-builder oxy-woo-element"">\n\n<div id=""product-18952"" class=""product type-product post-18952 status-publish first instock product_cat-botas product_cat-genero product_cat-mujer product_cat-tipo-de-producto product_tag-impermeables product_tag-invierno product_tag-winter-style-2 has-post-thumbnail sale taxable shipping-taxable purchasable product-type-variable"">\n\n<div class=""oxy-product-wrapper-inner oxy-inner-content"">\n\n<div id=""new_columns-11-2872"" class=""ct-new-columns"">\n\n<div id=""div_block-13-2872"" class=""ct-div-block"">\n\n<div id=""_tabs_contents-50-2872"" class=""oxy-tabs-contents-wrapper oxy-tabs-contents"">\n\n<div id=""_tab_content-51-2872"" class=""oxy-tab-content tabs-contents-2375-tab"">\n\n<div id=""text_block-54-2872"" class=""ct-text-block"">\n\n\n\n<strong>SIN CAMBIOS NI DEVOLUCIONES</strong>\n\n\n\n</div>\n\n</div>\n\n</div>\n\n</div>\n\n</div>\n\n</div>\n\n</div>\n\n</div>",,,taxable,,0,,,0,0,,,,,0,,,129990,"Género, Género > Mujer, Tipo de producto, Tipo de producto > Zapatillas",,,"https://trendseeker.cl/wp-content/uploads/2023/07/F33DO-1-PRINC.jpg, https://trendseeker.cl/wp-content/uploads/2023/07/F33DO-2.jpg, https://trendseeker.cl/wp-content/uploads/2023/07/F33DO-3.jpg, https://trendseeker.cl/wp-content/uploads/2023/07/F33DO-4.jpg",,,,,,"Clay WH, MAD NSLP, Play CPC",,,431,,Blowfish Malibu,Blowfish Malibu,Talla,"36, 37, 38, 39, 40",1,1,
