ID,Tipo,SKU,"GTIN, UPC, EAN o ISBN",Nombre,Publicado,¿Está destacado?,Visibilidad en el catálogo,Descripción corta,Descripción,Día en que empieza el precio rebajado,Día en que termina el precio rebajado,Estado del impuesto,Clase de impuesto,¿Existencias?,Inventario,Cantidad de bajo inventario,¿Permitir reservas de productos agotados?,¿Vendido individualmente?,Peso (g),Longitud (cm),Anchura (cm),Altura (cm),¿Permitir valoraciones de clientes?,Nota de compra,Precio rebajado,Precio normal,Categorías,Etiquetas,Clase de envío,Imágenes,Límite de descargas,Días de caducidad de la descarga,Superior,Productos agrupados,Ventas dirigidas,Ventas cruzadas,URL externa,Texto del botón,Posición,EAN,Marcas,Marca,Nombre del atributo 1,Valor(es) del atributo 1,Atributo visible 1,Atributo global 1,Atributo por defecto 1
33379,variation,10079-001-0017,,Chaqueta Neptune Jacket - Black - XXL,1,0,visible,,,,,taxable,parent,1,10,,0,0,,,,,0,,,119990,,,,,,,10079-001,,,,,,0,,Grundéns,Grundens,Talla,XXL,,1,
33380,variation,10079-001-0014,,Chaqueta Neptune Jacket - Black - M,1,0,visible,,,,,taxable,parent,1,20,,0,0,,,,,0,,,119990,,,,,,,10079-001,,,,,,0,,Grundéns,Grundens,Talla,M,,1,
34761,variation,10075-300-0017,,Jardinera Neptune Bib Green - XXL,1,0,visible,,,,,taxable,parent,1,,,0,0,,,,,0,,,119990,,,,,,,10075-300,,,,,,0,7332646959903,Grundéns,Grundéns,Talla,XXL,,1,
34763,variation,,,Chaqueta Neptune Mujer Black - XL,1,0,visible,,,,,taxable,parent,1,10,,0,0,,,,,0,,,119990,,,,,,,10132-001,,,,,,0,7332646958753,Grundéns,Grundéns,Talla,XL,,1,
34764,variation,,,Chaqueta Neptune Mujer Black - XXL,1,0,visible,,,,,taxable,parent,1,5,,0,0,,,,,0,,,119990,,,,,,,10132-001,,,,,,0,7332646958784,Grundéns,Grundéns,Talla,XXL,,1,
34765,variation,10079-300-0017,,Chaqueta Neptune Jacket - Green - XXL,1,0,visible,,,,,taxable,parent,1,5,,0,0,,,,,0,,,119990,,,,,,,10079-300,,,,,,0,7332646958944,Grundéns,Grundéns,Talla,XXL,,1,
34766,variation,,,Chaqueta Cutter Jacket - Black,1,0,visible,,,,,taxable,parent,1,,,0,0,,,,,0,,,69990,,,,,,,10207-001,,,,,,0,,Grundéns,Grundéns,Talla,,,1,
34767,variation,10207-425-0014,,Chaqueta Cutter Jacket - Dark Navy - M,1,0,visible,,,,,taxable,parent,1,10,,0,0,,,,,0,,,89990,,,,,,,10207-425,,,,,,0,840316316910,Grundéns,Grundéns,Talla,M,,1,
34768,variation,10207-425-0015,,Chaqueta Cutter Jacket - Dark Navy - L,1,0,visible,,,,,taxable,parent,1,10,,0,0,,,,,0,,,89990,,,,,,,10207-425,,,,,,0,840316316927,Grundéns,Grundéns,Talla,L,,1,
34769,variation,10207-425-0016,,Chaqueta Cutter Jacket - Dark Navy - XL,1,0,visible,,,,,taxable,parent,1,10,,0,0,,,,,0,,,89990,,,,,,,10207-425,,,,,,0,840316316934,Grundéns,Grundéns,Talla,XL,,1,
34770,variation,10223-001-0013,,Chaqueta Weather Watch - Black - S,1,0,visible,,,,,taxable,parent,1,10,,0,0,,,,,0,,,99990,,,,,,,10361-001,,,,,,0,840316347389,Grundéns,Grundéns,Talla,S,,1,
34774,variation,10330-001-0013,,"Full Share Bib, Black - S",1,0,visible,,,,,taxable,parent,1,10,,0,0,,,,,0,,,149990,,,,,,,10330-001,,,,,,0,7332525235722,Grundéns,Grundéns,Talla,S,,1,
34775,variation,10330-001-0014,,"Full Share Bib, Black - M",1,0,visible,,,,,taxable,parent,1,10,,0,0,,,,,0,,,149990,,,,,,,10330-001,,,,,,0,7332525235739,Grundéns,Grundéns,Talla,M,,1,
34776,variation,10330-001-0015,,"Full Share Bib, Black - L",1,0,visible,,,,,taxable,parent,1,8,,0,0,,,,,0,,,149990,,,,,,,10330-001,,,,,,0,7332525235746,Grundéns,Grundéns,Talla,L,,1,
34777,variation,10330-001-0016,,"Full Share Bib, Black - XL",1,0,visible,,,,,taxable,parent,1,14,,0,0,,,,,0,,,149990,,,,,,,10330-001,,,,,,0,7332525235753,Grundéns,Grundéns,Talla,XL,,1,
34810,variation,10350-007-0013,,Jardinera Full Share Bib - Black Reflective - S,1,0,visible,,,,,taxable,parent,1,5,,0,0,,,,,0,,,149990,,,,,,,10350-007,,,,,,0,7332525248487,Grundéns,Grundéns,Talla,S,,1,
34859,variation,40113-449-0013,,Polera con gorro - Tough Sun - Azure - S,1,0,visible,,,,,taxable,parent,1,5,,0,0,,,,,0,,,54990,,,,,,,40113-449,,,,,,0,840316306836,Grundéns,Grundéns,Talla,S,,1,
34892,variation,60060-025-1008,,"Bedrock Wading Boot - Felta, Anchor - 8",1,0,visible,,,,,taxable,parent,1,4,,0,0,,,,,0,,,249990,,,,,,,60060-025,,,,,,0,840316331913,Grundéns,Grundéns,Talla,8,,1,
34893,variation,60060-025-1009,,"Bedrock Wading Boot - Felta, Anchor - 9",1,0,visible,,,,,taxable,parent,1,4,,0,0,,,,,0,,,249990,,,,,,,60060-025,,,,,,0,840316331920,Grundéns,Grundéns,Talla,9,,1,
34894,variation,60060-025-1010,,"Bedrock Wading Boot - Felta, Anchor - 10",1,0,visible,,,,,taxable,parent,1,6,,0,0,,,,,0,,,249990,,,,,,,60060-025,,,,,,0,840316331937,Grundéns,Grundéns,Talla,10,,1,
34895,variation,60060-025-1011,,"Bedrock Wading Boot - Felta, Anchor - 11",1,0,visible,,,,,taxable,parent,1,6,,0,0,,,,,0,,,249990,,,,,,,60060-025,,,,,,0,840316331944,Grundéns,Grundéns,Talla,11,,1,
34896,variation,60060-025-1012,,"Bedrock Wading Boot - Felta, Anchor - 12",1,0,visible,,,,,taxable,parent,1,,,0,0,,,,,0,,,249990,,,,,,,60060-025,,,,,,0,840316331951,Grundéns,Grundéns,Talla,12,,1,
24593,variation,R11D036,,Hamptons Metallic Gold - 36,1,0,visible,,,,,taxable,parent,1,2,,0,0,,,,,0,,,99990,,,,,,,R11D0,,,"F33DO, K10DO, W19DO",,,1,,Manebí,Manebí,size,36,,1,
29921,variation,10132-021-0013,840106490455,Chaqueta Neptune Jacket Mujer - Sky Grey - S,1,0,visible,,,,,taxable,parent,1,2,,0,0,,,,,0,,,109990,,,,,,,10132-021,,,,,,1,840106490455,Grundéns,Grundens,Talla,S,,1,
29931,variation,10132-421-0012,840106445509,Chaqueta Neptune Jacket Mujer - Parisian Blue - XS,1,0,visible,,,,,taxable,parent,1,2,,0,0,,,,,0,,,109990,,,,,,,10132-421,,,,,,1,840106445509,Grundéns,Grundens,Talla,XS,,1,
29938,variation,10132-673-0012,840106458196,Chaqueta Neptune Jacket Mujer - Fiery Coral - XS,1,0,visible,,,,,taxable,parent,1,2,,0,0,,,,,0,,,109990,,,,,,,10132-673,,,,,,1,840106458196,Grundéns,Grundens,Talla,XS,,1,
29947,variation,10140-053-0013,840106491414,Jardinera Tourney Bib - Iron Grey - S,1,0,visible,,,,,taxable,parent,1,2,,0,0,,,,,0,,,134990,,,,,,,10140-053,,,,,,1,840106491414,Grundéns,Grundens,Talla,S,,1,
29952,variation,10207-001-0013,840316316743,Chaqueta Cutter Jacket - Black - S,1,0,visible,,,,,taxable,parent,1,4,,0,0,,,,,0,,,69990,,,,,,,10207-001,,,,,,1,840316316743,Grundéns,Grundens,Talla,S,,1,
29969,variation,10329-001-0014,840106493531,Chaqueta Full Share Jacket - Black - M,1,0,visible,,,,,taxable,parent,1,8,,0,0,,,,,0,,,149990,,,,,,,10329-001,,,,,,1,840106493531,Grundéns,Grundens,Talla,M,,1,
29982,variation,10329-015-0013,840106481439,Chaqueta Full Share Jacket Black - Grey - S,1,0,visible,,,,,taxable,parent,0,0,,0,0,,,,,0,,,149990,,,,,,,10329-015,,,,,,1,840106481439,Grundéns,Grundens,Talla,S,,1,
29987,variation,10329-425-0013,840316317979,Chaqueta Full Share Jacket - Dark Navy - S,1,0,visible,,,,,taxable,parent,0,0,,0,0,,,,,0,,,139990,,,,,,,10329-425,,,,,,1,840316317979,Grundéns,Grundens,Talla,S,,1,
29995,variation,10329-605-0013,840106481507,Chaqueta Full Share Jacket Opilio - Grey - S,1,0,visible,,,,,taxable,parent,1,5,,0,0,,,,,0,,,149990,,,,,,,10329-605,,,,,,1,840106481507,Grundéns,Grundens,Talla,S,,1,
30003,variation,10330-025-0013,840106450442,Jardinera Full Share Bib - Anchor - S,1,0,visible,,,,,taxable,parent,1,3,,0,0,,,,,0,,,149990,,,,,,,10330-025,,,,,,1,840106450442,Grundéns,Grundens,Talla,S,,1,
30016,variation,10359-023-0014,840106451166,Chaqueta Trident Jacket - Metal - M,1,0,visible,,,,,taxable,parent,0,0,,0,0,,,,,0,,,119990,,,,,,,10359-023,,,,,,1,840106451166,Grundéns,Grundens,Talla,M,,1,
30024,variation,10359-425-0014,840316302852,Chaqueta Trident Jacket-Dark Navy - M,1,0,visible,,,,,taxable,parent,1,2,,0,0,,,,,0,,,119990,,,,,,,10359-425,,,,,,1,840316302852,Grundéns,Grundens,Talla,M,,1,
30044,variation,10361-368-0013,840316318433,Chaqueta Weather Watch Jacket-Turtle Grass - S,1,0,visible,,,,,taxable,parent,1,10,,0,0,,,,,0,,,99990,,,,,,,10361-368,,,,,,1,840316318433,Grundéns,Grundens,Talla,S,,1,
30050,variation,10361-621-0014,840316318587,Chaqueta Weather Watch Jacket-Flame Scarlet - M,1,0,visible,,,,,taxable,parent,1,10,,0,0,,,,,0,,,99990,,,,,,,10361-621,,,,,,1,840316318587,Grundéns,Grundens,Talla,M,,1,
30057,variation,10379-339-0012,840106459629,Chaqueta Aquarius Mujer - Laurel Wreath - Green Bay - XS,1,0,visible,,,,,taxable,parent,1,2,,0,0,,,,,0,,,139990,,,,,,,10379-339,,,,,,1,840106459629,Grundéns,Grundens,Talla,XS,,1,
30067,variation,10379-610-0012,840106459681,Chaqueta Aquarius Jacket Mujer - Heron - XS,1,0,visible,,,,,taxable,parent,1,2,,0,0,,,,,0,,,139990,,,,,,,10379-610,,,,,,1,840106459681,Grundéns,Grundens,Talla,XS,,1,
30075,variation,20022-025-0013,,Primera Capa Grundies Thermal 1/4 Zip Top - Anchor - S,1,0,visible,,,,,taxable,parent,1,1,,0,0,,,,,0,,,78990,,,,,,,20022-025,,,,,,1,840106412181,Grundéns,Grundens,Talla,S,,1,
30085,variation,20035-024-0012,840106448845,Polerón Maris Hoodie Mujer - Charcoal - XS,1,0,visible,,,,,taxable,parent,1,2,,0,0,,,,,0,,,88990,,,,,,,20035-024,,,,,,1,840106448845,Grundéns,Grundens,Talla,XS,,1,
30106,variation,20051-403-0013,840316300780,Polerón Squall Insulated Hoodie - Midnight - S,1,0,visible,,,,,taxable,parent,1,1,,0,0,,,,,0,,,134990,,,,,,,20051-403,,,,,,1,840316300780,Grundéns,Grundens,Talla,S,,1,
30115,variation,20059-236-0013,840316319003,Chaqueta Bulkhead Jacket - Whiskey - Anchor - S,1,0,visible,,,,,taxable,parent,1,5,,0,0,,,,,0,,,139990,,,,,,,20059-236,,,,,,1,840316319003,Grundéns,Grundens,Talla,S,,1,
30120,variation,20059-425-0013,840316319065,Chaqueta Bulkhead Jacket - Dark Navy - S,1,0,visible,,,,,taxable,parent,1,3,,0,0,,,,,0,,,139990,,,,,,,20059-425,,,,,,1,840316319065,Grundéns,Grundens,Talla,S,,1,
30128,variation,30003-025-0013,840106412518,Primera Capa Grundies Mid 1/4 Zip Top - Anchor - S,1,0,visible,,,,,taxable,parent,1,3,,0,0,,,,,0,,,54990,,,,,,,30003-025,,,,,,1,840106412518,Grundéns,Grundens,Talla,S,,1,
30148,variation,30004-025-0013,840106412587,Primera Capa Grundies Mid Bottom - Anchor - S,1,0,visible,,,,,taxable,parent,1,1,,0,0,,,,,0,,,54990,,,,,,,30004-025,,,,,,1,840106412587,Grundéns,Grundens,Talla,S,,1,
30166,variation,40062-252-5032,840106423897,Gaff Short 11 - Seneca - 32,1,0,visible,,,,,taxable,parent,1,3,,0,0,,,,,0,,,88990,,,,,,,40062-252,,,,,,1,840106423897,Grundéns,Grundens,Talla,32,,1,
30176,variation,40062-024-5040,840106423880,Gaff Short 11 - Charcoal - 40,1,0,visible,,,,,taxable,parent,1,1,,0,0,,,,,0,,,88990,,,,,,,40062-024,,,,,,1,840106423880,Grundéns,Grundens,Talla,40,,1,
30182,variation,40098-211-0013,840316300063,Chaqueta Jetty Shacket - Antique Bronze - S,1,0,visible,,,,,taxable,parent,1,2,,0,0,,,,,0,,,139990,,,,,,,40098-211,,,,,,1,840316300063,Grundéns,Grundens,Talla,S,,1,
30189,variation,40101-019-5032,,Pantalones Foundry Pant - Iron Gate - 32,1,0,visible,,,,,taxable,parent,1,2,,0,0,,,,,0,,,74990,,,,,,,40101-019,,,,,,1,,Grundéns,Grundens,Talla,32,,1,
30199,variation,40101-212-5032,,Pantalón Foundry Pant -Winter Twig - 32,1,0,visible,,,,,taxable,parent,1,5,,0,0,,,,,0,,,74990,,,,,,,40101-212,,,,,,1,,Grundéns,Grundens,Talla,32,,1,
30222,variation,40108-019-0013,840316301701,Camisa Jetty Shirt - Iron Gate - S,1,0,visible,,,,,taxable,parent,0,0,,0,0,,,,,0,,,74990,,,,,,,40108-019,,,,,,1,840316301701,Grundéns,Grundens,Talla,S,,1,
30243,variation,50243-025-0013,,Polera Anchor Down SS Tech Tee-Anchor - S,1,0,visible,,,,,taxable,parent,1,2,,0,0,,,,,0,,,39990,,,,,,,50243-025,,,,,,1,840106464272,Grundéns,Grundens,Talla,S,,1,
30250,variation,50341-477-0013,,Polera Commercial Boat SS Tech Tee-Blue Abyss - S,1,0,visible,,,,,taxable,parent,1,2,,0,0,,,,,0,,,37990,,,,,,,50341-477,,,,,,1,840316311922,Grundéns,Grundens,Talla,S,,1,
30259,variation,50366-358-0013,,Polera G Trout SS T-Shirt - Forest - S,1,0,visible,,,,,taxable,parent,1,1,,0,0,,,,,0,,,37990,,,,,,,50366-358,,,,,,1,840316313629,Grundéns,Grundens,Talla,S,,1,
30269,variation,50368-358-0013,,Polera Logo Anchor LS T-Shirt - Forest - S,1,0,visible,,,,,taxable,parent,1,2,,0,0,,,,,0,,,31990,,,,,,,50368-358,,,,,,1,840316313711,Grundéns,Grundens,Talla,S,,1,
30279,variation,50374-460-0013,,Polera Logo Anchor SS Tech Tee - Surf - S,1,0,visible,,,,,taxable,parent,1,1,,0,0,,,,,0,,,37990,,,,,,,50374-460,,,,,,1,840316313971,Grundéns,Grundens,Talla,S,,1,
30319,variation,90000-356-4309,840106471065,Wader Boundary Stockingfoot Hombre - Stone / Otter - M,1,0,visible,,,,,taxable,parent,1,10,,0,0,,,,,0,,,689990,,,,,,,90000-356,,,,,,1,840106471065,Grundéns,Grundens,Talla,M,,1,
30330,variation,90005-074-4009,,Wader Bedrock Stockingfoot Hombre - Sagebrush - M,1,0,visible,,,,,taxable,parent,1,2,,0,0,,,,,0,,,454990,,,,,,,90005-074,,,,,,1,840316316088,Grundéns,Grundens,Talla,M,,1,
30356,variation,60048-226-1008,840106472390,Sandalia Species Sandal - Redfish Brown - 8,1,0,visible,,,,,taxable,parent,1,4,,0,0,,,,,0,,,54990,,,,,,,60048-226,,,,,,1,840106472390,Grundéns,Grundens,Talla,8,,1,
30359,variation,60048-350-1008,,Sandalia Species Sandal - Bass - 8,1,0,visible,,,,,taxable,parent,1,3,,0,0,,,,,0,,,54990,,,,,,,60048-350,,,,,,1,840316308984,Grundéns,Grundens,Talla,8,,1,
30366,variation,60008-001-1008,840106437504,Botas Deck-Boss Ankle Boot - Black - 8,1,0,visible,,,,,taxable,parent,0,0,,0,0,,,,,0,,,119990,,,,,,,60011-019,,,,,,1,7332525240153,Grundéns,Grundens,Talla,8,,1,
30373,variation,60008-215-1008,,Botas Deck-Boss Ankle Boot - Dark Brown - 8,1,0,visible,,,,,taxable,parent,0,0,,0,0,,,,,0,,,119990,,,,,,,60008-215,,,,,,1,840106466986,Grundéns,Grundens,Talla,8,,1,
30379,variation,60008-355-1008,,Deck-Boss Ankle Boot - Otter - 8,1,0,visible,,,,,taxable,parent,0,0,,0,0,,,,,0,,,119990,,,,,,,60008-355,,,,,,1,840316307147,Grundéns,Grundens,Talla,8,,1,
30388,variation,60011-019-1005,,Botas Deck Boss Ankle Boot Mujer - Iron Gate - 5,1,0,visible,,,,,taxable,parent,0,0,,0,0,,,,,0,,,119990,,,,,,,60011019,,,,,,1,840106467266,Grundéns,Grundens,Talla,5,,1,
30395,variation,60011-355-1006,,Botas Deck Boss Ankle Boot Mujer - Otter - 6,1,0,visible,,,,,taxable,parent,1,1,,0,0,,,,,0,,,119990,,,,,,,60011-355,,,,,,1,840106482177,Grundéns,Grundens,Talla,6,,1,
30409,variation,600184741080,,Zapatilla SeaKnit ™ Boat ShoeSea Knit Boat Shoe - Storm - 8,1,0,visible,,,,,taxable,parent,1,2,,0,0,,,,,0,,,119990,,,,,,,60018-474,,,,,,1,840316307888,Grundéns,Grundens,Talla,8,,1,
30419,variation,60021-025-0014,,Calcetín Boot Sock Thermal - Anchor - M,1,0,visible,,,,,taxable,parent,1,4,,0,0,,,,,0,,,31990,,,,,,,60021-025,,,,,,1,840316307987,Grundéns,Grundens,Talla,M,,1,
30771,variation,90004-025-4009,,Wader Vector Stockingfoot Hombre - Anchor - M,1,0,visible,,,,,taxable,parent,1,3,,0,0,,,,,0,,,569990,,,,,,,90004-025,,,,,,1,840316310376,Grundéns,Grundens,Talla,M,,1,
31150,variation,10329-802-0013,,Chaqueta Full Share Orange - Grey - S,1,0,visible,,,,,taxable,parent,1,2,,0,0,,,,,0,,,149990,,,,,,,10329-802,,,,,,1,840106479429,Grundéns,Grundens,Talla,S,,1,
31178,variation,20038-039-0013,,Chaqueta Kryall Hoodie - Midnight - S,1,0,visible,,,,,taxable,parent,1,5,,0,0,,,,,0,,,134990,,,,,,,20038-039,,,,,,1,840316339476,Grundéns,Grundens,Talla,S,,1,
31180,variation,20051-001-0013,,Polerón Squall Insulated Hoodie -Black - S,1,0,visible,,,,,taxable,parent,1,1,,0,0,,,,,0,,,134990,,,,,,,20051-001,,,,,,1,840316300667,Grundéns,Grundens,Talla,S,,1,
31188,variation,40112-025-0014,,Polera Tough Sun Crew - Anchor - M,1,0,visible,,,,,taxable,parent,1,12,,0,0,,,,,0,,,39990,,,,,,,40112-025,,,,,,1,840316306492,Grundéns,Grundens,Talla,M,,1,
31210,variation,10360-025-0013,,Pantalón Trident - Anchor - S,1,0,visible,,,,,taxable,parent,1,5,,0,0,,,,,0,,,119990,,,,,,,10360-025,,,,,,1,840106451395,Grundéns,Grundens,Talla,S,,1,
31308,variation,10215-355-0013,,Chaqueta De Vadeo Vector - Otter - S,1,0,visible,,,,,taxable,parent,1,5,,0,0,,,,,0,,,419990,,,,,,,10215-355,,,,,,1,840316317788,Grundéns,Grundens,Talla,S,,1,
31318,variation,90001-356-3607,,Wader Boundary GORE TEX Zip Stockingfoot - Otter - S,1,0,visible,,,,,taxable,parent,1,2,,0,0,,,,,0,,,1099990,,,,,,,90001-356,,,,,,1,840316322324,Grundéns,Grundens,Talla,S,,1,
32739,variation,,,Jardinera Weather Watch Bib Black - S,1,0,visible,,,,,taxable,parent,0,0,,0,0,,,,,0,,,99990,,,,,,,10362-001,,,,,,1,,Grundéns,Grundens,Talla,S,,1,
32809,variation,10206-119-0013,,Chaqueta Charter Jacket Squall - White - S,1,0,visible,,,,,taxable,parent,1,3,,0,0,,,,,0,,,339990,,,,,,,10206-119,,,,,,1,840316316491,Grundéns,Grundens,Talla,S,,1,
32836,variation,60043-001-1008,,Deviation Sherpa Ankle Boot Black - 8,1,0,visible,,,,,taxable,parent,1,2,,0,0,,,,,0,,,169990,,,,,,,60043-001,,,,,,1,840316302029,Grundéns,Grundens,Talla,8,,1,
32850,variation,60043-225-1008,,Deviation Sherpa Ankle Boot Silt - 8,1,0,visible,,,,,taxable,parent,1,2,,0,0,,,,,0,,,169990,,,,,,,60043-225,,,,,,1,840316302098,Grundéns,Grundens,Talla,8,,1,
32895,variation,20076-912-0014,,Chaqueta Kryall Hoodie - Smoke - M,1,0,visible,,,,,taxable,parent,1,2,,0,0,,,,,0,,,124990,,,,,,,20076-912,,,,,,1,840316339728,Grundéns,Grundens,Talla,M,,1,
32905,variation,40108-070-0014,,Camisa Jetty Shirt - Drift Grey - M,1,0,visible,,,,,taxable,parent,1,5,,0,0,,,,,0,,,74990,,,,,,,40108-070,,,,,,1,840316301770,Grundéns,Grundens,Talla,M,,1,
32946,variation,40112-607-0014,,Polera Tough Sun Crew - Red Orange - M,1,0,visible,,,,,taxable,parent,1,2,,0,0,,,,,0,,,39990,,,,,,,40112-607,,,,,,1,840316306638,Grundéns,Grundens,Talla,M,,1,
32967,variation,40117-074-0013,,Camisa Dispatch Flannel Shirt - Sagebrush - S,1,0,visible,,,,,taxable,parent,1,5,,0,0,,,,,0,,,99990,,,,,,,40117-074,,,,,,1,840316321945,Grundéns,Grundens,Talla,S,,1,
32982,variation,60021-325-0014,,Calcetín Boot Sock Thermal - Deep Lichen Green - M,1,0,visible,,,,,taxable,parent,1,7,,0,0,,,,,0,,,31990,,,,,,,60021-325,,,,,,1,840106455874,Grundéns,Grundens,Talla,M,,1,
32987,variation,600184-741080,,Zapatilla SeaKnit ™ Boat ShoeSea Knit Boat Shoe - Storm,1,0,visible,,,,,taxable,parent,1,1,,0,0,,,,,0,,,119990,,,,,,,60018-474,,,,,,1,840316307888,Grundéns,Grundens,Talla,,,1,
32993,variation,60047-001-1006,,Women's - Deviation Sherpa Ankle Boot Black - Mujer - 6,1,0,visible,,,,,taxable,parent,0,0,,0,0,,,,,0,,,169990,,,,,,,60047-001,,,,,,1,840316302395,Grundéns,Grundens,Talla,6,,1,
32998,variation,60047-225-1006,,Women´s - Deviation Sherpa Ankle Boot Slit - Mujer - 6,1,0,visible,,,,,taxable,parent,0,0,,0,0,,,,,0,,,169990,,,,,,,60047-225,,,,,,1,840316302463,Grundéns,Grundens,Talla,6,,1,
33295,variation,10075-001-0014,,Jardinera Neptune Bib - Black - M,1,0,visible,,,,,taxable,parent,1,10,,0,0,,,,,0,,,119990,,,,,,,10075-001,,,,,,1,7332646959699,Grundéns,Grundens,Talla,M,,1,
33299,variation,10079-425-0017,,Chaqueta Neptune Jacket - Dark Navy - XXL,1,0,visible,,,,,taxable,parent,1,4,,0,0,,,,,0,,,119990,,,,,,,10079-425,,,,,,1,840316316477,Grundéns,Grundens,Talla,XXL,,1,
33300,variation,10212-001-0013,,Chaqueta Portal Gore Tex - Black - S,1,0,visible,,,,,taxable,parent,1,1,,0,0,,,,,0,,,689990,,,,,,,10212-001,,,,,,1,840316317481,Grundéns,Grundens,Talla,S,,1,
33330,variation,10079-001-0016,,Chaqueta Neptune Jacket - Black - XL,1,0,visible,,,,,taxable,parent,1,10,,0,0,,,,,0,,,119990,,,,,,,10079-001,,,,,,1,7332646958753,Grundéns,Grundens,Talla,XL,,1,
33957,variation,20076-358-0017,,Chaqueta Kryall Hoodie - Forest - XXL,1,0,visible,,,,,taxable,parent,1,2,,0,0,,,,,0,,,134990,,,,,,,20076-358,,,,,,1,840316339636,Grundéns,Grundens,Talla,XXL,,1,
33979,variation,30005-025-0015,,Primera Capa Grundies Light Crew Top - Anchor - L,1,0,visible,,,,,taxable,parent,1,5,,0,0,,,,,0,,,39990,,,,,,,30005-025,,,,,,1,7332525228977,Grundéns,Grundens,Talla,L,,1,
33982,variation,,,Primera Capa Grundies Light Crew Bottom - Anchor - S,1,0,visible,,,,,taxable,parent,1,,,0,0,,,,,0,,,39990,,,,,,,30006-025,,,,,,1,,Grundéns,Grundens,Talla,S,,1,
33985,variation,60102-355-1100,,Bankside Wading Boot - Vibram - 10,1,0,visible,,,,,taxable,parent,1,4,,0,0,,,,,0,,,319990,,,,,,,60102-355,,,,,,1,7332525303261,Grundéns,Grundens,Talla,10,,1,
34012,variation,40113-025-0015,,Tough Sun Hoodie - L,1,0,visible,,,,,taxable,parent,1,4,,0,0,,,,,0,,,54990,,,,,,,40113-025,,,,,,1,840316306713,Grundéns,Grundens,Talla,L,,1,
34018,variation,,,Tough Sun Hoodie - L,1,0,visible,,,,,taxable,parent,0,0,,0,0,,,,,0,,,54990,,,,,,,id:34017,,,,,,1,840316306850,Grundéns,Grundens,Talla,L,,1,
34032,variation,20069-001-0015,,Bering Fleece Pro Full-Zip Hoodie - L,1,0,visible,,,,,taxable,parent,1,6,,0,0,,,,,0,,,159990,,,,,,,20069-001,,,,,,1,840316338479,Grundéns,Grundens,Talla,L,,1,
34038,variation,20037-025-0015,,Bulkhead Stretch Jacket - L,1,0,visible,,,,,taxable,parent,1,2,,0,0,,,,,0,,,149990,,,,,,,20037-025,,,,,,1,7332525262483,Grundéns,Grundens,Talla,L,,1,
34762,variation,,,Chaqueta Neptune Mujer Black - L,1,0,visible,,,,,taxable,parent,1,10,,0,0,,,,,0,,,119990,,,,,,,10132-001,,,,,,1,7332646958722,Grundéns,Grundéns,Talla,L,,1,
34821,variation,20062-336-0013,,"Thermal 1/2 Zip, Deep Depths - S",1,0,visible,,,,,taxable,parent,1,5,,0,0,,,,,0,,,94990,,,,,,,20062-336,,,,,,1,840316329255,Grundéns,Grundéns,Talla,S,,1,
34856,variation,20076-001-0013,,Chaqueta Kryall Hoodie - Black - S,1,0,visible,,,,,taxable,parent,1,5,,0,0,,,,,0,,,134990,,,,,,,20038-001,,,,,,1,840316339414,Grundéns,Grundéns,Talla,S,,1,
34906,variation,90007-025-4009,,"Men's Vector Zip Stockingfoot Wader, Anchor - M",1,0,visible,,,,,taxable,parent,1,8,,0,0,,,,,0,,,849990,,,,,,,90007-025,,,,,,1,840316333801,Grundéns,Grundéns,Talla,M,,1,
24594,variation,R11D037,,Hamptons Metallic Gold - 37,1,0,visible,,,,,taxable,parent,1,4,,0,0,,,,,0,,,99990,,,,,,,R11D0,,,"F33DO, K10DO, W19DO",,,2,,Grundéns,Grundens,size,37,,1,
29623,variation,10079-300-0013,840106411610,Chaqueta Neptune Jacket - Green - S,1,0,visible,,,,,taxable,parent,1,5,,0,0,,,,,0,,,119990,,,,,,,10079-300,,,,,,2,840106411610,Grundéns,Grundens,Talla,S,,1,
29908,variation,10079-425-0013,840316316439,Chaqueta Neptune Jacket - Dark Navy - S,1,0,visible,,,,,taxable,parent,1,5,,0,0,,,,,0,,,119990,,,,,,,10079-425,,,,,,2,840316316439,Grundéns,Grundens,Talla,S,,1,
29922,variation,10132-021-0014,840106490462,Chaqueta Neptune Jacket Mujer - Sky Grey - M,1,0,visible,,,,,taxable,parent,1,1,,0,0,,,,,0,,,109990,,,,,,,10132-021,,,,,,2,840106490462,Grundéns,Grundens,Talla,M,,1,
29929,variation,10132-421-0013,840106445516,Chaqueta Neptune Jacket Mujer - Parisian Blue - S,1,0,visible,,,,,taxable,parent,1,3,,0,0,,,,,0,,,109990,,,,,,,10132-421,,,,,,2,840106445516,Grundéns,Grundens,Talla,S,,1,
29939,variation,10132-673-0013,840106458202,Chaqueta Neptune Jacket Mujer - Fiery Coral - S,1,0,visible,,,,,taxable,parent,1,3,,0,0,,,,,0,,,109990,,,,,,,10132-673,,,,,,2,840106458202,Grundéns,Grundens,Talla,S,,1,
29953,variation,10207-001-0014,840316316750,Chaqueta Cutter Jacket - Black - M,1,0,visible,,,,,taxable,parent,1,5,,0,0,,,,,0,,,69990,,,,,,,10207-001,,,,,,2,840316316750,Grundéns,Grundens,Talla,M,,1,
29970,variation,10329-001-0016,840106493555,Chaqueta Full Share Jacket - Black - XL,1,0,visible,,,,,taxable,parent,1,3,,0,0,,,,,0,,,149990,,,,,,,10329-001,,,,,,2,840106493555,Grundéns,Grundens,Talla,XL,,1,
29979,variation,10329-015-0014,840106481446,Chaqueta Full Share Jacket Black - Grey - M,1,0,visible,,,,,taxable,parent,1,2,,0,0,,,,,0,,,149990,,,,,,,10329-015,,,,,,2,840106481446,Grundéns,Grundens,Talla,M,,1,
29988,variation,10329-425-0014,840316317986,Chaqueta Full Share Jacket - Dark Navy - M,1,0,visible,,,,,taxable,parent,0,0,,0,0,,,,,0,,,139990,,,,,,,10329-425,,,,,,2,840316317986,Grundéns,Grundens,Talla,M,,1,
29996,variation,10329-605-0014,840106481514,Chaqueta Full Share Jacket Opilio - Grey - M,1,0,visible,,,,,taxable,parent,1,5,,0,0,,,,,0,,,149990,,,,,,,10329-605,,,,,,2,840106481514,Grundéns,Grundens,Talla,M,,1,
30004,variation,10330-025-0014,840106450459,Jardinera Full Share Bib - Anchor - M,1,0,visible,,,,,taxable,parent,1,10,,0,0,,,,,0,,,149990,,,,,,,10330-025,,,,,,2,840106450459,Grundéns,Grundens,Talla,M,,1,
30017,variation,10359-023-0015,840106451173,Chaqueta Trident Jacket - Metal - L,1,0,visible,,,,,taxable,parent,1,1,,0,0,,,,,0,,,119990,,,,,,,10359-023,,,,,,2,840106451173,Grundéns,Grundens,Talla,L,,1,
30025,variation,10359-425-0015,840316302869,Chaqueta Trident Jacket-Dark Navy - L,1,0,visible,,,,,taxable,parent,1,4,,0,0,,,,,0,,,119990,,,,,,,10359-425,,,,,,2,840316302869,Grundéns,Grundens,Talla,L,,1,
30041,variation,10361-368-0014,840316318440,Chaqueta Weather Watch Jacket-Turtle Grass - M,1,0,visible,,,,,taxable,parent,1,19,,0,0,,,,,0,,,99990,,,,,,,10361-368,,,,,,2,840316318440,Grundéns,Grundens,Talla,M,,1,
30051,variation,10361-621-0015,840316318594,Chaqueta Weather Watch Jacket-Flame Scarlet - L,1,0,visible,,,,,taxable,parent,1,9,,0,0,,,,,0,,,99990,,,,,,,10361-621,,,,,,2,840316318594,Grundéns,Grundens,Talla,L,,1,
30058,variation,10379-339-0014,840106459643,Chaqueta Aquarius Mujer - Laurel Wreath - Green Bay - S,1,0,visible,,,,,taxable,parent,1,2,,0,0,,,,,0,,,139990,,,,,,,10379-339,,,,,,2,840106459636,Grundéns,Grundens,Talla,S,,1,
30069,variation,10379-610-0013,840106459698,Chaqueta Aquarius Jacket Mujer - Heron - S,1,0,visible,,,,,taxable,parent,1,3,,0,0,,,,,0,,,139990,,,,,,,10379-610,,,,,,2,840106459698,Grundéns,Grundens,Talla,S,,1,
30076,variation,20022-025-0014,,Primera Capa Grundies Thermal 1/4 Zip Top - Anchor - M,1,0,visible,,,,,taxable,parent,1,5,,0,0,,,,,0,,,78990,,,,,,,20022-025,,,,,,2,840106412198,Grundéns,Grundens,Talla,M,,1,
30086,variation,20035-024-0013,840106448852,Polerón Maris Hoodie Mujer - Charcoal - S,1,0,visible,,,,,taxable,parent,1,4,,0,0,,,,,0,,,88990,,,,,,,20035-024,,,,,,2,840106448852,Grundéns,Grundens,Talla,S,,1,
30095,variation,20051-001-0014,840316300674,Polerón Squall Insulated Hoodie -Black - M,1,0,visible,,,,,taxable,parent,1,3,,0,0,,,,,0,,,134990,,,,,,,20051-001,,,,,,2,840316300674,Grundéns,Grundens,Talla,M,,1,
30103,variation,20051-403-0014,840316300797,Polerón Squall Insulated Hoodie - Midnight - M,1,0,visible,,,,,taxable,parent,1,2,,0,0,,,,,0,,,134990,,,,,,,20051-403,,,,,,2,840316300797,Grundéns,Grundens,Talla,M,,1,
30112,variation,20059-236-0014,840316319010,Chaqueta Bulkhead Jacket - Whiskey - Anchor - M,1,0,visible,,,,,taxable,parent,1,10,,0,0,,,,,0,,,139990,,,,,,,20059-236,,,,,,2,840316319010,Grundéns,Grundens,Talla,M,,1,
30121,variation,20059-425-0014,840316319072,Chaqueta Bulkhead Jacket - Dark Navy - M,1,0,visible,,,,,taxable,parent,1,1,,0,0,,,,,0,,,139990,,,,,,,20059-425,,,,,,2,840316319072,Grundéns,Grundens,Talla,M,,1,
30129,variation,30003-025-0014,840106412525,Primera Capa Grundies Mid 1/4 Zip Top - Anchor - M,1,0,visible,,,,,taxable,parent,1,6,,0,0,,,,,0,,,54990,,,,,,,30003-025,,,,,,2,840106412525,Grundéns,Grundens,Talla,M,,1,
30149,variation,30004-025-0014,840106412594,Primera Capa Grundies Mid Bottom - Anchor - M,1,0,visible,,,,,taxable,parent,1,1,,0,0,,,,,0,,,54990,,,,,,,30004-025,,,,,,2,840106412594,Grundéns,Grundens,Talla,M,,1,
30167,variation,40062-252-5038,,Gaff Short 11 - Seneca - 38,1,0,visible,,,,,taxable,parent,1,2,,0,0,,,,,0,,,88990,,,,,,,40062-252,,,,,,2,8401064238972,Grundéns,Grundens,Talla,38,,1,
30193,variation,40101-019-5034,,Pantalones Foundry Pant - Iron Gate - 34,1,0,visible,,,,,taxable,parent,0,0,,0,0,,,,,0,,,74990,,,,,,,40101-019,,,,,,2,,Grundéns,Grundens,Talla,34,,1,
30200,variation,40101-212-5034,,Pantalón Foundry Pant -Winter Twig - 34,1,0,visible,,,,,taxable,parent,1,6,,0,0,,,,,0,,,74990,,,,,,,40101-212,,,,,,2,,Grundéns,Grundens,Talla,34,,1,
30223,variation,40108-019-0014,,Camisa Jetty Shirt - Iron Gate - M,1,0,visible,,,,,taxable,parent,1,6,,0,0,,,,,0,,,74990,,,,,,,40108-019,,,,,,2,840316301718,Grundéns,Grundens,Talla,M,,1,
30232,variation,40112-025-0013,840316306485,Polera Tough Sun Crew - Anchor - S,1,0,visible,,,,,taxable,parent,1,5,,0,0,,,,,0,,,39990,,,,,,,40112-025,,,,,,2,840316306485,Grundéns,Grundens,Talla,S,,1,
30247,variation,50243-025-0014,,Polera Anchor Down SS Tech Tee-Anchor - M,1,0,visible,,,,,taxable,parent,1,3,,0,0,,,,,0,,,39990,,,,,,,50243-025,,,,,,2,840106464289,Grundéns,Grundens,Talla,M,,1,
30252,variation,50341-477-0015,,Polera Commercial Boat SS Tech Tee-Blue Abyss - L,1,0,visible,,,,,taxable,parent,1,2,,0,0,,,,,0,,,37990,,,,,,,50341-477,,,,,,2,840316311946,Grundéns,Grundens,Talla,L,,1,
30263,variation,50366-358-0014,,Polera G Trout SS T-Shirt - Forest - M,1,0,visible,,,,,taxable,parent,1,5,,0,0,,,,,0,,,37990,,,,,,,50366-358,,,,,,2,840316313636,Grundéns,Grundens,Talla,M,,1,
30270,variation,50368-358-0014,,Polera Logo Anchor LS T-Shirt - Forest - M,1,0,visible,,,,,taxable,parent,1,3,,0,0,,,,,0,,,31990,,,,,,,50368-358,,,,,,2,840316313728,Grundéns,Grundens,Talla,M,,1,
30280,variation,50374-460-0014,,Polera Logo Anchor SS Tech Tee - Surf - M,1,0,visible,,,,,taxable,parent,1,5,,0,0,,,,,0,,,37990,,,,,,,50374-460,,,,,,2,840316313988,Grundéns,Grundens,Talla,M,,1,
30320,variation,90000-356-5009,840106471089,Wader Boundary Stockingfoot Hombre - Stone / Otter - L,1,0,visible,,,,,taxable,parent,1,10,,0,0,,,,,0,,,689990,,,,,,,90000-356,,,,,,2,840106471089,Grundéns,Grundens,Talla,L,,1,
30331,variation,90005-074-5009,,Wader Bedrock Stockingfoot Hombre - Sagebrush - L,1,0,visible,,,,,taxable,parent,1,6,,0,0,,,,,0,,,454990,,,,,,,90005-074,,,,,,2,840316316118,Grundéns,Grundens,Talla,L,,1,
30357,variation,60048-226-1009,840106472406,Sandalia Species Sandal - Redfish Brown - 9,1,0,visible,,,,,taxable,parent,1,4,,0,0,,,,,0,,,54990,,,,,,,60048-226,,,,,,2,840106472406,Grundéns,Grundens,Talla,9,,1,
30360,variation,60048-350-1009,,Sandalia Species Sandal - Bass - 9,1,0,visible,,,,,taxable,parent,1,3,,0,0,,,,,0,,,54990,,,,,,,60048-350,,,,,,2,840316308991,Grundéns,Grundens,Talla,9,,1,
30367,variation,60008-001-1009,840106437511,Botas Deck-Boss Ankle Boot - Black - 9,1,0,visible,,,,,taxable,parent,0,0,,0,0,,,,,0,,,119990,,,,,,,60011-019,,,,,,2,7332525240160,Grundéns,Grundens,Talla,9,,1,
30374,variation,60008-215-1009,,Botas Deck-Boss Ankle Boot - Dark Brown - 9,1,0,visible,,,,,taxable,parent,0,0,,0,0,,,,,0,,,119990,,,,,,,60008-215,,,,,,2,840106466993,Grundéns,Grundens,Talla,9,,1,
30380,variation,60008-355-1009,,Deck-Boss Ankle Boot - Otter - 9,1,0,visible,,,,,taxable,parent,1,2,,0,0,,,,,0,,,119990,,,,,,,60008-355,,,,,,2,840316307154,Grundéns,Grundens,Talla,9,,1,
30389,variation,60011-019-1006,,Botas Deck Boss Ankle Boot Mujer - Iron Gate - 6,1,0,visible,,,,,taxable,parent,0,0,,0,0,,,,,0,,,119990,,,,,,,60011019,,,,,,2,840106467273,Grundéns,Grundens,Talla,6,,1,
30410,variation,600184741090,,Zapatilla SeaKnit ™ Boat ShoeSea Knit Boat Shoe - Storm - 9,1,0,visible,,,,,taxable,parent,1,1,,0,0,,,,,0,,,119990,,,,,,,60018-474,,,,,,2,840316307901,Grundéns,Grundens,Talla,9,,1,
30770,variation,90004-025-5009,,Wader Vector Stockingfoot Hombre - Anchor - L,1,0,visible,,,,,taxable,parent,1,1,,0,0,,,,,0,,,569990,,,,https://trendseeker.cl/wp-content/uploads/2024/10/Wader-Grundens-Vector-Stockingfoot-Anchor-.jpg,,,90004-025,,,,,,2,840316310406,Grundéns,Grundens,Talla,L,,1,
31149,variation,10329-802-0014,,Chaqueta Full Share Orange - Grey - M,1,0,visible,,,,,taxable,parent,1,3,,0,0,,,,,0,,,149990,,,,,,,10329-802,,,,,,2,840106479436,Grundéns,Grundens,Talla,M,,1,
31158,variation,10360-025-0014,,Pantalón Trident - Anchor - M,1,0,visible,,,,,taxable,parent,1,5,,0,0,,,,,0,,,119990,,,,,,,10360-025,,,,,,2,840106451401,Grundéns,Grundens,Talla,M,,1,
31177,variation,20076-039-0014,,Chaqueta Kryall Hoodie - Midnight - M,1,0,visible,,,,,taxable,parent,1,10,,0,0,,,,,0,,,134990,,,,,,,20038-039,,,,,,2,840316339483,Grundéns,Grundens,Talla,M,,1,
31190,variation,60011-355-1007,,Botas Deck Boss Ankle Boot Mujer - Otter - 7,1,0,visible,,,,,taxable,parent,1,2,,0,0,,,,,0,,,119990,,,,,,,60011-355,,,,,,2,840106482184,Grundéns,Grundens,Talla,7,,1,
31298,variation,10212-001-0014,,Chaqueta Portal Gore Tex - Black - M,1,0,visible,,,,,taxable,parent,1,9,,0,0,,,,,0,,,689990,,,,,,,10212-001,,,,,,2,840316317498,Grundéns,Grundens,Talla,M,,1,
31307,variation,10215-355-0014,,Chaqueta De Vadeo Vector - Otter - M,1,0,visible,,,,,taxable,parent,1,8,,0,0,,,,,0,,,419990,,,,,,,10215-355,,,,,,2,840316317795,Grundéns,Grundens,Talla,M,,1,
31317,variation,90001-356-4009,,Wader Boundary GORE TEX Zip Stockingfoot - Otter - M,1,0,visible,,,,,taxable,parent,1,2,,0,0,,,,,0,,,1099990,,,,,,,90001-356,,,,,,2,840106470921,Grundéns,Grundens,Talla,M,,1,
31552,variation,10350-007-0015,,Jardinera Full Share Bib - Black Reflective - L,1,0,visible,,,,,taxable,parent,1,10,,0,0,,,,,0,,,149990,,,,,,,10350-007,,,,,,2,7332525248500,Grundéns,Grundens,Talla,L,,1,
32104,variation,,,Chaqueta Weather Watch - Black - XL,1,0,visible,,,,,taxable,parent,1,10,,0,0,,,,,0,,,99990,,,,,,,10361-001,,,,,,2,10223-001-001,Grundéns,Grundens,Talla,XL,,1,
32743,variation,,,Jardinera Weather Watch Bib Black - M,1,0,visible,,,,,taxable,parent,0,0,,0,0,,,,,0,,,99990,,,,,,,10362-001,,,,,,2,,Grundéns,Grundens,Talla,M,,1,
32810,variation,10206-119-0014,,Chaqueta Charter Jacket Squall - White - M,1,0,visible,,,,,taxable,parent,1,5,,0,0,,,,,0,,,339990,,,,,,,10206-119,,,,,,2,840316316507,Grundéns,Grundens,Talla,M,,1,
32837,variation,60043-001-1009,,Deviation Sherpa Ankle Boot Black - 9,1,0,visible,,,,,taxable,parent,1,6,,0,0,,,,,0,,,169990,,,,,,,60043-001,,,,,,2,840316302036,Grundéns,Grundens,Talla,9,,1,
32851,variation,60043-225-1009,,Deviation Sherpa Ankle Boot Silt - 9,1,0,visible,,,,,taxable,parent,1,4,,0,0,,,,,0,,,169990,,,,,,,60043-225,,,,,,2,840316302104,Grundéns,Grundens,Talla,9,,1,
32896,variation,20076-912-0015,,Chaqueta Kryall Hoodie - Smoke - L,1,0,visible,,,,,taxable,parent,1,2,,0,0,,,,,0,,,124990,,,,,,,20076-912,,,,,,2,840316339735,Grundéns,Grundens,Talla,L,,1,
32906,variation,40108-070-0015,,Camisa Jetty Shirt - Drift Grey - L,1,0,visible,,,,,taxable,parent,1,9,,0,0,,,,,0,,,74990,,,,,,,40108-070,,,,,,2,840316301787,Grundéns,Grundens,Talla,L,,1,
32947,variation,40112-607-0015,,Polera Tough Sun Crew - Red Orange - L,1,0,visible,,,,,taxable,parent,1,1,,0,0,,,,,0,,,39990,,,,,,,40112-607,,,,,,2,840316306645,Grundéns,Grundens,Talla,L,,1,
32956,variation,40113-449-0015,,Polera con gorro - Tough Sun - Azure - L,1,0,visible,,,,,taxable,parent,1,9,,0,0,,,,,0,,,54990,,,,,,,40113-449,,,,,,2,840316306850,Grundéns,Grundens,Talla,L,,1,
32968,variation,40117-074-0014,,Camisa Dispatch Flannel Shirt - Sagebrush - M,1,0,visible,,,,,taxable,parent,1,8,,0,0,,,,,0,,,99990,,,,,,,40117-074,,,,,,2,840316321952,Grundéns,Grundens,Talla,M,,1,
32983,variation,60022-325-0015,7332525293838,Calcetín Boot Sock Thermal - Deep Lichen Green - L,1,0,visible,,,,,taxable,parent,1,10,,0,0,,,,,0,,,31990,,,,,,,60021-325,,,,,,2,7332525293838,Grundéns,Grundens,Talla,L,,1,
32988,variation,600184-741090,,Zapatilla SeaKnit ™ Boat ShoeSea Knit Boat Shoe - Storm,1,0,visible,,,,,taxable,parent,1,1,,0,0,,,,,0,,,119990,,,,,,,60018-474,,,,,,2,840316307901,Grundéns,Grundens,Talla,,,1,
32994,variation,60047-001-1007,,Women's - Deviation Sherpa Ankle Boot Black - Mujer - 7,1,0,visible,,,,,taxable,parent,1,3,,0,0,,,,,0,,,169990,,,,,,,60047-001,,,,,,2,840316302401,Grundéns,Grundens,Talla,7,,1,
32999,variation,60047-225-1007,,Women´s - Deviation Sherpa Ankle Boot Slit - Mujer - 7,1,0,visible,,,,,taxable,parent,1,2,,0,0,,,,,0,,,169990,,,,,,,60047-225,,,,,,2,840316302470,Grundéns,Grundens,Talla,7,,1,
33296,variation,10075-001-0017,,Jardinera Neptune Bib - Black - XXL,1,0,visible,,,,,taxable,parent,1,3,,0,0,,,,,0,,,119990,,,,,,,10075-001,,,,,,2,7332646959743,Grundéns,Grundens,Talla,XXL,,1,
33298,variation,10075-300-0014,,Jardinera Neptune Bib Green - M,1,0,visible,,,,,taxable,parent,1,5,,0,0,,,,,0,,,119990,,,,,,,10075-300,,,,,,2,7332646959859,Grundéns,Grundens,Talla,M,,1,
33948,variation,20062-336-0015,,"Thermal 1/2 Zip, Deep Depths - L",1,0,visible,,,,,taxable,parent,1,3,,0,0,,,,,0,,,94990,,,,,,,20062-336,,,,,,2,840316329279,Grundéns,Grundens,Talla,L,,1,
33955,variation,20076-358-0015,,Chaqueta Kryall Hoodie - Forest - L,1,0,visible,,,,,taxable,parent,1,10,,0,0,,,,,0,,,134990,,,,,,,20076-358,,,,,,2,840316339612,Grundéns,Grundens,Talla,L,,1,
33980,variation,30005-025-0017,,Primera Capa Grundies Light Crew Top - Anchor - XXL,1,0,visible,,,,,taxable,parent,1,2,,0,0,,,,,0,,,39990,,,,,,,30005-025,,,,,,2,7332525228991,Grundéns,Grundens,Talla,XXL,,1,
33983,variation,30006-025-0017,,Primera Capa Grundies Light Crew Bottom - Anchor - XXL,1,0,visible,,,,,taxable,parent,1,2,,0,0,,,,,0,,,39990,,,,,,,30006-025,,,,,,2,7332525229080,Grundéns,Grundens,Talla,XXL,,1,
33986,variation,60102-355-1110,,Bankside Wading Boot - Vibram - 11,1,0,visible,,,,,taxable,parent,1,5,,0,0,,,,,0,,,319990,,,,,,,60102-355,,,,,,2,7332525303278,Grundéns,Grundens,Talla,11,,1,
34013,variation,40113-025-0016,,Tough Sun Hoodie - XL,1,0,visible,,,,,taxable,parent,1,3,,0,0,,,,,0,,,54990,,,,,,,40113-025,,,,,,2,840316306720,Grundéns,Grundens,Talla,XL,,1,
34019,variation,,,Tough Sun Hoodie - XL,1,0,visible,,,,,taxable,parent,1,2,,0,0,,,,,0,,,54990,,,,,,,id:34017,,,,,,2,840316306867,Grundéns,Grundens,Talla,XL,,1,
34033,variation,20069-001-0014,,Bering Fleece Pro Full-Zip Hoodie - M,1,0,visible,,,,,taxable,parent,1,10,,0,0,,,,,0,,,159990,,,,,,,20069-001,,,,,,2,840316338462,Grundéns,Grundens,Talla,M,,1,
34039,variation,20037-025-0014,,Bulkhead Stretch Jacket - M,1,0,visible,,,,,taxable,parent,1,7,,0,0,,,,,0,,,149990,,,,,,,20037-025,,,,,,2,7332525262476,Grundéns,Grundens,Talla,M,,1,
34857,variation,20076-001-0016,,Chaqueta Kryall Hoodie - Black - XL,1,0,visible,,,,,taxable,parent,1,,,0,0,,,,,0,,,134990,,,,,,,20038-001,,,,,,2,840316339445,Grundéns,Grundéns,Talla,XL,,1,
34907,variation,90007-025-5009,,"Men's Vector Zip Stockingfoot Wader, Anchor - L",1,0,visible,,,,,taxable,parent,1,8,,0,0,,,,,0,,,849990,,,,,,,90007-025,,,,,,2,840316333849,Grundéns,Grundéns,Talla,L,,1,
24595,variation,R11D038,,Hamptons Metallic Gold - 38,1,0,visible,,,,,taxable,parent,1,8,,0,0,,,,,0,,,99990,,,,,,,R11D0,,,"F33DO, K10DO, W19DO",,,3,,Grundéns,Grundens,size,38,,1,
29622,variation,10079-300-0014,840106411627,Chaqueta Neptune Jacket - Green - M,1,0,visible,,,,,taxable,parent,1,5,,0,0,,,,,0,,,119990,,,,,,,10079-300,,,,,,3,840106411627,Grundéns,Grundens,Talla,M,,1,
29918,variation,10079-425-0014,840316316446,Chaqueta Neptune Jacket - Dark Navy - M,1,0,visible,,,,,taxable,parent,1,5,,0,0,,,,,0,,,119990,,,,,,,10079-425,,,,,,3,840316316446,Grundéns,Grundens,Talla,M,,1,
29923,variation,10132-021-0015,840106490479,Chaqueta Neptune Jacket Mujer - Sky Grey - L,1,0,visible,,,,,taxable,parent,0,0,,0,0,,,,,0,,,109990,,,,,,,10132-021,,,,,,3,840106490479,Grundéns,Grundens,Talla,L,,1,
29940,variation,10132-673-0014,840106458219,Chaqueta Neptune Jacket Mujer - Fiery Coral - M,1,0,visible,,,,,taxable,parent,0,0,,0,0,,,,,0,,,109990,,,,,,,10132-673,,,,,,3,840106458219,Grundéns,Grundens,Talla,M,,1,
29954,variation,10207-001-0015,840316316767,Chaqueta Cutter Jacket - Black - L,1,0,visible,,,,,taxable,parent,1,4,,0,0,,,,,0,,,69990,,,,,,,10207-001,,,,,,3,840316316767,Grundéns,Grundens,Talla,L,,1,
29981,variation,10329-015-0015,840106481453,Chaqueta Full Share Jacket Black - Grey - L,1,0,visible,,,,,taxable,parent,0,0,,0,0,,,,,0,,,149990,,,,,,,10329-015,,,,,,3,840106481453,Grundéns,Grundens,Talla,L,,1,
29989,variation,10329-425-0015,840316317993,Chaqueta Full Share Jacket - Dark Navy - L,1,0,visible,,,,,taxable,parent,0,0,,0,0,,,,,0,,,139990,,,,,,,10329-425,,,,,,3,840316317993,Grundéns,Grundens,Talla,L,,1,
29997,variation,10329-605-0015,840106481521,Chaqueta Full Share Jacket Opilio - Grey - L,1,0,visible,,,,,taxable,parent,1,10,,0,0,,,,,0,,,149990,,,,,,,10329-605,,,,,,3,840106481521,Grundéns,Grundens,Talla,L,,1,
30005,variation,10330-025-0015,840106450466,Jardinera Full Share Bib - Anchor - L,1,0,visible,,,,,taxable,parent,1,10,,0,0,,,,,0,,,149990,,,,,,,10330-025,,,,,,3,840106450466,Grundéns,Grundens,Talla,L,,1,
30018,variation,10359-023-0016,840106451180,Chaqueta Trident Jacket - Metal - XL,1,0,visible,,,,,taxable,parent,0,0,,0,0,,,,,0,,,119990,,,,,,,10359-023,,,,,,3,840106451180,Grundéns,Grundens,Talla,XL,,1,
30026,variation,10359-425-0016,840316302876,Chaqueta Trident Jacket-Dark Navy - XL,1,0,visible,,,,,taxable,parent,1,4,,0,0,,,,,0,,,119990,,,,,,,10359-425,,,,,,3,840316302876,Grundéns,Grundens,Talla,XL,,1,
30042,variation,10361-368-0015,840316318457,Chaqueta Weather Watch Jacket-Turtle Grass - L,1,0,visible,,,,,taxable,parent,1,16,,0,0,,,,,0,,,99990,,,,,,,10361-368,,,,,,3,840316318457,Grundéns,Grundens,Talla,L,,1,
30052,variation,10361-621-0016,840316318600,Chaqueta Weather Watch Jacket-Flame Scarlet - XL,1,0,visible,,,,,taxable,parent,1,10,,0,0,,,,,0,,,99990,,,,,,,10361-621,,,,,,3,840316318600,Grundéns,Grundens,Talla,XL,,1,
30059,variation,10379-339-0013,840106459636,Chaqueta Aquarius Mujer - Laurel Wreath - Green Bay - M,1,0,visible,,,,,taxable,parent,1,3,,0,0,,,,,0,,,139990,,,,,,,10379-339,,,,,,3,840106459643,Grundéns,Grundens,Talla,M,,1,
30068,variation,10379-610-0014,840106459704,Chaqueta Aquarius Jacket Mujer - Heron - M,1,0,visible,,,,,taxable,parent,1,3,,0,0,,,,,0,,,139990,,,,,,,10379-610,,,,,,3,840106459704,Grundéns,Grundens,Talla,M,,1,
30077,variation,20022-025-0015,840106412204,Primera Capa Grundies Thermal 1/4 Zip Top - Anchor - L,1,0,visible,,,,,taxable,parent,0,0,,0,0,,,,,0,,,78990,,,,,,,20022-025,,,,,,3,840106412204,Grundéns,Grundens,Talla,L,,1,
30087,variation,20035-024-0014,840106448869,Polerón Maris Hoodie Mujer - Charcoal - M,1,0,visible,,,,,taxable,parent,1,4,,0,0,,,,,0,,,88990,,,,,,,20035-024,,,,,,3,840106448869,Grundéns,Grundens,Talla,M,,1,
30096,variation,20051-001-0015,840316300681,Polerón Squall Insulated Hoodie -Black - L,1,0,visible,,,,,taxable,parent,0,0,,0,0,,,,,0,,,134990,,,,,,,20051-001,,,,,,3,840316300681,Grundéns,Grundens,Talla,L,,1,
30104,variation,20051-403-0015,840316300803,Polerón Squall Insulated Hoodie - Midnight - L,1,0,visible,,,,,taxable,parent,1,2,,0,0,,,,,0,,,134990,,,,,,,20051-403,,,,,,3,840316300803,Grundéns,Grundens,Talla,L,,1,
30113,variation,20059-236-0015,840316319027,Chaqueta Bulkhead Jacket - Whiskey - Anchor - L,1,0,visible,,,,,taxable,parent,1,10,,0,0,,,,,0,,,139990,,,,,,,20059-236,,,,,,3,840316319027,Grundéns,Grundens,Talla,L,,1,
30122,variation,20059-425-0015,840316319089,Chaqueta Bulkhead Jacket - Dark Navy - L,1,0,visible,,,,,taxable,parent,1,6,,0,0,,,,,0,,,139990,,,,,,,20059-425,,,,,,3,840316319089,Grundéns,Grundens,Talla,L,,1,
30130,variation,30003-025-0015,840106412532,Primera Capa Grundies Mid 1/4 Zip Top - Anchor - L,1,0,visible,,,,,taxable,parent,1,7,,0,0,,,,,0,,,54990,,,,,,,30003-025,,,,,,3,840106412532,Grundéns,Grundens,Talla,L,,1,
30150,variation,30004-025-0015,840106412600,Primera Capa Grundies Mid Bottom - Anchor - L,1,0,visible,,,,,taxable,parent,0,0,,0,0,,,,,0,,,54990,,,,,,,30004-025,,,,,,3,840106412600,Grundéns,Grundens,Talla,L,,1,
30168,variation,40062-252-5040,,Gaff Short 11 - Seneca - 40,1,0,visible,,,,,taxable,parent,1,1,,0,0,,,,,0,,,88990,,,,,,,40062-252,,,,,,3,8401064238973,Grundéns,Grundens,Talla,40,,1,
30190,variation,40101-019-5036,,Pantalones Foundry Pant - Iron Gate - 36,1,0,visible,,,,,taxable,parent,0,0,,0,0,,,,,0,,,74990,,,,,,,40101-019,,,,,,3,,Grundéns,Grundens,Talla,36,,1,
30201,variation,40101-212-5036,,Pantalón Foundry Pant -Winter Twig - 36,1,0,visible,,,,,taxable,parent,1,4,,0,0,,,,,0,,,74990,,,,,,,40101-212,,,,,,3,,Grundéns,Grundens,Talla,36,,1,
30224,variation,40108-019-0015,,Camisa Jetty Shirt - Iron Gate - L,1,0,visible,,,,,taxable,parent,1,5,,0,0,,,,,0,,,74990,,,,,,,40108-019,,,,,,3,840316301725,Grundéns,Grundens,Talla,L,,1,
30234,variation,40112-025-0015,840316306508,Polera Tough Sun Crew - Anchor - L,1,0,visible,,,,,taxable,parent,1,5,,0,0,,,,,0,,,39990,,,,,,,40112-025,,,,,,3,840316306508,Grundéns,Grundens,Talla,L,,1,
30244,variation,50243-025-0015,,Polera Anchor Down SS Tech Tee-Anchor - L,1,0,visible,,,,,taxable,parent,1,1,,0,0,,,,,0,,,39990,,,,,,,50243-025,,,,,,3,840106464296,Grundéns,Grundens,Talla,L,,1,
30253,variation,50341-477-0016,,Polera Commercial Boat SS Tech Tee-Blue Abyss - XL,1,0,visible,,,,,taxable,parent,1,2,,0,0,,,,,0,,,37990,,,,,,,50341-477,,,,,,3,840316311953,Grundéns,Grundens,Talla,XL,,1,
30261,variation,50366-358-0015,,Polera G Trout SS T-Shirt - Forest - L,1,0,visible,,,,,taxable,parent,1,5,,0,0,,,,,0,,,37990,,,,,,,50366-358,,,,,,3,840316313643,Grundéns,Grundens,Talla,L,,1,
30271,variation,50368-358-0015,,Polera Logo Anchor LS T-Shirt - Forest - L,1,0,visible,,,,,taxable,parent,1,5,,0,0,,,,,0,,,31990,,,,,,,50368-358,,,,,,3,840316313735,Grundéns,Grundens,Talla,L,,1,
30281,variation,50374-460-0015,,Polera Logo Anchor SS Tech Tee - Surf - L,1,0,visible,,,,,taxable,parent,1,5,,0,0,,,,,0,,,37990,,,,,,,50374-460,,,,,,3,840316313995,Grundéns,Grundens,Talla,L,,1,
30321,variation,90000-356-6012,840106471133,Wader Boundary Stockingfoot Hombre - Stone / Otter - XL,1,0,visible,,,,,taxable,parent,1,5,,0,0,,,,,0,,,689990,,,,,,,90000-356,,,,,,3,840106471133,Grundéns,Grundens,Talla,XL,,1,
30332,variation,90005-074-6012,,Wader Bedrock Stockingfoot Hombre - Sagebrush - XL,1,0,visible,,,,,taxable,parent,1,4,,0,0,,,,,0,,,454990,,,,,,,90005-074,,,,,,3,840316316163,Grundéns,Grundens,Talla,XL,,1,
30354,variation,60048-226-1010,840106472413,Sandalia Species Sandal - Redfish Brown - 10,1,0,visible,,,,,taxable,parent,1,6,,0,0,,,,,0,,,54990,,,,,,,60048-226,,,,,,3,840106472413,Grundéns,Grundens,Talla,10,,1,
30361,variation,60048-350-1010,,Sandalia Species Sandal - Bass - 10,1,0,visible,,,,,taxable,parent,1,3,,0,0,,,,,0,,,54990,,,,,,,60048-350,,,,,,3,840316309004,Grundéns,Grundens,Talla,10,,1,
30368,variation,60008-001-1010,840106437528,Botas Deck-Boss Ankle Boot - Black - 10,1,0,visible,,,,,taxable,parent,0,0,,0,0,,,,,0,,,119990,,,,,,,60011-019,,,,,,3,7332525240177,Grundéns,Grundens,Talla,10,,1,
30375,variation,60008-215-1010,,Botas Deck-Boss Ankle Boot - Dark Brown - 10,1,0,visible,,,,,taxable,parent,0,0,,0,0,,,,,0,,,119990,,,,,,,60008-215,,,,,,3,840106467006,Grundéns,Grundens,Talla,10,,1,
30381,variation,60008-355-1010,,Deck-Boss Ankle Boot - Otter - 10,1,0,visible,,,,,taxable,parent,1,1,,0,0,,,,,0,,,119990,,,,,,,60008-355,,,,,,3,840316307161,Grundéns,Grundens,Talla,10,,1,
30390,variation,60011-019-1007,,Botas Deck Boss Ankle Boot Mujer - Iron Gate - 7,1,0,visible,,,,,taxable,parent,0,0,,0,0,,,,,0,,,119990,,,,,,,60011019,,,,,,3,840106467280,Grundéns,Grundens,Talla,7,,1,
30411,variation,600184741100,,Zapatilla SeaKnit ™ Boat ShoeSea Knit Boat Shoe - Storm - 10,1,0,visible,,,,,taxable,parent,1,4,,0,0,,,,,0,,,119990,,,,,,,60018-474,,,,,,3,840316307925,Grundéns,Grundens,Talla,10,,1,
31124,variation,10075-001-0013,,Jardinera Neptune Bib - Black - S,1,0,visible,,,,,taxable,parent,1,5,,0,0,,,,,0,,,119990,,,,,,,10075-001,,,,,,3,840106410071,Grundéns,Grundens,Talla,S,,1,
31151,variation,10329-802-0016,,Chaqueta Full Share Orange - Grey - XL,1,0,visible,,,,,taxable,parent,0,0,,0,0,,,,,0,,,149990,,,,,,,10329-802,,,,,,3,840106479450,Grundéns,Grundens,Talla,XL,,1,
31157,variation,10360-025-0015,,Pantalón Trident - Anchor - L,1,0,visible,,,,,taxable,parent,1,4,,0,0,,,,,0,,,119990,,,,,,,10360-025,,,,,,3,840106451418,Grundéns,Grundens,Talla,L,,1,
31166,variation,10361-001-0012,,Chaqueta Weather Watch - Black - XS,1,0,visible,,,,,taxable,parent,1,5,,0,0,,,,,0,,,99990,,,,,,,10361-001,,,,,,3,840106483891,Grundéns,Grundens,Talla,XS,,1,
31176,variation,20076-039-0015,,Chaqueta Kryall Hoodie - Midnight - L,1,0,visible,,,,,taxable,parent,1,10,,0,0,,,,,0,,,134990,,,,,,,20038-039,,,,,,3,840316339490,Grundéns,Grundens,Talla,L,,1,
31185,variation,20076-358-0013,,Chaqueta Kryall Hoodie - Forest - S,1,0,visible,,,,,taxable,parent,1,5,,0,0,,,,,0,,,134990,,,,,,,20076-358,,,,,,3,840316339599,Grundéns,Grundens,Talla,S,,1,
31187,variation,30005-025-0013,,Primera Capa Grundies Light Crew Top - Anchor - S,1,0,visible,,,,,taxable,parent,1,3,,0,0,,,,,0,,,39990,,,,,,,30005-025,,,,,,3,840106412655,Grundéns,Grundens,Talla,S,,1,
31191,variation,60011-355-1008,,Botas Deck Boss Ankle Boot Mujer - Otter - 8,1,0,visible,,,,,taxable,parent,0,0,,0,0,,,,,0,,,119990,,,,,,,60011-355,,,,,,3,840106482191,Grundéns,Grundens,Talla,8,,1,
31297,variation,10212-001-0015,,Chaqueta Portal Gore Tex - Black - L,1,0,visible,,,,,taxable,parent,1,10,,0,0,,,,,0,,,689990,,,,,,,10212-001,,,,,,3,840316317504,Grundéns,Grundens,Talla,L,,1,
31306,variation,10215-355-0015,,Chaqueta De Vadeo Vector - Otter - L,1,0,visible,,,,,taxable,parent,1,4,,0,0,,,,,0,,,419990,,,,,,,10215-355,,,,,,3,840316317801,Grundéns,Grundens,Talla,L,,1,
31316,variation,90001-356-5009,,Wader Boundary GORE TEX Zip Stockingfoot - Otter - L,1,0,visible,,,,,taxable,parent,1,1,,0,0,,,,,0,,,1099990,,,,,,,90001-356,,,,,,3,840106470969,Grundéns,Grundens,Talla,L,,1,
31340,variation,90004-025-6012,,Wader Vector Stockingfoot Hombre - Anchor - XL,1,0,visible,,,,,taxable,parent,1,1,,0,0,,,,,0,,,569990,,,,,,,90004-025,,,,,,3,840316310451,Grundéns,Grundens,Talla,XL,,1,
31553,variation,10350-007-0014,,Jardinera Full Share Bib - Black Reflective - M,1,0,visible,,,,,taxable,parent,1,10,,0,0,,,,,0,,,149990,,,,,,,10350-007,,,,,,3,7332525248494,Grundéns,Grundens,Talla,M,,1,
31935,simple,24-024-09-UN,,Anteojo Arrecife Brown Camo / Black,1,0,visible,,"Los anteojos de sol The Indian Face® son reconocid0s y comercializad0s en más de 30 países. ¿Crees que es por casualidad? #BORNTOBEFREE\n\n\n\nSon anteojos de sol totalmente unisex, es decir, que son anteojos con monturas que se adaptan tanto para hombre como para mujer. Gracias a su equilibrio simétrico, conseguimos un efecto estético favorable en ambos perfiles faciales, consiguiendo así, una total polivalencia.\n\nCuentan con una protección UV400 en categoría 3 siendo así la elección perfecta para practicar deportes acuáticos como de invierno, además de ser perfectas para el uso diario y son aptas para la conducción\n\nLentes TAC FULL HD de alta definición están fabricadas con materiales que proporcionan un alto contraste y gran nitidez.\n\n\n\nLENTES POLARIZADAS DE ALTA DEFINICIÓN\n\nLentes Polarizadas: desvían los reflejos y el rebote de los rayos solares sobre superficies como la carretera o el mar creándote así, una mayor suavidad visual lo que se traduce en un mayor confort para tus ojos.\n\nFiltro UV400 que te protege de los rayos UV del sol, incluyendo los rayos UVA y los UVB.\n\nTransmisión lumínica en Categoría 3 perfecta para los días de sol intenso. Para ir a la playa, practicar deporte o simplemente pasear por el campo o la ciudad.\n\n\n\nLentes TAC FULL HD fabricadas con multi capa de Alta Definición para conseguir una mayor nitidez en cualquier condición de luz. Verás todos los colores con mejor contraste y mayor fidelidad.\n\n\n\n- Montura Unisex tanto para hombre como para mujer, ultra ligera fabricada en PC\n\n- Diseño ergonómico unisex extra confortable para una mejor adaptación tanto en hombre como en mujer\n\n- Bisagras de titanio de 5 barras para conseguir una mayor durabilidad al máximo rendimiento. Unos anteojos de sol pueden ser abiertas y cerradas miles de veces por lo que es importante contar con unas bisagras de máxima calidad capaces de aguantar el paso del tiempo.\n\n- Lentes TAC Polarizadas de Alta Definición Protección CAT.3 - UV400\n\n- Funda de microfibra incluida con la que podrás guardar tus gafas y además limpiar las lentes",,,taxable,,1,,,0,0,,,,,0,,,59990,Anteojos,anteojo,,"https://trendseeker.cl/wp-content/uploads/2025/03/Anteojo-Arrecife-Brown-Camo-Black.jpg, https://trendseeker.cl/wp-content/uploads/2025/03/Anteojo-Arrecife-Brown-Camo-Black-1.jpg",,,,,,,,,3,,Grundéns,Grundens,,,,,
32811,variation,10206-119-0015,,Chaqueta Charter Jacket Squall - White - L,1,0,visible,,,,,taxable,parent,1,4,,0,0,,,,,0,,,339990,,,,,,,10206-119,,,,,,3,840316316514,Grundéns,Grundens,Talla,L,,1,
32838,variation,60043-001-1010,,Deviation Sherpa Ankle Boot Black - 10,1,0,visible,,,,,taxable,parent,1,3,,0,0,,,,,0,,,169990,,,,,,,60043-001,,,,,,3,840316302043,Grundéns,Grundens,Talla,10,,1,
32852,variation,60043-225-1011,,Deviation Sherpa Ankle Boot Silt - 11,1,0,visible,,,,,taxable,parent,1,1,,0,0,,,,,0,,,169990,,,,,,,60043-225,,,,,,3,840316302128,Grundéns,Grundens,Talla,11,,1,
32889,variation,20076-001-0014,,Chaqueta Kryall Hoodie - Black - M,1,0,visible,,,,,taxable,parent,1,10,,0,0,,,,,0,,,134990,,,,,,,20038-001,,,,,,3,840316339421,Grundéns,Grundens,Talla,M,,1,
32897,variation,20076-912-0016,,Chaqueta Kryall Hoodie - Smoke - XL,1,0,visible,,,,,taxable,parent,1,3,,0,0,,,,,0,,,124990,,,,,,,20076-912,,,,,,3,840316339742,Grundéns,Grundens,Talla,XL,,1,
32907,variation,40108-070-0016,,Camisa Jetty Shirt - Drift Grey - XL,1,0,visible,,,,,taxable,parent,1,4,,0,0,,,,,0,,,74990,,,,,,,40108-070,,,,,,3,840316301794,Grundéns,Grundens,Talla,XL,,1,
32948,variation,40112-607-0016,,Polera Tough Sun Crew - Red Orange - XL,1,0,visible,,,,,taxable,parent,1,5,,0,0,,,,,0,,,39990,,,,,,,40112-607,,,,,,3,840316306652,Grundéns,Grundens,Talla,XL,,1,
32957,variation,40113-449-0016,,Polera con gorro - Tough Sun - Azure - XL,1,0,visible,,,,,taxable,parent,1,5,,0,0,,,,,0,,,54990,,,,,,,40113-449,,,,,,3,840316306867,Grundéns,Grundens,Talla,XL,,1,
32969,variation,40117-074-0015,,Camisa Dispatch Flannel Shirt - Sagebrush - L,1,0,visible,,,,,taxable,parent,1,2,,0,0,,,,,0,,,99990,,,,,,,40117-074,,,,,,3,840316321969,Grundéns,Grundens,Talla,L,,1,
32989,variation,600184-741100,,Zapatilla SeaKnit ™ Boat ShoeSea Knit Boat Shoe - Storm,1,0,visible,,,,,taxable,parent,1,4,,0,0,,,,,0,,,119990,,,,,,,60018-474,,,,,,3,840316307925,Grundéns,Grundens,Talla,,,1,
32995,variation,60047-001-1008,,Women's - Deviation Sherpa Ankle Boot Black - Mujer - 8,1,0,visible,,,,,taxable,parent,1,3,,0,0,,,,,0,,,169990,,,,,,,60047-001,,,,,,3,840316302418,Grundéns,Grundens,Talla,8,,1,
33000,variation,60047-225-1008,,Women´s - Deviation Sherpa Ankle Boot Slit - Mujer - 8,1,0,visible,,,,,taxable,parent,1,11,,0,0,,,,,0,,,169990,,,,,,,60047-225,,,,,,3,840316302487,Grundéns,Grundens,Talla,8,,1,
33949,variation,20062-336-0014,,"Thermal 1/2 Zip, Deep Depths - M",1,0,visible,,,,,taxable,parent,1,4,,0,0,,,,,0,,,94990,,,,,,,20062-336,,,,,,3,840316329262,Grundéns,Grundens,Talla,M,,1,
33981,variation,30006-025-0015,,Primera Capa Grundies Light Crew Bottom - Anchor - L,1,0,visible,,,,,taxable,parent,1,5,,0,0,,,,,0,,,39990,,,,,,,30006-025,,,,,,3,7332525229066,Grundéns,Grundens,Talla,L,,1,
33987,variation,60102-355-1080,,Bankside Wading Boot - Vibram - 8,1,0,visible,,,,,taxable,parent,1,2,,0,0,,,,,0,,,319990,,,,,,,60102-355,,,,,,3,7332525303247,Grundéns,Grundens,Talla,8,,1,
34034,variation,20069-001-0016,,Bering Fleece Pro Full-Zip Hoodie - XL,1,0,visible,,,,,taxable,parent,1,5,,0,0,,,,,0,,,159990,,,,,,,20069-001,,,,,,3,840316338486,Grundéns,Grundens,Talla,XL,,1,
34760,variation,10075-300-0015,,Jardinera Neptune Bib Green - L,1,0,visible,,,,,taxable,parent,1,,,0,0,,,,,0,,,119990,,,,,,,10075-300,,,,,,3,7332646959842,Grundéns,Grundéns,Talla,L,,1,
34908,variation,90007-025-6022,,"Men's Vector Zip Stockingfoot Wader, Anchor - XL",1,0,visible,,,,,taxable,parent,1,4,,0,0,,,,,0,,,849990,,,,,,,90007-025,,,,,,3,840316346320,Grundéns,Grundéns,Talla,XL,,1,
24596,variation,R11D039,,Hamptons Metallic Gold - 39,1,0,visible,,,,,taxable,parent,1,9,,0,0,,,,,0,,,99990,,,,,,,R11D0,,,"F33DO, K10DO, W19DO",,,4,,Grundéns,Grundéns,size,39,,1,
29621,variation,10079-300-0015,840106411634,Chaqueta Neptune Jacket - Green - L,1,0,visible,,,,,taxable,parent,1,10,,0,0,,,,,0,,,119990,,,,,,,10079-300,,,,,,4,840106411634,Grundéns,Grundens,Talla,L,,1,
29917,variation,10079-425-0015,840316316453,Chaqueta Neptune Jacket - Dark Navy - L,1,0,visible,,,,,taxable,parent,1,10,,0,0,,,,,0,,,119990,,,,,,,10079-425,,,,,,4,840316316453,Grundéns,Grundéns,Talla,L,,1,
29955,variation,10207-001-0016,840316316774,Chaqueta Cutter Jacket - Black - XL,1,0,visible,,,,,taxable,parent,1,3,,0,0,,,,,0,,,69990,,,,,,,10207-001,,,,,,4,840316316774,Grundéns,Grundéns,Talla,XL,,1,
29961,variation,10207-425-0013,840316316903,Chaqueta Cutter Jacket - Dark Navy - S,1,0,visible,,,,,taxable,parent,1,4,,0,0,,,,,0,,,89990,,,,,,,10207-425,,,,,,4,840316316903,Grundéns,Grundens,Talla,S,,1,
29980,variation,10329-015-0016,840106481460,Chaqueta Full Share Jacket Black - Grey - XL,1,0,visible,,,,,taxable,parent,0,0,,0,0,,,,,0,,,149990,,,,,,,10329-015,,,,,,4,840106481460,Grundéns,Grundéns,Talla,XL,,1,
29990,variation,10329-425-0016,840316318006,Chaqueta Full Share Jacket - Dark Navy - XL,1,0,visible,,,,,taxable,parent,0,0,,0,0,,,,,0,,,139990,,,,,,,10329-425,,,,,,4,840316318006,Grundéns,Grundéns,Talla,XL,,1,
29998,variation,10329-605-0016,840106481538,Chaqueta Full Share Jacket Opilio - Grey - XL,1,0,visible,,,,,taxable,parent,1,5,,0,0,,,,,0,,,149990,,,,,,,10329-605,,,,,,4,840106481538,Grundéns,Grundéns,Talla,XL,,1,
30006,variation,10330-025-0016,840106450473,Jardinera Full Share Bib - Anchor - XL,1,0,visible,,,,,taxable,parent,1,5,,0,0,,,,,0,,,149990,,,,,,,10330-025,,,,,,4,840106450473,Grundéns,Grundéns,Talla,XL,,1,
30015,variation,10359-023-0017,840106451197,Chaqueta Trident Jacket - Metal - XXL,1,0,visible,,,,,taxable,parent,1,2,,0,0,,,,,0,,,119990,,,,,,,10359-023,,,,,,4,840106451197,Grundéns,Grundéns,Talla,XXL,,1,
30027,variation,10359-425-0017,840316302883,Chaqueta Trident Jacket-Dark Navy - XXL,1,0,visible,,,,,taxable,parent,1,2,,0,0,,,,,0,,,119990,,,,,,,10359-425,,,,,,4,840316302883,Grundéns,Grundéns,Talla,XXL,,1,
30043,variation,10361-368-0016,840316318464,Chaqueta Weather Watch Jacket-Turtle Grass - XL,1,0,visible,,,,,taxable,parent,1,10,,0,0,,,,,0,,,99990,,,,,,,10361-368,,,,,,4,840316318464,Grundéns,Grundéns,Talla,XL,,1,
30049,variation,10361-621-0017,840316318617,Chaqueta Weather Watch Jacket-Flame Scarlet - XXL,1,0,visible,,,,,taxable,parent,0,0,,0,0,,,,,0,,,99990,,,,,,,10361-621,,,,,,4,840316318617,Grundéns,Grundéns,Talla,XXL,,1,
30060,variation,10379-339-0015,840106459650,Chaqueta Aquarius Mujer - Laurel Wreath - Green Bay - L,1,0,visible,,,,,taxable,parent,1,2,,0,0,,,,,0,,,139990,,,,,,,10379-339,,,,,,4,840106459650,Grundéns,Grundéns,Talla,L,,1,
30070,variation,10379-610-0015,840106459711,Chaqueta Aquarius Jacket Mujer - Heron - L,1,0,visible,,,,,taxable,parent,1,2,,0,0,,,,,0,,,139990,,,,,,,10379-610,,,,,,4,840106459711,Grundéns,Grundéns,Talla,L,,1,
30078,variation,20022-025-0016,,Primera Capa Grundies Thermal 1/4 Zip Top - Anchor - XL,1,0,visible,,,,,taxable,parent,1,6,,0,0,,,,,0,,,78990,,,,,,,20022-025,,,,,,4,840106412211,Grundéns,Grundéns,Talla,XL,,1,
30088,variation,20035-024-0015,840106448876,Polerón Maris Hoodie Mujer - Charcoal - L,1,0,visible,,,,,taxable,parent,1,2,,0,0,,,,,0,,,88990,,,,,,,20035-024,,,,,,4,840106448876,Grundéns,Grundéns,Talla,L,,1,
30094,variation,20051-001-0016,840316300698,Polerón Squall Insulated Hoodie -Black - XL,1,0,visible,,,,,taxable,parent,0,0,,0,0,,,,,0,,,134990,,,,,,,20051-001,,,,,,4,840316300698,Grundéns,Grundéns,Talla,XL,,1,
30105,variation,20051-403-0016,840316300810,Polerón Squall Insulated Hoodie - Midnight - XL,1,0,visible,,,,,taxable,parent,0,0,,0,0,,,,,0,,,134990,,,,,,,20051-403,,,,,,4,840316300810,Grundéns,Grundéns,Talla,XL,,1,
30114,variation,20059-236-0016,840316319034,Chaqueta Bulkhead Jacket - Whiskey - Anchor - XL,1,0,visible,,,,,taxable,parent,1,5,,0,0,,,,,0,,,139990,,,,,,,20059-236,,,,,,4,840316319034,Grundéns,Grundéns,Talla,XL,,1,
30123,variation,20059-425-0016,840316319096,Chaqueta Bulkhead Jacket - Dark Navy - XL,1,0,visible,,,,,taxable,parent,1,5,,0,0,,,,,0,,,139990,,,,,,,20059-425,,,,,,4,840316319096,Grundéns,Grundéns,Talla,XL,,1,
30131,variation,30003-025-0016,840106412549,Primera Capa Grundies Mid 1/4 Zip Top - Anchor - XL,1,0,visible,,,,,taxable,parent,1,9,,0,0,,,,,0,,,54990,,,,,,,30003-025,,,,,,4,840106412549,Grundéns,Grundéns,Talla,XL,,1,
30139,variation,30005-025-0014,840106412662,Primera Capa Grundies Light Crew Top - Anchor - M,1,0,visible,,,,,taxable,parent,1,4,,0,0,,,,,0,,,39990,,,,,,,30005-025,,,,,,4,840106412662,Grundéns,Grundéns,Talla,M,,1,
30151,variation,30004-025-0016,840106412617,Primera Capa Grundies Mid Bottom - Anchor - XL,1,0,visible,,,,,taxable,parent,1,5,,0,0,,,,,0,,,54990,,,,,,,30004-025,,,,,,4,840106412617,Grundéns,Grundéns,Talla,XL,,1,
30158,variation,30006-025-0014,840106412730,Primera Capa Grundies Light Crew Bottom - Anchor - M,1,0,visible,,,,,taxable,parent,1,5,,0,0,,,,,0,,,39990,,,,,,,30006-025,,,,,,4,840106412730,Grundéns,Grundéns,Talla,M,,1,
30191,variation,40101-019-5038,,Pantalones Foundry Pant - Iron Gate - 38,1,0,visible,,,,,taxable,parent,0,0,,0,0,,,,,0,,,74990,,,,,,,40101-019,,,,,,4,,Grundéns,Grundéns,Talla,38,,1,
30202,variation,40101-212-5038,,Pantalón Foundry Pant -Winter Twig - 38,1,0,visible,,,,,taxable,parent,0,0,,0,0,,,,,0,,,74990,,,,,,,40101-212,,,,,,4,,Grundéns,Grundéns,Talla,38,,1,
30225,variation,40108-019-0016,,Camisa Jetty Shirt - Iron Gate - XL,1,0,visible,,,,,taxable,parent,0,0,,0,0,,,,,0,,,74990,,,,,,,40108-019,,,,,,4,840316301732,Grundéns,Grundéns,Talla,XL,,1,
30248,variation,50243-025-0016,,Polera Anchor Down SS Tech Tee-Anchor - XL,1,0,visible,,,,,taxable,parent,1,2,,0,0,,,,,0,,,39990,,,,,,,50243-025,,,,,,4,840106464302,Grundéns,Grundéns,Talla,XL,,1,
30262,variation,50366-358-0016,,Polera G Trout SS T-Shirt - Forest - XL,1,0,visible,,,,,taxable,parent,0,0,,0,0,,,,,0,,,37990,,,,,,,50366-358,,,,,,4,840316313650,Grundéns,Grundéns,Talla,XL,,1,
30272,variation,50368-358-0016,,Polera Logo Anchor LS T-Shirt - Forest - XL,1,0,visible,,,,,taxable,parent,1,4,,0,0,,,,,0,,,31990,,,,,,,50368-358,,,,,,4,840316313742,Grundéns,Grundéns,Talla,XL,,1,
30282,variation,50374-460-0016,,Polera Logo Anchor SS Tech Tee - Surf - XL,1,0,visible,,,,,taxable,parent,1,2,,0,0,,,,,0,,,37990,,,,,,,50374-460,,,,,,4,840316314008,Grundéns,Grundéns,Talla,XL,,1,
30355,variation,60048-226-1011,840106472420,Sandalia Species Sandal - Redfish Brown - 11,1,0,visible,,,,,taxable,parent,1,3,,0,0,,,,,0,,,54990,,,,,,,60048-226,,,,,,4,840106472420,Grundéns,Grundéns,Talla,11,,1,
30362,variation,60048-350-1011,,Sandalia Species Sandal - Bass - 11,1,0,visible,,,,,taxable,parent,1,6,,0,0,,,,,0,,,54990,,,,,,,60048-350,,,,,,4,840316309011,Grundéns,Grundéns,Talla,11,,1,
30369,variation,60008-001-1011,840106437535,Botas Deck-Boss Ankle Boot - Black - 11,1,0,visible,,,,,taxable,parent,0,0,,0,0,,,,,0,,,119990,,,,,,,60011-019,,,,,,4,7332525240184,Grundéns,Grundéns,Talla,11,,1,
30376,variation,60008-215-1011,,Botas Deck-Boss Ankle Boot - Dark Brown - 11,1,0,visible,,,,,taxable,parent,0,0,,0,0,,,,,0,,,119990,,,,,,,60008-215,,,,,,4,840106467013,Grundéns,Grundéns,Talla,11,,1,
30382,variation,60008-355-1011,,Deck-Boss Ankle Boot - Otter - 11,1,0,visible,,,,,taxable,parent,0,0,,0,0,,,,,0,,,119990,,,,,,,60008-355,,,,,,4,840316307178,Grundéns,Grundéns,Talla,11,,1,
30387,variation,60011-019-1008,,Botas Deck Boss Ankle Boot Mujer - Iron Gate - 8,1,0,visible,,,,,taxable,parent,0,0,,0,0,,,,,0,,,119990,,,,,,,60011019,,,,,,4,840106467297,Grundéns,Grundéns,Talla,8,,1,
30412,variation,600184741105,,Zapatilla SeaKnit ™ Boat ShoeSea Knit Boat Shoe - Storm - 10.5,1,0,visible,,,,,taxable,parent,1,3,,0,0,,,,,0,,,119990,,,,,,,60018-474,,,,,,4,840316307932,Grundéns,Grundéns,Talla,10.5,,1,
31125,variation,10075-001-0015,,Jardinera Neptune Bib - Black - L,1,0,visible,,,,,taxable,parent,1,9,,0,0,,,,,0,,,119990,,,,,,,10075-001,,,,,,4,840106410095,Grundéns,Grundéns,Talla,L,,1,
31135,variation,10075-300-0013,,Jardinera Neptune Bib Green - S,1,0,visible,,,,,taxable,parent,1,5,,0,0,,,,,0,,,119990,,,,,,,10075-300,,,,,,4,,Grundéns,Grundens,Talla,S,,1,
31141,variation,10132-001-0014,,Chaqueta Neptune Mujer Black - M,1,0,visible,,,,,taxable,parent,1,10,,0,0,,,,,0,,,119990,,,,,,,10132-001,,,,,,4,7332525213799,Grundéns,Grundens,Talla,M,,1,
31165,variation,10361-001-0014,,Chaqueta Weather Watch - Black - M,1,0,visible,,,,,taxable,parent,1,14,,0,0,,,,,0,,,99990,,,,,,,10361-001,,,,,,4,840106483914,Grundéns,Grundens,Talla,M,,1,
31179,variation,20076-039-0016,,Chaqueta Kryall Hoodie - Midnight - XL,1,0,visible,,,,,taxable,parent,1,5,,0,0,,,,,0,,,134990,,,,,,,20038-039,,,,,,4,840316339506,Grundéns,Grundéns,Talla,XL,,1,
31184,variation,20076-358-0014,,Chaqueta Kryall Hoodie - Forest - M,1,0,visible,,,,,taxable,parent,1,10,,0,0,,,,,0,,,134990,,,,,,,20076-358,,,,,,4,840316339605,Grundéns,Grundéns,Talla,M,,1,
31189,variation,40112-025-0016,,Polera Tough Sun Crew - Anchor - XL,1,0,visible,,,,,taxable,parent,1,7,,0,0,,,,,0,,,39990,,,,,,,40112-025,,,,,,4,840316306515,Grundéns,Grundéns,Talla,XL,,1,
31194,variation,60011-355-1009,,Botas Deck Boss Ankle Boot Mujer - Otter - 9,1,0,visible,,,,,taxable,parent,0,0,,0,0,,,,,0,,,119990,,,,,,,60011-355,,,,,,4,840106482955,Grundéns,Grundéns,Talla,9,,1,
31211,variation,10360-025-0016,,Pantalón Trident - Anchor - XL,1,0,visible,,,,,taxable,parent,1,7,,0,0,,,,,0,,,119990,,,,,,,10360-025,,,,,,4,840106451425,Grundéns,Grundéns,Talla,XL,,1,
31299,variation,10212-001-0016,,Chaqueta Portal Gore Tex - Black - XL,1,0,visible,,,,,taxable,parent,1,6,,0,0,,,,,0,,,689990,,,,,,,10212-001,,,,,,4,840316317511,Grundéns,Grundéns,Talla,XL,,1,
31309,variation,10215-355-0016,,Chaqueta De Vadeo Vector - Otter - XL,1,0,visible,,,,,taxable,parent,1,11,,0,0,,,,,0,,,419990,,,,,,,10215-355,,,,,,4,840316317818,Grundéns,Grundéns,Talla,XL,,1,
31319,variation,90001-356-6012,,Wader Boundary GORE TEX Zip Stockingfoot - Otter - XL,1,0,visible,,,,,taxable,parent,0,0,,0,0,,,,,0,,,1099990,,,,,,,90001-356,,,,,,4,840106471003,Grundéns,Grundéns,Talla,XL,,1,
31554,variation,10350-007-0016,,Jardinera Full Share Bib - Black Reflective - XL,1,0,visible,,,,,taxable,parent,1,5,,0,0,,,,,0,,,149990,,,,,,,10350-007,,,,,,4,7332525248517,Grundéns,Grundens,Talla,XL,,1,
32812,variation,10206-119-0016,,Chaqueta Charter Jacket Squall - White - XL,1,0,visible,,,,,taxable,parent,1,4,,0,0,,,,,0,,,339990,,,,,,,10206-119,,,,,,4,840316316521,Grundéns,Grundéns,Talla,XL,,1,
32839,variation,60043-001-1011,,Deviation Sherpa Ankle Boot Black - 11,1,0,visible,,,,,taxable,parent,1,1,,0,0,,,,,0,,,169990,,,,,,,60043-001,,,,,,4,840316302050,Grundéns,Grundéns,Talla,11,,1,
32890,variation,20076-001-0015,,Chaqueta Kryall Hoodie - Black - L,1,0,visible,,,,,taxable,parent,1,10,,0,0,,,,,0,,,134990,,,,,,,20038-001,,,,,,4,840316339438,Grundéns,Grundens,Talla,L,,1,
32970,variation,40117-074-0016,,Camisa Dispatch Flannel Shirt - Sagebrush - XL,1,0,visible,,,,,taxable,parent,1,3,,0,0,,,,,0,,,99990,,,,,,,40117-074,,,,,,4,840316321976,Grundéns,Grundéns,Talla,XL,,1,
32990,variation,600184-741105,,Zapatilla SeaKnit ™ Boat ShoeSea Knit Boat Shoe - Storm,1,0,visible,,,,,taxable,parent,1,3,,0,0,,,,,0,,,119990,,,,,,,60018-474,,,,,,4,840316307932,Grundéns,Grundéns,Talla,,,1,
32996,variation,60047-001-1009,,Women's - Deviation Sherpa Ankle Boot Black - Mujer - 9,1,0,visible,,,,,taxable,parent,1,3,,0,0,,,,,0,,,169990,,,,,,,60047-001,,,,,,4,840316302425,Grundéns,Grundéns,Talla,9,,1,
33001,variation,60047-225-1009,,Women´s - Deviation Sherpa Ankle Boot Slit - Mujer - 9,1,0,visible,,,,,taxable,parent,1,3,,0,0,,,,,0,,,169990,,,,,,,60047-225,,,,,,4,840316302494,Grundéns,Grundéns,Talla,9,,1,
33329,variation,10079-001-0015,,Chaqueta Neptune Jacket - Black - L,1,0,visible,,,,,taxable,parent,1,14,,0,0,,,,,0,,,119990,,,,,,,10079-001,,,,,,4,7332646958722,Grundéns,Grundéns,Talla,L,,1,
33950,variation,20062-336-0016,,"Thermal 1/2 Zip, Deep Depths - XL",1,0,visible,,,,,taxable,parent,1,4,,0,0,,,,,0,,,94990,,,,,,,20062-336,,,,,,4,840316329286,Grundéns,Grundens,Talla,XL,,1,
33988,variation,60102-355-1090,,Bankside Wading Boot - Vibram - 9,1,0,visible,,,,,taxable,parent,0,0,,0,0,,,,,0,,,319990,,,,,,,60102-355,,,,,,4,7332525303254,Grundéns,Grundéns,Talla,9,,1,
24597,variation,R11D040,,Hamptons Metallic Gold - 40,1,0,visible,,,,,taxable,parent,1,1,,0,0,,,,,0,,,99990,,,,,,,R11D0,,,"F33DO, K10DO, W19DO",,,5,,Grundéns,Grundéns,size,40,,1,
29618,variation,10079-001-0013,840106411436,Chaqueta Neptune Jacket - Black - S,1,0,visible,,,,,taxable,parent,1,10,,0,0,,,,,0,,,119990,,,,,,,10079-001,,,,,,5,840106411436,Grundéns,Grundéns,Talla,S,,1,
29624,variation,10079-300-0016,840106411641,Chaqueta Neptune Jacket - Green - XL,1,0,visible,,,,,taxable,parent,1,10,,0,0,,,,,0,,,119990,,,,,,,10079-300,,,,,,5,840106411641,Grundéns,Grundéns,Talla,XL,,1,
29919,variation,10079-425-0016,840316316460,Chaqueta Neptune Jacket - Dark Navy - XL,1,0,visible,,,,,taxable,parent,1,10,,0,0,,,,,0,,,119990,,,,,,,10079-425,,,,,,5,840316316460,Grundéns,Grundéns,Talla,XL,,1,
30141,variation,30005-025-0016,840106412686,Primera Capa Grundies Light Crew Top - Anchor - XL,1,0,visible,,,,,taxable,parent,0,0,,0,0,,,,,0,,,39990,,,,,,,30005-025,,,,,,5,840106412686,Grundéns,Grundéns,Talla,XL,,1,
30159,variation,30006-025-0016,840106412754,Primera Capa Grundies Light Crew Bottom - Anchor - XL,1,0,visible,,,,,taxable,parent,1,6,,0,0,,,,,0,,,39990,,,,,,,30006-025,,,,,,5,840106412754,Grundéns,Grundéns,Talla,XL,,1,
30192,variation,40101-019-5040,,Pantalones Foundry Pant - Iron Gate - 40,1,0,visible,,,,,taxable,parent,0,0,,0,0,,,,,0,,,74990,,,,,,,40101-019,,,,,,5,,Grundéns,Grundéns,Talla,40,,1,
30203,variation,40101-212-5040,,Pantalón Foundry Pant -Winter Twig - 40,1,0,visible,,,,,taxable,parent,1,1,,0,0,,,,,0,,,74990,,,,,,,40101-212,,,,,,5,,Grundéns,Grundéns,Talla,40,,1,
31126,variation,10075-001-0016,,Jardinera Neptune Bib - Black - XL,1,0,visible,,,,,taxable,parent,1,5,,0,0,,,,,0,,,119990,,,,,,,10075-001,,,,,,5,840106410101,Grundéns,Grundéns,Talla,XL,,1,
31142,variation,10132-001-0013,,Chaqueta Neptune Mujer Black - S,1,0,visible,,,,,taxable,parent,1,5,,0,0,,,,,0,,,119990,,,,,,,10132-001,,,,,,5,7332525213782,Grundéns,Grundens,Talla,S,,1,
31164,variation,10361-001-0016,,Chaqueta Weather Watch - Black - L,1,0,visible,,,,,taxable,parent,1,13,,0,0,,,,,0,,,99990,,,,,,,10361-001,,,,,,5,840106483921,Grundéns,Grundéns,Talla,L,,1,
32102,variation,10075-300-0016,,Jardinera Neptune Bib Green - XL,1,0,visible,,,,,taxable,parent,1,4,,0,0,,,,,0,,,119990,,,,,,,10075-300,,,,,,5,840106410286,Grundéns,Grundens,Talla,XL,,1,
32997,variation,60047-001-1010,,Women's - Deviation Sherpa Ankle Boot Black - Mujer - 10,1,0,visible,,,,,taxable,parent,1,1,,0,0,,,,,0,,,169990,,,,,,,60047-001,,,,,,5,840316302432,Grundéns,Grundéns,Talla,10,,1,
33951,variation,,,"Thermal 1/2 Zip, Deep Depths - XXL",1,0,visible,,,,,taxable,parent,1,4,,0,0,,,,,0,,,94990,,,,,,,20062-336,,,,,,5,840316329293,Grundéns,Grundéns,Talla,XXL,,1,
33956,variation,20076-358-0016,,Chaqueta Kryall Hoodie - Forest - XL,1,0,visible,,,,,taxable,parent,1,5,,0,0,,,,,0,,,134990,,,,,,,20076-358,,,,,,5,840316339629,Grundéns,Grundéns,Talla,XL,,1,
34921,simple,70106-425-0001,,"Bootlegger Roll Top Backpack 30L, Dark Navy, ONE SIZE",1,0,visible,,"<p id=""tw-target-text"" class=""tw-data-text tw-text-large tw-ta"" dir=""ltr"" tabindex=""-1"" role=""text"" data-placeholder=""Traducción"" data-ved=""2ahUKEwic9KDqgoKVAxXLrZUCHTKJFqIQ3ewLegQIDRAV"" aria-label=""Texto traducido: La mochila Bootlegger Roll Top de 30 litros está diseñada para pescadores que buscan moverse con ligereza sin renunciar a la protección 100% impermeable que necesitan para su equipo y objetos de valor.""><span class=""Y2IQFc"" lang=""es"">La mochila Bootlegger Roll Top de 30 litros está diseñada para pescadores que buscan moverse con ligereza sin renunciar a la protección 100% impermeable que necesitan para su equipo y objetos de valor.</span></p>\n\n<p id=""tw-target-text"" class=""tw-data-text tw-text-large tw-ta"" dir=""ltr"" tabindex=""-1"" role=""text"" data-placeholder=""Traducción"" data-ved=""2ahUKEwic9KDqgoKVAxXLrZUCHTKJFqIQ3ewLegQIDRAV"" aria-label=""Texto traducido: Especificaciones\n\nConstrucción soldada 100% impermeable\n\nCierre enrollable\n\nCorreas soldadas""><span class=""Y2IQFc"" lang=""es"">Especificaciones Construcción soldada 100% impermeable Cierre enrollable Correas soldadas</span></p>",,,taxable,,1,10,,0,0,,,,,0,,,134990,"Bolsos y Mochilas, Tipo de producto > Mochilas",,,"https://trendseeker.cl/wp-content/uploads/2026/06/ChatGPT-Image-12-jun-2026-07_39_25-p.m.-1.png, https://trendseeker.cl/wp-content/uploads/2026/06/ChatGPT-Image-12-jun-2026-07_39_25-p.m.-1.png, https://trendseeker.cl/wp-content/uploads/2026/06/ChatGPT-Image-12-jun-2026-07_39_26-p.m.-4.png, https://trendseeker.cl/wp-content/uploads/2026/06/ChatGPT-Image-12-jun-2026-07_39_26-p.m.-3.png, https://trendseeker.cl/wp-content/uploads/2026/06/ChatGPT-Image-12-jun-2026-07_39_25-p.m.-2.png",,,,,,,,,0,840316348539,Grundéns,Grundens,,,,,
31167,variation,10361-001-0017,,Chaqueta Weather Watch - Black - XXL,1,0,visible,,,,,taxable,parent,0,0,,0,0,,,,,0,,,99990,,,,,,,10361-001,,,,,,6,840106483945,Grundéns,Grundéns,Talla,XXL,,1,
34917,simple,50528-001-0001,,Logo Anchor Wool Trucker,1,0,visible,,"<div id=""tw-container"" class=""nev7se"" data-cp=""1"" data-nnttsvi=""1"" data-sletp=""false"" data-sm=""1"" data-ssbp=""false"" data-sugg-time=""500"" data-sugg-url=""https://clients1.google.com/complete/search"" data-uilc=""es-419"" data-vil="",af,af-ZA,am,am-ET,ar-EG,ar-AE,ar-KW,ar-QA,ar,ar-IL,ar-JO,ar-LB,ar-PS,az,az-AZ,bg,bg-BG,bn,bn-BD,bn-IN,ca,ca-es,cs,cs-CZ,de,de-DE,de-CH,de-AT,de-LI,en,en-US,en-CA,en-AU,en-NZ,en-GB,en-IN,en-KE,en-TZ,en-NG,en-GH,en-PH,en-ZA,es,es-ES,es-AR,es-UY,es-419,es-BO,es-CL,es-CR,es-CO,es-DO,es-EC,es-GT,es-HN,es-NI,es-PA,es-PE,es-PR,es-PY,es-SV,es-VE,es-MX,es-US,eu,eu-ES,fi,fi-FI,fr,fr-FR,fr-CH,fr-BE,gl,gl-ES,gu,gu-IN,he,he-IL,iw,iw-IL,hu,hu-HU,hy,hy-AM,id,id-ID,is,is-IS,it,it-IT,it-CH,ja,ja-JP,jv,jv-ID,ka,ka-GE,km,km-KH,kn,kn-IN,ko,ko-KR,la,lo,lo-LA,lv,lv-LV,ml,ml-IN,mr,mr-IN,ms,ms-MY,nl,nl-NL,nb,nb-NO,ne,ne-NP,pl,pl-PL,pt,pt-BR,pt-PT,ro,ro-RO,ru,ru-RU,si-LK,sk,sk-SK,sr,sr-RS,su,su-ID,sv,sv-SE,sw,sw-TZ,sw-KE,ta,ta-IN,ta-SG,ta-LK,ta-MY,te,te-IN,tr,tr-TR,ur,ur-PK,ur-IN,yue,yue-HK,yue-Hant-HK,zh-HK,zh,zh-CN,zh-cmn,zh-cmn-CN,zh-Hans,zh-Hans-CN,zh-cmn-Hans,zh-cmn-Hans-CN,cmn-CN,cmn-Hans,cmn-Hans-CN,zh-TW,zh-Hant-TW,cmn-TW,cmn-Hant-TW,zh-cmn-TW,zh-cmn-Hant-TW,zu,zu-ZA,hi,hi-IN,tl,tl-PH,pa,pa-IN"">\n\n<div>\n\n<div>\n\n<div id=""tw-ob"" class=""tw-src-ltr"">\n\n<div class=""oSioSc"">\n\n<div id=""tw-target"">\n\n<div id=""kAz1tf"" class=""g9WsWb PZPZlf"" data-attrid=""tw-targetArea"" data-entityname=""Google Translate"">\n\n<div id=""tw-target-text-container"" class=""tw-ta-container tw-nfl"" tabindex=""0"" role=""text"">\n\n<p id=""tw-target-text"" class=""tw-data-text tw-text-large tw-ta"" dir=""ltr"" tabindex=""-1"" role=""text"" data-placeholder=""Traducción"" data-ved=""2ahUKEwic9KDqgoKVAxXLrZUCHTKJFqIQ3ewLegQIDRAV"" aria-label=""Texto traducido: Con la confianza de los pescadores durante generaciones, la resistencia natural a la humedad, la regulación de la temperatura y las propiedades antiolor de la lana la convierten en la mejora perfecta para el clásico modelo 112. La gorra Logo Anchor Wool Trucker combina este material de probada eficacia con nuestro icónico bordado Logo/Ancla, dando como resultado una gorra resistente y funcional, diseñada para la vida dentro y fuera del agua en cualquier estación.""><span class=""Y2IQFc"" lang=""es"">Con la confianza de los pescadores durante generaciones, la resistencia natural a la humedad, la regulación de la temperatura y las propiedades antiolor de la lana la convierten en la mejora perfecta para el clásico modelo 112. La gorra Logo Anchor Wool Trucker combina este material de probada eficacia con nuestro icónico bordado Logo/Ancla, dando como resultado una gorra resistente y funcional, diseñada para la vida dentro y fuera del agua en cualquier estación.</span></p>\n\n\n\n</div>\n\n<div id=""tw-target-rmn-container"" class=""tw-target-rmn tw-ta-container tw-nfl"" tabindex=""-1"" role=""text"">\n\n<p id=""tw-target-text"" class=""tw-data-text tw-text-large tw-ta"" dir=""ltr"" tabindex=""-1"" role=""text"" data-placeholder=""Traducción"" data-ved=""2ahUKEwic9KDqgoKVAxXLrZUCHTKJFqIQ3ewLegQIDRAV"" aria-label=""Texto traducido: Especificaciones\n\nTejido de mezcla de lana que absorbe la humedad para una mayor comodidad y rendimiento termorregulador\n\nCierre ajustable para un ajuste perfecto\n\nCorte clásico 112""><span class=""Y2IQFc"" lang=""es"">Especificaciones Tejido de mezcla de lana que absorbe la humedad para una mayor comodidad y rendimiento termorregulador Cierre ajustable para un ajuste perfecto Corte clásico 112</span></p>\n\n\n\n</div>\n\n<div class=""iYB33c"">\n\n<div id=""tw-tmenu"" class=""tw-menu""></div>\n\n</div>\n\n</div>\n\n</div>\n\n</div>\n\n</div>\n\n<div id=""tw-images""></div>\n\n<div class=""dURPtb""></div>\n\n<div>\n\n<div data-vpload=""nYCnEd"" data-v="""" data-ne=""1"">\n\n<div id=""tsuid_bCYsapyOC8vb1sQPspLakAo_53""></div>\n\n</div>\n\n</div>\n\n</div>\n\n</div>\n\n</div>\n\n<p class=""KFFQ0c xKf9F""></p>",,,taxable,,1,,,0,0,,,,,0,,,37990,"Tipo de producto > Accesorios, Tipo de producto > Accesorios > Gorros, Tipo de producto",,,"https://trendseeker.cl/wp-content/uploads/2026/06/ChatGPT-Image-12-jun-2026-06_52_56-p.m.-1.png, https://trendseeker.cl/wp-content/uploads/2026/06/ChatGPT-Image-12-jun-2026-06_52_56-p.m.-1.png, https://trendseeker.cl/wp-content/uploads/2026/06/ChatGPT-Image-12-jun-2026-06_52_56-p.m.-2.png",,,,,,,,,0,840316349642,Grundéns,Grundens,,,,,
34914,simple,50387-364-0001,,"Watchhouse Beanie Logo, Heather Loden, ONE SIZE",1,0,visible,,"<p id=""tw-target-text"" class=""tw-data-text tw-text-large tw-ta"" dir=""ltr"" tabindex=""-1"" role=""text"" data-placeholder=""Traducción"" data-ved=""2ahUKEwic9KDqgoKVAxXLrZUCHTKJFqIQ3ewLegQIDRAV"" aria-label=""Texto traducido: Mantente abrigado en las noches frescas y las mañanas frías con el gorro de punto acanalado clásico de Grundéns. De ajuste cómodo y con el logotipo de Grundéns.""><span class=""Y2IQFc"" lang=""es"">Mantente abrigado en las noches frescas y las mañanas frías con el gorro de punto acanalado clásico de Grundéns. De ajuste cómodo y con el logotipo de Grundéns.</span></p>\n\n<p id=""tw-target-text"" class=""tw-data-text tw-text-large tw-ta"" dir=""ltr"" tabindex=""-1"" role=""text"" data-placeholder=""Traducción"" data-ved=""2ahUKEwic9KDqgoKVAxXLrZUCHTKJFqIQ3ewLegQIDRAV"" aria-label=""Texto traducido: Especificaciones\n\nCálido y ultrasuave\n\nTalla única""><span class=""Y2IQFc"" lang=""es"">Especificaciones Cálido y ultrasuave Talla única</span></p>",,,taxable,,1,23,,0,0,,,,,0,,,34990,"Tipo de producto > Accesorios, Tipo de producto > Accesorios > Gorros, Tipo de producto",,,"https://trendseeker.cl/wp-content/uploads/2026/06/ChatGPT-Image-12-jun-2026-06_45_19-p.m.-2.png, https://trendseeker.cl/wp-content/uploads/2026/06/ChatGPT-Image-12-jun-2026-06_45_17-p.m.-1.png, https://trendseeker.cl/wp-content/uploads/2026/06/ChatGPT-Image-12-jun-2026-06_45_19-p.m.-2.png",,,,,,,,,0,840316314596,Grundéns,Grundens,,,,,
34905,variable,90007-025,,"Men's Vector Zip Stockingfoot Wader, Anchor",1,0,visible,,"<p id=""tw-target-text"" class=""tw-data-text tw-text-large tw-ta"" dir=""ltr"" tabindex=""-1"" role=""text"" data-placeholder=""Traducción"" data-ved=""2ahUKEwic9KDqgoKVAxXLrZUCHTKJFqIQ3ewLegQIDRAV"" aria-label=""Texto traducido: Diseñado como herramienta de guía, el Vector Zip está pensado para pescadores que pasan más de 200 días al año en el agua. Desde abrirse paso entre la maleza hasta descender por pendientes pronunciadas, estos son los vadeadores más resistentes del mercado sin sacrificar funcionalidad. SKU:""><span class=""Y2IQFc"" lang=""es"">Diseñado como herramienta de guía, el Vector Zip está pensado para pescadores que pasan más de 200 días al año en el agua. Desde abrirse paso entre la maleza hasta descender por pendientes pronunciadas, estos son los vadeadores más resistentes del mercado sin sacrificar funcionalidad. </span></p>\n\n<p id=""tw-target-text"" class=""tw-data-text tw-text-large tw-ta"" dir=""ltr"" tabindex=""-1"" role=""text"" data-placeholder=""Traducción"" data-ved=""2ahUKEwic9KDqgoKVAxXLrZUCHTKJFqIQ3ewLegQIDRAV"" aria-label=""Texto traducido: Basándonos en el legado de robustez y durabilidad de nuestro vadeador Vector, el mejor de su clase, el vadeador Vector Zip mejora tu experiencia de pesca en el agua con un sistema de entrada de cremallera totalmente sumergible y características de pesca con patente en trámite. Continuando con nuestra capa exterior impermeable y transpirable de microfibra ultradensa de 4 capas, la mejor de la industria, nuestra colección de vadeo Vector ofrece una resistencia superior a la abrasión y a las perforaciones con una excepcional clasificación de impermeabilidad de 30K+ para que puedas pescar con más intensidad y aventurarte más lejos tanto dentro como fuera del agua. Como todos los vadeadores Grundéns, nuestro patrón de movilidad de vadeo patentado proporciona facilidad de movimiento al navegar por el río de tu elección, además de la adición de rodilleras moldeadas y protectores elásticos resistentes a la abrasión que mejoran la robustez y durabilidad de este vadeador. Nuestro bolsillo HAULER™ con patente en trámite es un sistema de bolsillo trasero resistente al agua que permite un almacenamiento completo de 360° para cajas de moscas, equipo personal y, por supuesto, un par de cervezas para calmar tu sed en el río. Las características adicionales de los bolsillos, pensadas para la pesca, como los bolsillos para tippets soldados con orificios cortados con láser, permiten preparar el aparejo fácilmente en un instante. Con calcetines de neopreno térmicos de forma anatómica y específicos para cada talla, el vadeador Vector Zip ofrece una experiencia de vadeo increíble, tanto para guías de pesca profesionales que trabajan más de 200 días al año como para pescadores apasionados que buscan mejorar su equipo de vadeo con un vadeador resistente y duradero.""><span class=""Y2IQFc"" lang=""es"">Basándonos en el legado de robustez y durabilidad de nuestro vadeador Vector, el mejor de su clase, el vadeador Vector Zip mejora tu experiencia de pesca en el agua con un sistema de entrada de cremallera totalmente sumergible y características de pesca con patente en trámite. Continuando con nuestra capa exterior impermeable y transpirable de microfibra ultradensa de 4 capas, la mejor de la industria, nuestra colección de vadeo Vector ofrece una resistencia superior a la abrasión y a las perforaciones con una excepcional clasificación de impermeabilidad de 30K+ para que puedas pescar con más intensidad y aventurarte más lejos tanto dentro como fuera del agua. Como todos los vadeadores Grundéns, nuestro patrón de movilidad de vadeo patentado proporciona facilidad de movimiento al navegar por el río de tu elección, además de la adición de rodilleras moldeadas y protectores elásticos resistentes a la abrasión que mejoran la robustez y durabilidad de este vadeador. Nuestro bolsillo HAULER™ con patente en trámite es un sistema de bolsillo trasero resistente al agua que permite un almacenamiento completo de 360° para cajas de moscas, equipo personal y, por supuesto, un par de cervezas para calmar tu sed en el río. Las características adicionales de los bolsillos, pensadas para la pesca, como los bolsillos para tippets soldados con orificios cortados con láser, permiten preparar el aparejo fácilmente en un instante. Con calcetines de neopreno térmicos de forma anatómica y específicos para cada talla, el vadeador Vector Zip ofrece una experiencia de vadeo increíble, tanto para guías de pesca profesionales que trabajan más de 200 días al año como para pescadores apasionados que buscan mejorar su equipo de vadeo con un vadeador resistente y duradero.</span></p>",,,taxable,,1,,,0,0,,,,,0,,,849990,Jardineras y Waders,,,"https://trendseeker.cl/wp-content/uploads/2026/06/ChatGPT-Image-12-jun-2026-05_59_29-p.m.-1.png, https://trendseeker.cl/wp-content/uploads/2026/06/ChatGPT-Image-12-jun-2026-05_59_29-p.m.-1.png, https://trendseeker.cl/wp-content/uploads/2026/06/ChatGPT-Image-12-jun-2026-05_59_29-p.m.-5.png, https://trendseeker.cl/wp-content/uploads/2026/06/ChatGPT-Image-12-jun-2026-05_59_29-p.m.-4.png, https://trendseeker.cl/wp-content/uploads/2026/06/ChatGPT-Image-12-jun-2026-05_59_29-p.m.-3.png, https://trendseeker.cl/wp-content/uploads/2026/06/ChatGPT-Image-12-jun-2026-05_59_29-p.m.-2.png",,,,,,,,,0,,Grundéns,Grundens,Talla,"L, M, XL",1,1,
34891,variable,60060-025,,"Bedrock Wading Boot - Felta, Anchor",1,0,visible,,"<p id=""tw-target-text"" class=""tw-data-text tw-text-large tw-ta"" dir=""ltr"" tabindex=""-1"" role=""text"" data-placeholder=""Traducción"" data-ved=""2ahUKEwic9KDqgoKVAxXLrZUCHTKJFqIQ3ewLegQIDRAV"" aria-label=""Texto traducido: Diseñada para brindar una experiencia superior en el río, la bota de vadeo Bedrock ofrece un ajuste cómodo y características de rendimiento para usarla durante todo el día. Fabricada pensando en la durabilidad, la parte superior sintética resistente al agua, combinada con superposiciones de goma antideslizante en las zonas de mayor desgaste, minimiza el desgaste y la degradación del material, lo que prolonga la vida útil de la bota. La entresuela de EVA moldeada, ultracómoda, proporciona soporte durante todo el día, mientras que las dos opciones de suela exterior ofrecen diferentes capacidades de agarre según las preferencias del usuario: la suela de fieltro es compatible con tacos y destaca en ríos resbaladizos o rocosos, y la suela de caucho natural es compatible con tacos y proporciona una excelente tracción en barro y hierba mojada.""><span class=""Y2IQFc"" lang=""es"">Diseñada para brindar una experiencia superior en el río, la bota de vadeo Bedrock ofrece un ajuste cómodo y características de rendimiento para usarla durante todo el día. Fabricada pensando en la durabilidad, la parte superior sintética resistente al agua, combinada con superposiciones de goma antideslizante en las zonas de mayor desgaste, minimiza el desgaste y la degradación del material, lo que prolonga la vida útil de la bota. La entresuela de EVA moldeada, ultracómoda, proporciona soporte durante todo el día, mientras que las dos opciones de suela exterior ofrecen diferentes capacidades de agarre según las preferencias del usuario: la suela de fieltro es compatible con tacos y destaca en ríos resbaladizos o rocosos, y la suela de caucho natural es compatible con tacos y proporciona una excelente tracción en barro y hierba mojada.</span></p>\n\n\n\n<div id=""tw-container"" class=""nev7se"" data-cp=""1"" data-nnttsvi=""1"" data-sletp=""false"" data-sm=""1"" data-ssbp=""false"" data-sugg-time=""500"" data-sugg-url=""https://clients1.google.com/complete/search"" data-uilc=""es-419"" data-vil="",af,af-ZA,am,am-ET,ar-EG,ar-AE,ar-KW,ar-QA,ar,ar-IL,ar-JO,ar-LB,ar-PS,az,az-AZ,bg,bg-BG,bn,bn-BD,bn-IN,ca,ca-es,cs,cs-CZ,de,de-DE,de-CH,de-AT,de-LI,en,en-US,en-CA,en-AU,en-NZ,en-GB,en-IN,en-KE,en-TZ,en-NG,en-GH,en-PH,en-ZA,es,es-ES,es-AR,es-UY,es-419,es-BO,es-CL,es-CR,es-CO,es-DO,es-EC,es-GT,es-HN,es-NI,es-PA,es-PE,es-PR,es-PY,es-SV,es-VE,es-MX,es-US,eu,eu-ES,fi,fi-FI,fr,fr-FR,fr-CH,fr-BE,gl,gl-ES,gu,gu-IN,he,he-IL,iw,iw-IL,hu,hu-HU,hy,hy-AM,id,id-ID,is,is-IS,it,it-IT,it-CH,ja,ja-JP,jv,jv-ID,ka,ka-GE,km,km-KH,kn,kn-IN,ko,ko-KR,la,lo,lo-LA,lv,lv-LV,ml,ml-IN,mr,mr-IN,ms,ms-MY,nl,nl-NL,nb,nb-NO,ne,ne-NP,pl,pl-PL,pt,pt-BR,pt-PT,ro,ro-RO,ru,ru-RU,si-LK,sk,sk-SK,sr,sr-RS,su,su-ID,sv,sv-SE,sw,sw-TZ,sw-KE,ta,ta-IN,ta-SG,ta-LK,ta-MY,te,te-IN,tr,tr-TR,ur,ur-PK,ur-IN,yue,yue-HK,yue-Hant-HK,zh-HK,zh,zh-CN,zh-cmn,zh-cmn-CN,zh-Hans,zh-Hans-CN,zh-cmn-Hans,zh-cmn-Hans-CN,cmn-CN,cmn-Hans,cmn-Hans-CN,zh-TW,zh-Hant-TW,cmn-TW,cmn-Hant-TW,zh-cmn-TW,zh-cmn-Hant-TW,zu,zu-ZA,hi,hi-IN,tl,tl-PH,pa,pa-IN"">\n\n<div>\n\n<div>\n\n<div id=""tw-ob"" class=""tw-src-ltr"">\n\n<div class=""oSioSc"">\n\n<div id=""tw-target"">\n\n<div id=""kAz1tf"" class=""g9WsWb PZPZlf"" data-attrid=""tw-targetArea"" data-entityname=""Google Translate"">\n\n<div id=""tw-target-text-container"" class=""tw-ta-container tw-nfl"" tabindex=""0"" role=""text"">\n\n<p id=""tw-target-text"" class=""tw-data-text tw-text-large tw-ta"" dir=""ltr"" tabindex=""-1"" role=""text"" data-placeholder=""Traducción"" data-ved=""2ahUKEwic9KDqgoKVAxXLrZUCHTKJFqIQ3ewLegQIDRAV"" aria-label=""Texto traducido: Especificaciones Parte superior de cuero nobuk impermeable Refuerzos impermeables resistentes a los arañazos que ofrecen protección contra las rocas Suela de goma resistente que proporciona una excelente tracción y es compatible con el kit de tacos y tacos Grundéns. Entresuela de EVA con contrafuerte moldeado en el talón que ofrece comodidad durante todo el día y sujeta el pie firmemente en tramos técnicos de vadeo Los ojales están completamente ocultos, eliminando posibles puntos de desgaste en los calcetines de neopreno del vadeador Herrajes resistentes a la corrosión, aptos para agua salada""><span class=""Y2IQFc"" lang=""es"">Especificaciones Parte superior de cuero nobuk impermeable Refuerzos impermeables resistentes a los arañazos que ofrecen protección contra las rocas Suela de goma resistente que proporciona una excelente tracción y es compatible con el kit de tacos y tacos Grundéns. Entresuela de EVA con contrafuerte moldeado en el talón que ofrece comodidad durante todo el día y sujeta el pie firmemente en tramos técnicos de vadeo Los ojales están completamente ocultos, eliminando posibles puntos de desgaste en los calcetines de neopreno del vadeador Herrajes resistentes a la corrosión, aptos para agua salada</span></p>\n\n\n\n</div>\n\n<div id=""tw-target-rmn-container"" class=""tw-target-rmn tw-ta-container tw-nfl"" tabindex=""-1"" role=""text"">\n\n<pre id=""tw-target-rmn"" class=""tw-data-placeholder tw-text-small tw-ta"" dir=""ltr"" tabindex=""-1"" role=""text"" data-placeholder=""""></pre>\n\n</div>\n\n<div class=""iYB33c"">\n\n<div id=""tw-tmenu"" class=""tw-menu""></div>\n\n</div>\n\n</div>\n\n</div>\n\n</div>\n\n</div>\n\n<div id=""tw-images""></div>\n\n<div class=""dURPtb""></div>\n\n<div>\n\n<div data-vpload=""nYCnEd"" data-v="""" data-ne=""1"">\n\n<div id=""tsuid_bCYsapyOC8vb1sQPspLakAo_53""></div>\n\n</div>\n\n</div>\n\n</div>\n\n</div>\n\n</div>\n\n<p class=""KFFQ0c xKf9F""></p>",,,taxable,,1,,,0,0,,,,,0,,,249990,"Tipo de producto > Botas, Tipo de producto > Zapatos",,,"https://trendseeker.cl/wp-content/uploads/2026/06/bota-lateral-woo.jpg, https://trendseeker.cl/wp-content/uploads/2026/06/bota-frontal-woo.webp, https://trendseeker.cl/wp-content/uploads/2026/06/bota-suela-woo.webp, https://trendseeker.cl/wp-content/uploads/2026/06/bota-posterior-woo.webp, https://trendseeker.cl/wp-content/uploads/2026/06/bota-posterior-woo.jpg, https://trendseeker.cl/wp-content/uploads/2026/06/bota-lateral-woo.jpg",,,,,,,,,0,,Grundéns,Grundens,Talla,"10, 11, 12, 8, 9",1,1,
34886,simple,50514-200-0001,,"Codfather Trucker, Brown, ONE SIZE",1,0,visible,,"En homenaje al gigante de la pesca comercial, la gorra Codfather Trucker Hat honra al bacalao, una especie tan influyente que ha moldeado economías, provocado conflictos y contribuido a la colonización de naciones. Este llamativo diseño rinde tributo al ícono original de la industria y a las generaciones de pescadores que han forjado su sustento gracias a él. Para quienes viven de la pesca, es un símbolo de legado, perseverancia y respeto por el pionero del mar.\n\n\n\n&nbsp;",,,taxable,,1,,,0,0,,,,,0,,,34990,"Tipo de producto > Accesorios, Tipo de producto > Accesorios > Gorros, Tipo de producto",,,"https://trendseeker.cl/wp-content/uploads/2026/06/gorra-woo.webp, https://trendseeker.cl/wp-content/uploads/2026/06/ChatGPT-Image-12-jun-2026-05_22_43-p.m.png",,,,,,,,,0,840316349000,Grundéns,Grundens,,,,,
34883,simple,50512-071-0001,,"Chrome Chaser Trucker, Silver, ONE SIZE",1,0,visible,,"<div id=""tw-container"" class=""nev7se"" data-cp=""1"" data-nnttsvi=""1"" data-sletp=""false"" data-sm=""1"" data-ssbp=""false"" data-sugg-time=""500"" data-sugg-url=""https://clients1.google.com/complete/search"" data-uilc=""es-419"" data-vil="",af,af-ZA,am,am-ET,ar-EG,ar-AE,ar-KW,ar-QA,ar,ar-IL,ar-JO,ar-LB,ar-PS,az,az-AZ,bg,bg-BG,bn,bn-BD,bn-IN,ca,ca-es,cs,cs-CZ,de,de-DE,de-CH,de-AT,de-LI,en,en-US,en-CA,en-AU,en-NZ,en-GB,en-IN,en-KE,en-TZ,en-NG,en-GH,en-PH,en-ZA,es,es-ES,es-AR,es-UY,es-419,es-BO,es-CL,es-CR,es-CO,es-DO,es-EC,es-GT,es-HN,es-NI,es-PA,es-PE,es-PR,es-PY,es-SV,es-VE,es-MX,es-US,eu,eu-ES,fi,fi-FI,fr,fr-FR,fr-CH,fr-BE,gl,gl-ES,gu,gu-IN,he,he-IL,iw,iw-IL,hu,hu-HU,hy,hy-AM,id,id-ID,is,is-IS,it,it-IT,it-CH,ja,ja-JP,jv,jv-ID,ka,ka-GE,km,km-KH,kn,kn-IN,ko,ko-KR,la,lo,lo-LA,lv,lv-LV,ml,ml-IN,mr,mr-IN,ms,ms-MY,nl,nl-NL,nb,nb-NO,ne,ne-NP,pl,pl-PL,pt,pt-BR,pt-PT,ro,ro-RO,ru,ru-RU,si-LK,sk,sk-SK,sr,sr-RS,su,su-ID,sv,sv-SE,sw,sw-TZ,sw-KE,ta,ta-IN,ta-SG,ta-LK,ta-MY,te,te-IN,tr,tr-TR,ur,ur-PK,ur-IN,yue,yue-HK,yue-Hant-HK,zh-HK,zh,zh-CN,zh-cmn,zh-cmn-CN,zh-Hans,zh-Hans-CN,zh-cmn-Hans,zh-cmn-Hans-CN,cmn-CN,cmn-Hans,cmn-Hans-CN,zh-TW,zh-Hant-TW,cmn-TW,cmn-Hant-TW,zh-cmn-TW,zh-cmn-Hant-TW,zu,zu-ZA,hi,hi-IN,tl,tl-PH,pa,pa-IN"">\n\n<div>\n\n<div>\n\n<div id=""tw-ob"" class=""tw-src-ltr"">\n\n<div class=""oSioSc"">\n\n<div id=""tw-target"">\n\n<div id=""kAz1tf"" class=""g9WsWb PZPZlf"" data-attrid=""tw-targetArea"" data-entityname=""Google Translate"">\n\n<div id=""tw-target-text-container"" class=""tw-ta-container tw-nfl"" tabindex=""0"" role=""text"">\n\n<p id=""tw-target-text"" class=""tw-data-text tw-text-large tw-ta"" dir=""ltr"" tabindex=""-1"" role=""text"" data-placeholder=""Traducción"" data-ved=""2ahUKEwic9KDqgoKVAxXLrZUCHTKJFqIQ3ewLegQIDRAV"" aria-label=""Texto traducido: Diseñada para los apasionados de la pesca, la gorra Chrome Chaser Mesh Back rinde homenaje a la trucha arcoíris salvaje, una especie emblemática venerada por los pescadores más dedicados, desde el noroeste del Pacífico hasta los Grandes Lagos. Con un llamativo diseño gráfico que honra el espíritu de la pesca con devolución, esta gorra combina malla transpirable con una estructura reforzada para una mayor durabilidad dentro y fuera del río.""><span class=""Y2IQFc"" lang=""es"">Diseñada para los apasionados de la pesca, la gorra Chrome Chaser Mesh Back rinde homenaje a la trucha arcoíris salvaje, una especie emblemática venerada por los pescadores más dedicados, desde el noroeste del Pacífico hasta los Grandes Lagos. Con un llamativo diseño gráfico que honra el espíritu de la pesca con devolución, esta gorra combina malla transpirable con una estructura reforzada para una mayor durabilidad dentro y fuera del río.</span></p>\n\n\n\n</div>\n\n<div id=""tw-target-rmn-container"" class=""tw-target-rmn tw-ta-container tw-nfl"" tabindex=""-1"" role=""text"">\n\n<p id=""tw-target-rmn"" class=""tw-data-placeholder tw-text-small tw-ta"" dir=""ltr"" tabindex=""-1"" role=""text"">Especificaciones\n\nConfeccionadas con refuerzos estructurales para una mayor durabilidad\n\nVisera precurvada que elimina el período de adaptación\n\nEspalda de malla para mayor comodidad y transpirabilidad\n\nBanda interior de algodón de secado rápido para mayor comodidad\n\nCierre ajustable para un ajuste personalizado</p>\n\n\n\n</div>\n\n<div class=""iYB33c"">\n\n<div id=""tw-tmenu"" class=""tw-menu""></div>\n\n</div>\n\n</div>\n\n</div>\n\n</div>\n\n</div>\n\n<div id=""tw-images""></div>\n\n<div class=""dURPtb""></div>\n\n<div>\n\n<div data-vpload=""nYCnEd"" data-v="""" data-ne=""1"">\n\n<div id=""tsuid_bCYsapyOC8vb1sQPspLakAo_53""></div>\n\n</div>\n\n</div>\n\n</div>\n\n</div>\n\n</div>\n\n<p class=""KFFQ0c xKf9F""></p>",,,taxable,,1,30,,0,0,,,,,0,,,34990,"Tipo de producto > Accesorios, Tipo de producto > Accesorios > Gorros, Tipo de producto",,,"https://trendseeker.cl/wp-content/uploads/2026/06/ChatGPT-Image-12-jun-2026-05_17_13-p.m.-2.png, https://trendseeker.cl/wp-content/uploads/2026/06/ChatGPT-Image-12-jun-2026-05_17_13-p.m.-2.png, https://trendseeker.cl/wp-content/uploads/2026/06/ChatGPT-Image-12-jun-2026-05_17_13-p.m.-1.png",,,,,,,,,0,840316348935,Grundéns,Grundens,,,,,
34879,simple,50463-123-0001,,"Drift Boat Trucker, Charcoal/White, ONE SIZE",1,0,visible,,"<p id=""tw-target-text"" class=""tw-data-text tw-text-large tw-ta"" dir=""ltr"" tabindex=""-1"" role=""text"" data-placeholder=""Traducción"" data-ved=""2ahUKEwic9KDqgoKVAxXLrZUCHTKJFqIQ3ewLegQIDRAV"" aria-label=""Texto traducido: La gorra Grundéns Drift Boat Trucker presenta un diseño personalizado de una barca de pesca y una trucha gigante que sin duda te inspirará a lanzar el anzuelo una vez más para capturar un auténtico monstruo de río. Diseño clásico de gorra de camionero con cierre ajustable.""><span class=""Y2IQFc"" lang=""es"">La gorra Grundéns Drift Boat Trucker presenta un diseño personalizado de una barca de pesca y una trucha gigante que sin duda te inspirará a lanzar el anzuelo una vez más para capturar un auténtico monstruo de río. Diseño clásico de gorra de camionero con cierre ajustable.</span></p>",,,taxable,,1,30,,0,0,,,,,0,,,34990,"Tipo de producto > Accesorios > Gorros, Tipo de producto",,,"https://trendseeker.cl/wp-content/uploads/2026/06/ChatGPT-Image-12-jun-2026-05_11_09-p.m.png, https://trendseeker.cl/wp-content/uploads/2026/06/ChatGPT-Image-12-jun-2026-05_10_14-p.m.-3.png, https://trendseeker.cl/wp-content/uploads/2026/06/ChatGPT-Image-12-jun-2026-05_10_14-p.m.-2.png, https://trendseeker.cl/wp-content/uploads/2026/06/ChatGPT-Image-12-jun-2026-05_11_09-p.m.png",,,,,,,,,0,840316335652,Grundéns,Grundens,,,,,
34868,variable,,,"Commercial Boat SS T-Shirt, Anchor",1,0,visible,,"<p id=""tw-target-text"" class=""tw-data-text tw-text-large tw-ta"" dir=""ltr"" tabindex=""-1"" role=""text"" data-placeholder=""Traducción"" data-ved=""2ahUKEwic9KDqgoKVAxXLrZUCHTKJFqIQ3ewLegQIDRAV"" aria-label=""Texto traducido: Una camiseta ultrasuave de 50 % algodón y 50 % poliéster, hecha con cariño y dedicación. Luce un gráfico exclusivo de Grundéns Commercial Boat para que representes tu pasión por la pesca dentro y fuera del agua. SKU:""><span class=""Y2IQFc"" lang=""es"">Una camiseta ultrasuave de 50 % algodón y 50 % poliéster, hecha con cariño y dedicación. Luce un gráfico exclusivo de Grundéns Commercial Boat para que representes tu pasión por la pesca dentro y fuera del agua.</span></p>",,,taxable,,1,,,0,0,,,,,0,,,,"Poleras, Poleras y Camisas",,,"https://trendseeker.cl/wp-content/uploads/2026/06/ChatGPT-Image-12-jun-2026-04_46_20-p.m.-2.png, https://trendseeker.cl/wp-content/uploads/2026/06/ChatGPT-Image-12-jun-2026-04_46_20-p.m.-1.png, https://trendseeker.cl/wp-content/uploads/2026/06/ChatGPT-Image-12-jun-2026-04_46_20-p.m.-2.png",,,,,,,,,0,,Grundéns,Grundens,Talla,"L, M, XL",1,1,
34861,variable,,,"Drift Boat SS T-Shirt, Otter",1,0,visible,,"<div id=""tw-container"" class=""nev7se"" data-cp=""1"" data-nnttsvi=""1"" data-sletp=""false"" data-sm=""1"" data-ssbp=""false"" data-sugg-time=""500"" data-sugg-url=""https://clients1.google.com/complete/search"" data-uilc=""es-419"" data-vil="",af,af-ZA,am,am-ET,ar-EG,ar-AE,ar-KW,ar-QA,ar,ar-IL,ar-JO,ar-LB,ar-PS,az,az-AZ,bg,bg-BG,bn,bn-BD,bn-IN,ca,ca-es,cs,cs-CZ,de,de-DE,de-CH,de-AT,de-LI,en,en-US,en-CA,en-AU,en-NZ,en-GB,en-IN,en-KE,en-TZ,en-NG,en-GH,en-PH,en-ZA,es,es-ES,es-AR,es-UY,es-419,es-BO,es-CL,es-CR,es-CO,es-DO,es-EC,es-GT,es-HN,es-NI,es-PA,es-PE,es-PR,es-PY,es-SV,es-VE,es-MX,es-US,eu,eu-ES,fi,fi-FI,fr,fr-FR,fr-CH,fr-BE,gl,gl-ES,gu,gu-IN,he,he-IL,iw,iw-IL,hu,hu-HU,hy,hy-AM,id,id-ID,is,is-IS,it,it-IT,it-CH,ja,ja-JP,jv,jv-ID,ka,ka-GE,km,km-KH,kn,kn-IN,ko,ko-KR,la,lo,lo-LA,lv,lv-LV,ml,ml-IN,mr,mr-IN,ms,ms-MY,nl,nl-NL,nb,nb-NO,ne,ne-NP,pl,pl-PL,pt,pt-BR,pt-PT,ro,ro-RO,ru,ru-RU,si-LK,sk,sk-SK,sr,sr-RS,su,su-ID,sv,sv-SE,sw,sw-TZ,sw-KE,ta,ta-IN,ta-SG,ta-LK,ta-MY,te,te-IN,tr,tr-TR,ur,ur-PK,ur-IN,yue,yue-HK,yue-Hant-HK,zh-HK,zh,zh-CN,zh-cmn,zh-cmn-CN,zh-Hans,zh-Hans-CN,zh-cmn-Hans,zh-cmn-Hans-CN,cmn-CN,cmn-Hans,cmn-Hans-CN,zh-TW,zh-Hant-TW,cmn-TW,cmn-Hant-TW,zh-cmn-TW,zh-cmn-Hant-TW,zu,zu-ZA,hi,hi-IN,tl,tl-PH,pa,pa-IN"">\n\n<div>\n\n<div>\n\n<div id=""tw-ob"" class=""tw-src-ltr"">\n\n<div class=""oSioSc"">\n\n<div id=""tw-target"">\n\n<div id=""kAz1tf"" class=""g9WsWb PZPZlf"" data-attrid=""tw-targetArea"" data-entityname=""Google Translate"">\n\n<div id=""tw-target-text-container"" class=""tw-ta-container tw-nfl"" tabindex=""0"" role=""text"">\n\n<p id=""tw-target-text"" class=""tw-data-text tw-text-large tw-ta"" dir=""ltr"" tabindex=""-1"" role=""text"" data-placeholder=""Traducción"" data-ved=""2ahUKEwic9KDqgoKVAxXLrZUCHTKJFqIQ3ewLegQIDRAV"" aria-label=""Texto traducido: La camiseta Grundéns Drift Boat presenta un diseño personalizado de una barca de deriva y una trucha gigante que seguramente te inspirará a hacer ese &quot;último lanzamiento&quot; para capturar un verdadero monstruo de río.""><span class=""Y2IQFc"" lang=""es"">La camiseta Grundéns Drift Boat presenta un diseño personalizado de una barca de deriva y una trucha gigante que seguramente te inspirará a hacer ese ""último lanzamiento"" para capturar un verdadero monstruo de río.</span></p>\n\n\n\n</div>\n\n<div id=""tw-target-rmn-container"" class=""tw-target-rmn tw-ta-container tw-nfl"" tabindex=""-1"" role=""text"">\n\n<div id=""tw-container"" class=""nev7se"" data-cp=""1"" data-nnttsvi=""1"" data-sletp=""false"" data-sm=""1"" data-ssbp=""false"" data-sugg-time=""500"" data-sugg-url=""https://clients1.google.com/complete/search"" data-uilc=""es-419"" data-vil="",af,af-ZA,am,am-ET,ar-EG,ar-AE,ar-KW,ar-QA,ar,ar-IL,ar-JO,ar-LB,ar-PS,az,az-AZ,bg,bg-BG,bn,bn-BD,bn-IN,ca,ca-es,cs,cs-CZ,de,de-DE,de-CH,de-AT,de-LI,en,en-US,en-CA,en-AU,en-NZ,en-GB,en-IN,en-KE,en-TZ,en-NG,en-GH,en-PH,en-ZA,es,es-ES,es-AR,es-UY,es-419,es-BO,es-CL,es-CR,es-CO,es-DO,es-EC,es-GT,es-HN,es-NI,es-PA,es-PE,es-PR,es-PY,es-SV,es-VE,es-MX,es-US,eu,eu-ES,fi,fi-FI,fr,fr-FR,fr-CH,fr-BE,gl,gl-ES,gu,gu-IN,he,he-IL,iw,iw-IL,hu,hu-HU,hy,hy-AM,id,id-ID,is,is-IS,it,it-IT,it-CH,ja,ja-JP,jv,jv-ID,ka,ka-GE,km,km-KH,kn,kn-IN,ko,ko-KR,la,lo,lo-LA,lv,lv-LV,ml,ml-IN,mr,mr-IN,ms,ms-MY,nl,nl-NL,nb,nb-NO,ne,ne-NP,pl,pl-PL,pt,pt-BR,pt-PT,ro,ro-RO,ru,ru-RU,si-LK,sk,sk-SK,sr,sr-RS,su,su-ID,sv,sv-SE,sw,sw-TZ,sw-KE,ta,ta-IN,ta-SG,ta-LK,ta-MY,te,te-IN,tr,tr-TR,ur,ur-PK,ur-IN,yue,yue-HK,yue-Hant-HK,zh-HK,zh,zh-CN,zh-cmn,zh-cmn-CN,zh-Hans,zh-Hans-CN,zh-cmn-Hans,zh-cmn-Hans-CN,cmn-CN,cmn-Hans,cmn-Hans-CN,zh-TW,zh-Hant-TW,cmn-TW,cmn-Hant-TW,zh-cmn-TW,zh-cmn-Hant-TW,zu,zu-ZA,hi,hi-IN,tl,tl-PH,pa,pa-IN"">\n\n<div>\n\n<div>\n\n<div id=""tw-ob"" class=""tw-src-ltr"">\n\n<div class=""oSioSc"">\n\n<div id=""tw-target"">\n\n<div id=""kAz1tf"" class=""g9WsWb PZPZlf"" data-attrid=""tw-targetArea"" data-entityname=""Google Translate"">\n\n<div id=""tw-target-text-container"" class=""tw-ta-container tw-nfl"" tabindex=""0"" role=""text"">\n\n<p id=""tw-target-text"" class=""tw-data-text tw-text-large tw-ta"" dir=""ltr"" tabindex=""-1"" role=""text"" data-placeholder=""Traducción"" data-ved=""2ahUKEwic9KDqgoKVAxXLrZUCHTKJFqIQ3ewLegQIDRAV"" aria-label=""Texto traducido: Especificaciones\n\nComodidad ultrasuave para todas las estaciones\n\nDiseño gráfico personalizado de Grundéns""><span class=""Y2IQFc"" lang=""es"">Especificaciones Comodidad ultrasuave para todas las estaciones Diseño gráfico personalizado de Grundéns</span></p>\n\n\n\n</div>\n\n<div id=""tw-target-rmn-container"" class=""tw-target-rmn tw-ta-container tw-nfl"" tabindex=""-1"" role=""text"">\n\n<pre id=""tw-target-rmn"" class=""tw-data-placeholder tw-text-small tw-ta"" dir=""ltr"" tabindex=""-1"" role=""text"" data-placeholder=""""></pre>\n\n</div>\n\n<div class=""iYB33c"">\n\n<div id=""tw-tmenu"" class=""tw-menu""></div>\n\n</div>\n\n</div>\n\n</div>\n\n</div>\n\n</div>\n\n<div id=""tw-images""></div>\n\n<div class=""dURPtb""></div>\n\n<div>\n\n<div data-vpload=""nYCnEd"" data-v="""" data-ne=""1"">\n\n<div id=""tsuid_bCYsapyOC8vb1sQPspLakAo_53""></div>\n\n</div>\n\n</div>\n\n</div>\n\n</div>\n\n</div>\n\n<p class=""KFFQ0c xKf9F""></p>\n\n\n\n</div>\n\n<div class=""iYB33c"">\n\n<div id=""tw-tmenu"" class=""tw-menu""></div>\n\n</div>\n\n</div>\n\n</div>\n\n</div>\n\n</div>\n\n<div id=""tw-images""></div>\n\n<div class=""dURPtb""></div>\n\n<div>\n\n<div data-vpload=""nYCnEd"" data-v="""" data-ne=""1"">\n\n<div id=""tsuid_bCYsapyOC8vb1sQPspLakAo_53""></div>\n\n</div>\n\n</div>\n\n</div>\n\n</div>\n\n</div>\n\n<p class=""KFFQ0c xKf9F""></p>",,,taxable,,1,,,0,0,,,,,0,,,,"Género > Hombre, Poleras, Poleras y Camisas",,,"https://trendseeker.cl/wp-content/uploads/2026/06/Captura-de-pantalla-2026-06-12-a-las-4.45.21-p.m.png, https://trendseeker.cl/wp-content/uploads/2026/06/Captura-de-pantalla-2026-06-12-a-las-4.45.21-p.m.png, https://trendseeker.cl/wp-content/uploads/2026/06/Captura-de-pantalla-2026-06-12-a-las-4.45.27-p.m.png",,,,,,,,,0,,Grundéns,Grundens,Talla,"L, M, S, XL",1,1,
34845,variable,,,"Turbulence Hybrid Hoodie, Whiskey",1,0,visible,,"<p id=""tw-target-text"" class=""tw-data-text tw-text-large tw-ta"" dir=""ltr"" tabindex=""-1"" role=""text"" data-placeholder=""Traducción"" data-ved=""2ahUKEwic9KDqgoKVAxXLrZUCHTKJFqIQ3ewLegQIDRAV"" aria-label=""Texto traducido: Estableciendo un nuevo estándar para las sudaderas híbridas de pesca, la sudadera Turbulence Hybrid Hoodie destaca por su excelente regulación de la temperatura, manteniéndote abrigado cuando es crucial y evitando el sobrecalentamiento durante las jornadas de pesca. Su aislamiento elástico G-Loft, estratégicamente distribuido y adaptado al cuerpo, regula la temperatura de forma impecable, lo que la convierte en una prenda híbrida sumamente funcional, ya sea como sudadera independiente o como capa intermedia perfecta para la pesca. La capa exterior es de poliéster elástico reciclado con tratamientos especiales que repelen el agua y el viento, y mejora la resistencia al desgarro para una máxima protección contra los elementos. Los puños extendidos de doble tejido de secado rápido reducen la entrada de agua y refuerzan la zona del antebrazo. Con un amplio bolsillo vertical con cremallera en el pecho y múltiples bolsillos con cremallera para calentar las manos, la sudadera Turbulence Hybrid Hoodie está preparada para cualquier día en el agua.""><span class=""Y2IQFc"" lang=""es"">Estableciendo un nuevo estándar para las sudaderas híbridas de pesca, la sudadera Turbulence Hybrid Hoodie destaca por su excelente regulación de la temperatura, manteniéndote abrigado cuando es crucial y evitando el sobrecalentamiento durante las jornadas de pesca. Su aislamiento elástico G-Loft, estratégicamente distribuido y adaptado al cuerpo, regula la temperatura de forma impecable, lo que la convierte en una prenda híbrida sumamente funcional, ya sea como sudadera independiente o como capa intermedia perfecta para la pesca. La capa exterior es de poliéster elástico reciclado con tratamientos especiales que repelen el agua y el viento, y mejora la resistencia al desgarro para una máxima protección contra los elementos. Los puños extendidos de doble tejido de secado rápido reducen la entrada de agua y refuerzan la zona del antebrazo. Con un amplio bolsillo vertical con cremallera en el pecho y múltiples bolsillos con cremallera para calentar las manos, la sudadera Turbulence Hybrid Hoodie está preparada para cualquier día en el agua.</span></p>\n\n<p id=""tw-target-text"" class=""tw-data-text tw-text-large tw-ta"" dir=""ltr"" tabindex=""-1"" role=""text"" data-placeholder=""Traducción"" data-ved=""2ahUKEwic9KDqgoKVAxXLrZUCHTKJFqIQ3ewLegQIDRAV"" aria-label=""Texto traducido: Especificaciones La capa exterior elástica de poliéster reciclado cuenta con un revestimiento especializado que aumenta la resistencia al agua, al viento y a los desgarros, protegiendo así de las inclemencias del tiempo. El aislamiento elástico Body Mapped G-Loft regula la temperatura, siendo la capa intermedia perfecta para la actividad acuática. Los puños de doble tejido de secado rápido reducen la absorción de agua y aumentan la resistencia a la abrasión en los antebrazos. Bolsillo grande en el pecho y bolsillos calientamanos con cremallera. Tratamiento DWR C0 para repeler líquidos y manchas.""><span class=""Y2IQFc"" lang=""es"">Especificaciones La capa exterior elástica de poliéster reciclado cuenta con un revestimiento especializado que aumenta la resistencia al agua, al viento y a los desgarros, protegiendo así de las inclemencias del tiempo. El aislamiento elástico Body Mapped G-Loft regula la temperatura, siendo la capa intermedia perfecta para la actividad acuática. Los puños de doble tejido de secado rápido reducen la absorción de agua y aumentan la resistencia a la abrasión en los antebrazos. Bolsillo grande en el pecho y bolsillos calientamanos con cremallera. Tratamiento DWR C0 para repeler líquidos y manchas.</span></p>",,,taxable,,1,,,0,0,,,,,0,,,,"Tipo de producto > Chaquetas, Poleron Hoodie, Polerones y Hoodies, Primera Capa",,,"https://trendseeker.cl/wp-content/uploads/2026/06/ChatGPT-Image-12-jun-2026-03_55_02-p.m.-6.png, https://trendseeker.cl/wp-content/uploads/2026/06/ChatGPT-Image-12-jun-2026-03_55_02-p.m.-6.png, https://trendseeker.cl/wp-content/uploads/2026/06/ChatGPT-Image-12-jun-2026-03_55_02-p.m.-5.png, https://trendseeker.cl/wp-content/uploads/2026/06/ChatGPT-Image-12-jun-2026-03_55_02-p.m.-4.png, https://trendseeker.cl/wp-content/uploads/2026/06/ChatGPT-Image-12-jun-2026-03_55_02-p.m.-3.png, https://trendseeker.cl/wp-content/uploads/2026/06/ChatGPT-Image-12-jun-2026-03_55_02-p.m.-2.png, https://trendseeker.cl/wp-content/uploads/2026/06/ChatGPT-Image-12-jun-2026-03_55_02-p.m.-1.png",,,,,,,,,0,,Grundéns,Grundens,Talla,"L, M, S, XL, XXL",1,1,
34833,variable,,,"Grundies Thermal FZ Hoodie, Deep Depths",1,0,visible,,"<p id=""tw-target-text"" class=""tw-data-text tw-text-large tw-ta"" dir=""ltr"" tabindex=""-1"" role=""text"" data-placeholder=""Traducción"" data-ved=""2ahUKEwic9KDqgoKVAxXLrZUCHTKJFqIQ3ewLegQIDRAV"" aria-label=""Texto traducido: Vestirse por capas con prudencia es fundamental cuando el clima es gélido, y la colección de capas base Grundies™ está diseñada para ayudarte a conservar un recurso vital: el calor corporal. La sudadera con capucha térmica Grundies™ FZ ofrece una opción de capa térmica que mantiene el calor incluso en condiciones de humedad, una pieza clave en el sistema de capas de cualquier pescador. Diseñada para maximizar la calidez, esta sudadera de forro polar elástico de alta densidad cuenta con una braga facial convertible que proporciona cobertura cuando se necesita y se guarda fácilmente cuando no se usa, además de bolsillos con cremallera para calentar las manos y evitar que se enfríen. Con propiedades antiolor HeiQ™ que evitan los malos olores durante el trabajo duro, una capucha estilo buzo para una máxima cobertura y una cremallera frontal completa para ponérsela y quitársela fácilmente, la sudadera con capucha térmica Grundies™ FZ es imprescindible para trabajar en ambientes fríos y húmedos. SKU:""><span class=""Y2IQFc"" lang=""es"">Vestirse por capas con prudencia es fundamental cuando el clima es gélido, y la colección de capas base Grundies™ está diseñada para ayudarte a conservar un recurso vital: el calor corporal. La sudadera con capucha térmica Grundies™ FZ ofrece una opción de capa térmica que mantiene el calor incluso en condiciones de humedad, una pieza clave en el sistema de capas de cualquier pescador. Diseñada para maximizar la calidez, esta sudadera de forro polar elástico de alta densidad cuenta con una braga facial convertible que proporciona cobertura cuando se necesita y se guarda fácilmente cuando no se usa, además de bolsillos con cremallera para calentar las manos y evitar que se enfríen. Con propiedades antiolor HeiQ™ que evitan los malos olores durante el trabajo duro, una capucha estilo buzo para una máxima cobertura y una cremallera frontal completa para ponérsela y quitársela fácilmente, la sudadera con capucha térmica Grundies™ FZ es imprescindible para trabajar en ambientes fríos y húmedos.</span></p>\n\n<p id=""tw-target-text"" class=""tw-data-text tw-text-large tw-ta"" dir=""ltr"" tabindex=""-1"" role=""text"" data-placeholder=""Traducción"" data-ved=""2ahUKEwic9KDqgoKVAxXLrZUCHTKJFqIQ3ewLegQIDRAV"" aria-label=""Texto traducido: Especificaciones Forro polar elástico de alta densidad con propiedades termorreguladoras Polaina facial convertible que proporciona calor cuando se necesita y se guarda cuando no se usa Bolsillos calientamanos con cremallera para guardar objetos de forma segura Bolsillo en el pecho para accesorios Control de olores HeiQ""><span class=""Y2IQFc"" lang=""es"">Especificaciones Forro polar elástico de alta densidad con propiedades termorreguladoras Polaina facial convertible que proporciona calor cuando se necesita y se guarda cuando no se usa Bolsillos calientamanos con cremallera para guardar objetos de forma segura Bolsillo en el pecho para accesorios Control de olores HeiQ</span></p>",,,taxable,,1,,,0,0,,,,,0,,,,"Género > Hombre, Poleron Hoodie, Polerones y Hoodies",,,"https://trendseeker.cl/wp-content/uploads/2026/06/ChatGPT-Image-12-jun-2026-03_41_24-p.m.-2.png, https://trendseeker.cl/wp-content/uploads/2026/06/ChatGPT-Image-12-jun-2026-03_41_28-p.m.-5.png, https://trendseeker.cl/wp-content/uploads/2026/06/ChatGPT-Image-12-jun-2026-03_41_27-p.m.-4.png, https://trendseeker.cl/wp-content/uploads/2026/06/ChatGPT-Image-12-jun-2026-03_41_25-p.m.-3.png, https://trendseeker.cl/wp-content/uploads/2026/06/ChatGPT-Image-12-jun-2026-03_41_24-p.m.-1.png",,,,,,,,,0,,Grundéns,Grundens,Talla,"L, M, S, XL, XXL",1,1,
34822,variable,,,"Grundies Thermal FZ Hoodie, Black",1,0,visible,,"<p id=""tw-target-text"" class=""tw-data-text tw-text-large tw-ta"" dir=""ltr"" tabindex=""-1"" role=""text"" data-placeholder=""Traducción"" data-ved=""2ahUKEwic9KDqgoKVAxXLrZUCHTKJFqIQ3ewLegQIDRAV"" aria-label=""Texto traducido: Vestirse por capas con prudencia es fundamental cuando el clima es gélido, y la colección de capas base Grundies™ está diseñada para ayudarte a conservar un recurso vital: el calor corporal. La sudadera con capucha térmica Grundies™ FZ ofrece una opción de capa térmica que mantiene el calor incluso en condiciones de humedad, una pieza clave en el sistema de capas de cualquier pescador. Diseñada para maximizar la calidez, esta sudadera de forro polar elástico de alta densidad cuenta con una braga facial convertible que proporciona cobertura cuando se necesita y se guarda fácilmente cuando no se usa, además de bolsillos con cremallera para calentar las manos y evitar que se enfríen. Con propiedades antiolor HeiQ™ que evitan los malos olores durante el trabajo duro, una capucha estilo buzo para una máxima cobertura y una cremallera frontal completa para ponérsela y quitársela fácilmente, la sudadera con capucha térmica Grundies™ FZ es imprescindible para trabajar en ambientes fríos y húmedos.\n\n\n\nSKU:""><span class=""Y2IQFc"" lang=""es"">Vestirse por capas con prudencia es fundamental cuando el clima es gélido, y la colección de capas base Grundies™ está diseñada para ayudarte a conservar un recurso vital: el calor corporal. La sudadera con capucha térmica Grundies™ FZ ofrece una opción de capa térmica que mantiene el calor incluso en condiciones de humedad, una pieza clave en el sistema de capas de cualquier pescador. Diseñada para maximizar la calidez, esta sudadera de forro polar elástico de alta densidad cuenta con una braga facial convertible que proporciona cobertura cuando se necesita y se guarda fácilmente cuando no se usa, además de bolsillos con cremallera para calentar las manos y evitar que se enfríen. Con propiedades antiolor HeiQ™ que evitan los malos olores durante el trabajo duro, una capucha estilo buzo para una máxima cobertura y una cremallera frontal completa para ponérsela y quitársela fácilmente, la sudadera con capucha térmica Grundies™ FZ es imprescindible para trabajar en ambientes fríos y húmedos.</span></p>\n\n<p id=""tw-target-text"" class=""tw-data-text tw-text-large tw-ta"" dir=""ltr"" tabindex=""-1"" role=""text"" data-placeholder=""Traducción"" data-ved=""2ahUKEwic9KDqgoKVAxXLrZUCHTKJFqIQ3ewLegQIDRAV"" aria-label=""Texto traducido: Especificaciones\n\nForro polar elástico de alta densidad con propiedades termorreguladoras\n\nPolaina facial convertible que proporciona calor cuando se necesita y se guarda cuando no se usa\n\nBolsillos calientamanos con cremallera para guardar objetos de forma segura\n\nBolsillo en el pecho para accesorios\n\nControl de olores HeiQ""><span class=""Y2IQFc"" lang=""es"">Especificaciones Forro polar elástico de alta densidad con propiedades termorreguladoras Polaina facial convertible que proporciona calor cuando se necesita y se guarda cuando no se usa Bolsillos calientamanos con cremallera para guardar objetos de forma segura Bolsillo en el pecho para accesorios Control de olores HeiQ</span></p>",,,taxable,,1,,,0,0,,,,,0,,,,"Género > Hombre, Poleron Hoodie, Polerones y Hoodies",,,"https://trendseeker.cl/wp-content/uploads/2026/06/ChatGPT-Image-12-jun-2026-03_32_19-p.m.-6.png, https://trendseeker.cl/wp-content/uploads/2026/06/ChatGPT-Image-12-jun-2026-03_32_19-p.m.-2.png, https://trendseeker.cl/wp-content/uploads/2026/06/ChatGPT-Image-12-jun-2026-03_32_19-p.m.-3.png, https://trendseeker.cl/wp-content/uploads/2026/06/ChatGPT-Image-12-jun-2026-03_32_19-p.m.-4.png, https://trendseeker.cl/wp-content/uploads/2026/06/ChatGPT-Image-12-jun-2026-03_32_19-p.m.-5.png",,,,,,,,,0,,Grundéns,Grundens,Talla,"L, M, S, XL, XXL",1,1,
34811,variable,,,Grundies Thermal 1/2 Zip,1,0,visible,,"<p id=""tw-target-text"" class=""tw-data-text tw-text-large tw-ta"" dir=""ltr"" tabindex=""-1"" role=""text"" data-placeholder=""Traducción"" data-ved=""2ahUKEwic9KDqgoKVAxXLrZUCHTKJFqIQ3ewLegQIDRAV"" aria-label=""Texto traducido: Vestirse por capas con prudencia es fundamental cuando el clima es gélido, y la colección de capas base Grundies™ fue diseñada para ayudarte a conservar un recurso vital: el calor corporal. La Grundies™ Thermal ½ Zip ofrece una opción de capa térmica que mantiene el calor incluso cuando está mojada, una pieza clave en el sistema de capas de cualquier pescador en climas fríos y húmedos. Este forro polar elástico de alta densidad cuenta con propiedades antiolor HeiQ™ para evitar los malos olores durante el trabajo duro, una cremallera frontal profunda para una máxima ventilación cuando sea necesario y un bolsillo vertical con cremallera en el pecho para acceder fácilmente a tus objetos personales.""><span class=""Y2IQFc"" lang=""es"">Vestirse por capas con prudencia es fundamental cuando el clima es gélido, y la colección de capas base Grundies™ fue diseñada para ayudarte a conservar un recurso vital: el calor corporal. La Grundies™ Thermal ½ Zip ofrece una opción de capa térmica que mantiene el calor incluso cuando está mojada, una pieza clave en el sistema de capas de cualquier pescador en climas fríos y húmedos. Este forro polar elástico de alta densidad cuenta con propiedades antiolor HeiQ™ para evitar los malos olores durante el trabajo duro, una cremallera frontal profunda para una máxima ventilación cuando sea necesario y un bolsillo vertical con cremallera en el pecho para acceder fácilmente a tus objetos personales.</span></p>\n\n<p id=""tw-target-text"" class=""tw-data-text tw-text-large tw-ta"" dir=""ltr"" tabindex=""-1"" role=""text"" data-placeholder=""Traducción"" data-ved=""2ahUKEwic9KDqgoKVAxXLrZUCHTKJFqIQ3ewLegQIDRAV"" aria-label=""Texto traducido: Especificaciones\n\nForro polar elástico de alta densidad con propiedades termorreguladoras\n\nCremallera frontal central profunda para máxima ventilación\n\nBolsillo en el pecho para guardar accesorios\n\nControl de olores HeiQ""><span class=""Y2IQFc"" lang=""es"">Especificaciones Forro polar elástico de alta densidad con propiedades termorreguladoras Cremallera frontal central profunda para máxima ventilación Bolsillo en el pecho para guardar accesorios Control de olores HeiQ</span></p>",,,taxable,,1,,,0,0,,,,,0,,,,"Género > Hombre, Polerones y Hoodies, Primera Capa",,,"https://trendseeker.cl/wp-content/uploads/2026/06/ChatGPT-Image-12-jun-2026-03_18_25-p.m.-1.png, https://trendseeker.cl/wp-content/uploads/2026/06/ChatGPT-Image-12-jun-2026-03_18_25-p.m.-2.png, https://trendseeker.cl/wp-content/uploads/2026/06/ChatGPT-Image-12-jun-2026-03_18_25-p.m.-3.png, https://trendseeker.cl/wp-content/uploads/2026/06/ChatGPT-Image-12-jun-2026-03_18_26-p.m.-4.png",,,,,,,,,0,,Grundéns,Grundéns,Talla,"L, M, S, XL",1,1,
34799,variable,,,"CSA Neptune Jacket, CSA Black Reflective",1,0,visible,,"<p id=""tw-target-text"" class=""tw-data-text tw-text-large tw-ta"" dir=""ltr"" tabindex=""-1"" role=""text"" data-placeholder=""Traducción"" data-ved=""2ahUKEwic9KDqgoKVAxXLrZUCHTKJFqIQ3ewLegQIDRAV"" aria-label=""Texto traducido: Chaqueta con capucha y cremallera completa, confeccionada en poliéster de peso medio recubierto de poliuretano, que ofrece la protección impermeable, la comodidad y la libertad de movimiento que necesitan los pescadores activos. Su corte atlético y los refuerzos en las axilas brindan protección sin restringir la acción de pesca. Esta chaqueta cumple con las siguientes certificaciones: Amarillo de alta visibilidad CSA Z96-2015 Clase 2 Nivel 2 ANSI/ISEA 107-2015 Tipo R Clase 2 No ignífuga""><span class=""Y2IQFc"" lang=""es"">Chaqueta con capucha y cremallera completa, confeccionada en poliéster de peso medio recubierto de poliuretano, que ofrece la protección impermeable, la comodidad y la libertad de movimiento que necesitan los pescadores activos. Su corte atlético y los refuerzos en las axilas brindan protección sin restringir la acción de pesca. Esta chaqueta cumple con las siguientes certificaciones: Amarillo de alta visibilidad CSA Z96-2015 Clase 2 Nivel 2 ANSI/ISEA 107-2015 Tipo R Clase 2 No ignífuga</span></p>\n\n<p id=""tw-target-text"" class=""tw-data-text tw-text-large tw-ta"" dir=""ltr"" tabindex=""-1"" role=""text"" data-placeholder=""Traducción"" data-ved=""2ahUKEwic9KDqgoKVAxXLrZUCHTKJFqIQ3ewLegQIDRAV"" aria-label=""Texto traducido: Especificaciones CSA Z96-2015 Clase 2, Nivel 2 ANSI/ISEA 107-2015 Tipo R Clase 2, No ignífugo Poliéster 100% impermeable con revestimiento de PU 2 bolsillos laterales con solapa termosellada Dobladillo ajustable""><span class=""Y2IQFc"" lang=""es"">Especificaciones CSA Z96-2015 Clase 2, Nivel 2 ANSI/ISEA 107-2015 Tipo R Clase 2, No ignífugo Poliéster 100% impermeable con revestimiento de PU 2 bolsillos laterales con solapa termosellada Dobladillo ajustable</span></p>",,,taxable,,1,,,0,0,,,,,0,,,,"Tipo de producto > Chaquetas, Género > Hombre",,,"https://trendseeker.cl/wp-content/uploads/2026/06/ChatGPT-Image-12-jun-2026-11_57_59-a.m.-1.png, https://trendseeker.cl/wp-content/uploads/2026/06/ChatGPT-Image-12-jun-2026-11_57_59-a.m.-2.png, https://trendseeker.cl/wp-content/uploads/2026/06/ChatGPT-Image-12-jun-2026-11_57_59-a.m.-3.png, https://trendseeker.cl/wp-content/uploads/2026/06/ChatGPT-Image-12-jun-2026-11_57_59-a.m.-4.png, https://trendseeker.cl/wp-content/uploads/2026/06/ChatGPT-Image-12-jun-2026-11_57_59-a.m.-5.png",,,,,,,,,0,,Grundéns,Grundens,Talla,"L, M, S, XL, XS",1,1,
34788,variable,,,"Weather Watch Jacket, Glacier Blue",1,0,visible,,"Esta chaqueta impermeable está diseñada para diversas actividades de pesca. Es lo suficientemente cómoda para cualquier ocasión de pesca deportiva y lo suficientemente resistente para un uso comercial ligero. La Weather Watch es la prenda multiusos perfecta cuando no necesitas tu equipo de alta resistencia para mal tiempo, pero sí necesitas protección contra los elementos mientras estás a bordo. Esta chaqueta cuenta con un tejido de nailon con tratamiento DWR y un laminado de poliuretano impermeable y transpirable.\n\n<p id=""tw-target-text"" class=""tw-data-text tw-text-large tw-ta"" dir=""ltr"" tabindex=""-1"" role=""text"" data-placeholder=""Traducción"" data-ved=""2ahUKEwic9KDqgoKVAxXLrZUCHTKJFqIQ3ewLegQIDRAV"" aria-label=""Texto traducido: Impermeable/Transpirable 10K/5K\n\nTejido 100% nailon con tratamiento DWR para repeler líquidos y manchas\n\nCosturas totalmente selladas\n\n2 bolsillos con cremallera\n\n2 bolsillos adicionales\n\nCapucha, dobladillo y puños ajustables\n\nCorte deportivo""><span class=""Y2IQFc"" lang=""es"">Impermeable/Transpirable 10K/5K </span></p>\n\n<p class=""tw-data-text tw-text-large tw-ta"" dir=""ltr"" tabindex=""-1"" role=""text"" data-placeholder=""Traducción"" data-ved=""2ahUKEwic9KDqgoKVAxXLrZUCHTKJFqIQ3ewLegQIDRAV"" aria-label=""Texto traducido: Impermeable/Transpirable 10K/5K\n\nTejido 100% nailon con tratamiento DWR para repeler líquidos y manchas\n\nCosturas totalmente selladas\n\n2 bolsillos con cremallera\n\n2 bolsillos adicionales\n\nCapucha, dobladillo y puños ajustables\n\nCorte deportivo""><span class=""Y2IQFc"" lang=""es"">Tejido 100% nailon con tratamiento DWR para repeler líquidos y manchas </span></p>\n\n<p class=""tw-data-text tw-text-large tw-ta"" dir=""ltr"" tabindex=""-1"" role=""text"" data-placeholder=""Traducción"" data-ved=""2ahUKEwic9KDqgoKVAxXLrZUCHTKJFqIQ3ewLegQIDRAV"" aria-label=""Texto traducido: Impermeable/Transpirable 10K/5K\n\nTejido 100% nailon con tratamiento DWR para repeler líquidos y manchas\n\nCosturas totalmente selladas\n\n2 bolsillos con cremallera\n\n2 bolsillos adicionales\n\nCapucha, dobladillo y puños ajustables\n\nCorte deportivo""><span class=""Y2IQFc"" lang=""es"">Costuras totalmente selladas 2 bolsillos con cremallera 2 bolsillos adicionales Capucha, dobladillo y puños ajustables Corte deportivo</span></p>",,,taxable,,1,,,0,0,,,,,0,,,,"Tipo de producto > Chaquetas, Género > Hombre",,,"https://trendseeker.cl/wp-content/uploads/2026/06/ChatGPT-Image-12-jun-2026-11_40_58-a.m.-1.png, https://trendseeker.cl/wp-content/uploads/2026/06/ChatGPT-Image-12-jun-2026-11_40_59-a.m.-2.png, https://trendseeker.cl/wp-content/uploads/2026/06/ChatGPT-Image-12-jun-2026-11_40_58-a.m.-1.png, https://trendseeker.cl/wp-content/uploads/2026/06/ChatGPT-Image-12-jun-2026-11_39_02-a.m.-4.png",,,,,,,,,0,,Grundéns,Grundens,Talla,"L, M, S, XL, XXL",1,1,
34773,variable,10330-001,,"Full Share Bib, Black",1,0,visible,,"<p id=""tw-target-text"" class=""tw-data-text tw-text-large tw-ta"" dir=""ltr"" tabindex=""-1"" role=""text"" data-placeholder=""Traducción"" data-ved=""2ahUKEwituJ_T_P-UAxWmlJUCHdYgAjUQ3ewLegQIDRAV"" aria-label=""Texto traducido: Al tener en tus manos el nuevo peto Full Share, notarás de inmediato su resistente tejido exterior, sus características técnicas estratégicamente ubicadas y una membrana interior que ofrece una gran resistencia a los contaminantes más comunes a los que se enfrentan los pescadores. Diseñado inicialmente para la pesca comercial, el peto Full Share ofrece una solución impermeable y transpirable de alto rendimiento con una comodidad excepcional en contacto con la piel, que también beneficia a los aficionados a la pesca deportiva, y todo ello a un precio increíble.""><span class=""Y2IQFc"" lang=""es"">Al tener en tus manos el nuevo peto Full Share, notarás de inmediato su resistente tejido exterior, sus características técnicas estratégicamente ubicadas y una membrana interior que ofrece una gran resistencia a los contaminantes más comunes a los que se enfrentan los pescadores. Diseñado inicialmente para la pesca comercial, el peto Full Share ofrece una solución impermeable y transpirable de alto rendimiento con una comodidad excepcional en contacto con la piel, que también beneficia a los aficionados a la pesca deportiva, y todo ello a un precio increíble.</span></p>",,,taxable,,1,,,0,0,,,,,0,,,149990,Jardineras y Waders,,,https://trendseeker.cl/wp-content/uploads/2026/06/trendseeker_producto_woo_1200x1200.webp,,,,,,,,,0,,Grundéns,Grundens,Talla,"L, M, S, XL",1,1,
34037,variable,20037-025,,Bulkhead Stretch Jacket,1,0,visible,,"<p id=""tw-target-text"" class=""tw-data-text tw-text-large tw-ta"" dir=""ltr"" tabindex=""-1"" role=""text"" data-placeholder=""Traducción"" data-ved=""2ahUKEwiMlYn1u8-RAxV8q5UCHQcuLPQQ3ewLegQIDBAW"" aria-label=""Texto traducido: El calor corporal debe considerarse un recurso limitado, y hemos diseñado la chaqueta y el pantalón Bulkhead para garantizar que conserves todos los grados posibles. Con una capa exterior resistente, cortavientos y repelente al agua duradero (DWR), combinada con un forro polar de rejilla, Bulkhead ofrece una protección técnica robusta contra el frío y la humedad.""><span class=""Y2IQFc"" lang=""es"">El calor corporal debe considerarse un recurso limitado, y hemos diseñado la chaqueta y el pantalón Bulkhead para garantizar que conserves todos los grados posibles. Con una capa exterior resistente, cortavientos y repelente al agua duradero (DWR), combinada con un forro polar de rejilla, Bulkhead ofrece una protección técnica robusta contra el frío y la humedad.</span></p>\n\n<p id=""tw-target-text"" class=""tw-data-text tw-text-large tw-ta"" dir=""ltr"" tabindex=""-1"" role=""text"" data-placeholder=""Traducción"" data-ved=""2ahUKEwiMlYn1u8-RAxV8q5UCHQcuLPQQ3ewLegQIDBAW"" aria-label=""Texto traducido: Acabado repelente al agua duradero (DWR) para repeler líquidos y manchas\n\nResistente al viento\n\nCapa exterior resistente a la abrasión para soportar los rigores de la pesca\n\nInterior de forro polar de rejilla para retener el calor corporal\n\nBolsillos con cremallera en el pecho y las manos\n\nDobladillo y capucha ajustables""><span class=""Y2IQFc"" lang=""es"">Acabado repelente al agua duradero (DWR) para repeler líquidos y manchas Resistente al viento Capa exterior resistente a la abrasión para soportar los rigores de la pesca Interior de forro polar de rejilla para retener el calor corporal Bolsillos con cremallera en el pecho y las manos Dobladillo y capucha ajustables</span></p>",,,taxable,,0,,,0,0,,,,,0,,,149990,"Tipo de producto > Chaquetas, Género, Género > Hombre, Poleron Hoodie, Polerones y Hoodies",,,"https://trendseeker.cl/wp-content/uploads/2025/12/Captura-de-pantalla-2025-12-21-a-las-5.12.12-p.-m.png, https://trendseeker.cl/wp-content/uploads/2025/12/Captura-de-pantalla-2025-12-21-a-las-5.12.27-p.-m.png, https://trendseeker.cl/wp-content/uploads/2025/12/Captura-de-pantalla-2025-12-21-a-las-5.12.12-p.-m.png",,,,,,,,,4,,Grundéns,Grundens,Talla,"L, M",1,1,
34031,variable,20069-001,,Bering Fleece Pro Full-Zip Hoodie,1,0,visible,,"<p id=""tw-target-text"" class=""tw-data-text tw-text-large tw-ta"" dir=""ltr"" tabindex=""-1"" role=""text"" data-placeholder=""Traducción"" data-ved=""2ahUKEwiMlYn1u8-RAxV8q5UCHQcuLPQQ3ewLegQIDBAW"" aria-label=""Texto traducido: La sudadera con capucha Bering Fleece Pro Full Zip amplía nuestra colección Bering Pro 1/4 Zip y Bering Pro Vest para ofrecer un forro polar de peso medio, ideal para tres estaciones, aún más versátil. Suave, cálida y con un cepillado en ambos lados para mayor comodidad, la Bering Full Zip comparte las características de la familia Bering: un forro polar térmicamente eficiente y altamente transpirable, fabricado con capas superpuestas elásticas con tratamiento DWR (repelente al agua duradero) en zonas específicas del pecho y la capucha. Su doble capa ofrece mayor retención del calor y protección contra las inclemencias del tiempo. Diseñada para la pesca, su secado rápido, fácil cuidado y fácil de empacar la convierten en una prenda ideal para viajes.""><span class=""Y2IQFc"" lang=""es"">El Poleron con capucha Bering Fleece Pro Full Zip amplía nuestra colección Bering Pro 1/4 Zip y Bering Pro Vest para ofrecer un forro polar de peso medio, ideal para tres estaciones, aún más versátil. Suave, cálida y con un cepillado en ambos lados para mayor comodidad, la Bering Full Zip comparte las características de la familia Bering: un forro polar térmicamente eficiente y altamente transpirable, fabricado con capas superpuestas elásticas con tratamiento DWR (repelente al agua duradero) en zonas específicas del pecho y la capucha. Su doble capa ofrece mayor retención del calor y protección contra las inclemencias del tiempo. Diseñada para la pesca, su secado rápido, fácil cuidado y fácil de empacar la convierten en una prenda ideal para viajes.</span></p>",,,taxable,,0,,,0,0,,,,,0,,,159990,"Tipo de producto > Chaquetas, Género, Género > Hombre, Poleron Hoodie, Polerones y Hoodies",,,"https://trendseeker.cl/wp-content/uploads/2025/12/Captura-de-pantalla-2025-12-21-a-las-5.04.02-p.-m.png, https://trendseeker.cl/wp-content/uploads/2025/12/Captura-de-pantalla-2025-12-21-a-las-5.04.13-p.-m.png, https://trendseeker.cl/wp-content/uploads/2025/12/Captura-de-pantalla-2025-12-21-a-las-5.04.02-p.-m.png",,,,,,,,,5,,Grundéns,Grundens,Talla,"L, M, XL",1,1,
34017,variable,,,Tough Sun Hoodie,1,0,visible,,"<p id=""tw-target-text"" class=""tw-data-text tw-text-large tw-ta"" dir=""ltr"" tabindex=""-1"" role=""text"" data-placeholder=""Traducción"" data-ved=""2ahUKEwjf4seh_cuRAxUOpZUCHR53DaoQ3ewLegQIDBAW"" aria-label=""Texto traducido: La camiseta solar más resistente del agua, Tough Sun con FPS 50, ofrece a los pescadores protección solar transpirable con mayor resistencia a los enganches para una mayor durabilidad tanto dentro como fuera del agua. Diseñada para las exigencias del astillero o del patio, esta resistente camiseta UV cuenta con un diseño holgado de capucha cruzada que ofrece cobertura total al subirla y máxima frescura al bajarla. Las aberturas integradas para los pulgares mantienen las mangas en su lugar para proteger el dorso de la mano, y los tratamientos HeiQ antiolor, termorregulador y antimanchas aumentan la comodidad y facilidad de cuidado de Tough Sun. Confiamos tanto en las camisetas solares Tough Sun con FPS 50 que las respaldamos con garantía de por vida. Si su camiseta falla, la reemplazamos sin preguntas.""><span class=""Y2IQFc"" lang=""es"">La polera solar más resistente del agua, Tough Sun con FPS 50, ofrece a los pescadores protección solar transpirable con mayor resistencia a los enganches para una mayor durabilidad tanto dentro como fuera del agua. Diseñada para las exigencias del astillero o del patio, esta resistente camiseta UV cuenta con un diseño holgado de capucha cruzada que ofrece cobertura total al subirla y máxima frescura al bajarla. Las aberturas integradas para los pulgares mantienen las mangas en su lugar para proteger el dorso de la mano, y los tratamientos HeiQ antiolor, termorregulador y antimanchas aumentan la comodidad y facilidad de cuidado de Tough Sun. Confiamos tanto en las camisetas solares Tough Sun con FPS 50 que las respaldamos con garantía de por vida. Si su camiseta falla, la reemplazamos sin preguntas.</span></p>",,,taxable,,0,,,0,0,,,,,0,,,,"Camisa, Género, Género > Hombre, Poleras, Poleras y Camisas, Polerones y Hoodies, Género > Unisex",,,"https://trendseeker.cl/wp-content/uploads/2025/12/Captura-de-pantalla-2025-12-20-a-las-7.55.20-a.-m.png, https://trendseeker.cl/wp-content/uploads/2025/12/Captura-de-pantalla-2025-12-20-a-las-7.55.20-a.-m.png, https://trendseeker.cl/wp-content/uploads/2025/12/Captura-de-pantalla-2025-12-20-a-las-7.55.33-a.-m.png",,,,,,,,,6,,Grundéns,Grundens,Talla,"L, XL",1,1,
34010,variable,40113-025,,Tough Sun Hoodie,1,0,visible,,"<p id=""tw-target-text"" class=""tw-data-text tw-text-large tw-ta"" dir=""ltr"" tabindex=""-1"" role=""text"" data-placeholder=""Traducción"" data-ved=""2ahUKEwjf4seh_cuRAxUOpZUCHR53DaoQ3ewLegQIDBAW"" aria-label=""Texto traducido: La camiseta solar más resistente del agua, Tough Sun con FPS 50, ofrece a los pescadores protección solar transpirable con mayor resistencia a los enganches para una mayor durabilidad tanto dentro como fuera del agua. Diseñada para las exigencias del astillero o del patio, esta resistente camiseta UV cuenta con un diseño holgado de capucha cruzada que ofrece cobertura total al subirla y máxima frescura al bajarla. Las aberturas integradas para los pulgares mantienen las mangas en su lugar para proteger el dorso de la mano, y los tratamientos HeiQ antiolor, termorregulador y antimanchas aumentan la comodidad y facilidad de cuidado de Tough Sun. Confiamos tanto en las camisetas solares Tough Sun con FPS 50 que las respaldamos con garantía de por vida. Si su camiseta falla, la reemplazamos sin preguntas.""><span class=""Y2IQFc"" lang=""es"">La polera solar más resistente del agua, Tough Sun con FPS 50, ofrece a los pescadores protección solar transpirable con mayor resistencia a los enganches para una mayor durabilidad tanto dentro como fuera del agua. Diseñada para las exigencias del astillero o del patio, esta resistente camiseta UV cuenta con un diseño holgado de capucha cruzada que ofrece cobertura total al subirla y máxima frescura al bajarla. Las aberturas integradas para los pulgares mantienen las mangas en su lugar para proteger el dorso de la mano, y los tratamientos HeiQ antiolor, termorregulador y antimanchas aumentan la comodidad y facilidad de cuidado de Tough Sun. Confiamos tanto en las camisetas solares Tough Sun con FPS 50 que las respaldamos con garantía de por vida. Si su camiseta falla, la reemplazamos sin preguntas.</span></p>",,,taxable,,0,,,0,0,,,,,0,,,54990,"Camisa, Género, Género > Hombre, Poleras, Poleras y Camisas, Polerones y Hoodies, Género > Unisex",,,"https://trendseeker.cl/wp-content/uploads/2025/12/Captura-de-pantalla-2025-12-20-a-las-7.43.36-a.-m.png, https://trendseeker.cl/wp-content/uploads/2025/12/Captura-de-pantalla-2025-12-20-a-las-7.44.22-a.-m.png, https://trendseeker.cl/wp-content/uploads/2025/12/Captura-de-pantalla-2025-12-20-a-las-7.44.08-a.-m.png, https://trendseeker.cl/wp-content/uploads/2025/12/Captura-de-pantalla-2025-12-20-a-las-7.43.52-a.-m.png",,,,,,,,,7,,Grundéns,Grundens,Talla,"L, XL",1,1,
33984,variable,60102-355,,Bankside Wading Boot - Vibram,1,0,visible,,"<p id=""tw-target-text"" class=""tw-data-text tw-text-large tw-ta"" dir=""ltr"" tabindex=""-1"" role=""text"" data-placeholder=""Traducción"" data-ved=""2ahUKEwiWtKeZwcmRAxXAmpUCHRAlKzcQ3ewLegQIDBAW"" aria-label=""Texto traducido: Diseñada con una exclusiva suela Vibram®Idrogrip™, compatible con nuestro sistema de tacos y calas de aleación HEXAGRIP™, la bota de vadeo Bankside combina una tracción superior en el río con la durabilidad y resistencia que caracterizan a nuestra marca. La parte superior de cuero nobuk impermeable está reforzada con capas de goma antiarañazos para una mayor protección contra las rocas. Diseñada junto con nuestro vadeador Boundary para funcionar como un sistema que mejora la movilidad y la sensación en el río, y compatible con cualquier vadeador de calcetín, la bota de vadeo Bankside te mantiene seguro y seguro en terrenos fluviales húmedos y variados.""><span class=""Y2IQFc"" lang=""es"">Diseñada con una exclusiva suela Vibram®Idrogrip™, compatible con nuestro sistema de tacos y calas de aleación HEXAGRIP™, la bota de vadeo Bankside combina una tracción superior en el río con la durabilidad y resistencia que caracterizan a nuestra marca. La parte superior de cuero nobuk impermeable está reforzada con capas de goma antiarañazos para una mayor protección contra las rocas. Diseñada junto con nuestro vadeador Boundary para funcionar como un sistema que mejora la movilidad y la sensación en el río, y compatible con cualquier vadeador de calcetín, la bota de vadeo Bankside te mantiene seguro y seguro en terrenos fluviales húmedos y variados.</span></p>",,,taxable,,0,,,0,0,,,,,0,,,319990,"Tipo de producto > Botas, Calzado, Género, Género > Hombre, Jardineras y Waders",,,"https://trendseeker.cl/wp-content/uploads/2025/12/Captura-de-pantalla-2025-12-19-a-las-11.53.37-a.-m.png, https://trendseeker.cl/wp-content/uploads/2025/12/Captura-de-pantalla-2025-12-19-a-las-11.49.45-a.-m.png, https://trendseeker.cl/wp-content/uploads/2025/12/Captura-de-pantalla-2025-12-19-a-las-11.49.51-a.-m.png, https://trendseeker.cl/wp-content/uploads/2025/12/Captura-de-pantalla-2025-12-19-a-las-11.50.03-a.-m.png, https://trendseeker.cl/wp-content/uploads/2025/12/Captura-de-pantalla-2025-12-19-a-las-11.49.22-a.-m.png, https://trendseeker.cl/wp-content/uploads/2025/12/Captura-de-pantalla-2025-12-19-a-las-11.53.37-a.-m.png",,,,,,,,,8,,Grundéns,Grundens,Talla,"10, 11, 8, 9",1,1,
33973,simple,70106-607-0001,,Mochila Bootlegger Roll Top Backpack 30L-Red Orange,1,0,visible,,"<p id=""tw-target-text"" class=""tw-data-text tw-text-large tw-ta"" dir=""ltr"" tabindex=""-1"" role=""text"" data-placeholder=""Traducción"" data-ved=""2ahUKEwiWtKeZwcmRAxXAmpUCHRAlKzcQ3ewLegQIDBAW"" aria-label=""Texto traducido: La mochila Bootlegger Roll Top 30L está diseñada para pescadores que buscan permanecer livianos sin comprometer la seguridad 100% impermeable que necesitan para su equipo y objetos de valor.""><span class=""Y2IQFc"" lang=""es"">La mochila Bootlegger Roll Top 30L está diseñada para pescadores que buscan permanecer livianos sin comprometer la seguridad 100% impermeable que necesitan para su equipo y objetos de valor.</span></p>",,,taxable,,1,4,,0,0,,,,,0,,,139990,"Bolsos, Bolsos y Mochilas, Género, Tipo de producto > Mochilas, Primera Capa, Tipo de producto",,,"https://trendseeker.cl/wp-content/uploads/2025/12/Captura-de-pantalla-2025-12-19-a-las-9.32.15-a.-m.png, https://trendseeker.cl/wp-content/uploads/2025/12/Captura-de-pantalla-2025-12-19-a-las-9.32.43-a.-m.png, https://trendseeker.cl/wp-content/uploads/2025/12/Captura-de-pantalla-2025-12-19-a-las-9.32.33-a.-m.png, https://trendseeker.cl/wp-content/uploads/2025/12/Captura-de-pantalla-2025-12-19-a-las-9.32.15-a.-m.png",,,,,,,,,9,7332525270761,Grundéns,Grundens,,,,,
33969,simple,70106-001-0001,,Mochila Bootlegger Roll Top Backpack 30L-Black,1,0,visible,,"<p id=""tw-target-text"" class=""tw-data-text tw-text-large tw-ta"" dir=""ltr"" tabindex=""-1"" role=""text"" data-placeholder=""Traducción"" data-ved=""2ahUKEwiWtKeZwcmRAxXAmpUCHRAlKzcQ3ewLegQIDBAW"" aria-label=""Texto traducido: La mochila Bootlegger Roll Top 30L está diseñada para pescadores que buscan permanecer livianos sin comprometer la seguridad 100% impermeable que necesitan para su equipo y objetos de valor.""><span class=""Y2IQFc"" lang=""es"">La mochila Bootlegger Roll Top 30L está diseñada para pescadores que buscan permanecer livianos sin comprometer la seguridad 100% impermeable que necesitan para su equipo y objetos de valor.</span></p>",,,taxable,,1,9,,0,0,,,,,0,,,139990,"Bolsos, Bolsos y Mochilas, Género, Tipo de producto > Mochilas, Primera Capa",,,"https://trendseeker.cl/wp-content/uploads/2025/12/Captura-de-pantalla-2025-12-19-a-las-12.30.13-p.-m.png, https://trendseeker.cl/wp-content/uploads/2025/12/Captura-de-pantalla-2025-12-19-a-las-12.31.10-p.-m.png, https://trendseeker.cl/wp-content/uploads/2025/12/Captura-de-pantalla-2025-12-19-a-las-12.36.30-p.-m.png, https://trendseeker.cl/wp-content/uploads/2025/12/Captura-de-pantalla-2025-12-19-a-las-12.30.26-p.-m.png",,,,,,,,,10,7332525270778,Grundéns,Grundens,,,,,
33962,simple,70105-425-0001,,Mochila Wayward Roll Top Backpack 38L - Navy,1,0,visible,,"<div id=""tw-container"" class=""nev7se"" data-cp=""1"" data-nnttsvi=""1"" data-sletp=""false"" data-sm=""1"" data-ssbp=""false"" data-sugg-time=""500"" data-sugg-url=""https://clients1.google.com/complete/search"" data-uilc=""es-419"" data-vil="",af,af-ZA,am,am-ET,ar-EG,ar-AE,ar-KW,ar-QA,ar,ar-IL,ar-JO,ar-LB,ar-PS,az,az-AZ,bg,bg-BG,bn,bn-BD,bn-IN,ca,ca-es,cs,cs-CZ,de,de-DE,de-CH,de-AT,de-LI,en,en-US,en-CA,en-AU,en-NZ,en-GB,en-IN,en-KE,en-TZ,en-NG,en-GH,en-PH,en-ZA,es,es-ES,es-AR,es-UY,es-419,es-BO,es-CL,es-CR,es-CO,es-DO,es-EC,es-GT,es-HN,es-NI,es-PA,es-PE,es-PR,es-PY,es-SV,es-VE,es-MX,es-US,eu,eu-ES,fi,fi-FI,fr,fr-FR,fr-CH,fr-BE,gl,gl-ES,gu,gu-IN,he,he-IL,iw,iw-IL,hu,hu-HU,hy,hy-AM,id,id-ID,is,is-IS,it,it-IT,it-CH,ja,ja-JP,jv,jv-ID,ka,ka-GE,km,km-KH,kn,kn-IN,ko,ko-KR,la,lo,lo-LA,lv,lv-LV,ml,ml-IN,mr,mr-IN,ms,ms-MY,nl,nl-NL,nb,nb-NO,ne,ne-NP,pl,pl-PL,pt,pt-BR,pt-PT,ro,ro-RO,ru,ru-RU,si-LK,sk,sk-SK,sr,sr-RS,su,su-ID,sv,sv-SE,sw,sw-TZ,sw-KE,ta,ta-IN,ta-SG,ta-LK,ta-MY,te,te-IN,tr,tr-TR,ur,ur-PK,ur-IN,yue,yue-HK,yue-Hant-HK,zh-HK,zh,zh-CN,zh-cmn,zh-cmn-CN,zh-Hans,zh-Hans-CN,zh-cmn-Hans,zh-cmn-Hans-CN,cmn-CN,cmn-Hans,cmn-Hans-CN,zh-TW,zh-Hant-TW,cmn-TW,cmn-Hant-TW,zh-cmn-TW,zh-cmn-Hant-TW,zu,zu-ZA,hi,hi-IN,tl,tl-PH,pa,pa-IN"">\n\n<div>\n\n<div>\n\n<div id=""tw-ob"" class=""tw-src-ltr"">\n\n<div class=""oSioSc"">\n\n<div id=""tw-target"">\n\n<div id=""kAz1tf"" class=""g9WsWb PZPZlf"" data-attrid=""tw-targetArea"" data-entityname=""Google Translate"">\n\n<div id=""tw-target-text-container"" class=""tw-ta-container tw-nfl"" tabindex=""0"" role=""text"">\n\n<p id=""tw-target-text"" class=""tw-data-text tw-text-large tw-ta"" dir=""ltr"" tabindex=""-1"" role=""text"" data-placeholder=""Traducción"" data-ved=""2ahUKEwiWtKeZwcmRAxXAmpUCHRAlKzcQ3ewLegQIDBAW"" aria-label=""Texto traducido: La mochila Wayward Roll Top de 38 litros fue diseñada para pescadores con espíritu aventurero. Su diseño 100 % impermeable y su práctico sistema de almacenamiento permiten llevar equipo de pesca, equipo fotográfico o incluso un par de pantalones cortos secos para cambiarse.""><span class=""Y2IQFc"" lang=""es"">La mochila Wayward Roll Top de 38 litros fue diseñada para pescadores con espíritu aventurero. Su diseño 100 % impermeable y su práctico sistema de almacenamiento permiten llevar equipo de pesca, equipo fotográfico o incluso un par de pantalones cortos secos para cambiarse.</span></p>\n\n<p id=""tw-target-text"" class=""tw-data-text tw-text-large tw-ta"" dir=""ltr"" tabindex=""-1"" role=""text"" data-placeholder=""Traducción"" data-ved=""2ahUKEwic9KDqgoKVAxXLrZUCHTKJFqIQ3ewLegQIDRAV"" aria-label=""Texto traducido: Especificaciones\n\nConstrucción soldada 100% impermeable\n\nCierre enrollable\n\nPanel trasero moldeado por compresión\n\nCompartimento interno acolchado para portátil\n\nBolsillo interior de malla con cremallera y clip para llaves\n\nBolsillos exteriores de malla para botellas con sistema de sujeción para cañas de pescar\n\nCapacidad: 38 litros""><span class=""Y2IQFc"" lang=""es"">Especificaciones Construcción soldada 100% impermeable Cierre enrollable Panel trasero moldeado por compresión Compartimento interno acolchado para portátil Bolsillo interior de malla con cremallera y clip para llaves Bolsillos exteriores de malla para botellas con sistema de sujeción para cañas de pescar Capacidad: 38 litros</span></p>\n\n\n\n</div>\n\n<pre id=""tw-target-rmn"" class=""tw-data-placeholder tw-text-small tw-ta"" dir=""ltr"" tabindex=""-1"" role=""text"" data-placeholder=""""></pre>\n\n<div id=""tw-tmenu"" class=""tw-menu""></div>\n\n</div>\n\n</div>\n\n</div>\n\n</div>\n\n<div></div>\n\n</div>\n\n</div>\n\n</div>\n\n<p class=""KFFQ0c xKf9F""></p>",,,taxable,,1,5,,0,0,,,,,0,,,224990,"Bolsos, Bolsos y Mochilas, Género > Hombre, Tipo de producto > Mochilas, Género > Mujer, Primera Capa, Tipo de producto, Género > Unisex",,,"https://trendseeker.cl/wp-content/uploads/2025/12/Captura-de-pantalla-2025-12-19-a-las-8.55.57-a.-m.png, https://trendseeker.cl/wp-content/uploads/2025/12/Captura-de-pantalla-2025-12-19-a-las-12.42.33-p.-m.png, https://trendseeker.cl/wp-content/uploads/2025/12/Captura-de-pantalla-2025-12-19-a-las-12.41.49-p.-m.png, https://trendseeker.cl/wp-content/uploads/2025/12/Captura-de-pantalla-2025-12-19-a-las-12.42.21-p.-m.png",,,,,,,,,11,840316348522,Grundéns,Grundens,,,,,
33947,variable,20062-336,,"Thermal 1/2 Zip, Deep Depths",1,0,visible,,"<p id=""tw-target-text"" class=""tw-data-text tw-text-large tw-ta"" dir=""ltr"" tabindex=""-1"" role=""text"" data-placeholder=""Traducción"" data-ved=""2ahUKEwiWtKeZwcmRAxXAmpUCHRAlKzcQ3ewLegQIDBAW"" aria-label=""Texto traducido: Usar capas con cuidado es muy beneficioso cuando llega el frío, y la colección de capas base Grundies™ fue diseñada para ayudarte a conservar un recurso vital: el calor corporal. La capa térmica Grundies™ Thermal ½ Zip ofrece calidez incluso en condiciones húmedas, una opción esencial en el sistema de capas de cualquier pescador en climas fríos y húmedos. Este forro polar elástico y resistente ofrece propiedades antiolor HeiQ™ para evitar el mal olor durante el trabajo intenso, una cremallera central profunda para máxima ventilación cuando la necesitas y un bolsillo vertical con cremallera en el pecho para guardar tus objetos personales fácilmente.""><span class=""Y2IQFc"" lang=""es"">Usar capas con cuidado es muy beneficioso cuando llega el frío, y la colección de capas base Grundies™ fue diseñada para ayudarte a conservar un recurso vital: el calor corporal. La capa térmica Grundies™ Thermal ½ Zip ofrece calidez incluso en condiciones húmedas, una opción esencial en el sistema de capas de cualquier pescador en climas fríos y húmedos. Este forro polar elástico y resistente ofrece propiedades antiolor HeiQ™ para evitar el mal olor durante el trabajo intenso, una cremallera central profunda para máxima ventilación cuando la necesitas y un bolsillo vertical con cremallera en el pecho para guardar tus objetos personales fácilmente.</span></p>",,,taxable,,0,,,0,0,0.5,,,,0,,,94990,"Género, Género > Hombre, Polerones y Hoodies, Género > Unisex",,,"https://trendseeker.cl/wp-content/uploads/2025/12/Captura-de-pantalla-2025-12-19-a-las-8.24.58-a.-m.png, https://trendseeker.cl/wp-content/uploads/2025/12/Captura-de-pantalla-2025-12-19-a-las-8.24.58-a.-m.png, https://trendseeker.cl/wp-content/uploads/2025/12/Captura-de-pantalla-2025-12-19-a-las-8.25.23-a.-m.png, https://trendseeker.cl/wp-content/uploads/2025/12/Captura-de-pantalla-2025-12-19-a-las-8.25.11-a.-m.png, https://trendseeker.cl/wp-content/uploads/2025/12/Captura-de-pantalla-2025-12-19-a-las-12.47.23-p.-m.png, https://trendseeker.cl/wp-content/uploads/2025/12/Captura-de-pantalla-2025-12-19-a-las-12.47.14-p.-m.png",,,,,,,,,12,,Grundéns,Grundens,Talla,"L, M, S, XL, XXL",1,1,
33959,simple,50450-353-0001,,"Trout Patch Rope Trucker, Loden",1,0,visible,,"<p id=""tw-target-text"" class=""tw-data-text tw-text-large tw-ta"" dir=""ltr"" tabindex=""-1"" role=""text"" data-placeholder=""Traducción"" data-ved=""2ahUKEwiWtKeZwcmRAxXAmpUCHRAlKzcQ3ewLegQIDBAW"" aria-label=""Texto traducido: Con una visera plana, una tela abatible, una cuerda de 5 mm y protección UPF 50+, este sombrero ofrece un aire retro en un paquete moderno.""><span class=""Y2IQFc"" lang=""es"">Con una visera plana, una tela abatible, una cuerda de 5 mm y protección UPF 50+, este sombrero ofrece un aire retro en un paquete moderno.</span></p>",,,taxable,,1,,,0,0,,,,,0,,,31990,"Tipo de producto > Accesorios > Gorros, Género > Hombre",,,"https://trendseeker.cl/wp-content/uploads/2025/12/Captura-de-pantalla-2025-12-19-a-las-8.40.35-a.-m.png, https://trendseeker.cl/wp-content/uploads/2025/12/Captura-de-pantalla-2025-12-19-a-las-8.40.47-a.-m.png",,,,,,,,,13,840316328098,Grundéns,Grundens,,,,,
32991,variable,60047-001,,Women's - Deviation Sherpa Ankle Boot Black - Mujer,1,1,visible,,"La bota Deviation encarna la robusta utilidad, la versatilidad diaria y la comodidad constante que nuestros pescadores buscan, tanto dentro como fuera de la cubierta. Ahora mejorada con un aislamiento de vellón de pelo largo, la bota Deviation Sherpa proporciona protección resistente con la calidez y comodidad de una zapatilla.",,,taxable,,1,12,,0,0,,,,,0,,,169990,"Tipo de producto > Botas, Calzado, Género, Género > Mujer, Tipo de producto, Tipo de producto > Zapatos",,,"https://trendseeker.cl/wp-content/uploads/2025/07/60047_001_01.webp, https://trendseeker.cl/wp-content/uploads/2025/07/w_deviation_sherpa_alt2.webp, https://trendseeker.cl/wp-content/uploads/2025/07/60047_001_03.webp, https://trendseeker.cl/wp-content/uploads/2025/07/TS-PRODUCTO-FOTOS-9.png, https://trendseeker.cl/wp-content/uploads/2025/07/60047_001_02.webp, https://trendseeker.cl/wp-content/uploads/2025/07/60047_001_04.webp",,,,,,,,,52,,Grundéns,Grundéns,Talla,"10, 6, 7, 8, 9",1,1,
32992,variable,60047-225,,Women´s - Deviation Sherpa Ankle Boot Slit - Mujer,1,0,visible,,"La bota Deviation encarna la robusta utilidad, la versatilidad diaria y la comodidad constante que nuestros pescadores buscan, tanto dentro como fuera de la cubierta. Ahora mejorada con un aislamiento de vellón de pelo largo, la bota Deviation Sherpa proporciona protección resistente con la calidez y comodidad de una zapatilla.",,,taxable,,1,19,,0,0,,,,,0,,,169990,"Tipo de producto > Botas, Calzado, Género, Género > Mujer, Tipo de producto > Zapatos",,,"https://trendseeker.cl/wp-content/uploads/2025/07/60047_225_02.webp, https://trendseeker.cl/wp-content/uploads/2025/07/w_deviation_sherpa_alt3.webp, https://trendseeker.cl/wp-content/uploads/2025/07/TS-PRODUCTO-FOTOS-9.png, https://trendseeker.cl/wp-content/uploads/2025/07/60047_225_04.webp, https://trendseeker.cl/wp-content/uploads/2025/07/60047_225_03.webp, https://trendseeker.cl/wp-content/uploads/2025/07/w_deviation_sherp_alt.webp",,,,,,,,,53,,Grundéns,Grundéns,Talla,"6, 7, 8, 9",1,1,
32966,variable,40117-074,,Camisa Dispatch Flannel Shirt - Sagebrush,1,0,visible,,"La camisa de franela Dispatch ofrece una calidez y un rendimiento óptimos con un tacto de algodón natural. Un bolsillo oculto con cremallera en el pecho permite guardar pequeños objetos de valor (bajo de línea, tippet, tarjetas de crédito, efectivo, etc.) de forma segura, y sus botones a presión le dan un toque sofisticado. La franela perfecta para el pescador apasionado.",,,taxable,,0,,,0,0,,,,,0,,,99990,"Camisa, Género > Hombre, Poleras, Poleras y Camisas",Camisas,,"https://trendseeker.cl/wp-content/uploads/2025/07/40117_074_01.webp, https://trendseeker.cl/wp-content/uploads/2025/07/40117_074_06.webp, https://trendseeker.cl/wp-content/uploads/2025/07/40117_074_05.webp, https://trendseeker.cl/wp-content/uploads/2025/07/40117_074_04.webp",,,,,,,,,54,,Grundéns,Grundens,Talla,"L, M, S, XL",1,1,
32955,variable,40113-449,,Polera con gorro - Tough Sun - Azure,1,0,visible,,"La camiseta solar más resistente del agua, Tough Sun con FPS 50, ofrece a los pescadores protección solar transpirable con mayor resistencia a los enganches para una mayor durabilidad tanto dentro como fuera del agua. Diseñada para las exigencias del astillero o del patio, esta resistente camiseta UV cuenta con un diseño holgado de capucha cruzada que ofrece cobertura total al subirla y máxima frescura al bajarla. Las aberturas integradas para los pulgares mantienen las mangas en su lugar para proteger el dorso de la mano del sol, y los tratamientos HeiQ antiolor, termorregulador y antimanchas aumentan la comodidad y facilidad de cuidado de Tough Sun. Confiamos tanto en las camisetas solares Tough Sun con FPS 50 que les ofrecemos una garantía de por vida. Si su camiseta falla, la reemplazamos sin preguntas.",,,taxable,,1,6,,0,0,,,,,0,,,54990,"Género, Género > Hombre, Poleras, Poleras y Camisas, Tipo de producto",,,"https://trendseeker.cl/wp-content/uploads/2025/07/40113_449_01.webp, https://trendseeker.cl/wp-content/uploads/2025/07/AltRolloverPDP_40113_449-01.webp, https://trendseeker.cl/wp-content/uploads/2025/07/40113_449_04.webp, https://trendseeker.cl/wp-content/uploads/2025/07/40113_449_05.webp, https://trendseeker.cl/wp-content/uploads/2025/07/40113_449_07.webp, https://trendseeker.cl/wp-content/uploads/2025/07/40113_449_06.webp",,,,,,,,,55,,Grundéns,Grundéns,Talla,"L, M, S, XL",1,1,
32945,variable,40112-607,,Polera Tough Sun Crew - Red Orange,1,0,visible,,"La camiseta solar más resistente del agua, Tough Sun con FPS 50, ofrece a los pescadores protección solar transpirable con mayor resistencia a los enganches para una mayor durabilidad tanto dentro como fuera del agua. Diseñada para las exigencias del astillero o del patio, esta resistente camiseta UV cuenta con tratamientos antimanchas y antiolor para proteger la prenda de los inevitables elementos ""pez"", mientras que sus propiedades termorreguladoras te permiten mantenerte fresco cuando la temperatura sube. Los orificios para los pulgares mantienen las mangas en su lugar para proteger el dorso de la mano del sol, y los tratamientos antiolor HeiQ aumentan la comodidad y facilidad de cuidado de Tough Sun. Y confiamos tanto en las camisetas solares Tough Sun con FPS 50 que les ofrecemos una garantía de por vida. Si tu camiseta falla, la reemplazamos sin hacer preguntas.",,,taxable,,1,8,,0,0,,,,,0,,,39990,"Género > Hombre, Poleras, Poleras y Camisas",,,"https://trendseeker.cl/wp-content/uploads/2025/07/40112_607_01.webp, https://trendseeker.cl/wp-content/uploads/2025/07/40112_607_05.webp, https://trendseeker.cl/wp-content/uploads/2025/07/40112_607_04.webp, https://trendseeker.cl/wp-content/uploads/2025/07/40112_607_03.webp, https://trendseeker.cl/wp-content/uploads/2025/07/AltRolloverPDP_40112_607-03.webp",,,,,,,,,57,,Grundéns,Grundéns,Talla,"L, M, XL",1,1,
32904,variable,40108-070,,Camisa Jetty Shirt - Drift Grey,1,0,visible,,"La camisa Jetty es tu camisa de botones ideal para la pesca, confeccionada con un tejido de algodón y nailon cómodo y resistente que resiste los rigores del entorno marino. Su tratamiento repelente al agua duradero (DWR) repele líquidos y manchas para mantener la camisa fresca, y sus bolsillos en el pecho con fuelle y cierres a presión te permiten tener tus objetos personales a mano y seguros. Una camisa de botones verdaderamente versátil, ideal como capa de peso medio para pescar o para una salida nocturna. Tejido de algodón y nailon de peso medio. Cierre frontal a presión con propiedades antisal",,,taxable,,0,,,0,0,,,,,0,,,74990,"Camisa, Género > Hombre, Poleras, Poleras y Camisas",Camisas,,"https://trendseeker.cl/wp-content/uploads/2025/07/40108_070_01.webp, https://trendseeker.cl/wp-content/uploads/2025/07/AltRolloverPDP_40108_070-01.webp, https://trendseeker.cl/wp-content/uploads/2025/07/AltRolloverPDP_40108_070-02.webp",,,,,,,,,58,,Grundéns,Grundéns,Talla,"L, M, XL",1,1,
32894,variable,20076-912,,Chaqueta Kryall Hoodie - Smoke,1,0,visible,,"La Kryall es un poleron resistente, resistente al viento y a la intemperie, diseñada para pescadores profesionales que buscan un rendimiento en alta mar. Si una sudadera pudiera representar la determinación, la Kryall sería la indicada. Poleron técnica de forro polar con elasticidad y resistencia al agua, al viento y a la abrasión. Acabado repelente al agua duradero (DWR) que repele líquidos y manchas.\n\n\n\n<strong>Imagen principal refleja color Smoke</strong>",,,taxable,,0,,,0,0,,,,,0,,,124990,"Tipo de producto > Chaquetas, Género > Hombre, Polerones y Hoodies",Chaquetas,,"https://trendseeker.cl/wp-content/uploads/2025/07/Captura-de-pantalla-2025-12-20-a-las-10.38.54-a.-m.png, https://trendseeker.cl/wp-content/uploads/2025/07/20076_358_04.webp, https://trendseeker.cl/wp-content/uploads/2025/07/20076_358_08.webp, https://trendseeker.cl/wp-content/uploads/2025/07/20076_358_06.webp, https://trendseeker.cl/wp-content/uploads/2025/07/20076_358_05.webp, https://trendseeker.cl/wp-content/uploads/2025/07/20038_001_02-1.webp",,,,,,,,,59,,Grundéns,Grundens,Talla,"L, M, XL",1,1,
32888,variable,20038-001,,Chaqueta Kryall Hoodie - Black,1,0,visible,,"La Kryall es un poleron resistente, resistente al viento y a la intemperie, diseñada para pescadores profesionales que buscan un rendimiento en alta mar. Si una sudadera pudiera representar la determinación, la Kryall sería la indicada. Poleron técnica de forro polar con elasticidad y resistencia al agua, al viento y a la abrasión. Acabado repelente al agua duradero (DWR) que repele líquidos y manchas.",,,taxable,,0,,,0,0,,,,,0,,,134990,"Tipo de producto > Chaquetas, Género > Hombre, Polerones y Hoodies",Chaquetas,,"https://trendseeker.cl/wp-content/uploads/2025/07/20038_001_01-1.webp, https://trendseeker.cl/wp-content/uploads/2025/07/20038_001_02.webp",,,,,,,,,60,,Grundéns,Grundéns,Talla,"L, M, S, XL",1,1,
32849,variable,60043-225,,Deviation Sherpa Ankle Boot Silt,1,0,visible,,"La colección Deviation es versátil y te acompaña en tu actividades diarias. Son cómodas, tanto que nuestros pescadores las ocupan dentro y fuera de la cubierta. Ahora mejorada con un aislamiento de vellón de pelo largo, la bota Deviation Sherpa proporciona protección resistente con la calidez y comodidad.",,,taxable,,1,8,,0,0,,,,,0,,,169990,"Tipo de producto > Botas, Calzado, Género, Género > Mujer, Tipo de producto > Zapatos",,,"https://trendseeker.cl/wp-content/uploads/2025/07/60043_225_02.webp, https://trendseeker.cl/wp-content/uploads/2025/07/60043_225_03.webp, https://trendseeker.cl/wp-content/uploads/2025/07/60043_225_04.webp, https://trendseeker.cl/wp-content/uploads/2025/07/TS-PRODUCTO-FOTOS-9.png",,,,,,,,,61,,Grundéns,Grundéns,Talla,"11, 2009, 8, 9",1,1,
32835,variable,60043-001,,Deviation Sherpa Ankle Boot Black,1,0,visible,,"La colección Deviation es versátil y te acompaña en tu actividades diarias. Son cómodas, tanto que nuestros pescadores las ocupan dentro y fuera de la cubierta. Ahora mejorada con un aislamiento de vellón de pelo largo, la bota Deviation Sherpa proporciona protección resistente con la calidez y comodidad.",,,taxable,,1,14,,0,0,,,,,0,,,169990,"Tipo de producto > Botas, Calzado, Género, Género > Mujer, Tipo de producto > Zapatos",,,"https://trendseeker.cl/wp-content/uploads/2025/07/60043_001_01.webp, https://trendseeker.cl/wp-content/uploads/2025/07/WhatsApp-Image-2025-07-14-at-11.17.15-AM-1.jpeg, https://trendseeker.cl/wp-content/uploads/2025/07/60043_001_02.webp, https://trendseeker.cl/wp-content/uploads/2025/07/TS-PRODUCTO-FOTOS-9.png, https://trendseeker.cl/wp-content/uploads/2025/07/60043_001_03.webp, https://trendseeker.cl/wp-content/uploads/2025/07/60043_001_04.webp",,,,,,,,,62,,Grundéns,Grundéns,Talla,"10, 11, 8, 9",1,1,
32808,variable,10206-119,,Chaqueta Charter Jacket Squall - White,1,0,visible,,"Desde borrascas tropicales hasta lluvias torrenciales y mares embravecidos, la chaqueta Charter está diseñada para ofrecer versatilidad y durabilidad, manteniéndote seco y cómodo dentro y fuera del agua. Con un rendimiento impermeable y transpirable, la chaqueta Charter se destaca como nuestra chaqueta impermeable más compacta, diseñada para desplegarse cuando se necesita desde una mochila o la escotilla de la consola del barco. Con un diseño plegable que se enrolla fácilmente dentro de la capucha de la chaqueta para un almacenamiento compacto, Charter incluye bolsillos calientamanos con cremallera para mantener tu equipo seguro y protegido, y capucha, dobladillo y puños ajustables para adaptarse a tus preferencias.\n\n\n\nLa capa exterior bicomponente elástica de 3L se convierte en nuestra chaqueta más transpirable sin sacrificar la impermeabilidad ni la durabilidad.\n\n\n\nImpermeabilidad y transpirabilidad 20K/20K.\n\n\n\nDiseño plegable y estibable: se enrolla en la capucha para un almacenamiento compacto.\n\n\n\nCremallera central frontal con tapeta antitormentas que ofrece protección contra la lluvia y el viento.\n\n\n\n2 bolsillos calientamanos con cremallera.\n\n\n\nCapucha, dobladillo y puños ajustables.",,,taxable,,0,,,0,0,,,,,0,,,339990,"Tipo de producto > Chaquetas, Género > Hombre",Chaquetas,,"https://trendseeker.cl/wp-content/uploads/2025/07/Captura-de-pantalla-2025-07-07-a-las-3.23.25 p.-m.png, https://trendseeker.cl/wp-content/uploads/2025/07/Captura-de-pantalla-2025-07-07-a-las-3.22.55 p.-m.png, https://trendseeker.cl/wp-content/uploads/2025/07/Captura-de-pantalla-2025-07-07-a-las-3.22.44 p.-m.png, https://trendseeker.cl/wp-content/uploads/2025/07/Captura-de-pantalla-2025-07-07-a-las-3.22.37 p.-m.png, https://trendseeker.cl/wp-content/uploads/2025/07/Captura-de-pantalla-2025-07-07-a-las-3.22.30 p.-m.png",,,,,,,,,63,,Grundéns,Grundéns,Talla,"L, M, S, XL",1,1,
32728,variable,10362-001,,Jardinera Weather Watch Bib Black,1,0,visible,,"Estas jardineras resistentes al agua están diseñadas para diversas actividades de pesca. Son cómodas para cualquier ocasión de pesca deportiva y resistentes para uso comercial ligero. El Weather Watch es la prenda ideal cuando no necesitas tu equipo resistente para el mal tiempo, pero necesitas protección contra las inclemencias del tiempo en cubierta. Esta chaqueta está fabricada con un tejido de nailon con tratamiento DWR (resistente al agua) y un laminado de poliuretano impermeable y transpirable.\n\n\n\nResistente al agua y transpirable (10K/5K)\n\nTejido 100 % nailon con tratamiento repelente al agua duradero (DWR) para repeler líquidos y manchas\n\nCosturas totalmente selladas\n\nSistema de tirantes ajustable y seguro Grundens\n\nBolsillo cargo con cremallera en el muslo",,,taxable,,0,,,0,0,,,,,0,,,99990,"Género > Hombre, Jardineras y Waders",jardinera,,"https://trendseeker.cl/wp-content/uploads/2025/06/17479311.webp, https://trendseeker.cl/wp-content/uploads/2025/06/17479311.webp, https://trendseeker.cl/wp-content/uploads/2025/06/17479311_2.webp, https://trendseeker.cl/wp-content/uploads/2025/06/17479311_3.webp",,,,,,,,,64,,Grundéns,Grundéns,Talla,"L, M, S, XL",1,1,
31551,variable,10350-007,,Jardinera Full Share Bib - Black Reflective,1,0,visible,,"<pre dir=""ltr""><span lang=""es"">Cuando tenga en sus manos el nuevo Full Share Bib, notará instantáneamente el resistente tejido exterior, \n\nlas características técnicas estratégicamente ubicadas y una membrana interior que ofrece una fuerte resistencia\n\na los contaminantes más comunes que enfrentan los pescadores. Inicialmente diseñado para el pescador comercial, \n\nel Full Share Bib ofrece una solución impermeable/transpirable de alto rendimiento con comodidad para la piel \n\nque también beneficia a los entusiastas de la pesca deportiva y a un precio increíble.</span></pre>",,,taxable,,0,,,0,0,,,,,0,,,149990,"Género, Género > Hombre, Jardineras y Waders, Género > Unisex",jardinera,,"https://trendseeker.cl/wp-content/uploads/2025/01/Jardinera-Full-Share-Bib-Black-reflectante.jpg, https://trendseeker.cl/wp-content/uploads/2025/01/Jardinera-Full-Share-Bib-Black-reflectante-2.jpg, https://trendseeker.cl/wp-content/uploads/2025/01/Jardinera-Full-Share-Bib-Black-reflectante-1.jpg, https://trendseeker.cl/wp-content/uploads/2025/01/Jardinera-Full-Share-Bib-Black-reflectante.jpg",,,,,,,,,66,,Grundéns,Grundéns,Talla,"L, M, S, XL",1,1,
31315,variable,90001-356,,Wader Boundary GORE TEX Zip Stockingfoot - Otter,1,0,visible,,"Presentamos el nuevo Boundary Zip Stockingfoot Wader, diseñado y fabricado con laminado GORE-TEX Pro Wader para brindarte una libertad de movimiento incomparable tanto dentro como fuera del agua. Repensamos cómo se debe construir un vadeador, eliminando costuras en las áreas habituales de alto desgaste, inspirándonos en cómo se construye un arnés de escalada para crear el sistema de tirantes más cómodo del mercado e incluimos una media de neopreno de doble densidad y forma anatómica construida con dos innovadoras capas de revestimiento de titanio que reflejan el calor corporal hacia los pies para brindar comodidad y calidez en el agua fría.\n\n\n\nInspirado en los arneses de escalada de primera calidad, el sistema de suspensión de contorno fusionado se mueve contigo a través de movimientos de lanzamiento y remo. Soporte de red con anilla en D integrado y ajuste totalmente personalizable para comodidad durante todo el día.\n\n<ul>\n\n 	<li>Las costuras colocadas anatómicamente reducen el desgaste en áreas críticas.</li>\n\n 	<li>Dos bolsillos calentadores de manos con forro polar en el pecho.</li>\n\n 	<li>Dos bolsillos de almacenamiento en el pecho con acceso vertical diseñados para dos cajas de moscas y carretes tippet de gran tamaño.</li>\n\n 	<li>Cinturón de vadeo elástico de 2 pulgadas incluido.</li>\n\n</ul>\n\nNuestra misión en Grundèns es fabricar equipos en los que todos los pescadores puedan confiar. El 100% del tiempo. Sin excepciones. Nuestros productos están diseñados para durar los días más duros y largos en el agua. Si fallan debido a un defecto de fabricación, reemplazaremos o repararemos el producto, sin hacer preguntas.",,,taxable,,0,,,0,0,,,,,0,,,1099990,"Género > Hombre, Jardineras y Waders",wader,,"https://trendseeker.cl/wp-content/uploads/2024/11/Chaqueta-Wader-Grundens-Boundary-GORE-TEX-Zip-Stockingfoot.jpg, https://trendseeker.cl/wp-content/uploads/2024/11/Chaqueta-Wader-Grundens-Boundary-GORE-TEX-Zip-Stockingfoot-2.jpg, https://trendseeker.cl/wp-content/uploads/2024/11/Chaqueta-Wader-Grundens-Boundary-GORE-TEX-Zip-Stockingfoot-5.jpg, https://trendseeker.cl/wp-content/uploads/2024/11/Chaqueta-Wader-Grundens-Boundary-GORE-TEX-Zip-Stockingfoot-6.jpg, https://trendseeker.cl/wp-content/uploads/2024/11/Chaqueta-Wader-Grundens-Boundary-GORE-TEX-Zip-Stockingfoot-7.jpg, https://trendseeker.cl/wp-content/uploads/2024/11/Chaqueta-Wader-Grundens-Boundary-GORE-TEX-Zip-Stockingfoot-3.jpg, https://trendseeker.cl/wp-content/uploads/2024/11/Chaqueta-Wader-Grundens-Boundary-GORE-TEX-Zip-Stockingfoot-4.jpg",,,,,,,,,67,,Grundéns,Grundéns,Talla,"L, M, S, XL",1,1,
31305,variable,10215-355,,Chaqueta De Vadeo Vector - Otter,1,0,visible,,"Modernizada para el pescador con mosca de hoy, la chaqueta Vector Wading combina un estilo clásico con sistemas de bolsillos estratégicos para guardar todo lo necesario para un día exitoso en el río. Ofreciendo una línea de flotación de bolsillo alto para escenarios de vadeo profundo, esta chaqueta pensada para el pescador ofrece un rendimiento impecable impermeable/transpirable de 20K/15K al mismo tiempo que cuenta con detalles centrados en la pesca, como grandes bolsillos de almacenamiento para moscas con puertos de drenaje y una manga/puños impermeable y sumergible. Sistema para que tus brazos no se mojen al sumergirte en el río.\n\n<ul>\n\n 	<li>La cubierta impermeable y transpirable 100 % nailon de 3 L proporciona una gran durabilidad y sin comprometer la comodidad.</li>\n\n 	<li>La construcción con cremallera central frontal ofrece protección contra la lluvia impulsada por el viento.</li>\n\n 	<li>2 bolsillos de almacenamiento con cremallera capaces de almacenar 4 cajas grandes para moscas</li>\n\n 	<li>2 bolsillos para manos con forro polar con cremallera y puertos de drenaje</li>\n\n 	<li>El diseño del manguito de neopreno con tejas de Grundéns ofrece un rendimiento sumergible a prueba de agua</li>\n\n 	<li>La capucha de 3 puntos se puede ajustar según las preferencias del usuario.</li>\n\n</ul>\n\n&nbsp;",,,taxable,,0,,,0,0,,,,,0,,,419990,"Tipo de producto > Chaquetas, Género > Hombre",Chaquetas,,"https://trendseeker.cl/wp-content/uploads/2024/11/Chaqueta-Grundens-De-Vadeo-Vector.jpg, https://trendseeker.cl/wp-content/uploads/2024/11/Chaqueta-Grundens-De-Vadeo-Vector-4.jpg, https://trendseeker.cl/wp-content/uploads/2024/11/Chaqueta-Grundens-De-Vadeo-Vector-2.jpg, https://trendseeker.cl/wp-content/uploads/2024/11/Chaqueta-Grundens-De-Vadeo-Vector-5.jpg, https://trendseeker.cl/wp-content/uploads/2024/11/Chaqueta-Grundens-De-Vadeo-Vector-3.jpg",,,,,,,,,68,,Grundéns,Grundéns,Talla,"L, M, S, XL",1,1,
31296,variable,10212-001,,Chaqueta Portal Gore Tex - Black,1,0,visible,,"Presentamos la chaqueta para vadear más inteligente en el agua...\n\n\n\nCon casi 100 años de experiencia adquirida con tanto esfuerzo, creamos la unidad perfecta entre una chaqueta para vadear y un vadeador con la chaqueta para vadear Portal GORE-TEX. Construida para integrarse sobre los vadeadores y para funcionar en climas fríos y escenarios de vadeo profundo, nuestra revolucionaria tecnología Portal Pocket ofrece un diseño de bolsillo estratégico para calentar las manos que otorga acceso al almacenamiento exterior de su vadeador y a los bolsillos para calentar las manos. La promesa GORE-TEX GUARANTEED TO KEEP YOU DRY™ garantiza comodidad durante todo el día incluso en los entornos más hostiles, mientras que los detalles centrados en la pesca, como puños sumergibles con tejas, bolsillos de almacenamiento compatibles con cajas para moscas y compartimentos de alimentación para tippets, hacen de esta chaqueta lo último en protección contra moscas. Compañero de ropa exterior de pesca.\n\n<ul>\n\n 	<li>Laminado GORE-TEX de 3 capas: 100% impermeable Respaldado por la promesa GORE-TEX® GARANTIZADA PARA MANTENERTE DRY™</li>\n\n 	<li>El diseño del bolsillo pasamanos permite el acceso a los bolsillos de almacenamiento y calentadores de manos del Wader.</li>\n\n 	<li>El diseño del puño de la manga de neopreno con tejas ofrece protección para sumergirse en el río</li>\n\n 	<li>El bolsillo soldado para el tippet permite un pase para un fácil almacenamiento del tippet con orificios cortados con láser para montarlo fácilmente en cualquier momento.</li>\n\n 	<li>Bolsillos de almacenamiento en el pecho y bolsillos calentadores de manos compatibles con Fly Box resistentes al agua que permiten un máximo almacenamiento en situaciones de vadeo profundo</li>\n\n 	<li>La construcción con capota abatible ofrece protección contra la lluvia, el aguanieve y la nieve impulsados ​​por el viento</li>\n\n</ul>",,,taxable,,0,,,0,0,,,,,0,,,689990,"Tipo de producto > Chaquetas, Género > Hombre",Chaquetas,,"https://trendseeker.cl/wp-content/uploads/2024/11/Chaqueta-Grundens-De-Vadeo-Portal-Gore-Tex.jpg, https://trendseeker.cl/wp-content/uploads/2024/11/Chaqueta-Grundens-De-Vadeo-Portal-Gore-Tex-4.jpg, https://trendseeker.cl/wp-content/uploads/2024/11/Chaqueta-Grundens-De-Vadeo-Portal-Gore-Tex-2.jpg, https://trendseeker.cl/wp-content/uploads/2024/11/Chaqueta-Grundens-De-Vadeo-Portal-Gore-Tex-3.jpg, https://trendseeker.cl/wp-content/uploads/2024/11/Chaqueta-Grundens-De-Vadeo-Portal-Gore-Tex-5.jpg",,,,,,,,,69,,Grundéns,Grundéns,Talla,"L, M, S, XL",1,1,
31181,variable,20076-358,,Chaqueta Kryall Hoodie - Forest,1,0,visible,,"El Kryall es un poleron con capucha resistente al viento y a la intemperie diseñada para pescadores comerciales que tienen en mente el rendimiento en alta mar. Si el coraje pudiera representarse a través de una sudadera con capucha, el Kryall lo sería. Sudadera con capucha de tejido polar técnico con propiedades elásticas y resistencia al agua, el viento y la abrasión Acabado repelente al agua duradero (DWR) para repeler líquidos y manchas Bolsillo para las manos estilo canguro con bolsillo interior para el teléfono con cremallera Ancla del interruptor de apagado Capucha estilo buceo de cobertura total con ajuste de cordón",,,taxable,,0,,,0,0,,,,,0,,,134990,"Tipo de producto > Chaquetas, Género, Género > Hombre, Poleron Hoodie, Polerones y Hoodies",,,"https://trendseeker.cl/wp-content/uploads/2024/11/Captura-de-pantalla-2025-12-19-a-las-12.57.21-p.-m.png, https://trendseeker.cl/wp-content/uploads/2024/11/AltPDPRollover1000x1000MR_20038.webp, https://trendseeker.cl/wp-content/uploads/2024/11/Captura-de-pantalla-2025-12-19-a-las-12.49.56-p.-m.png, https://trendseeker.cl/wp-content/uploads/2024/11/Captura-de-pantalla-2025-12-19-a-las-12.56.39-p.-m.png",,,,,,,,,73,,Grundéns,Grundéns,Talla,"L, M, S, XL, XXL",1,1,
31174,variable,20038-039,,Chaqueta Kryall Hoodie - Midnight,1,0,visible,,"El Kryall es un poleron con capucha resistente al viento y a la intemperie diseñada para pescadores comerciales que tienen en mente el rendimiento en alta mar. Si el coraje pudiera representarse a través de una sudadera con capucha, el Kryall lo sería. Sudadera con capucha de tejido polar técnico con propiedades elásticas y resistencia al agua, el viento y la abrasión Acabado repelente al agua duradero (DWR) para repeler líquidos y manchas Bolsillo para las manos estilo canguro con bolsillo interior para el teléfono con cremallera Ancla del interruptor de apagado Capucha estilo buceo de cobertura total con ajuste de cordón",,,taxable,,0,,,0,0,,,,,0,,,134990,"Tipo de producto > Chaquetas, Género, Género > Hombre, Género > Mujer, Poleron Hoodie, Polerones y Hoodies, Género > Unisex",,,https://trendseeker.cl/wp-content/uploads/2024/11/20038_039_01.webp,,,,,,,,,74,,Grundéns,Grundéns,Talla,"L, M, S, XL",1,1,
31159,variable,10361-001,,Chaqueta Weather Watch - Black,1,0,visible,,"Esta chaqueta resistente al agua está diseñada para una variedad de oportunidades de pesca. Es lo suficientemente cómoda para cualquier ocasión de pesca deportiva y lo suficientemente resistente para un uso comercial ligero. Weather Watch es la prenda utilitaria perfecta cuando no necesitas tu equipo resistente para el mal tiempo, pero aún necesitas protección contra los elementos mientras estás en la cubierta. Esta chaqueta cuenta con un tejido de nailon tratado con DWR con un laminado de poliuretano impermeable y transpirable.",,,taxable,,0,,,0,0,,,,,0,,,99990,"Tipo de producto > Chaquetas, Género, Género > Hombre, Género > Mujer, Tipo de producto, Género > Unisex",Chaquetas,,"https://trendseeker.cl/wp-content/uploads/2024/11/10361_001-02.webp, https://trendseeker.cl/wp-content/uploads/2024/11/AltPDPRollover1000x1000MR_10361.webp, https://trendseeker.cl/wp-content/uploads/2024/11/10361_001-03.webp, https://trendseeker.cl/wp-content/uploads/2024/11/10361_001-04.webp",,,,,,,,,75,,Grundéns,Grundéns,Talla,"L, M, S, XL, XS, XXL",1,1,
31152,variable,10360-025,,Pantalón Trident - Anchor,1,0,visible,,"El pantalón Trident fue diseñado para ofrecer a los pescadores comerciales y recreativos una solución liviana, plegable, impermeable y transpirable que brinda mayor robustez y protección contra condiciones climáticas leves a moderadas.",,,taxable,,0,,,0,0,,,,,0,,,119990,"Género, Género > Hombre, Pantalones, Pantalones y Shorts",,,"https://trendseeker.cl/wp-content/uploads/2024/11/10360_025_01.webp, https://trendseeker.cl/wp-content/uploads/2024/11/10360_025_03.webp, https://trendseeker.cl/wp-content/uploads/2024/11/10360_025_04.webp, https://trendseeker.cl/wp-content/uploads/2024/11/10360_025_05.webp",,,,,,,,,76,,Grundéns,Grundéns,Talla,"L, M, S, XL",1,1,
31145,variable,10329-802,,Chaqueta Full Share Orange - Grey,1,0,visible,,"Cuando tenga en sus manos la colección Full Share, notará de inmediato la tela exterior resistente, las características técnicas ubicadas estratégicamente y una membrana interior que ofrece una gran resistencia a los contaminantes más comunes que enfrentan los pescadores. Inicialmente diseñado para el pescador comercial, el conjunto Full Share ofrece una solución impermeable y transpirable de alto rendimiento con una comodidad en contacto con la piel que también beneficia a los entusiastas de la pesca deportiva.",,,taxable,,0,,,0,0,,,,,0,,,149990,"Tipo de producto > Chaquetas, Género > Hombre",Chaquetas,,"https://trendseeker.cl/wp-content/uploads/2024/11/Chaqueta-Grundens-Full-Share-Orange-Grey.jpg, https://trendseeker.cl/wp-content/uploads/2024/11/Chaqueta-Grundens-Full-Share-Orange-Grey-1.jpg, https://trendseeker.cl/wp-content/uploads/2024/11/Chaqueta-Grundens-Full-Share-Orange-Grey-2.jpg",,,,,,,,,77,,Grundéns,Grundéns,Talla,"M, S, XL",1,1,
31139,variable,10132-001,,Chaqueta Neptune Mujer Black,1,0,visible,,"Esta chaqueta con capucha y cierre completo está confeccionada con un tejido de poliéster revestido de poliuretano de peso medio que proporciona protección 100 % impermeable, comodidad y la facilidad de movimiento que necesitan los pescadores activos. Un corte deportivo y refuerzos en las axilas brindan protección sin restringir la acción de pesca.",,,taxable,,0,,,0,0,,,,,0,,,119990,"Tipo de producto > Chaquetas, Género > Mujer",Chaquetas,,"https://trendseeker.cl/wp-content/uploads/2024/11/Chaqueta-Grundens-Neptune-Mujer-Black.jpg, https://trendseeker.cl/wp-content/uploads/2024/11/Chaqueta-Grundens-Neptune-Mujer-Black-1.jpg, https://trendseeker.cl/wp-content/uploads/2024/11/Chaqueta-Grundens-Neptune-Mujer-Black-2.jpg",,,,,,,,,78,,Grundéns,Grundéns,Talla,"L, M, S, XL, XXL",1,1,
31134,variable,10075-300,,Jardinera Neptune Bib Green,1,0,visible,,"Esta jardinera (bib) de poliéster recubierto de poliuretano brinda a los pescadores la protección de la parte inferior del cuerpo que exigen con la libertad y comodidad para pescar intensamente durante todo el día. Confeccionado para un ajuste activo, este tejido de peso medio se estira y se mueve con cada tarea en cubierta, a la vez que brinda protección 100% impermeable contra los elementos. 100% poliéster impermeable recubierto de PU Resistente a las manchas Bolsillo interior en el pecho. Bolsillo tipo cargo con broche Cierre de pierna ajustable para poner y quitar fácilmente sobre las botas.",,,taxable,,0,,,0,0,,,,,0,,,119990,"Género > Hombre, Jardineras y Waders",jardinera,,"https://trendseeker.cl/wp-content/uploads/2024/11/Jardinera-Grundens-Neptune-Bib-Green.jpg, https://trendseeker.cl/wp-content/uploads/2024/11/Jardinera-Grundens-Neptune-Bib-Green-1.jpg, https://trendseeker.cl/wp-content/uploads/2024/11/Jardinera-Grundens-Neptune-Bib-Green-2.jpg",,,,,,,,,79,,Grundéns,Grundéns,Talla,"L, M, S, XL, XXL",1,1,
31119,variable,10075-001,,Jardinera Neptune Bib - Black,1,0,visible,,"Esta jardinera (bib) de poliéster recubierto de poliuretano brinda a los pescadores la protección de la parte inferior del cuerpo que exigen con la libertad y comodidad para pescar intensamente durante todo el día. Confeccionado para un ajuste activo, este tejido de peso medio se estira y se mueve con cada tarea en cubierta, a la vez que brinda protección 100% impermeable contra los elementos. 100% poliéster impermeable recubierto de PU Resistente a las manchas Bolsillo interior en el pecho. Bolsillo tipo cargo con broche Cierre de pierna ajustable para poner y quitar fácilmente.",,,taxable,,0,,,0,0,,,,,0,,,119990,"Género > Hombre, Jardineras y Waders",jardinera,,"https://trendseeker.cl/wp-content/uploads/2024/11/Jardinera-Grundens-Neptune-Bib-Black.jpg, https://trendseeker.cl/wp-content/uploads/2024/11/Jardinera-Grundens-Neptune-Bib-Black-1.jpg, https://trendseeker.cl/wp-content/uploads/2024/11/Jardinera-Grundens-Neptune-Bib-Black-2.jpg",,,,,,,,,80,,Grundéns,Grundéns,Talla,"L, M, S, XL, XXL",1,1,
30762,variable,90004-025,,Wader Vector Stockingfoot Hombre - Anchor,1,0,visible,,"El wader Vector Stockingfoot, diseñado pensando en la resistencia y la durabilidad, está diseñado para maximizar el movimiento para que puedas pescar con más intensidad y aventurarte más lejos, tanto dentro como fuera del agua. Con el patrón de movilidad de vadeo patentado de Grundéns para facilitar el movimiento al navegar por el río de tu elección, Vector se centra doblemente en la mejor resistencia y durabilidad de su clase con un laminado de 4 capas resistente a las perforaciones que no se desgastará de la misma manera que sabemos que tú desgastas tus waders. Completo con rodilleras moldeadas, medias térmicas de forma anatómica y de tamaño específico, el wader Vector Stockingfoot allana el camino para una experiencia de vadeo realmente mejor.",,,taxable,,0,,,0,0,,,,,0,,,569990,"Género > Hombre, Jardineras y Waders",jardinera,,"https://trendseeker.cl/wp-content/uploads/2024/10/Wader-Grundens-Vector-Stockingfoot-Anchor-.jpg, https://trendseeker.cl/wp-content/uploads/2024/10/Wader-Grundens-Vector-Stockingfoot-Anchor-3.jpg, https://trendseeker.cl/wp-content/uploads/2024/10/Wader-Grundens-Vector-Stockingfoot-Anchor-1.jpg, https://trendseeker.cl/wp-content/uploads/2024/10/Wader-Grundens-Vector-Stockingfoot-Anchor-2.jpg, https://trendseeker.cl/wp-content/uploads/2024/10/Wader-Grundens-Vector-Stockingfoot-Anchor-4.jpg",,,,,,,,,82,,Grundéns,Grundéns,Talla,"L, M, XL",1,1,
30422,variable,60021-325,,Calcetín Boot Sock Thermal - Deep Lichen Green,1,0,visible,,"La comodidad comienza desde adentro hacia afuera. La lana merino y los hilos de alto rendimiento, que aíslan naturalmente, absorben la humedad y son antimicrobianos, envuelven tus pies con una comodidad acolchada. El contenido de merino al 38 %, el más alto en la línea de calcetines, aumenta el poder de aislamiento térmico de los calcetines para los días más fríos y largos en la cubierta. El elástico de alta potencia en el empeine se ajusta sin ampollas. Los hilos de refuerzo de nailon en el talón y la puntera aumentan la durabilidad. Confiamos tanto en nuestros calcetines fabricados en EE. UU. y de origen sostenible que les damos una garantía de por vida. Si tus calcetines fallan, los reemplazaremos, sin hacer preguntas.",,,taxable,,1,17,,0,0,,,,,0,,,31990,"Tipo de producto > Accesorios > Calcetín, Género, Género > Hombre, Género > Mujer, Tipo de producto, Género > Unisex",,,"https://trendseeker.cl/wp-content/uploads/2024/10/calcetin-grundens-thermal-1-1.jpg, https://trendseeker.cl/wp-content/uploads/2024/10/calcetin-grundens-thermal-1-1.jpg, https://trendseeker.cl/wp-content/uploads/2024/10/calcetin-grundens-thermal-2-1.jpg",,,,,,,,,83,,Grundéns,Grundéns,Talla,"L, M",1,1,
30418,variable,60021-025,,Calcetín Boot Sock Thermal - Anchor,1,0,visible,,"La comodidad comienza desde adentro hacia afuera. La lana merino y los hilos de alto rendimiento, que aíslan naturalmente, absorben la humedad y son antimicrobianos, envuelven tus pies con una comodidad acolchada. El contenido de merino al 38 %, el más alto en la línea de calcetines, aumenta el poder de aislamiento térmico de los calcetines para los días más fríos y largos en la cubierta. El elástico de alta potencia en el empeine se ajusta sin ampollas. Los hilos de refuerzo de nailon en el talón y la puntera aumentan la durabilidad. Confiamos tanto en nuestros calcetines fabricados en EE. UU. y de origen sostenible que les damos una garantía de por vida. Si tus calcetines fallan, los reemplazaremos, sin hacer preguntas.",,,taxable,,1,5,,0,0,,,,,0,,,31990,"Tipo de producto > Accesorios > Calcetín, Género > Hombre, Género > Mujer, Género > Unisex",,,"https://trendseeker.cl/wp-content/uploads/2024/10/calcetin-grundens-thermal-1.jpg, https://trendseeker.cl/wp-content/uploads/2024/10/calcetin-grundens-thermal-2.jpg, https://trendseeker.cl/wp-content/uploads/2024/10/calcetin-grundens-thermal-1.jpg",,,,,,,,,84,,Grundéns,Grundéns,Talla,M,1,1,
30408,variable,60018-474,,Zapatilla SeaKnit ™ Boat ShoeSea Knit Boat Shoe - Storm,1,0,visible,,"El SeaKnit™ Boat Shoe, ganador del torneo MLF, es la versión de Grundén de una zapatilla clásica. Fabricada desde la cubierta de pesca, esta zapatilla ligera y apta para el agua ofrece a los pescadores la oportunidad de ingresar al mundo del rendimiento y la comodidad en la pesca en cubierta.",,,taxable,,1,10,,0,0,,,,,0,,,119990,"Calzado, Género > Hombre, Tipo de producto > Zapatillas",,,"https://trendseeker.cl/wp-content/uploads/2024/10/zapatilla-grundens-SeaKnit-1.jpg, https://trendseeker.cl/wp-content/uploads/2024/10/zapatilla-grundens-SeaKnit-2.jpg, https://trendseeker.cl/wp-content/uploads/2024/10/zapatilla-grundens-SeaKnit-3.jpg, https://trendseeker.cl/wp-content/uploads/2024/10/zapatilla-grundens-SeaKnit-4.jpg, https://trendseeker.cl/wp-content/uploads/2024/10/zapatilla-grundens-SeaKnit-5.jpg",,,,,,,,,85,,Grundéns,Grundéns,Talla,"10, 10.5, 8, 9",1,1,
30393,variable,60011-355,,Botas Deck Boss Ankle Boot Mujer - Otter,1,0,visible,,"La colección DECK-BOSS™ está diseñada para brindarles a los pescadores opciones de calzado cómodo y de alto rendimiento que durarán incluso los días más largos en el agua. Hemos priorizado una plantilla más gruesa para promover una resistencia notable a los impactos, y el forro refrescante antiolor garantizará que deje atrás el típico hedor del calzado. Las ranuras de afeitar incorporadas ayudan a expulsar el agua de debajo del zapato, lo que mejora el agarre en superficies mojadas y, combinadas con una suela exterior de caucho natural, estará de pie en la cubierta todo el día.",,,taxable,,1,5,,0,0,,,,,0,,,119990,"Tipo de producto > Botas, Calzado, Género, Género > Mujer, Tipo de producto > Zapatos",,,"https://trendseeker.cl/wp-content/uploads/2024/10/botas-grundens-deckboss-ankle-otter-1.jpg, https://trendseeker.cl/wp-content/uploads/2024/10/botas-grundens-deckboss-ankle-otter-2.jpg, https://trendseeker.cl/wp-content/uploads/2024/10/botas-grundens-deckboss-ankle-otter-1.jpg, https://trendseeker.cl/wp-content/uploads/2024/10/tallas-scaled.jpg",,,,,,,,,86,,Grundéns,Grundéns,Talla,"5, 6, 7, 8, 9",1,1,
30386,variable,60011019,,Botas Deck Boss Ankle Boot Mujer - Iron Gate,1,0,visible,,"La colección DECK-BOSS™ está diseñada para brindarles a los pescadores opciones de calzado cómodo y de alto rendimiento que durarán incluso los días más largos en el agua. Hemos priorizado una plantilla más gruesa para promover una resistencia notable a los impactos, y el forro refrescante antiolor garantizará que deje atrás el típico hedor del calzado. Las ranuras de afeitar incorporadas ayudan a expulsar el agua de debajo del zapato, lo que mejora el agarre en superficies mojadas y, combinadas con una suela exterior de caucho natural, estará de pie en la cubierta todo el día.",,,taxable,,1,4,,0,0,,,,,0,,,119990,"Tipo de producto > Botas, Calzado, Género > Mujer, Tipo de producto > Zapatos",,,"https://trendseeker.cl/wp-content/uploads/2024/10/botas-grundens-deckboss-ankle-irongate-1.jpg, https://trendseeker.cl/wp-content/uploads/2024/10/botas-grundens-deckboss-ankle-irongate-2.jpg, https://trendseeker.cl/wp-content/uploads/2024/10/botas-grundens-deckboss-ankle-irongate-1.jpg, https://trendseeker.cl/wp-content/uploads/2024/10/tallas-scaled.jpg",,,,,,,,,87,,Grundéns,Grundéns,Talla,"5, 6, 7, 8",1,1,
30378,variable,60008-355,,Deck-Boss Ankle Boot - Otter,1,0,visible,,"La colección DECK-BOSS™ está diseñada para brindarles a los pescadores opciones de calzado cómodo y de alto rendimiento que durarán incluso los días más largos en el agua. Hemos priorizado una plantilla más gruesa para promover una resistencia notable a los impactos, y el forro refrescante antiolor garantizará que deje atrás el típico hedor del calzado. Las ranuras de afeitar incorporadas ayudan a expulsar el agua de debajo del zapato, lo que mejora el agarre en superficies mojadas y, combinadas con una suela exterior de caucho natural, estará de pie en la cubierta todo el día.",,,taxable,,1,3,,0,0,,,,,0,,,119990,"Tipo de producto > Botas, Calzado, Género > Mujer, Tipo de producto > Zapatos",,,"https://trendseeker.cl/wp-content/uploads/2024/10/botas-grundens-deckboss-ankle-brown-1.jpg, https://trendseeker.cl/wp-content/uploads/2024/10/botas-grundens-deckboss-ankle-brown-1.jpg, https://trendseeker.cl/wp-content/uploads/2024/10/botas-grundens-deckboss-ankle-brown-2.jpg, https://trendseeker.cl/wp-content/uploads/2024/10/tallas-scaled.jpg",,,,,,,,,88,,Grundéns,Grundéns,Talla,"10, 11, 8, 9",1,1,
30365,variable,60011-019,,Botas Deck-Boss Ankle Boot - Black,1,0,visible,,"La colección DECK-BOSS™ está diseñada para brindarles a los pescadores opciones de calzado cómodo y de alto rendimiento que durarán incluso los días más largos en el agua. Hemos priorizado una plantilla más gruesa para promover una resistencia notable a los impactos, y el forro refrescante antiolor garantizará que deje atrás el típico hedor del calzado. Las ranuras de afeitar incorporadas ayudan a expulsar el agua de debajo del zapato, lo que mejora el agarre en superficies mojadas y, combinadas con una suela exterior de caucho natural, estará de pie en la cubierta todo el día.",,,taxable,,1,4,,0,0,,,,,0,,,119990,"Tipo de producto > Botas, Calzado, Género > Hombre, Tipo de producto > Zapatos",,,"https://trendseeker.cl/wp-content/uploads/2024/10/botas-grundens-deckboss-ankle-1.jpg, https://trendseeker.cl/wp-content/uploads/2024/10/botas-grundens-deckboss-ankle-2.jpg, https://trendseeker.cl/wp-content/uploads/2024/10/botas-grundens-deckboss-ankle-1.jpg, https://trendseeker.cl/wp-content/uploads/2024/10/tallas-scaled.jpg",,,,,,,,,89,,Grundéns,Grundéns,Talla,"10, 11, 8, 9",1,1,
30358,variable,60048-350,,Sandalia Species Sandal - Bass,1,0,visible,,"The Species Sandal pays homage to some of our favorite gamefish species with fish-inspired colorization that ""matches the catch"" and custom etching insignias that will inspire your need to hit the water. And, like the sandals you’ve come to know and love from Grundéns, this pair offers maximum comfort with our shock absorbing SeaDek™ custom footbed. Complete with superior traction derived from a razor-siped, non-marking outsole, the Species Sandal is primed and ready for all-day action wherever your next adventure takes you.",,,taxable,,1,16,,0,0,,,,,0,,,54990,"Calzado, Género > Hombre, Sandalias, Tipo de producto > Zapatos",,,"https://trendseeker.cl/wp-content/uploads/2024/10/sandalia-grundens-redfish-bass-1.jpg, https://trendseeker.cl/wp-content/uploads/2024/10/sandalia-grundens-redfish-bass-2.jpg, https://trendseeker.cl/wp-content/uploads/2024/10/sandalia-grundens-redfish-bass-1.jpg",,,,,,,,,90,,Grundéns,Grundéns,Talla,"10, 11, 8, 9",1,1,
30351,variable,60048-226,,Sandalia Species Sandal - Redfish Brown,1,0,visible,,"The Species Sandal pays homage to some of our favorite gamefish species with fish-inspired colorization that ""matches the catch"" and custom etching insignias that will inspire your need to hit the water. And, like the sandals you’ve come to know and love from Grundéns, this pair offers maximum comfort with our shock absorbing SeaDek™ custom footbed. Complete with superior traction derived from a razor-siped, non-marking outsole, the Species Sandal is primed and ready for all-day action wherever your next adventure takes you.",,,taxable,,1,17,,0,0,,,,,0,,,54990,"Calzado, Género > Hombre, Sandalias, Tipo de producto > Zapatos",,,"https://trendseeker.cl/wp-content/uploads/2024/10/sandalia-grundens-redfish-brown-1.jpg, https://trendseeker.cl/wp-content/uploads/2024/10/sandalia-grundens-redfish-brown-2.jpg, https://trendseeker.cl/wp-content/uploads/2024/10/sandalia-grundens-redfish-brown-1.jpg",,,,,,,,,91,,Grundéns,Grundéns,Talla,"10, 11, 8, 9",1,1,
30329,variable,90005-074,,Wader Bedrock Stockingfoot Hombre - Sagebrush,1,0,visible,,"La durabilidad y el rendimiento fueron la prioridad a la hora de crear el Bedrock Stockingfoot Wader. Con un exterior de nailon 100 % ultradenso combinado con un acabado laminado resistente a perforaciones de 4 capas, el Bedrock Wader cuenta con una clasificación de impermeabilidad sumergida de más de 30 000, por lo que tu única preocupación debe ser pescar el pez de tu vida. Fabricado con el patrón de movilidad de vadeo patentado de Grundén para facilitar el movimiento al navegar por tu río favorito, Bedrock incluye una gran cantidad de características enfocadas en la pesca, como bolsillos de almacenamiento de aparejos y herramientas estratégicamente ubicados y protectores de grava de tejido elástico. Completo con medias de neopreno con forma anatómica, tamaño específico y cálido, el Bedrock Wader te prepara para el éxito sin importar la temporada.",,,taxable,,0,,,0,0,,,,,0,,,454990,"Género > Hombre, Jardineras y Waders",jardinera,,"https://trendseeker.cl/wp-content/uploads/2024/10/jardinera-grundens-Bedrock-Stockingfoot-1.jpg, https://trendseeker.cl/wp-content/uploads/2024/10/jardinera-grundens-Bedrock-Stockingfoot-2.jpg, https://trendseeker.cl/wp-content/uploads/2024/10/jardinera-grundens-Bedrock-Stockingfoot-3.jpg, https://trendseeker.cl/wp-content/uploads/2024/10/jardinera-grundens-Bedrock-Stockingfoot-4.jpg, https://trendseeker.cl/wp-content/uploads/2024/10/jardinera-grundens-Bedrock-Stockingfoot-5.jpg, https://trendseeker.cl/wp-content/uploads/2024/10/jardinera-grundens-Bedrock-Stockingfoot-6.jpg, https://trendseeker.cl/wp-content/uploads/2024/10/jardinera-grundens-Bedrock-Stockingfoot-7.jpg",,,,,,,,,93,,Grundéns,Grundéns,Talla,"L, M, XL",1,1,
30317,variable,90000-356,,Wader Boundary Stockingfoot Hombre - Stone / Otter,1,0,visible,,"Presentamos el nuevo vadeador Boundary Stockingfoot, diseñado y fabricado con el laminado GORE-TEX Pro Wader para brindarte una libertad de movimiento sin igual tanto dentro como fuera del agua. Repensamos cómo se debe fabricar un vadeador, eliminando las costuras en las áreas de mayor desgaste habituales, inspirándonos en cómo se fabrica un arnés de escalada para crear el sistema de tirantes más cómodo del mercado e incluimos un calcetín de neopreno de densidad dual, con forma anatómica, construido con dos innovadoras capas de revestimiento de titanio que reflejan el calor corporal hacia tus pies para brindar comodidad y calidez en agua fría.\n\n\n\nEspecificaciones\n\nLaminado GORE-TEX Pro Wader con diseño anatómico: 4 capas en la parte inferior para mayor resistencia a la abrasión y 3 capas en la parte superior para mayor transpirabilidad.\n\n\n\nInspirado en los arneses de escalada de alta gama, el sistema de suspensión contorneado fusionado se adapta a tus movimientos al lanzar y remar. Soporte para red con anilla en D integrado y ajuste totalmente personalizable para mayor comodidad durante todo el día.\n\n\n\nLos botines de neopreno incorporan dos capas de titanio alfa para aumentar la retención de calor corporal hasta un 40 %.\n\n\n\nLos protectores de grava de doble tejido elástico se mantienen firmes en la bota al vadear, eliminando la necesidad de un gancho.\n\n\n\nLas costuras anatómicamente ubicadas reducen el desgaste en las zonas críticas.\n\n\n\nBolsillo calientamanos con forro polar en el pecho.\n\n\n\nBolsillo de almacenamiento en el pecho diseñado para tres cajas de moscas grandes y carretes de tippet extragrandes.\n\n\n\nCinturón de vadeo elástico de 5 cm incluido.\n\n\n\nGarantía del vadeador",,,taxable,,0,,,0,0,,,,,0,,,689990,"Género > Hombre, Jardineras y Waders",jardinera,,"https://trendseeker.cl/wp-content/uploads/2024/10/jardinera-grundens-Boundary-Stockingfoot-1.jpg, https://trendseeker.cl/wp-content/uploads/2024/10/jardinera-grundens-Boundary-Stockingfoot-2.jpg, https://trendseeker.cl/wp-content/uploads/2024/10/jardinera-grundens-Boundary-Stockingfoot-3.jpg, https://trendseeker.cl/wp-content/uploads/2024/10/jardinera-grundens-Boundary-Stockingfoot-4.jpg, https://trendseeker.cl/wp-content/uploads/2024/10/jardinera-grundens-Boundary-Stockingfoot-5.jpg, https://trendseeker.cl/wp-content/uploads/2024/10/jardinera-grundens-Boundary-Stockingfoot-6.jpg, https://trendseeker.cl/wp-content/uploads/2024/10/jardinera-grundens-Boundary-Stockingfoot-7.jpg",,,,,,,,,95,,Grundéns,Grundéns,Talla,"L, M, XL",1,1,
30278,variable,50374-460,,Polera Logo Anchor SS Tech Tee - Surf,1,0,visible,,"Protección solar UPF 50 de alto rendimiento en la comodidad y versatilidad de una polera de todos los días con una divertida dosis de gráficos de Grundéns. El poliéster cepillado absorbe la humedad, se seca rápido y es suave, reforzado con un acabado antiolor construido por Grundéns desde cero.",,,taxable,,0,,,0,0,,,,,0,,,37990,"Género > Hombre, Poleras, Poleras y Camisas",,,"https://trendseeker.cl/wp-content/uploads/2024/10/polera-grundens-anchor-ss-3.jpg, https://trendseeker.cl/wp-content/uploads/2024/10/polera-grundens-anchor-ss-1.jpg, https://trendseeker.cl/wp-content/uploads/2024/10/polera-grundens-anchor-ss-2.jpg, https://trendseeker.cl/wp-content/uploads/2024/10/polera-grundens-anchor-ss-3.jpg, https://trendseeker.cl/wp-content/uploads/2024/10/polera-grundens-anchor-ss-4.jpg",,,,,,,,,114,,Grundéns,Grundéns,Talla,"L, M, S, XL, XXL",1,1,
30268,variable,50368-358,,Polera Logo Anchor LS T-Shirt - Forest,1,0,visible,,Una polera de manga larga ultra suave de 50/50 algodón y poliéster confeccionada con amor y un poco de esfuerzo. Presenta un gráfico Grundéns Anchor personalizado para representar tu estilo de pesca dentro y fuera del agua.,,,taxable,,0,,,0,0,,,,,0,,,31990,"Género > Hombre, Poleras, Poleras y Camisas",,,"https://trendseeker.cl/wp-content/uploads/2024/10/polera-grundens-anchor-ls-5.jpg, https://trendseeker.cl/wp-content/uploads/2024/10/polera-grundens-anchor-ls-5.jpg, https://trendseeker.cl/wp-content/uploads/2024/10/polera-grundens-anchor-ls-4.jpg, https://trendseeker.cl/wp-content/uploads/2024/10/polera-grundens-anchor-ls-3.jpg, https://trendseeker.cl/wp-content/uploads/2024/10/polera-grundens-anchor-ls-2.jpg, https://trendseeker.cl/wp-content/uploads/2024/10/polera-grundens-anchor-ls-1.jpg",,,,,,,,,116,,Grundéns,Grundéns,Talla,"L, M, S, XL, XXL",1,1,
30258,variable,50366-358,,Polera G Trout SS T-Shirt - Forest,1,0,visible,,"<pre id=""tw-target-text"" class=""tw-data-text tw-text-large tw-ta"" dir=""ltr"" data-placeholder=""Traducción"" data-ved=""2ahUKEwjg3PPvw7GJAxVakZUCHRzqIFYQ3ewLegQIBxAU"" aria-label=""Texto traducido: Una camiseta ultrasuave de 50/50 algodón y poliéster hecha con amor y un poco de esfuerzo. Con un gráfico Grundéns G Trout personalizado para representar tu estilo de vida de pesca dentro y fuera del agua.""><span class=""Y2IQFc"" lang=""es"">Una camiseta ultrasuave de 50/50 algodón y poliéster hecha con amor y un poco de esfuerzo. \n\nCon un gráfico Grundéns G Trout personalizado para representar tu estilo de vida de pesca dentro y fuera del agua.</span></pre>\n\n&nbsp;",,,taxable,,0,,,0,0,,,,,0,,,37990,"Género > Hombre, Poleras, Poleras y Camisas",,,"https://trendseeker.cl/wp-content/uploads/2024/10/polera-grundens-trout-ss-1.jpg, https://trendseeker.cl/wp-content/uploads/2024/10/polera-grundens-trout-ss-2.jpg, https://trendseeker.cl/wp-content/uploads/2024/10/polera-grundens-trout-ss-3.jpg, https://trendseeker.cl/wp-content/uploads/2024/10/polera-grundens-trout-ss-4.jpg",,,,,,,,,118,,Grundéns,Grundéns,Talla,"L, M, S, XL, XXL",1,1,
30249,variable,50341-477,,Polera Commercial Boat SS Tech Tee-Blue Abyss,1,0,visible,,"Protección solar UPF 50 de alto rendimiento con la comodidad y versatilidad de una camiseta de uso diario con una divertida dosis de gráficos de Grundéns. El poliéster cepillado absorbe la humedad, se seca rápido y es suave, y está reforzado con un acabado antiolor. Fabricado por Grundéns desde cero.",,,taxable,,0,,,0,0,,,,,0,,,37990,"Género > Hombre, Poleras, Poleras y Camisas",,,"https://trendseeker.cl/wp-content/uploads/2024/10/polera-grundens-Comercial-boat-2.jpg, https://trendseeker.cl/wp-content/uploads/2024/10/polera-grundens-Comercial-boat-4.jpg, https://trendseeker.cl/wp-content/uploads/2024/10/polera-grundens-Comercial-boat-3.jpg, https://trendseeker.cl/wp-content/uploads/2024/10/polera-grundens-Comercial-boat-2.jpg, https://trendseeker.cl/wp-content/uploads/2024/10/polera-grundens-Comercial-boat-1.jpg",,,,,,,,,120,,Grundéns,Grundéns,Talla,"L, M, S, XL, XXL",1,1,
30242,variable,50243-025,,Polera Anchor Down SS Tech Tee-Anchor,1,0,visible,,"Protección solar UPF 50 de alto rendimiento con la comodidad y versatilidad de una camiseta de uso diario que presenta un diseño personalizado de calavera ""Anchor Down"" de Grundéns. La tela de poliéster cepillado ultracómoda absorbe la humedad, se seca rápido y es suave, reforzada con el acabado antiolor HeiQ Pure.",,,taxable,,0,,,0,0,,,,,0,,,39990,"Género > Hombre, Poleras, Poleras y Camisas",,,"https://trendseeker.cl/wp-content/uploads/2024/10/polera-grundens-anchor-down-2.jpg, https://trendseeker.cl/wp-content/uploads/2024/10/polera-grundens-anchor-down-1.jpg, https://trendseeker.cl/wp-content/uploads/2024/10/polera-grundens-anchor-down-2.jpg",,,,,,,,,122,,Grundéns,Grundéns,Talla,"L, M, S, XL, XXL",1,1,
30231,variable,40112-025,,Polera Tough Sun Crew - Anchor,1,0,visible,,"La polera para el sol más resistente del agua, la Tough Sun con clasificación UPF 50 ofrece a los pescadores protección solar transpirable con mayor resistencia a los enganches para una mayor longevidad tanto dentro como fuera del agua. Diseñada para los rigores del astillero o el patio trasero, esta resistente camiseta UV proporciona tratamientos para eliminar manchas y olores para proteger la prenda de los inevitables elementos ""atrapados"", mientras que las propiedades termorreguladoras te permiten mantenerte fresco cuando las cosas se calientan. Los orificios para los pulgares integrados mantienen las mangas en su lugar para brindar protección solar en el dorso de la mano, y los tratamientos antiolor HeiQ aumentan las cualidades de comodidad y fácil cuidado de la Tough Sun. Y confiamos tanto en las camisetas para el sol Tough Sun con clasificación UPF-50 que las respaldamos con una garantía de por vida . Si tu camiseta falla, la reemplazaremos, sin hacer preguntas.",,,taxable,,1,20,,0,0,,,,,0,,,39990,"Género > Hombre, Poleras, Poleras y Camisas",,,"https://trendseeker.cl/wp-content/uploads/2024/10/polera-grundens-tough-sun-1.jpg, https://trendseeker.cl/wp-content/uploads/2024/10/polera-grundens-tough-sun-2.jpg, https://trendseeker.cl/wp-content/uploads/2024/10/polera-grundens-tough-sun-3.jpg, https://trendseeker.cl/wp-content/uploads/2024/10/polera-grundens-tough-sun-4.jpg, https://trendseeker.cl/wp-content/uploads/2024/10/polera-grundens-tough-sun-5.jpg, https://trendseeker.cl/wp-content/uploads/2024/10/polera-grundens-tough-sun-6.jpg",,,,,,,,,123,,Grundéns,Grundéns,Talla,"L, M, S, XL, XXL",1,1,
30221,variable,40108-019,,Camisa Jetty Shirt - Iron Gate,1,0,visible,,"La camisa Jetty es una camisa abotonada para todo tipo de pesca, confeccionada con un tejido de nailon y algodón cómodo y duradero para soportar los rigores del entorno marino. Los tratamientos hidrófugos duraderos (DWR) repelen líquidos y manchas para mantener la camisa con un aspecto impecable y los bolsillos en el pecho con fuelle y cierres a presión garantizan que tus artículos personales estén guardados de forma segura y a mano. Una camisa abotonada verdaderamente versátil, úsala como capa de peso medio para pescar o para arreglarte bien para una noche en la ciudad.",,,taxable,,0,,,0,0,,,,,0,,,74990,"Camisa, Género > Hombre, Poleras, Poleras y Camisas",Camisas,,"https://trendseeker.cl/wp-content/uploads/2024/10/camisa-grundens-jettyshirt-iron-1.jpg, https://trendseeker.cl/wp-content/uploads/2024/10/camisa-grundens-jettyshirt-iron-2.jpg, https://trendseeker.cl/wp-content/uploads/2024/10/camisa-grundens-jettyshirt-iron-3.jpg, https://trendseeker.cl/wp-content/uploads/2024/10/camisa-grundens-jettyshirt-iron-4.jpg, https://trendseeker.cl/wp-content/uploads/2024/10/camisa-grundens-jettyshirt-iron-5.jpg",,,,,,,,,125,,Grundéns,Grundéns,Talla,"L, M, S, XL, XXL",1,1,
30198,variable,40101-212,,Pantalón Foundry Pant -Winter Twig,1,0,visible,,"Diseñado con la utilidad y la función en mente, Foundry combina comodidad, estilo y robustez en un pantalón con tratamiento repelente al agua duradero (DWR) y completo con un bolsillo para alicates resistente a cortes.",,,taxable,,0,,,0,0,,,,,0,,,74990,"Género > Hombre, Pantalones, Pantalones y Shorts",,,"https://trendseeker.cl/wp-content/uploads/2024/10/pantalones-grundens-foundry-1.jpg, https://trendseeker.cl/wp-content/uploads/2024/10/pantalones-grundens-foundry-2.jpg, https://trendseeker.cl/wp-content/uploads/2024/10/pantalones-grundens-foundry-3.jpg",,,,,,,,,126,,Grundéns,Grundéns,Talla,"32, 34, 36, 38, 40",1,1,
30186,variable,40101-019,,Pantalones Foundry Pant - Iron Gate,1,0,visible,,"Diseñado con la utilidad y la función en mente, Foundry combina comodidad, estilo y robustez en un pantalón con tratamiento repelente al agua duradero (DWR) y completo con un bolsillo para alicates resistente a cortes.",,,taxable,,0,,,0,0,,,,,0,,,74990,"Género > Hombre, Pantalones, Pantalones y Shorts",,,"https://trendseeker.cl/wp-content/uploads/2024/10/pantalon-grundens-Foundry-Pant-Iron-1.jpg, https://trendseeker.cl/wp-content/uploads/2024/10/pantalon-grundens-Foundry-Pant-Iron-2.jpg, https://trendseeker.cl/wp-content/uploads/2024/10/pantalon-grundens-Foundry-Pant-Iron-3.jpg, https://trendseeker.cl/wp-content/uploads/2024/10/pantalon-grundens-Foundry-Pant-Iron-4.jpg",,,,,,,,,128,,Grundéns,Grundéns,Talla,"32, 34, 36, 38, 40",1,1,
30181,variable,40098-211,,Chaqueta Jetty Shacket - Antique Bronze,1,0,visible,,"La Jetty Shacket está diseñada para combatir los ambientes marinos fríos, ya sea para pescar, navegar o para salir a la ciudad. La construcción de tejido de algodón y nailon con tratamientos hidrófugos duraderos (DWR) repele los líquidos y las manchas que suelen aparecer en el mar, mientras que el interior forrado con vellón de rejilla de poliéster proporciona calidez y comodidad en todo momento cuando las temperaturas comienzan a caer en picado. Con abundante espacio de almacenamiento, con bolsillos en el pecho con cierre a presión y bolsillos delanteros para calentar las manos, la Jetty Shacket es una prenda superior versátil que puede usarse como capa para clima frío o como tu nueva camisa de pesca favorita.",,,taxable,,0,,,0,0,,,,,0,,,139990,"Tipo de producto > Chaquetas, Género > Hombre",Chaquetas,,"https://trendseeker.cl/wp-content/uploads/2024/10/Chaqueta-Grundens-Jetty-Shacket-Antique-Bronze-2.jpg, https://trendseeker.cl/wp-content/uploads/2024/10/Chaqueta-Grundens-Jetty-Shacket-Antique-Bronze-1.jpg, https://trendseeker.cl/wp-content/uploads/2024/10/Chaqueta-Grundens-Jetty-Shacket-Antique-Bronze-2.jpg",,,,,,,,,130,,Grundéns,Grundéns,Talla,"L, M, S, XL, XXL",1,1,
30173,variable,40062-024,,Gaff Short 11 - Charcoal,1,0,visible,,"Cuando la pesca se pone intensa y necesitas mantenerte fresco, el pantalón corto Gaff es una gran opción. Confeccionado con una tela de mezcla de nailon y elastano con un acabado repelente al agua duradero (DWR), el pantalón corto Gaff ofrece a los pescadores resistencia al agua y secado rápido.",,,taxable,,0,,,0,0,,,,,0,,,88990,"Género > Hombre, Pantalones y Shorts, Shorts",,,"https://trendseeker.cl/wp-content/uploads/2024/10/short-grundens-Gaff-Short-Chacoal-1.jpg, https://trendseeker.cl/wp-content/uploads/2024/10/short-grundens-Gaff-Short-Chacoal-2.jpg, https://trendseeker.cl/wp-content/uploads/2024/10/short-grundens-Gaff-Short-Chacoal-3.jpg, https://trendseeker.cl/wp-content/uploads/2024/10/short-grundens-Gaff-Short-Chacoal-4.jpg",,,,,,,,,132,,Grundéns,Grundéns,Talla,"32, 38, 40",1,1,
30165,variable,40062-252,,Gaff Short 11 - Seneca,1,0,visible,,"Cuando la pesca se pone intensa y necesitas mantenerte fresco, el pantalón corto Gaff es una gran opción. Confeccionado con una tela de mezcla de nailon y elastano con un acabado repelente al agua duradero (DWR), el pantalón corto Gaff ofrece a los pescadores resistencia al agua y secado rápido.",,,taxable,,0,,,0,0,,,,,0,,,88990,"Género > Hombre, Pantalones y Shorts, Shorts",,,"https://trendseeker.cl/wp-content/uploads/2024/10/short-grundens-Gaff-Short-Seneca-1.jpg, https://trendseeker.cl/wp-content/uploads/2024/10/short-grundens-Gaff-Short-Seneca-2.jpg, https://trendseeker.cl/wp-content/uploads/2024/10/short-grundens-Gaff-Short-Seneca-3.jpg, https://trendseeker.cl/wp-content/uploads/2024/10/short-grundens-Gaff-Short-Seneca-4.jpg",,,,,,,,,134,,Grundéns,Grundéns,Talla,"32, 38, 40",1,1,
30157,variable,30006-025,,Primera Capa Grundies Light Crew Bottom - Anchor,1,0,visible,,"La elección prudente de capas da buenos resultados cuando hace mucho frío, y la colección de capas base Grundies™ fue diseñada para ayudarte a conservar un recurso vital: el calor corporal. Al ofrecer una variedad de pesos de materiales combinados con propiedades antiolor HeiQ™, la colección Grundies™ proporciona un sistema de capas modular que se puede usar en muchas combinaciones según las condiciones a las que te enfrentes.",,,taxable,,0,,,0,0,,,,,0,,,39990,"Género > Hombre, Pantalones, Pantalones y Shorts, Primera Capa",,,"https://trendseeker.cl/wp-content/uploads/2024/10/30006-025-0014-01.jpg, https://trendseeker.cl/wp-content/uploads/2024/10/30006-025-0014-02.jpg, https://trendseeker.cl/wp-content/uploads/2024/10/30006-025-0014-03.jpg, https://trendseeker.cl/wp-content/uploads/2024/10/30006-025-0014-04.jpg, https://trendseeker.cl/wp-content/uploads/2024/10/30006-025-0014-05.jpg",,,,,,,,,137,,Grundéns,Grundéns,Talla,"L, M, S, XL, XXL",1,1,
30147,variable,30004-025,,Primera Capa Grundies Mid Bottom - Anchor,1,0,visible,,"La elección prudente de capas da buenos resultados cuando hace mucho frío, y la colección de capas base Grundies™ fue diseñada para ayudarte a conservar un recurso vital: el calor corporal. Al ofrecer una variedad de pesos de materiales combinados con propiedades antiolor HeiQ™, la colección Grundies™ proporciona un sistema de capas modular que se puede usar en muchas combinaciones según las condiciones a las que te enfrentes.",,,taxable,,0,,,0,0,,,,,0,,,54990,"Género > Hombre, Pantalones, Pantalones y Shorts, Primera Capa",,,"https://trendseeker.cl/wp-content/uploads/2024/10/30004-025-0016-01.jpg, https://trendseeker.cl/wp-content/uploads/2024/10/30004-025-0016-02.jpg, https://trendseeker.cl/wp-content/uploads/2024/10/30004-025-0016-03.jpg, https://trendseeker.cl/wp-content/uploads/2024/10/30004-025-0016-05.jpg",,,,,,,,,140,,Grundéns,Grundéns,Talla,"L, M, S, XL, XXL",1,1,
30137,variable,30005-025,,Primera Capa Grundies Light Crew Top - Anchor,1,0,visible,,"La elección prudente de capas da buenos resultados cuando hace mucho frío, y la colección de capas base Grundies™ fue diseñada para ayudarte a conservar un recurso vital: el calor corporal. Al ofrecer una variedad de pesos de materiales combinados con propiedades antiolor HeiQ™, la colección Grundies™ proporciona un sistema de capas modular que se puede usar en muchas combinaciones según las condiciones a las que te enfrentes.",,,taxable,,0,,,0,0,,,,,0,,,39990,"Género > Hombre, Primera Capa",,,"https://trendseeker.cl/wp-content/uploads/2024/10/30005-025-0014-01.jpg, https://trendseeker.cl/wp-content/uploads/2024/10/30005-025-0014-02.jpg, https://trendseeker.cl/wp-content/uploads/2024/10/30005-025-0014-03.jpg, https://trendseeker.cl/wp-content/uploads/2024/10/30005-025-0014-04.jpg, https://trendseeker.cl/wp-content/uploads/2024/10/30005-025-0014-05.jpg",,,,,,,,,142,,Grundéns,Grundéns,Talla,"L, M, S, XL, XXL",1,1,
30127,variable,30003-025,,Primera Capa Grundies Mid 1/4 Zip Top - Anchor,1,0,visible,,"La elección prudente de capas da buenos resultados cuando hace mucho frío, y la colección de capas base Grundies™ fue diseñada para ayudarte a conservar un recurso vital: el calor corporal. Al ofrecer una variedad de pesos de materiales combinados con propiedades antiolor HeiQ™, la colección Grundies™ proporciona un sistema de capas modular que se puede usar en muchas combinaciones según las condiciones a las que te enfrentes.",,,taxable,,0,,,0,0,,,,,0,,,54990,"Género > Hombre, Primera Capa",,,"https://trendseeker.cl/wp-content/uploads/2024/10/30003-025-01.jpg, https://trendseeker.cl/wp-content/uploads/2024/10/30003-025-02.jpg, https://trendseeker.cl/wp-content/uploads/2024/10/30003-025-03.jpg, https://trendseeker.cl/wp-content/uploads/2024/10/30003-025-04.jpg, https://trendseeker.cl/wp-content/uploads/2024/10/30003-025-05.jpg",,,,,,,,,144,,Grundéns,Grundéns,Talla,"L, M, S, XL, XXL",1,1,
30119,variable,20059-425,,Chaqueta Bulkhead Jacket - Dark Navy,1,0,visible,,"El calor corporal debe considerarse un recurso limitado, y hemos diseñado la chaqueta Bulkhead Stretch para garantizar que conserves todos los grados posibles. Si la usas sola, la Bulkhead ofrece una defensa técnica y resistente contra el frío y la humedad. O puedes usarla como capa intermedia a prueba de viento para una protección de nivel profesional contra condiciones extremas.",,,taxable,,0,,,0,0,,,,,0,,,139990,"Tipo de producto > Chaquetas, Género > Hombre",Chaquetas,,"https://trendseeker.cl/wp-content/uploads/2024/10/Chaqueta-Grundens-Bulkhead-Jacket-Dark-Navy-2.jpg, https://trendseeker.cl/wp-content/uploads/2024/10/Chaqueta-Grundens-Bulkhead-Jacket-Dark-Navy-1.jpg, https://trendseeker.cl/wp-content/uploads/2024/10/Chaqueta-Grundens-Bulkhead-Jacket-Dark-Navy-.jpg",,,,,,,,,146,,Grundéns,Grundéns,Talla,"L, M, S, XL, XXL",1,1,
30111,variable,20059-236,,Chaqueta Bulkhead Jacket - Whiskey - Anchor,1,0,visible,,"El calor corporal debe considerarse un recurso limitado, y hemos diseñado la chaqueta Bulkhead Stretch para garantizar que conserves todos los grados posibles. Si la usas sola, la Bulkhead ofrece una defensa técnica y resistente contra el frío y la humedad. O puedes usarla como capa intermedia a prueba de viento para una protección de nivel profesional contra condiciones extremas.",,,taxable,,0,,,0,0,,,,,0,,,139990,"Tipo de producto > Chaquetas, Género > Hombre",Chaquetas,,"https://trendseeker.cl/wp-content/uploads/2024/10/Chaqueta-Grundens-Bulkhead-Jacket-Whiskey-Anchor-.jpg, https://trendseeker.cl/wp-content/uploads/2024/10/Chaqueta-Grundens-Bulkhead-Jacket-Whiskey-Anchor-1.jpg, https://trendseeker.cl/wp-content/uploads/2024/10/Chaqueta-Grundens-Bulkhead-Jacket-Whiskey-Anchor-2.jpg",,,,,,,,,148,,Grundéns,Grundéns,Talla,"L, M, S, XL, XXL",1,1,
30102,variable,20051-403,,Polerón Squall Insulated Hoodie - Midnight,1,0,visible,,"Piense en Squall como un complemento aislante para nuestra sudadera con capucha Dillingham Tech más vendida, diseñada para el clima frío con un estilo de cierre completo con un interior acolchado con aislamiento de poliéster de 60 G (cuerpo, mangas y capucha). Un forro de tafetán mantiene la suavidad de las capas, mientras que los cinco bolsillos, el dobladillo y los puños de punto elástico ceñido y un cierre Metalux de calidad laboral resisten los días más duros.",,,taxable,,0,,,0,0,,,,,0,,,134990,"Género > Hombre, Poleron Hoodie, Polerones y Hoodies",,,"https://trendseeker.cl/wp-content/uploads/2024/10/Poleron-grundens-Squall-Insulated-Hoodie-Midnight-.jpg, https://trendseeker.cl/wp-content/uploads/2024/10/Poleron-grundens-Squall-Insulated-Hoodie-Midnight-3.jpg, https://trendseeker.cl/wp-content/uploads/2024/10/Poleron-grundens-Squall-Insulated-Hoodie-Midnight-1.jpg, https://trendseeker.cl/wp-content/uploads/2024/10/Poleron-grundens-Squall-Insulated-Hoodie-Midnight-2.jpg",,,,,,,,,150,,Grundéns,Grundéns,Talla,"L, M, S, XL",1,1,
30092,variable,20051-001,,Polerón Squall Insulated Hoodie -Black,1,0,visible,,"Piense en Squall como un complemento aislante para nuestra sudadera con capucha Dillingham Tech más vendida, diseñada para el clima frío con un estilo de cierre completo con un interior acolchado con aislamiento de poliéster de 60 G (cuerpo, mangas y capucha). Un forro de tafetán mantiene la suavidad de las capas, mientras que los cinco bolsillos, el dobladillo y los puños de punto elástico ceñido y un cierre Metalux de calidad laboral resisten los días más duros.",,,taxable,,0,,,0,0,,,,,0,,,134990,"Género > Hombre, Poleron Hoodie, Polerones y Hoodies",,,"https://trendseeker.cl/wp-content/uploads/2024/10/Poleron-grundens-Squall-Insulated-Hoodie-Black-.jpg, https://trendseeker.cl/wp-content/uploads/2024/10/Poleron-grundens-Squall-Insulated-Hoodie-Black-1.jpg, https://trendseeker.cl/wp-content/uploads/2024/10/Poleron-grundens-Squall-Insulated-Hoodie-Black-2.jpg, https://trendseeker.cl/wp-content/uploads/2024/10/Poleron-grundens-Squall-Insulated-Hoodie-Black-3.jpg",,,,,,,,,152,,Grundéns,Grundéns,Talla,"L, M, S, XL",1,1,
30084,variable,20035-024,,Polerón Maris Hoodie Mujer - Charcoal,1,0,visible,,"Diseñada por mujeres, hecha a medida para mujeres, el polerón con capucha Maris ofrece una capa de peso medio ultra cálida que ofrece la combinación perfecta de elasticidad y comodidad en contacto con la piel.",,,taxable,,0,,,0,0,,,,,0,,,88990,"Género > Mujer, Poleron Hoodie, Polerones y Hoodies",,,"https://trendseeker.cl/wp-content/uploads/2024/10/Poleron-grundens-W-Maris-Hoodie-Charcoal-.jpg, https://trendseeker.cl/wp-content/uploads/2024/10/Poleron-grundens-W-Maris-Hoodie-Charcoal-1.jpg, https://trendseeker.cl/wp-content/uploads/2024/10/Poleron-grundens-W-Maris-Hoodie-Charcoal-2.jpg",,,,,,,,,154,,Grundéns,Grundéns,Talla,"L, M, S, XS",1,1,
30074,variable,20022-025,,Primera Capa Grundies Thermal 1/4 Zip Top - Anchor,1,0,visible,,"La elección prudente de capas da buenos resultados cuando hace mucho frío, y la colección de capas base Grundies™ fue diseñada para ayudarte a conservar un recurso vital: el calor corporal. Al ofrecer una variedad de pesos de materiales combinados con propiedades antiolor HeiQ™, la colección Grundies™ proporciona un sistema de capas modular que se puede usar en muchas combinaciones según las condiciones a las que te enfrentes.",,,taxable,,0,,,0,0,,,,,0,,,78990,"Género > Hombre, Primera Capa",,,"https://trendseeker.cl/wp-content/uploads/2024/10/Primera-Capa-Grundies-Thermal-1_4-Zip-Top-Anchor.jpg, https://trendseeker.cl/wp-content/uploads/2024/10/Primera-Capa-Grundies-Thermal-1_4-Zip-Top-Anchor-5.jpg, https://trendseeker.cl/wp-content/uploads/2024/10/Primera-Capa-Grundies-Thermal-1_4-Zip-Top-Anchor-4.jpg, https://trendseeker.cl/wp-content/uploads/2024/10/Primera-Capa-Grundies-Thermal-1_4-Zip-Top-Anchor-3.jpg, https://trendseeker.cl/wp-content/uploads/2024/10/Primera-Capa-Grundies-Thermal-1_4-Zip-Top-Anchor-2.jpg",,,,,,,,,156,,Grundéns,Grundéns,Talla,"L, M, S, XL, XXL",1,1,
30066,variable,10379-610,,Chaqueta Aquarius Jacket Mujer - Heron,1,0,visible,,"La chaqueta Aquarius para mujer está diseñada para ofrecer a los pescadores comerciales y recreativos soluciones impermeables y transpirables para 10 000 km/10 000 km, ligeras y muy compactas, que aportan una mayor resistencia y durabilidad para todo lo que la madre naturaleza te depare. El diseño de la ventilación en la espalda se basó en el diseño de Women's Charter y ofrece mayor transpirabilidad y flujo de aire, al tiempo que mantiene los elementos fuera.",,,taxable,,0,,,0,0,,,,,0,,,139990,"Tipo de producto > Chaquetas, Género > Mujer",Chaquetas,,"https://trendseeker.cl/wp-content/uploads/2024/10/Chaqueta-Aquarius-Jacket-Mujer-Heron.jpg, https://trendseeker.cl/wp-content/uploads/2024/10/Chaqueta-Aquarius-Jacket-Mujer-Heron-2.jpg, https://trendseeker.cl/wp-content/uploads/2024/10/Chaqueta-Aquarius-Jacket-Mujer-Heron-3.jpg",,,,,,,,,158,,Grundéns,Grundéns,Talla,"L, M, S, XS",1,1,
30056,variable,10379-339,,Chaqueta Aquarius Mujer - Laurel Wreath - Green Bay,1,0,visible,,"La chaqueta Aquarius para mujer está diseñada para ofrecer a los pescadores comerciales y recreativos soluciones impermeables y transpirables para 10 000 km/10 000 km, ligeras y muy compactas, que aportan una mayor resistencia y durabilidad para todo lo que la madre naturaleza te depare. El diseño de la ventilación en la espalda se basó en el diseño de Women's Charter y ofrece mayor transpirabilidad y flujo de aire, al tiempo que mantiene los elementos fuera.",,,taxable,,0,,,0,0,,,,,0,,,139990,"Tipo de producto > Chaquetas, Género > Mujer",Chaquetas,,"https://trendseeker.cl/wp-content/uploads/2024/10/Chaqueta-Aquarius-Jacket-Mujer-Laurel-Wreath_Green-Bay.jpg, https://trendseeker.cl/wp-content/uploads/2024/10/Chaqueta-Aquarius-Jacket-Mujer-Laurel-Wreath_Green-Bay-5.jpg, https://trendseeker.cl/wp-content/uploads/2024/10/Chaqueta-Aquarius-Jacket-Mujer-Laurel-Wreath_Green-Bay-2.jpg, https://trendseeker.cl/wp-content/uploads/2024/10/Chaqueta-Aquarius-Jacket-Mujer-Laurel-Wreath_Green-Bay-3.jpg, https://trendseeker.cl/wp-content/uploads/2024/10/Chaqueta-Aquarius-Jacket-Mujer-Laurel-Wreath_Green-Bay-4.jpg",,,,,,,,,160,,Grundéns,Grundéns,Talla,"L, M, S, XS",1,1,
30048,variable,10361-621,,Chaqueta Weather Watch Jacket-Flame Scarlet,1,0,visible,,"Esta chaqueta resistente al agua está diseñada para una variedad de oportunidades de pesca. Es lo suficientemente cómoda para cualquier ocasión de pesca deportiva y lo suficientemente resistente para un uso comercial ligero. Weather Watch es la prenda utilitaria perfecta cuando no necesitas tu equipo resistente para el mal tiempo, pero aún necesitas protección contra los elementos mientras estás en la cubierta. Esta chaqueta cuenta con un tejido de nailon tratado con DWR con un laminado de poliuretano impermeable y transpirable.",,,taxable,,0,,,0,0,,,,,0,,,99990,"Tipo de producto > Chaquetas, Género > Hombre",Chaquetas,,"https://trendseeker.cl/wp-content/uploads/2024/10/Chaqueta-Weather-Watch-Jacket-Flame-Scarlet.jpg, https://trendseeker.cl/wp-content/uploads/2024/10/Chaqueta-Weather-Watch-Jacket-Flame-Scarlet-2.jpg, https://trendseeker.cl/wp-content/uploads/2024/10/Chaqueta-Weather-Watch-Jacket-Flame-Scarlet-3.jpg",,,,,,,,,162,,Grundéns,Grundéns,Talla,"L, M, S, XL, XXL",1,1,
30040,variable,10361-368,,Chaqueta Weather Watch Jacket-Turtle Grass,1,0,visible,,"Esta chaqueta resistente al agua está diseñada para una variedad de oportunidades de pesca. Es lo suficientemente cómoda para cualquier ocasión de pesca deportiva y lo suficientemente resistente para un uso comercial ligero. Weather Watch es la prenda utilitaria perfecta cuando no necesitas tu equipo resistente para el mal tiempo, pero aún necesitas protección contra los elementos mientras estás en la cubierta. Esta chaqueta cuenta con un tejido de nailon tratado con DWR con un laminado de poliuretano impermeable y transpirable.",,,taxable,,0,,,0,0,,,,,0,,,99990,"Tipo de producto > Chaquetas, Género > Hombre",Chaquetas,,"https://trendseeker.cl/wp-content/uploads/2024/10/Chaqueta-Weather-Watch-Jacket-Turtle-Grass.jpg, https://trendseeker.cl/wp-content/uploads/2024/10/Chaqueta-Weather-Watch-Jacket-Turtle-Grass-2.jpg, https://trendseeker.cl/wp-content/uploads/2024/10/Chaqueta-Weather-Watch-Jacket-Turtle-Grass-3.jpg",,,,,,,,,164,,Grundéns,Grundéns,Talla,"L, M, S, XL, XXL",1,1,
30023,variable,10359-425,,Chaqueta Trident Jacket-Dark Navy,1,0,visible,,"La chaqueta Trident está diseñada para ofrecer a los pescadores comerciales y recreativos una solución liviana, impermeable y transpirable que es increíblemente empacable y brinda mayor robustez y durabilidad para todo lo que la Madre Naturaleza le depare.",,,taxable,,0,,,0,0,,,,,0,,,119990,"Tipo de producto > Chaquetas, Género > Hombre",Chaquetas,,"https://trendseeker.cl/wp-content/uploads/2024/10/Chaqueta-Trident-Jacket-Dark-Navy.jpg, https://trendseeker.cl/wp-content/uploads/2024/10/Chaqueta-Trident-Jacket-Dark-Navy-2.jpg, https://trendseeker.cl/wp-content/uploads/2024/10/Chaqueta-Trident-Jacket-Dark-Navy-3.jpg",,,,,,,,,166,,Grundéns,Grundéns,Talla,"L, M, S, XL, XXL",1,1,
30014,variable,10359-023,,Chaqueta Trident Jacket - Metal,1,0,visible,,"La chaqueta Trident está diseñada para ofrecer a los pescadores comerciales y recreativos una solución liviana, impermeable y transpirable que es increíblemente empacable y brinda mayor robustez y durabilidad para todo lo que la Madre Naturaleza le depare.",,,taxable,,0,,,0,0,,,,,0,,,119990,"Tipo de producto > Chaquetas, Género > Hombre",Chaquetas,,"https://trendseeker.cl/wp-content/uploads/2024/10/Chaqueta-Trident-Jacket-Metal.jpg, https://trendseeker.cl/wp-content/uploads/2024/10/Chaqueta-Trident-Jacket-Metal-4.jpg, https://trendseeker.cl/wp-content/uploads/2024/10/Chaqueta-Trident-Jacket-Metal-2.jpg, https://trendseeker.cl/wp-content/uploads/2024/10/Chaqueta-Trident-Jacket-Metal-3.jpg",,,,,,,,,168,,Grundéns,Grundéns,Talla,"L, M, S, XL, XXL",1,1,
30002,variable,10330-025,,Jardinera Full Share Bib - Anchor,1,0,visible,,"Cuando tenga en sus manos el nuevo Full Share Bib, notará de inmediato la tela exterior resistente, las características técnicas ubicadas estratégicamente y una membrana interior que ofrece una gran resistencia a los contaminantes más comunes a los que se enfrentan los pescadores. Inicialmente diseñado para el pescador comercial, el Full Share Bib ofrece una solución impermeable y transpirable de alto rendimiento con una comodidad en contacto con la piel que también beneficia a los entusiastas de la pesca deportiva, y a un precio increíble.",,,taxable,,0,,,0,0,,,,,0,,,149990,"Género > Hombre, Jardineras y Waders",jardinera,,"https://trendseeker.cl/wp-content/uploads/2024/10/Jardinera-Full-Share-Bib-Anchor.jpg, https://trendseeker.cl/wp-content/uploads/2024/10/Jardinera-Full-Share-Bib-Anchor-2.jpg, https://trendseeker.cl/wp-content/uploads/2024/10/Jardinera-Full-Share-Bib-Anchor-3.jpg, https://trendseeker.cl/wp-content/uploads/2024/10/Jardinera-Full-Share-Bib-Anchor-4.jpg, https://trendseeker.cl/wp-content/uploads/2024/10/Jardinera-Full-Share-Bib-Anchor-5.jpg, https://trendseeker.cl/wp-content/uploads/2024/10/Jardinera-Full-Share-Bib-Anchor-6.jpg, https://trendseeker.cl/wp-content/uploads/2024/10/Jardinera-Full-Share-Bib-Anchor-7.jpg",,,,,,,,,170,,Grundéns,Grundéns,Talla,"L, M, S, XL",1,1,
29994,variable,10329-605,,Chaqueta Full Share Jacket Opilio - Grey,1,0,visible,,"Cuando tenga en sus manos la colección Full Share, notará de inmediato la tela exterior resistente, las características técnicas ubicadas estratégicamente y una membrana interior que ofrece una gran resistencia a los contaminantes más comunes que enfrentan los pescadores. Inicialmente diseñado para el pescador comercial, el conjunto Full Share ofrece una solución impermeable y transpirable de alto rendimiento con una comodidad en contacto con la piel que también beneficia a los entusiastas de la pesca deportiva.",,,taxable,,0,,,0,0,,,,,0,,,149990,"Tipo de producto > Chaquetas, Género > Hombre",Chaquetas,,"https://trendseeker.cl/wp-content/uploads/2024/10/Chaqueta-Full-Share-Jacket-Opilio_Grey.jpg, https://trendseeker.cl/wp-content/uploads/2024/10/Chaqueta-Full-Share-Jacket-Opilio_Grey-2.jpg, https://trendseeker.cl/wp-content/uploads/2024/10/Chaqueta-Full-Share-Jacket-Opilio_Grey-3.jpg",,,,,,,,,172,,Grundéns,Grundéns,Talla,"L, M, S, XL",1,1,
29986,variable,10329-425,,Chaqueta Full Share Jacket - Dark Navy,1,0,visible,,"Cuando tenga en sus manos la colección Full Share, notará de inmediato la tela exterior resistente, las características técnicas ubicadas estratégicamente y una membrana interior que ofrece una gran resistencia a los contaminantes más comunes que enfrentan los pescadores. Inicialmente diseñado para el pescador comercial, el conjunto Full Share ofrece una solución impermeable y transpirable de alto rendimiento con una comodidad en contacto con la piel que también beneficia a los entusiastas de la pesca deportiva.",,,taxable,,0,,,0,0,,,,,0,,,139990,"Tipo de producto > Chaquetas, Género > Hombre",Chaquetas,,"https://trendseeker.cl/wp-content/uploads/2024/10/Chaqueta-Cutter-Jacket-Dark-Navy-1.jpg, https://trendseeker.cl/wp-content/uploads/2024/10/Chaqueta-Cutter-Jacket-Dark-Navy-2-1.jpg, https://trendseeker.cl/wp-content/uploads/2024/10/Chaqueta-Cutter-Jacket-Dark-Navy-3-1.jpg",,,,,,,,,174,,Grundéns,Grundéns,Talla,"L, M, S, XL",1,1,
29978,variable,10329-015,,Chaqueta Full Share Jacket Black - Grey,1,0,visible,,"Cuando tenga en sus manos la colección Full Share, notará de inmediato la tela exterior resistente, las características técnicas ubicadas estratégicamente y una membrana interior que ofrece una gran resistencia a los contaminantes más comunes que enfrentan los pescadores. Inicialmente diseñado para el pescador comercial, el conjunto Full Share ofrece una solución impermeable y transpirable de alto rendimiento con una comodidad en contacto con la piel que también beneficia a los entusiastas de la pesca deportiva.",,,taxable,,0,,,0,0,,,,,0,,,149990,"Tipo de producto > Chaquetas, Género > Hombre",Chaquetas,,"https://trendseeker.cl/wp-content/uploads/2024/10/Chaqueta-Full-Share-Jacket-Black_Grey.jpg, https://trendseeker.cl/wp-content/uploads/2024/10/Chaqueta-Full-Share-Jacket-Black_Grey-2.jpg, https://trendseeker.cl/wp-content/uploads/2024/10/Chaqueta-Full-Share-Jacket-Black_Grey-3.jpg",,,,,,,,,176,,Grundéns,Grundéns,Talla,"L, M, S, XL",1,1,
29968,variable,10329-001,,Chaqueta Full Share Jacket - Black,1,0,visible,,"Cuando tenga en sus manos la colección Full Share, notará de inmediato la tela exterior resistente, las características técnicas ubicadas estratégicamente y una membrana interior que ofrece una gran resistencia a los contaminantes más comunes que enfrentan los pescadores. Inicialmente diseñado para el pescador comercial, el conjunto Full Share ofrece una solución impermeable y transpirable de alto rendimiento con una comodidad en contacto con la piel que también beneficia a los entusiastas de la pesca deportiva.",,,taxable,,0,,,0,0,,,,,0,,,149990,"Tipo de producto > Chaquetas, Género > Hombre",Chaquetas,,"https://trendseeker.cl/wp-content/uploads/2024/10/chaqueta-grundens-Full-Share-Jacket-Black-1.jpg, https://trendseeker.cl/wp-content/uploads/2024/10/Chaqueta-Full-Share-Jacket-Black.jpg, https://trendseeker.cl/wp-content/uploads/2024/10/Chaqueta-Full-Share-Jacket-Black-5.jpg, https://trendseeker.cl/wp-content/uploads/2024/10/Chaqueta-Full-Share-Jacket-Black-4.jpg, https://trendseeker.cl/wp-content/uploads/2024/10/Chaqueta-Full-Share-Jacket-Black-3.jpg, https://trendseeker.cl/wp-content/uploads/2024/10/Chaqueta-Full-Share-Jacket-Black-2.jpg",,,,,,,,,178,,Grundéns,Grundéns,Talla,"L, M, S, XL",1,1,
29960,variable,10207-425,,Chaqueta Cutter Jacket - Dark Navy,1,0,visible,,"La chaqueta Cutter, diseñada pensando en la versatilidad, prioriza ser tu capa de abrigo preferida para una protección ligera e impermeable contra los elementos. Fabricada con un tejido exterior de poliéster elástico que cuenta con una clasificación de impermeabilidad y transpirabilidad de 10 000/6 000 para usarla con lluvia ligera, mares agitados y vientos variables, Cutter funcionará como una opción empacable o plegable increíble para el pescador viajero o para guardarla a bordo de tu embarcación para usarla cuando sea necesario. Completa con bolsillos de almacenamiento con cremallera y capucha, dobladillo y puños ajustables, la chaqueta Cutter es una extensión del equipo que necesitas para el éxito en el agua.",,,taxable,,0,,,0,0,,,,,0,,,89990,"Tipo de producto > Chaquetas, Género > Hombre",Chaquetas,,"https://trendseeker.cl/wp-content/uploads/2024/10/Chaqueta-Cutter-Jacket-Dark-Navy.jpg, https://trendseeker.cl/wp-content/uploads/2024/10/Chaqueta-Cutter-Jacket-Dark-Navy-2.jpg, https://trendseeker.cl/wp-content/uploads/2024/10/Chaqueta-Cutter-Jacket-Dark-Navy-3.jpg",,,,,,,,,180,,Grundéns,Grundens,Talla,"L, M, S, XL",1,1,
29951,variable,10207-001,,Chaqueta Cutter Jacket - Black,1,0,visible,,"La chaqueta Cutter, diseñada pensando en la versatilidad, prioriza ser tu capa de abrigo preferida para una protección ligera e impermeable contra los elementos. Fabricada con un tejido exterior de poliéster elástico que cuenta con una clasificación de impermeabilidad y transpirabilidad de 10 000/6 000 para usarla con lluvia ligera, mares agitados y vientos variables, Cutter funcionará como una opción empacable o plegable increíble para el pescador viajero o para guardarla a bordo de tu embarcación para usarla cuando sea necesario. Completa con bolsillos de almacenamiento con cremallera y capucha, dobladillo y puños ajustables, la chaqueta Cutter es una extensión del equipo que necesitas para el éxito en el agua.",,,taxable,,0,,,0,0,,,,,0,,,69990,"Tipo de producto > Chaquetas, Género > Hombre",Chaquetas,,"https://trendseeker.cl/wp-content/uploads/2024/10/Chaqueta-Cutter-Jacket-Black.jpg, https://trendseeker.cl/wp-content/uploads/2024/10/Chaqueta-Cutter-Jacket-Black-4.jpg, https://trendseeker.cl/wp-content/uploads/2024/10/Chaqueta-Cutter-Jacket-Black-2.jpg, https://trendseeker.cl/wp-content/uploads/2024/10/Chaqueta-Cutter-Jacket-Black-3.jpg",,,,,,,,,182,,Grundéns,Grundéns,Talla,"L, M, S, XL, XXL",1,1,
29946,variable,10140-053,,Jardinera Tourney Bib - Iron Grey,1,0,visible,,"<span data-sheets-root=""1"">La Jardinera Tourney es la solución ligera y 100 % impermeable perfecta para los cambios de tiempo que suelen sorprendernos. Con un ajuste atlético y características de diseño ergonómico, el Tourney ofrece a los pescadores de agua dulce y salada los beneficios que más necesitan, pero sin ser demasiado voluminoso.</span>",,,taxable,,0,,,0,0,,,,,0,,,134990,"Jardineras y Waders, Género > Mujer",jardinera,,"https://trendseeker.cl/wp-content/uploads/2024/10/Jardinera-Tourney-Bib-Iron-Grey.jpg, https://trendseeker.cl/wp-content/uploads/2024/10/Jardinera-Tourney-Bib-Iron-Grey-2.jpg, https://trendseeker.cl/wp-content/uploads/2024/10/Jardinera-Tourney-Bib-Iron-Grey-3.jpg",,,,,,,,,184,,Grundéns,Grundéns,Talla,S,1,1,
29937,variable,10132-673,,Chaqueta Neptune Jacket Mujer - Fiery Coral,1,0,visible,,"Esta chaqueta con capucha y cierre completo está confeccionada con un tejido de poliéster revestido de poliuretano de peso medio que proporciona protección 100 % impermeable, comodidad y la facilidad de movimiento que necesitan los pescadores activos. Un corte deportivo y refuerzos en las axilas brindan protección sin restringir la acción de pesca.",,,taxable,,0,,,0,0,,,,,0,,,109990,"Tipo de producto > Chaquetas, Género > Mujer",Chaquetas,,"https://trendseeker.cl/wp-content/uploads/2024/10/Chaqueta-Neptune-Jacket-Mujer-Fiery-Coral.jpg, https://trendseeker.cl/wp-content/uploads/2024/10/Chaqueta-Neptune-Jacket-Mujer-Fiery-Coral-2.jpg, https://trendseeker.cl/wp-content/uploads/2024/10/Chaqueta-Neptune-Jacket-Mujer-Fiery-Coral-3.jpg, https://trendseeker.cl/wp-content/uploads/2024/10/Chaqueta-Neptune-Jacket-Mujer-Fiery-Coral-4.jpg, https://trendseeker.cl/wp-content/uploads/2024/10/Chaqueta-Neptune-Jacket-Mujer-Fiery-Coral-5.jpg",,,,,,,,,185,,Grundéns,Grundéns,Talla,"L, M, S, XS",1,1,
29928,variable,10132-421,,Chaqueta Neptune Jacket Mujer - Parisian Blue,1,0,visible,,"Esta chaqueta con capucha y cierre completo está confeccionada con un tejido de poliéster revestido de poliuretano de peso medio que proporciona protección 100 % impermeable, comodidad y la facilidad de movimiento que necesitan los pescadores activos. Un corte deportivo y refuerzos en las axilas brindan protección sin restringir la acción de pesca.",,,taxable,,0,,,0,0,,,,,0,,,109990,"Tipo de producto > Chaquetas, Género > Mujer",Chaquetas,,"https://trendseeker.cl/wp-content/uploads/2024/10/Chaqueta-Neptune-Jacket-Mujer-Parisian-Blue.jpg, https://trendseeker.cl/wp-content/uploads/2024/10/Chaqueta-Neptune-Jacket-Mujer-Parisian-Blue-2.jpg, https://trendseeker.cl/wp-content/uploads/2024/10/Chaqueta-Neptune-Jacket-Mujer-Parisian-Blue-3.jpg, https://trendseeker.cl/wp-content/uploads/2024/10/Chaqueta-Neptune-Jacket-Mujer-Parisian-Blue-4.jpg, https://trendseeker.cl/wp-content/uploads/2024/10/Chaqueta-Neptune-Jacket-Mujer-Parisian-Blue-5.jpg",,,,,,,,,187,,Grundéns,Grundéns,Talla,"L, M, S, XS",1,1,
29920,variable,10132-021,,Chaqueta Neptune Jacket Mujer - Sky Grey,1,0,visible,,"Esta chaqueta con capucha y cierre completo está confeccionada con un tejido de poliéster revestido de poliuretano de peso medio que proporciona protección 100 % impermeable, comodidad y la facilidad de movimiento que necesitan los pescadores activos. Un corte deportivo y refuerzos en las axilas brindan protección sin restringir la acción de pesca.",,,taxable,,0,,,0,0,,,,,0,,,109990,"Tipo de producto > Chaquetas, Género > Mujer",Chaquetas,,"https://trendseeker.cl/wp-content/uploads/2024/10/Chaqueta-Neptune-Jacket-Mujer-Sky-Grey.jpg, https://trendseeker.cl/wp-content/uploads/2024/10/Chaqueta-Neptune-Jacket-Mujer-Sky-Grey-2.jpg, https://trendseeker.cl/wp-content/uploads/2024/10/Chaqueta-Neptune-Jacket-Mujer-Sky-Grey-3.jpg",,,,,,,,,189,,Grundéns,Grundéns,Talla,"L, M, S, XL",1,1,
29907,variable,10079-425,,Chaqueta Neptune Jacket - Dark Navy,1,0,visible,,"Chaqueta con capucha y cierre completo, confeccionada con tejido de poliéster revestido con poliuretano de peso medio, que ofrece protección 100 % impermeable y la comodidad y facilidad de movimiento que necesitan los pescadores activos. Un corte deportivo y refuerzos en las axilas brindan protección sin restringir la acción de pesca.",,,taxable,,0,,,0,0,,,,,0,,,119990,"Tipo de producto > Chaquetas, Género > Hombre",Chaquetas,,"https://trendseeker.cl/wp-content/uploads/2024/10/Chaqueta-Neptune-Jacket-Dark-Navy.jpg, https://trendseeker.cl/wp-content/uploads/2024/10/Chaqueta-Neptune-Jacket-Dark-Navy-8.jpg, https://trendseeker.cl/wp-content/uploads/2024/10/Chaqueta-Neptune-Jacket-Dark-Navy-7.jpg, https://trendseeker.cl/wp-content/uploads/2024/10/Chaqueta-Neptune-Jacket-Dark-Navy-6.jpg, https://trendseeker.cl/wp-content/uploads/2024/10/Chaqueta-Neptune-Jacket-Dark-Navy-5.jpg, https://trendseeker.cl/wp-content/uploads/2024/10/Chaqueta-Neptune-Jacket-Dark-Navy-4.jpg, https://trendseeker.cl/wp-content/uploads/2024/10/Chaqueta-Neptune-Jacket-Dark-Navy-3.jpg, https://trendseeker.cl/wp-content/uploads/2024/10/Chaqueta-Neptune-Jacket-Dark-Navy-2.jpg",,,,,,,,,190,,Grundéns,Grundéns,Talla,"L, M, S, XL, XXL",1,1,
29619,variable,10079-300,,Chaqueta Neptune Jacket - Green,1,0,visible,,"Chaqueta con capucha y cierre completo, confeccionada con tejido de poliéster revestido con poliuretano de peso medio, que ofrece protección 100 % impermeable y la comodidad y facilidad de movimiento que necesitan los pescadores activos. Un corte deportivo y refuerzos en las axilas brindan protección sin restringir la acción de pesca.",,,taxable,,0,,,0,0,,,,,0,,,119990,"Tipo de producto > Chaquetas, Género > Hombre",Chaquetas,,https://trendseeker.cl/wp-content/uploads/2024/10/Chaqueta-Neptune-Jacket-Green.jpg,,,,,,,,,191,,Grundéns,Grundéns,Talla,"L, M, S, XL, XXL",1,1,
29615,variable,10079-001,,Chaqueta Neptune Jacket - Black,1,0,visible,,"Chaqueta con capucha y cierre completo, confeccionada con tejido de poliéster revestido con poliuretano de peso medio, que ofrece protección 100 % impermeable y la comodidad y facilidad de movimiento que necesitan los pescadores activos. Un corte deportivo y refuerzos en las axilas brindan protección sin restringir la acción de pesca.",,,taxable,,0,,,0,0,,,,,0,,,119990,"Tipo de producto > Chaquetas, Género > Hombre",Chaquetas,,"https://trendseeker.cl/wp-content/uploads/2024/10/Chaqueta-Neptune-Jacket-Black.jpg, https://trendseeker.cl/wp-content/uploads/2024/10/Chaqueta-Neptune-Jacket-Black-2.jpg",,,,,,,,,192,,Grundéns,Grundéns,Talla,"L, M, S, XL, XXL",1,1,
24592,variable,R11D0,,Hamptons Metallic Gold,1,0,visible,,"Alpargatas con suela de plataforma en cuero y yute de color dorado de MANEBI con puntera redonda, plantilla con logo, lengüeta en el talón y plataforma de rafia trenzada.\n\n\n\nComposición:\n\n<ul>\n\n 	<li>Suela: 100% Caucho natural</li>\n\n 	<li>Exterior: 100% Cuero</li>\n\n 	<li>Forro: 100% Yute y cuero</li>\n\n</ul>\n\nHecho en España\n\n\n\n&nbsp;",,,taxable,,0,,,0,0,,,,,0,,,99990,"Género, Género > Mujer, Tipo de producto, Tipo de producto > Zapatillas","Alpargatas, Gold, Manenbí, Zapatos",,"https://trendseeker.cl/wp-content/uploads/2023/09/TS-PRODUCTO-FOTOS-5.png, https://trendseeker.cl/wp-content/uploads/2023/09/R11D0-2.png, https://trendseeker.cl/wp-content/uploads/2023/09/R11D0-3.png, https://trendseeker.cl/wp-content/uploads/2023/09/R11D0-4.png",,,,,,"F33DO, K10DO, W19DO",,,204,,Grundéns,Grundéns,size,"36, 37, 38, 39, 40",1,1,
30372,variable,60008-215,,Botas Deck-Boss Ankle Boot - Dark Brown,1,0,visible,,"La colección DECK-BOSS™ está diseñada para brindarles a los pescadores opciones de calzado cómodo y de alto rendimiento que durarán incluso los días más largos en el agua. Hemos priorizado una plantilla más gruesa para promover una resistencia notable a los impactos, y el forro refrescante antiolor garantizará que deje atrás el típico hedor del calzado. Las ranuras de afeitar incorporadas ayudan a expulsar el agua de debajo del zapato, lo que mejora el agarre en superficies mojadas y, combinadas con una suela exterior de caucho natural, estará de pie en la cubierta todo el día.",,,taxable,,1,4,,0,0,,,,,0,,,119990,"Tipo de producto > Botas, Calzado, Género > Hombre, Tipo de producto > Zapatos",,,"https://trendseeker.cl/wp-content/uploads/2024/10/botas-grundens-deckboss-ankle-darkbrown-1.jpg, https://trendseeker.cl/wp-content/uploads/2024/10/tallas-scaled.jpg",,,,,,,,,235,,Grundéns,Grundéns,Talla,"10, 11, 8, 9",1,1,
18731,simple,,,Leopard CON CORDON,1,0,visible,,,,,taxable,,1,,,0,0,,,,,1,,,,Género,,,,,,,,,,,,599,,Grundéns,Grundéns,,,,,
