ID,Tipo,SKU,"GTIN, UPC, EAN o ISBN",Nombre,Publicado,¿Está destacado?,Visibilidad en el catálogo,Descripción corta,Descripción,Día en que empieza el precio rebajado,Día en que termina el precio rebajado,Estado del impuesto,Clase de impuesto,¿Existencias?,Inventario,Cantidad de bajo inventario,¿Permitir reservas de productos agotados?,¿Vendido individualmente?,Peso (g),Longitud (cm),Anchura (cm),Altura (cm),¿Permitir valoraciones de clientes?,Nota de compra,Precio rebajado,Precio normal,Categorías,Etiquetas,Clase de envío,Imágenes,Límite de descargas,Días de caducidad de la descarga,Superior,Productos agrupados,Ventas dirigidas,Ventas cruzadas,URL externa,Texto del botón,Posición,EAN,Marcas,Marca,Nombre del atributo 1,Valor(es) del atributo 1,Atributo visible 1,Atributo global 1,Atributo por defecto 1
29592,variation,IF-R01-23M01C01-T3,8433856084658,Polera Spirit White - S,1,0,visible,,,,2026-04-16 23:59:59,taxable,parent,1,3,,0,0,,,,,0,,,32990,,,,,,,IF-R01-23M01C01,,,,,,1,8433856084658,The Indian Face,The Indian Face,Talla,S,,1,
29604,variation,IF-R01-23M01C03-T3,8433856084870,Polera Spirit Red - S,1,0,visible,,,,2026-04-16 23:59:59,taxable,parent,1,2,,0,0,,,,,0,,,32990,,,,,,,IF-R01-23M01C03,,,,,,1,8433856084870,The Indian Face,The Indian Face,Talla,S,,1,
29638,variation,IF-R01-23M01C04-T3,8433856084986,Polera Spirit Blue - S,1,0,visible,,,,2026-04-16 23:59:59,taxable,parent,1,2,,0,0,,,,,0,,,32990,,,,,,,IF-R01-23M01C04,,,,,,1,8433856084986,The Indian Face,The Indian Face,Talla,S,,1,
29649,variation,IF-R01-23M01C05-T3,8433856085099,Polera Spirit Navy Blue - S,1,0,visible,,,,2026-04-16 23:59:59,taxable,parent,1,4,,0,0,,,,,0,,,32990,,,,,,,IF-R01-23M01C05,,,,,,1,8433856085099,The Indian Face,The Indian Face,Talla,S,,1,
29662,variation,IF-R01-23M03C01-T4,8433856085570,Polera Nomad White - M,1,0,visible,,,,2026-04-16 23:59:59,taxable,parent,1,2,,0,0,,,,,0,,,32990,,,,,,,IF-R01-23M03C01,,,,,,1,8433856085570,The Indian Face,The Indian Face,Talla,M,,1,
29673,variation,IF-R01-23M03C02-T4,8433856085631,Polera Nomad Blue - M,1,0,visible,,,,2026-04-16 23:59:59,taxable,parent,1,3,,0,0,,,,,0,,,32990,,,,,,,IF-R01-23M03C02,,,,,,1,8433856085631,The Indian Face,The Indian Face,Talla,M,,1,
29694,variation,IF-R01-23M03C03-T3,8433856085686,Polera Nomad Navy - S,1,0,visible,,,,2026-04-16 23:59:59,taxable,parent,1,4,,0,0,,,,,0,,,32990,,,,,,,IF-R01-23M03C03,,,,,,1,8433856085686,The Indian Face,The Indian Face,Talla,S,,1,
29697,variation,IF-R01-23M04C01-T4,8433856085754,Polera Born to be Free White - M,1,0,visible,,,,2026-04-16 23:59:59,taxable,parent,1,3,,0,0,,,,,0,,,32990,,,,,,,IF-R01-23M04C01,,,,,,1,8433856085754,The Indian Face,The Indian Face,Talla,M,,1,
29709,variation,IF-R01-23M04C03-T3,8433856085860,Polera Born to be Free Red - S,1,0,visible,,,,2026-04-16 23:59:59,taxable,parent,1,1,,0,0,,,,,0,,,32990,,,,,,,IF-R01-23M04C03,,,,,,1,8433856085860,The Indian Face,The Indian Face,Talla,S,,1,
29717,variation,IF-R02-23M01C01-T3,8433856086300,Poleron Sweatshirt Spirit White - S,1,0,visible,,,,2026-04-16 23:59:59,taxable,parent,1,2,,0,0,,,,,0,,,69990,,,,,,,IF-R02-23M01C01,,,,,,1,8433856086300,The Indian Face,The Indian Face,Talla,S,,1,
29725,variation,IF-R02-23M01C04-T3,,Poleron Sweatshirt Spirit Blue - S,1,0,visible,,,,2026-04-16 23:59:59,taxable,parent,1,2,,0,0,,,,,0,,,69990,,,,,,,IF-R02-23M01C04,,,,,,1,8433856086638,The Indian Face,The Indian Face,Talla,S,,1,
29730,variation,IF-R02-23M01C05-T3,8433856086744,Poleron Sweatshirt Spirit Navy Blue - S,1,0,visible,,,,2026-04-16 23:59:59,taxable,parent,1,4,,0,0,,,,,0,,,69990,,,,,,,IF-R02-23M01C05,,,,,,1,8433856086744,The Indian Face,The Indian Face,Talla,S,,1,
29742,variation,IF-R02-23M04C02-T3,8433856087338,Poleron Sweatshirt Nomad Navy Blue - S,1,0,visible,,,,2026-04-16 23:59:59,taxable,parent,1,4,,0,0,,,,,0,,,69990,,,,,,,IF-R02-23M04C02,,,,,,1,8433856087338,The Indian Face,The Indian Face,Talla,S,,1,
29751,variation,IF-R02-23M05C01-T3,8433856087451,Poleron Hoodie Born to be Free White - S,1,0,visible,,,,2026-04-16 23:59:59,taxable,parent,1,2,,0,0,,,,,0,,,78990,,,,,,,IF-R02-23M05C01,,,,,,1,8433856087451,The Indian Face,The Indian Face,Talla,S,,1,
29759,variation,IF-R02-23M05C02-T3,8433856087512,Poleron Hoodie Born to be Free Green - S,1,0,visible,,,,2026-04-16 23:59:59,taxable,parent,1,1,,0,0,,,,,0,,,78990,,,,,,,IF-R02-23M05C02,,,,,,1,8433856087512,The Indian Face,The Indian Face,Talla,S,,1,
29767,variation,IF-R02-23M05C03-T3,8433856087574,Poleron Hoodie Born to be Free Red - S,1,0,visible,,,,2026-04-16 23:59:59,taxable,parent,1,1,,0,0,,,,,0,,,78990,,,,,,,IF-R02-23M05C03,,,,,,1,8433856087574,The Indian Face,The Indian Face,Talla,S,,1,
29775,variation,TA-S01-01-T3,8433856076455,Poleron Hoodie Born to be Free Blanco - S,1,0,visible,,,,,taxable,parent,1,4,,0,0,,,,,0,,,78990,,,,,,,TA-S01-01,,,,,,1,8433856076455,The Indian Face,The Indian Face,Talla,S,,1,
31592,variation,TA-C01-01-T3,,Polera Original Blanca - S,1,0,visible,,,,2026-04-16 23:59:59,taxable,parent,1,2,,0,0,,,,,0,,,32990,,,,,,,TA-C01-01,,,,,,1,8433856075298,The Indian Face,The Indian Face,Talla,S,,1,
31595,variation,TA-C01-02-T3,,Polera Original Azul Marino - S,1,0,visible,,,,2026-04-16 23:59:59,taxable,parent,1,4,,0,0,,,,,0,,,32990,,,,,,,TA-C01-02,,,,,,1,8433856075335,The Indian Face,The Indian Face,Talla,S,,1,
31604,variation,TA-C02-06-T3,,Polera Soul Verde - S,1,0,visible,,,,2026-04-16 23:59:59,taxable,parent,1,4,,0,0,,,,,0,,,32990,,,,,,,TA-C02-06,,,,,,1,8433856075571,The Indian Face,The Indian Face,Talla,S,,1,
31611,variation,TA-C02-07-T3,,Polera Soul Amarilla - S,1,0,visible,,,,2026-04-16 23:59:59,taxable,parent,1,2,,0,0,,,,,0,,,32990,,,,,,,TA-C02-07,,,,,,1,8433856075618,The Indian Face,The Indian Face,Talla,S,,1,
31619,variation,TA-C02-09-T3,,Polera Soul Azul Marino - S,1,0,visible,,,,2026-04-16 23:59:59,taxable,parent,1,4,,0,0,,,,,0,,,32990,,,,,,,TA-C02-09,,,,,,1,8433856075694,The Indian Face,The Indian Face,Talla,S,,1,
31632,variation,UL-R01-23M01C03-T4,,Polera Alpine Navy Blue - M,1,0,visible,,,,2026-04-16 23:59:59,taxable,parent,1,3,,0,0,,,,,0,,,32990,,,,,,,UL-R01-23M01C03,,,,,,1,8433856088427,The Indian Face,The Indian Face,Talla,M,,1,
31641,variation,UL-R01-23M03C01-T3,,Polera Classic White - S,1,0,visible,,,,2026-04-16 23:59:59,taxable,parent,1,4,,0,0,,,,,0,,,32990,,,,,,,UL-R01-23M03C01,,,,,,1,8433856088700,The Indian Face,The Indian Face,Talla,S,,1,
31647,variation,UL-R01-23M03C05-T3,,Polera Classic Red - S,1,0,visible,,,,2026-04-16 23:59:59,taxable,parent,1,2,,0,0,,,,,0,,,32990,,,,,,,UL-R01-23M03C05,,,,,,1,8433856089141,The Indian Face,The Indian Face,Talla,S,,1,
31660,variation,UL-R01-23M03C06-T3,,Polera Classic Grey - S,1,0,visible,,,,2026-04-16 23:59:59,taxable,parent,1,4,,0,0,,,,,0,,,32990,,,,,,,UL-R01-23M03C06,,,,,,1,8433856089257,The Indian Face,The Indian Face,Talla,S,,1,
31669,variation,UL-R01-23M03C07-T3,,Polera Classic Navy Blue - S,1,0,visible,,,,2026-04-16 23:59:59,taxable,parent,1,4,,0,0,,,,,0,,,32990,,,,,,,UL-R01-23M03C07,,,,,,1,8433856089363,The Indian Face,The Indian Face,Talla,S,,1,
31680,variation,UL-R02-23M03C01-T3,,Poleron Hoodie Classic White - S,1,0,visible,,,,2026-04-16 23:59:59,taxable,parent,1,2,,0,0,,,,,0,,,78990,,,,,,,UL-R02-23M03C01,,,,,,1,8433856090604,The Indian Face,The Indian Face,Talla,S,,1,
31685,variation,UL-R02-23M03C06-T3,,Poleron Hoodie Classic Grey - S,1,0,visible,,,,2026-04-16 23:59:59,taxable,parent,1,1,,0,0,,,,,0,,,78990,,,,,,,UL-R02-23M03C06,,,,,,1,8433856091151,The Indian Face,The Indian Face,Talla,S,,1,
29593,variation,IF-R01-23M01C01-T4,8433856084665,Polera Spirit White - M,1,0,visible,,,,2026-04-16 23:59:59,taxable,parent,1,4,,0,0,,,,,0,,,32990,,,,,,,IF-R01-23M01C01,,,,,,2,8433856084665,The Indian Face,The Indian Face,Talla,M,,1,
29605,variation,IF-R01-23M01C03-T4,8433856084887,Polera Spirit Red - M,1,0,visible,,,,2026-04-16 23:59:59,taxable,parent,1,2,,0,0,,,,,0,,,32990,,,,,,,IF-R01-23M01C03,,,,,,2,8433856084887,The Indian Face,The Indian Face,Talla,M,,1,
29639,variation,IF-R01-23M01C04-T4,8433856084993,Polera Spirit Blue - M,1,0,visible,,,,2026-04-16 23:59:59,taxable,parent,1,1,,0,0,,,,,0,,,32990,,,,,,,IF-R01-23M01C04,,,,,,2,8433856084993,The Indian Face,The Indian Face,Talla,M,,1,
29650,variation,IF-R01-23M01C05-T4,8433856085105,Polera Spirit Navy Blue - M,1,0,visible,,,,2026-04-16 23:59:59,taxable,parent,1,3,,0,0,,,,,0,,,32990,,,,,,,IF-R01-23M01C05,,,,,,2,8433856085105,The Indian Face,The Indian Face,Talla,M,,1,
29663,variation,IF-R01-23M03C01-T5,8433856085587,Polera Nomad White - L,1,0,visible,,,,2026-04-16 23:59:59,taxable,parent,1,6,,0,0,,,,,0,,,32990,,,,,,,IF-R01-23M03C01,,,,,,2,8433856085587,The Indian Face,The Indian Face,Talla,L,,1,
29674,variation,IF-R01-23M03C02-T5,8433856085648,Polera Nomad Blue - L,1,0,visible,,,,2026-04-16 23:59:59,taxable,parent,1,1,,0,0,,,,,0,,,32990,,,,,,,IF-R01-23M03C02,,,,,,2,8433856085648,The Indian Face,The Indian Face,Talla,L,,1,
29684,variation,IF-R01-23M03C03-T4,8433856085693,Polera Nomad Navy - M,1,0,visible,,,,2026-04-16 23:59:59,taxable,parent,1,4,,0,0,,,,,0,,,32990,,,,,,,IF-R01-23M03C03,,,,,,2,8433856085693,The Indian Face,The Indian Face,Talla,M,,1,
29696,variation,IF-R01-23M04C01-T5,8433856085761,Polera Born to be Free White - L,1,0,visible,,,,2026-04-16 23:59:59,taxable,parent,1,10,,0,0,,,,,0,,,32990,,,,,,,IF-R01-23M04C01,,,,,,2,8433856085761,The Indian Face,The Indian Face,Talla,L,,1,
29706,variation,IF-R01-23M04C03-T4,8433856085877,Polera Born to be Free Red - M,1,0,visible,,,,2026-04-16 23:59:59,taxable,parent,1,1,,0,0,,,,,0,,,32990,,,,,,,IF-R01-23M04C03,,,,,,2,8433856085877,The Indian Face,The Indian Face,Talla,M,,1,
29718,variation,IF-R02-23M01C01-T4,8433856086317,Poleron Sweatshirt Spirit White - M,1,0,visible,,,,2026-04-16 23:59:59,taxable,parent,1,2,,0,0,,,,,0,,,69990,,,,,,,IF-R02-23M01C01,,,,,,2,8433856086317,The Indian Face,The Indian Face,Talla,M,,1,
29726,variation,IF-R02-23M01C04-T4,,Poleron Sweatshirt Spirit Blue - M,1,0,visible,,,,2026-04-16 23:59:59,taxable,parent,1,2,,0,0,,,,,0,,,69990,,,,,,,IF-R02-23M01C04,,,,,,2,8433856086638,The Indian Face,The Indian Face,Talla,M,,1,
29731,variation,IF-R02-23M01C05-T4,8433856086751,Poleron Sweatshirt Spirit Navy Blue - M,1,0,visible,,,,2026-04-16 23:59:59,taxable,parent,1,3,,0,0,,,,,0,,,69990,,,,,,,IF-R02-23M01C05,,,,,,2,8433856086751,The Indian Face,The Indian Face,Talla,M,,1,
29743,variation,IF-R02-23M04C02-T4,8433856087345,Poleron Sweatshirt Nomad Navy Blue - M,1,0,visible,,,,2026-04-16 23:59:59,taxable,parent,1,6,,0,0,,,,,0,,,69990,,,,,,,IF-R02-23M04C02,,,,,,2,8433856087345,The Indian Face,The Indian Face,Talla,M,,1,
29752,variation,IF-R02-23M05C01-T4,8433856087468,Poleron Hoodie Born to be Free White - M,1,0,visible,,,,2026-04-16 23:59:59,taxable,parent,1,5,,0,0,,,,,0,,,78990,,,,,,,IF-R02-23M05C01,,,,,,2,8433856087468,The Indian Face,The Indian Face,Talla,M,,1,
29760,variation,IF-R02-23M05C02-T4,8433856087529,Poleron Hoodie Born to be Free Green - M,1,0,visible,,,,2026-04-16 23:59:59,taxable,parent,1,2,,0,0,,,,,0,,,78990,,,,,,,IF-R02-23M05C02,,,,,,2,8433856087529,The Indian Face,The Indian Face,Talla,M,,1,
29768,variation,IF-R02-23M05C03-T4,8433856087581,Poleron Hoodie Born to be Free Red - M,1,0,visible,,,,2026-04-16 23:59:59,taxable,parent,1,2,,0,0,,,,,0,,,78990,,,,,,,IF-R02-23M05C03,,,,,,2,8433856087581,The Indian Face,The Indian Face,Talla,M,,1,
29776,variation,TA-S01-01-T4,8433856076462,Poleron Hoodie Born to be Free Blanco - M,1,0,visible,,,,,taxable,parent,1,4,,0,0,,,,,0,,,78990,,,,,,,TA-S01-01,,,,,,2,8433856076462,The Indian Face,The Indian Face,Talla,M,,1,
31591,variation,TA-C01-01-T4,,Polera Original Blanca - M,1,0,visible,,,,2026-04-16 23:59:59,taxable,parent,1,4,,0,0,,,,,0,,,32990,,,,,,,TA-C01-01,,,,,,2,8433856075304,The Indian Face,The Indian Face,Talla,M,,1,
31596,variation,TA-C01-02-T4,,Polera Original Azul Marino - M,1,0,visible,,,,2026-04-16 23:59:59,taxable,parent,1,3,,0,0,,,,,0,,,32990,,,,,,,TA-C01-02,,,,,,2,8433856075342,The Indian Face,The Indian Face,Talla,M,,1,
31605,variation,TA-C02-06-T4,,Polera Soul Verde - M,1,0,visible,,,,2026-04-16 23:59:59,taxable,parent,1,4,,0,0,,,,,0,,,32990,,,,,,,TA-C02-06,,,,,,2,8433856075588,The Indian Face,The Indian Face,Talla,M,,1,
31612,variation,TA-C02-07-T4,,Polera Soul Amarilla - M,1,0,visible,,,,2026-04-16 23:59:59,taxable,parent,1,1,,0,0,,,,,0,,,32990,,,,,,,TA-C02-07,,,,,,2,8433856075625,The Indian Face,The Indian Face,Talla,M,,1,
31631,variation,UL-R01-23M01C03-T5,,Polera Alpine Navy Blue - L,1,0,visible,,,,2026-04-16 23:59:59,taxable,parent,1,5,,0,0,,,,,0,,,32990,,,,,,,UL-R01-23M01C03,,,,,,2,8433856088434,The Indian Face,The Indian Face,Talla,L,,1,
31640,variation,UL-R01-23M03C01-T4,,Polera Classic White - M,1,0,visible,,,,2026-04-16 23:59:59,taxable,parent,1,6,,0,0,,,,,0,,,32990,,,,,,,UL-R01-23M03C01,,,,,,2,8433856088717,The Indian Face,The Indian Face,Talla,M,,1,
31648,variation,UL-R01-23M03C05-T4,,Polera Classic Red - M,1,0,visible,,,,2026-04-16 23:59:59,taxable,parent,1,2,,0,0,,,,,0,,,32990,,,,,,,UL-R01-23M03C05,,,,,,2,8433856089158,The Indian Face,The Indian Face,Talla,M,,1,
31661,variation,UL-R01-23M03C06-T4,,Polera Classic Grey - M,1,0,visible,,,,2026-04-16 23:59:59,taxable,parent,1,6,,0,0,,,,,0,,,32990,,,,,,,UL-R01-23M03C06,,,,,,2,8433856089264,The Indian Face,The Indian Face,Talla,M,,1,
31670,variation,UL-R01-23M03C07-T4,,Polera Classic Navy Blue - M,1,0,visible,,,,2026-04-16 23:59:59,taxable,parent,1,6,,0,0,,,,,0,,,32990,,,,,,,UL-R01-23M03C07,,,,,,2,8433856089370,The Indian Face,The Indian Face,Talla,M,,1,
31679,variation,UL-R02-23M03C01-T4,,Poleron Hoodie Classic White - M,1,0,visible,,,,2026-04-16 23:59:59,taxable,parent,1,2,,0,0,,,,,0,,,78990,,,,,,,UL-R02-23M03C01,,,,,,2,8433856090611,The Indian Face,The Indian Face,Talla,M,,1,
31686,variation,UL-R02-23M03C06-T4,,Poleron Hoodie Classic Grey - M,1,0,visible,,,,2026-04-16 23:59:59,taxable,parent,1,6,,0,0,,,,,0,,,78990,,,,,,,UL-R02-23M03C06,,,,,,2,8433856091168,The Indian Face,The Indian Face,Talla,M,,1,
29594,variation,IF-R01-23M01C01-T5,8433856084672,Polera Spirit White - L,1,0,visible,,,,2026-04-16 23:59:59,taxable,parent,1,10,,0,0,,,,,0,,,32990,,,,,,,IF-R01-23M01C01,,,,,,3,8433856084672,The Indian Face,The Indian Face,Talla,L,,1,
29606,variation,IF-R01-23M01C03-T5,8433856084894,Polera Spirit Red - L,1,0,visible,,,,2026-04-16 23:59:59,taxable,parent,1,6,,0,0,,,,,0,,,32990,,,,,,,IF-R01-23M01C03,,,,,,3,8433856084894,The Indian Face,The Indian Face,Talla,L,,1,
29640,variation,IF-R01-23M01C04-T5,8433856085006,Polera Spirit Blue - L,1,0,visible,,,,2026-04-16 23:59:59,taxable,parent,1,6,,0,0,,,,,0,,,32990,,,,,,,IF-R01-23M01C04,,,,,,3,8433856085006,The Indian Face,The Indian Face,Talla,L,,1,
29651,variation,IF-R01-23M01C05-T5,8433856085112,Polera Spirit Navy Blue - L,1,0,visible,,,,2026-04-16 23:59:59,taxable,parent,1,10,,0,0,,,,,0,,,32990,,,,,,,IF-R01-23M01C05,,,,,,3,8433856085112,The Indian Face,The Indian Face,Talla,L,,1,
29664,variation,IF-R01-23M03C01-T6,8433856085594,Polera Nomad White - XL,1,0,visible,,,,2026-04-16 23:59:59,taxable,parent,1,2,,0,0,,,,,0,,,32990,,,,,,,IF-R01-23M03C01,,,,,,3,8433856085594,The Indian Face,The Indian Face,Talla,XL,,1,
29675,variation,IF-R01-23M03C02-T6,8433856085655,Polera Nomad Blue - XL,1,0,visible,,,,2026-04-16 23:59:59,taxable,parent,1,2,,0,0,,,,,0,,,32990,,,,,,,IF-R01-23M03C02,,,,,,3,8433856085655,The Indian Face,The Indian Face,Talla,XL,,1,
29685,variation,IF-R01-23M03C03-T5,8433856085709,Polera Nomad Navy - L,1,0,visible,,,,2026-04-16 23:59:59,taxable,parent,1,10,,0,0,,,,,0,,,32990,,,,,,,IF-R01-23M03C03,,,,,,3,8433856085709,The Indian Face,The Indian Face,Talla,L,,1,
29698,variation,IF-R01-23M04C01-T6,8433856085778,Polera Born to be Free White - XL,1,0,visible,,,,2026-04-16 23:59:59,taxable,parent,1,4,,0,0,,,,,0,,,32990,,,,,,,IF-R01-23M04C01,,,,,,3,8433856085778,The Indian Face,The Indian Face,Talla,XL,,1,
29707,variation,IF-R01-23M04C03-T5,8433856085884,Polera Born to be Free Red - L,1,0,visible,,,,2026-04-16 23:59:59,taxable,parent,1,6,,0,0,,,,,0,,,32990,,,,,,,IF-R01-23M04C03,,,,,,3,8433856085884,The Indian Face,The Indian Face,Talla,L,,1,
29719,variation,IF-R02-23M01C01-T5,8433856086324,Poleron Sweatshirt Spirit White - L,1,0,visible,,,,2026-04-16 23:59:59,taxable,parent,1,6,,0,0,,,,,0,,,69990,,,,,,,IF-R02-23M01C01,,,,,,3,8433856086324,The Indian Face,The Indian Face,Talla,L,,1,
29727,variation,IF-R02-23M01C04-T5,,Poleron Sweatshirt Spirit Blue - L,1,0,visible,,,,2026-04-16 23:59:59,taxable,parent,1,4,,0,0,,,,,0,,,69990,,,,,,,IF-R02-23M01C04,,,,,,3,8433856086638,The Indian Face,The Indian Face,Talla,L,,1,
29732,variation,IF-R02-23M01C05-T5,8433856086768,Poleron Sweatshirt Spirit Navy Blue - L,1,0,visible,,,,2026-04-16 23:59:59,taxable,parent,1,10,,0,0,,,,,0,,,69990,,,,,,,IF-R02-23M01C05,,,,,,3,8433856086768,The Indian Face,The Indian Face,Talla,L,,1,
29744,variation,IF-R02-23M04C02-T5,8433856087352,Poleron Sweatshirt Nomad Navy Blue - L,1,0,visible,,,,2026-04-16 23:59:59,taxable,parent,1,12,,0,0,,,,,0,,,69990,,,,,,,IF-R02-23M04C02,,,,,,3,8433856087352,The Indian Face,The Indian Face,Talla,L,,1,
29753,variation,IF-R02-23M05C01-T5,8433856087475,Poleron Hoodie Born to be Free White - L,1,0,visible,,,,2026-04-16 23:59:59,taxable,parent,1,11,,0,0,,,,,0,,,78990,,,,,,,IF-R02-23M05C01,,,,,,3,8433856087475,The Indian Face,The Indian Face,Talla,L,,1,
29761,variation,IF-R02-23M05C02-T5,8433856087536,Poleron Hoodie Born to be Free Green - L,1,0,visible,,,,2026-04-16 23:59:59,taxable,parent,1,3,,0,0,,,,,0,,,78990,,,,,,,IF-R02-23M05C02,,,,,,3,8433856087536,The Indian Face,The Indian Face,Talla,L,,1,
29769,variation,IF-R02-23M05C03-T5,8433856087598,Poleron Hoodie Born to be Free Red - L,1,0,visible,,,,2026-04-16 23:59:59,taxable,parent,1,6,,0,0,,,,,0,,,78990,,,,,,,IF-R02-23M05C03,,,,,,3,8433856087598,The Indian Face,The Indian Face,Talla,L,,1,
29777,variation,TA-S01-01-T5,8433856076479,Poleron Hoodie Born to be Free Blanco - L,1,0,visible,,,,,taxable,parent,1,12,,0,0,,,,,0,,,78990,,,,,,,TA-S01-01,,,,,,3,8433856076479,The Indian Face,The Indian Face,Talla,L,,1,
31590,variation,TA-C01-01-T5,,Polera Original Blanca - L,1,0,visible,,,,2026-04-16 23:59:59,taxable,parent,1,11,,0,0,,,,,0,,,32990,,,,,,,TA-C01-01,,,,,,3,8433856075311,The Indian Face,The Indian Face,Talla,L,,1,
31597,variation,TA-C01-02-T5,,Polera Original Azul Marino - L,1,0,visible,,,,2026-04-16 23:59:59,taxable,parent,1,12,,0,0,,,,,0,,,32990,,,,,,,TA-C01-02,,,,,,3,8433856075359,The Indian Face,The Indian Face,Talla,L,,1,
31616,variation,TA-C02-07-T5,,Polera Soul Amarilla - L,1,0,visible,,,,2026-04-16 23:59:59,taxable,parent,1,6,,0,0,,,,,0,,,32990,,,,,,,TA-C02-07,,,,,,3,8433856075632,The Indian Face,The Indian Face,Talla,L,,1,
31639,variation,UL-R01-23M03C01-T5,,Polera Classic White - L,1,0,visible,,,,2026-04-16 23:59:59,taxable,parent,1,8,,0,0,,,,,0,,,32990,,,,,,,UL-R01-23M03C01,,,,,,3,8433856088724,The Indian Face,The Indian Face,Talla,L,,1,
31649,variation,UL-R01-23M03C05-T5,,Polera Classic Red - L,1,0,visible,,,,2026-04-16 23:59:59,taxable,parent,1,5,,0,0,,,,,0,,,32990,,,,,,,UL-R01-23M03C05,,,,,,3,8433856089165,The Indian Face,The Indian Face,Talla,L,,1,
31662,variation,UL-R01-23M03C06-T5,,Polera Classic Grey - L,1,0,visible,,,,2026-04-16 23:59:59,taxable,parent,1,8,,0,0,,,,,0,,,32990,,,,,,,UL-R01-23M03C06,,,,,,3,8433856089271,The Indian Face,The Indian Face,Talla,L,,1,
31671,variation,UL-R01-23M03C07-T5,,Polera Classic Navy Blue - L,1,0,visible,,,,2026-04-16 23:59:59,taxable,parent,1,8,,0,0,,,,,0,,,32990,,,,,,,UL-R01-23M03C07,,,,,,3,8433856089387,The Indian Face,The Indian Face,Talla,L,,1,
31678,variation,UL-R02-23M03C01-T5,,Poleron Hoodie Classic White - L,1,0,visible,,,,2026-04-16 23:59:59,taxable,parent,1,6,,0,0,,,,,0,,,78990,,,,,,,UL-R02-23M03C01,,,,,,3,8433856090628,The Indian Face,The Indian Face,Talla,L,,1,
31687,variation,UL-R02-23M03C06-T5,,Poleron Hoodie Classic Grey - L,1,0,visible,,,,2026-04-16 23:59:59,taxable,parent,1,7,,0,0,,,,,0,,,78990,,,,,,,UL-R02-23M03C06,,,,,,3,8433856091175,The Indian Face,The Indian Face,Talla,L,,1,
29595,variation,IF-R01-23M01C01-T6,8433856084689,Polera Spirit White - XL,1,0,visible,,,,,taxable,parent,1,2,,0,0,,,,,0,,,32990,,,,,,,IF-R01-23M01C01,,,,,,4,8433856084689,The Indian Face,The Indian Face,Talla,XL,,1,
29607,variation,IF-R01-23M01C03-T6,8433856084900,Polera Spirit Red - XL,1,0,visible,,,,,taxable,parent,1,1,,0,0,,,,,0,,,32990,,,,,,,IF-R01-23M01C03,,,,,,4,8433856084900,The Indian Face,The Indian Face,Talla,XL,,1,
29641,variation,IF-R01-23M01C04-T6,8433856085013,Polera Spirit Blue - XL,1,0,visible,,,,,taxable,parent,1,1,,0,0,,,,,0,,,32990,,,,,,,IF-R01-23M01C04,,,,,,4,8433856085013,The Indian Face,The Indian Face,Talla,XL,,1,
29652,variation,IF-R01-23M01C05-T6,8433856085129,Polera Spirit Navy Blue - XL,1,0,visible,,,,,taxable,parent,1,3,,0,0,,,,,0,,,32990,,,,,,,IF-R01-23M01C05,,,,,,4,8433856085129,The Indian Face,The Indian Face,Talla,XL,,1,
29708,variation,IF-R01-23M04C03-T6,8433856085891,Polera Born to be Free Red - XL,1,0,visible,,,,,taxable,parent,1,2,,0,0,,,,,0,,,32990,,,,,,,IF-R01-23M04C03,,,,,,4,8433856085891,The Indian Face,The Indian Face,Talla,XL,,1,
29720,variation,IF-R02-23M01C01-T6,8433856086331,Poleron Sweatshirt Spirit White - XL,1,0,visible,,,,,taxable,parent,1,1,,0,0,,,,,0,,,69990,,,,,,,IF-R02-23M01C01,,,,,,4,8433856086331,The Indian Face,The Indian Face,Talla,XL,,1,
29728,variation,IF-R02-23M01C04-T6,8433856086669,Poleron Sweatshirt Spirit Blue - XL,1,0,visible,,,,,taxable,parent,1,2,,0,0,,,,,0,,,69990,,,,,,,IF-R02-23M01C04,,,,,,4,8433856086669,The Indian Face,The Indian Face,Talla,XL,,1,
29733,variation,IF-R02-23M01C05-T6,8433856086775,Poleron Sweatshirt Spirit Navy Blue - XL,1,0,visible,,,,,taxable,parent,1,4,,0,0,,,,,0,,,69990,,,,,,,IF-R02-23M01C05,,,,,,4,8433856086775,The Indian Face,The Indian Face,Talla,XL,,1,
29745,variation,IF-R02-23M04C02-T6,8433856087369,Poleron Sweatshirt Nomad Navy Blue - XL,1,0,visible,,,,,taxable,parent,1,3,,0,0,,,,,0,,,69990,,,,,,,IF-R02-23M04C02,,,,,,4,8433856087369,The Indian Face,The Indian Face,Talla,XL,,1,
29754,variation,IF-R02-23M05C01-T6,8433856087482,Poleron Hoodie Born to be Free White - XL,1,0,visible,,,,,taxable,parent,1,4,,0,0,,,,,0,,,78990,,,,,,,IF-R02-23M05C01,,,,,,4,8433856087482,The Indian Face,The Indian Face,Talla,XL,,1,
29762,variation,IF-R02-23M05C02-T6,8433856087543,Poleron Hoodie Born to be Free Green - XL,1,0,visible,,,,,taxable,parent,0,0,,0,0,,,,,0,,,78990,,,,,,,IF-R02-23M05C02,,,,,,4,8433856087543,The Indian Face,The Indian Face,Talla,XL,,1,
29770,variation,IF-R02-23M05C03-T6,8433856087604,Poleron Hoodie Born to be Free Red - XL,1,0,visible,,,,,taxable,parent,1,1,,0,0,,,,,0,,,78990,,,,,,,IF-R02-23M05C03,,,,,,4,8433856087604,The Indian Face,The Indian Face,Talla,XL,,1,
29778,variation,TA-S01-01-T6,8433856076486,Poleron Hoodie Born to be Free Blanco - XL,1,0,visible,,,,,taxable,parent,1,2,,0,0,,,,,0,,,78990,,,,,,,TA-S01-01,,,,,,4,8433856076486,The Indian Face,The Indian Face,Talla,XL,,1,
31593,variation,TA-C01-01-T6,,Polera Original Blanca - XL,1,0,visible,,,,,taxable,parent,1,3,,0,0,,,,,0,,,32990,,,,,,,TA-C01-01,,,,,,4,8433856075328,The Indian Face,The Indian Face,Talla,XL,,1,
31642,variation,UL-R01-23M03C01-T6,,Polera Classic White - XL,1,0,visible,,,,2026-04-16 23:59:59,taxable,parent,1,3,,0,0,,,,,0,,,32990,,,,,,,UL-R01-23M03C01,,,,,,4,8433856088731,The Indian Face,The Indian Face,Talla,XL,,1,
31663,variation,UL-R01-23M03C06-T6,,Polera Classic Grey - XL,1,0,visible,,,,2026-04-16 23:59:59,taxable,parent,1,4,,0,0,,,,,0,,,32990,,,,,,,UL-R01-23M03C06,,,,,,4,8433856089288,The Indian Face,The Indian Face,Talla,XL,,1,
31681,variation,UL-R02-23M03C01-T6,,Poleron Hoodie Classic White - XL,1,0,visible,,,,2026-04-16 23:59:59,taxable,parent,1,2,,0,0,,,,,0,,,78990,,,,,,,UL-R02-23M03C01,,,,,,4,8433856090635,The Indian Face,The Indian Face,Talla,XL,,1,
29774,variable,TA-S01-01,,Poleron Hoodie Born to be Free Blanco,1,0,visible,,"Experimenta la combinación perfecta de calidez y comodidad con los polerones The Indian Face.\n\n\n\nCompuestos por un 80% algodón y un 20% poliéster, estos polerones unisex te abrazan con la suavidad del algodón y la resistencia del poliéster. Ideales para quienes buscan mantenerse cálidos en sus aventuras al aire libre o simplemente relajarse con estilo, nuestros polerones son el equilibrio ideal entre funcionalidad y moda.\n\n\n\n<strong>Características:</strong>\n\n<ul>\n\n 	<li>Mezcla de 80% algodón y 20% poliéster, para un confort duradero y resistencia al desgaste</li>\n\n 	<li>Diseño unisex que se adapta cómodamente a cualquier figura</li>\n\n 	<li>Disponible en una amplia gama de tamaños para adultos y niños</li>\n\n 	<li>Interior cepillado para una sensación extra suave y aislamiento térmico</li>\n\n 	<li>Capucha ajustable y bolsillo canguro para funcionalidad y estilo</li>\n\n 	<li>Acabado con el distintivo logo de The Indian Face, símbolo de aventura y libertad</li>\n\n</ul>\n\n<strong>Información de cuidado:</strong>\n\n<ul>\n\n 	<li>Lavar en máquina con agua fría y colores similares para mantener la integridad de la tela</li>\n\n 	<li>No usar blanqueadores; el poliéster garantiza que el color perdure más tiempo</li>\n\n 	<li>Secar en tendedero para conservar la forma y el tamaño</li>\n\n 	<li>Planchar a temperatura media, evitando la impresión y la capucha para proteger los detalles</li>\n\n</ul>\n\nNuestros polerones The Indian Face son una declaración de estilo de vida activo y consciente de la calidad. Son la prenda que quieres llevar cuando buscas la comodidad sin renunciar al estilo, ya sea en la ciudad o en la ruta de tu próxima escapada.",2026-03-23 0:00:00,2026-04-16 23:59:59,taxable,,0,,,0,0,,,,,0,,,78990,"Género, Género > Hombre, Género > Mujer, Poleron Hoodie, Polerones y Hoodies, Género > Unisex",,,"https://trendseeker.cl/wp-content/uploads/2024/10/poleron-hoodie-theindianface-bortonbefree-blanco-1.jpg, https://trendseeker.cl/wp-content/uploads/2024/10/poleron-hoodie-theindianface-bortonbefree-blanco-2.jpg, https://trendseeker.cl/wp-content/uploads/2024/10/poleron-hoodie-theindianface-bortonbefree-blanco-3.jpg, https://trendseeker.cl/wp-content/uploads/2024/10/poleron-hoodie-theindianface-bortonbefree-blanco-4.jpg, https://trendseeker.cl/wp-content/uploads/2024/10/poleron-hoodie-theindianface-bortonbefree-blanco-5.jpg, https://trendseeker.cl/wp-content/uploads/2024/10/poleron-hoodie-theindianface-bortonbefree-blanco-6.jpg, https://trendseeker.cl/wp-content/uploads/2024/10/poleron-hoodie-theindianface-bortonbefree-blanco-7.jpg",,,,,,,,,14,,The Indian Face,The Indian Face,Talla,"L, M, S, XL",1,1,
31684,variable,UL-R02-23M03C06,,Poleron Hoodie Classic Grey,1,0,visible,,"Abraza el espíritu aventurero con la última colección de polerones de Uller. Con una composición óptima de 80% algodón y 20% poliéster, estos polerones están diseñadas para deportistas y entusiastas del aire libre que no renuncian al estilo ni en los días más fríos. Cada polerón refleja el compromiso de Uller con la excelencia y la pasión por los deportes extremos.\n\n\n\nCaracterísticas:\n\n\n\n- Mezcla premium de 80% algodón y 20% poliéster para una durabilidad y comodidad superiores\n\n\n\n- Diseño ergonómico para hombres y mujeres, perfecto para una libertad de movimiento sin restricciones\n\n\n\n- Variedad de tamaños para asegurar el ajuste perfecto para cada atleta\n\n\n\n- Interior suave que proporciona un aislamiento térmico ideal para los días de baja temperatura\n\n\n\n- Capucha robusta y bolsillos prácticos para una funcionalidad sin compromisos\n\n\n\n- Estética distintiva de Uller, con logos y detalles que hablan de tu pasión por el deporte y la aventura\n\n\n\nInformación de cuidado:\n\n\n\n- Lavar a máquina en un ciclo suave para preservar la forma y la calidad del tejido\n\n\n\n- Evitar blanqueadores para mantener los colores vivos durante más tiempo\n\n\n\n- Secado al aire libre preferentemente para mantener la textura y el confort del interior\n\n\n\n- Planchar a baja temperatura, cuidando de no aplicar calor directo sobre las áreas decoradas\n\n\n\nLos polerones de Uller son más que una simple prenda de vestir; son un emblema de resistencia y determinación. Diseñados para los desafíos diarios y las condiciones extremas, te acompañarán en cada salto, descenso y aventura que emprendas.",2026-03-23 0:00:00,2026-04-16 23:59:59,taxable,,0,,,0,0,,,,,0,,,78990,"Género, Género > Hombre, Género > Mujer, Poleron Hoodie, Polerones y Hoodies, Género > Unisex",,,"https://trendseeker.cl/wp-content/uploads/2025/01/Poleron-Hoodie-Classic-Grey.jpg, https://trendseeker.cl/wp-content/uploads/2025/01/Poleron-Hoodie-Classic-Grey-1.jpg, https://trendseeker.cl/wp-content/uploads/2025/01/Poleron-Hoodie-Classic-Grey.jpg",,,,,,,,,15,,The Indian Face,The Indian Face,Talla,"L, M, S",1,1,
31677,variable,UL-R02-23M03C01,,Poleron Hoodie Classic White,1,0,visible,,"Abraza el espíritu aventurero con la última colección de polerones de Uller. Con una composición óptima de 80% algodón y 20% poliéster, estos polerones están diseñadas para deportistas y entusiastas del aire libre que no renuncian al estilo ni en los días más fríos. Cada polerón refleja el compromiso de Uller con la excelencia y la pasión por los deportes extremos.\n\n\n\nCaracterísticas:\n\n\n\n- Mezcla premium de 80% algodón y 20% poliéster para una durabilidad y comodidad superiores\n\n\n\n- Diseño ergonómico para hombres y mujeres, perfecto para una libertad de movimiento sin restricciones\n\n\n\n- Variedad de tamaños para asegurar el ajuste perfecto para cada atleta\n\n\n\n- Interior suave que proporciona un aislamiento térmico ideal para los días de baja temperatura\n\n\n\n- Capucha robusta y bolsillos prácticos para una funcionalidad sin compromisos\n\n\n\n- Estética distintiva de Uller, con logos y detalles que hablan de tu pasión por el deporte y la aventura\n\n\n\nInformación de cuidado:\n\n\n\n- Lavar a máquina en un ciclo suave para preservar la forma y la calidad del tejido\n\n\n\n- Evitar blanqueadores para mantener los colores vivos durante más tiempo\n\n\n\n- Secado al aire libre preferentemente para mantener la textura y el confort del interior\n\n\n\n- Planchar a baja temperatura, cuidando de no aplicar calor directo sobre las áreas decoradas\n\n\n\nLos polerones de Uller son más que una simple prenda de vestir; son un emblema de resistencia y determinación. Diseñados para los desafíos diarios y las condiciones extremas, te acompañarán en cada salto, descenso y aventura que emprendas.",2026-03-23 0:00:00,2026-04-16 23:59:59,taxable,,0,,,0,0,,,,,0,,,78990,"Género, Género > Hombre, Género > Mujer, Poleron Hoodie, Polerones y Hoodies, Género > Unisex",,,"https://trendseeker.cl/wp-content/uploads/2025/01/Poleron-Hoodie-Classic-White.jpg, https://trendseeker.cl/wp-content/uploads/2025/01/Poleron-Hoodie-Classic-White-1.jpg, https://trendseeker.cl/wp-content/uploads/2025/01/Poleron-Hoodie-Classic-White.jpg",,,,,,,,,16,,The Indian Face,The Indian Face,Talla,"L, M, S, XL",1,1,
31668,variable,UL-R01-23M03C07,,Polera Classic Navy Blue,1,0,visible,,"Viste la esencia del deporte con las poleras 100% algodón de Uller. Cada polera está diseñada para reflejar la tenacidad y el espíritu inquebrantable del atleta que desafía los límites. El algodón puro ofrece una sensación de confort natural, perfecta para recuperarse después de una intensa jornada de actividad o para llevar en el día a día con un estilo sencillo pero audaz.\n\n\n\nCaracterísticas:\n\n\n\n- Confeccionadas con algodón 100% de alta calidad para una suavidad y respirabilidad insuperables\n\n\n\n- Corte ergonómico unisex que se adapta perfectamente al cuerpo de deportistas activos\n\n\n\n- Disponibles en una amplia gama de tallas, desde ajustes más ceñidos hasta estilos más holgados\n\n\n\n- Diseño minimalista con logos de Uller que simbolizan la pasión por los retos extremos\n\n\n\n- Durabilidad que soporta el uso frecuente y las exigencias de un estilo de vida activo\n\n\n\nInformación de cuidado:\n\n\n\n- Lavar en agua fría con colores similares para mantener la integridad del tejido y evitar encogimiento\n\n\n\n- No usar lejía para preservar la intensidad del color\n\n\n\n- Secar al aire o en un ciclo suave de la secadora para mantener la forma y el tamaño\n\n\n\n- Planchar a temperatura baja si es necesario, evitando el área de los estampados para proteger los detalles\n\n\n\nLas poleras de Uller no son solo una prenda, son un tributo a la pasión y el compromiso con los deportes al aire libre. Representan la calidad y resistencia que todo deportista requiere, ya sea en la montaña, en la ola o en la rampa.",2026-03-23 0:00:00,2026-04-16 23:59:59,taxable,,0,,,0,0,,,,,0,,,32990,"Género > Hombre, Género > Mujer, Poleras, Poleras y Camisas, Género > Unisex",,,"https://trendseeker.cl/wp-content/uploads/2025/01/Polera-Classic-Navy-Blue.jpg, https://trendseeker.cl/wp-content/uploads/2025/01/Polera-Classic-Navy-Blue-3.jpg, https://trendseeker.cl/wp-content/uploads/2025/01/Polera-Classic-Navy-Blue-2.jpg, https://trendseeker.cl/wp-content/uploads/2025/01/Polera-Classic-Navy-Blue-1.jpg, https://trendseeker.cl/wp-content/uploads/2025/01/Polera-Classic-Navy-Blue.jpg",,,,,,,,,17,,The Indian Face,The Indian Face,Talla,"L, M, S",1,1,
31659,variable,UL-R01-23M03C06,,Polera Classic Grey,1,0,visible,,"Viste la esencia del deporte con las poleras 100% algodón de Uller. Cada polera está diseñada para reflejar la tenacidad y el espíritu inquebrantable del atleta que desafía los límites. El algodón puro ofrece una sensación de confort natural, perfecta para recuperarse después de una intensa jornada de actividad o para llevar en el día a día con un estilo sencillo pero audaz.\n\n\n\nCaracterísticas:\n\n\n\n- Confeccionadas con algodón 100% de alta calidad para una suavidad y respirabilidad insuperables\n\n\n\n- Corte ergonómico unisex que se adapta perfectamente al cuerpo de deportistas activos\n\n\n\n- Disponibles en una amplia gama de tallas, desde ajustes más ceñidos hasta estilos más holgados\n\n\n\n- Diseño minimalista con logos de Uller que simbolizan la pasión por los retos extremos\n\n\n\n- Durabilidad que soporta el uso frecuente y las exigencias de un estilo de vida activo\n\n\n\nInformación de cuidado:\n\n\n\n- Lavar en agua fría con colores similares para mantener la integridad del tejido y evitar encogimiento\n\n\n\n- No usar lejía para preservar la intensidad del color\n\n\n\n- Secar al aire o en un ciclo suave de la secadora para mantener la forma y el tamaño\n\n\n\n- Planchar a temperatura baja si es necesario, evitando el área de los estampados para proteger los detalles\n\n\n\nLas poleras de Uller no son solo una prenda, son un tributo a la pasión y el compromiso con los deportes al aire libre. Representan la calidad y resistencia que todo deportista requiere, ya sea en la montaña, en la ola o en la rampa.",2026-03-23 0:00:00,2026-04-16 23:59:59,taxable,,0,,,0,0,,,,,0,,,32990,"Género > Hombre, Género > Mujer, Poleras, Poleras y Camisas, Género > Unisex",,,"https://trendseeker.cl/wp-content/uploads/2025/01/Polera-Classic-Grey-4.jpg, https://trendseeker.cl/wp-content/uploads/2025/01/Polera-Classic-Grey-2-1.jpg, https://trendseeker.cl/wp-content/uploads/2025/01/Polera-Classic-Grey-4.jpg",,,,,,,,,19,,The Indian Face,The Indian Face,Talla,"L, M, S, XL",1,1,
31638,variable,UL-R01-23M03C01,,Polera Classic White,1,0,visible,,"Viste la esencia del deporte con las poleras 100% algodón de Uller. Cada polera está diseñada para reflejar la tenacidad y el espíritu inquebrantable del atleta que desafía los límites. El algodón puro ofrece una sensación de confort natural, perfecta para recuperarse después de una intensa jornada de actividad o para llevar en el día a día con un estilo sencillo pero audaz.\n\n\n\nCaracterísticas:\n\n\n\n- Confeccionadas con algodón 100% de alta calidad para una suavidad y respirabilidad insuperables\n\n\n\n- Corte ergonómico unisex que se adapta perfectamente al cuerpo de deportistas activos\n\n\n\n- Disponibles en una amplia gama de tallas, desde ajustes más ceñidos hasta estilos más holgados\n\n\n\n- Diseño minimalista con logos de Uller que simbolizan la pasión por los retos extremos\n\n\n\n- Durabilidad que soporta el uso frecuente y las exigencias de un estilo de vida activo\n\n\n\nInformación de cuidado:\n\n\n\n- Lavar en agua fría con colores similares para mantener la integridad del tejido y evitar encogimiento\n\n\n\n- No usar lejía para preservar la intensidad del color\n\n\n\n- Secar al aire o en un ciclo suave de la secadora para mantener la forma y el tamaño\n\n\n\n- Planchar a temperatura baja si es necesario, evitando el área de los estampados para proteger los detalles\n\n\n\nLas poleras de Uller no son solo una prenda, son un tributo a la pasión y el compromiso con los deportes al aire libre. Representan la calidad y resistencia que todo deportista requiere, ya sea en la montaña, en la ola o en la rampa.",2026-03-23 0:00:00,2026-04-16 23:59:59,taxable,,0,,,0,0,,,,,0,,,32990,"Género > Hombre, Género > Mujer, Poleras, Poleras y Camisas, Género > Unisex",,,"https://trendseeker.cl/wp-content/uploads/2025/01/Polera-Classic-Red.jpg, https://trendseeker.cl/wp-content/uploads/2025/01/Polera-Classic-Red-3.jpg, https://trendseeker.cl/wp-content/uploads/2025/01/Polera-Classic-Red-2.jpg, https://trendseeker.cl/wp-content/uploads/2025/01/Polera-Classic-Red-1.jpg, https://trendseeker.cl/wp-content/uploads/2025/01/Polera-Classic-Red.jpg",,,,,,,,,20,,The Indian Face,The Indian Face,Talla,"L, M, S, XL",1,1,
31630,variable,UL-R01-23M01C03,,Polera Alpine Navy Blue,1,0,visible,,"Viste la esencia del deporte con las poleras 100% algodón de Uller. Cada polera está diseñada para reflejar la tenacidad y el espíritu inquebrantable del atleta que desafía los límites. El algodón puro ofrece una sensación de confort natural, perfecta para recuperarse después de una intensa jornada de actividad o para llevar en el día a día con un estilo sencillo pero audaz.\n\n\n\nCaracterísticas:\n\n\n\n- Confeccionadas con algodón 100% de alta calidad para una suavidad y respirabilidad insuperables\n\n\n\n- Corte ergonómico unisex que se adapta perfectamente al cuerpo de deportistas activos\n\n\n\n- Disponibles en una amplia gama de tallas, desde ajustes más ceñidos hasta estilos más holgados\n\n\n\n- Diseño minimalista con logos de Uller que simbolizan la pasión por los retos extremos\n\n\n\n- Durabilidad que soporta el uso frecuente y las exigencias de un estilo de vida activo\n\n\n\nInformación de cuidado:\n\n\n\n- Lavar en agua fría con colores similares para mantener la integridad del tejido y evitar encogimiento\n\n\n\n- No usar lejía para preservar la intensidad del color\n\n\n\n- Secar al aire o en un ciclo suave de la secadora para mantener la forma y el tamaño\n\n\n\n- Planchar a temperatura baja si es necesario, evitando el área de los estampados para proteger los detalles\n\n\n\nLas poleras de Uller no son solo una prenda, son un tributo a la pasión y el compromiso con los deportes al aire libre. Representan la calidad y resistencia que todo deportista requiere, ya sea en la montaña, en la ola o en la rampa.",2026-03-23 0:00:00,2026-04-16 23:59:59,taxable,,0,,,0,0,,,,,0,,,32990,"Género > Hombre, Género > Mujer, Poleras, Poleras y Camisas, Género > Unisex",,,"https://trendseeker.cl/wp-content/uploads/2025/01/Polera-Alpine-Navy-Blue.jpg, https://trendseeker.cl/wp-content/uploads/2025/01/Polera-Alpine-Navy-Blue-1.jpg, https://trendseeker.cl/wp-content/uploads/2025/01/Polera-Alpine-Navy-Blue-3.jpg, https://trendseeker.cl/wp-content/uploads/2025/01/Polera-Alpine-Navy-Blue-2.jpg, https://trendseeker.cl/wp-content/uploads/2025/01/Polera-Alpine-Navy-Blue.jpg",,,,,,,,,21,,The Indian Face,The Indian Face,Talla,"L, M",1,1,
31618,variable,TA-C02-09,,Polera Soul Azul Marino,1,0,visible,,"Polera de manga corta The Indian Face® unisex tanto para hombre como para mujer perfecta para darle un soplo de aire fresco a tu armario. Fabricada en 100% algodón, tiene un tacto perfecto y muy suave para una mejor sensación. Fabricada con los mejores materiales y confeccionada a mano para obtener el mejor resultado durante años.\n\n\n\nCaracterísticas:\n\n\n\n- Polera de Manga corta\n\n\n\n- Composición 100% algodón.\n\n\n\n- Cuello redondo reforzado con tapacosturas personalizado\n\n\n\n- Polera con estampado The Indian Face®\n\n\n\nInformación de lavado:\n\n\n\n- Prenda que acepta la lavadora, pero sin superar los 30 grados\n\n\n\n- Prenda que no resiste la lejía ni ningún otro clorato\n\n\n\n- No secar en secadora\n\n\n\n- Es muy importante no planchar el dibujo para no agrietarlo",2026-03-23 0:00:00,2026-04-16 23:59:59,taxable,,0,,,0,0,,,,,0,,,32990,"Género > Hombre, Género > Mujer, Poleras, Poleras y Camisas, Género > Unisex",,,"https://trendseeker.cl/wp-content/uploads/2025/01/Polera-Soul-Azul-Marino-2.jpg, https://trendseeker.cl/wp-content/uploads/2025/01/TA-C02-09_02-1.webp, https://trendseeker.cl/wp-content/uploads/2025/01/Polera-Soul-Azul-Marino-1-1.jpg, https://trendseeker.cl/wp-content/uploads/2025/01/Polera-Soul-Azul-Marino-2.jpg",,,,,,,,,23,,The Indian Face,The Indian Face,Talla,S,1,1,
31610,variable,TA-C02-07,,Polera Soul Amarilla,1,0,visible,,"Polera de manga corta The Indian Face® unisex tanto para hombre como para mujer perfecta para darle un soplo de aire fresco a tu armario. Fabricada en 100% algodón, tiene un tacto perfecto y muy suave para una mejor sensación. Fabricada con los mejores materiales y confeccionada a mano para obtener el mejor resultado durante años.\n\n\n\nCaracterísticas:\n\n\n\n- Polera de Manga corta\n\n\n\n- Composición 100% algodón.\n\n\n\n- Cuello redondo reforzado con tapacosturas personalizado\n\n\n\n- Polera con estampado The Indian Face®\n\n\n\nInformación de lavado:\n\n\n\n- Prenda que acepta la lavadora, pero sin superar los 30 grados\n\n\n\n- Prenda que no resiste la lejía ni ningún otro clorato\n\n\n\n- No secar en secadora\n\n\n\n- Es muy importante no planchar el dibujo para no agrietarlo",2026-03-23 0:00:00,2026-04-16 23:59:59,taxable,,0,,,0,0,,,,,0,,,32990,"Género > Hombre, Género > Mujer, Poleras, Poleras y Camisas, Género > Unisex",,,"https://trendseeker.cl/wp-content/uploads/2025/01/Polera-Soul-amarilla.jpg, https://trendseeker.cl/wp-content/uploads/2025/01/Polera-Soul-amarilla-2.jpg, https://trendseeker.cl/wp-content/uploads/2025/01/Polera-Soul-amarilla-1.jpg, https://trendseeker.cl/wp-content/uploads/2025/01/Polera-Soul-amarilla.jpg",,,,,,,,,24,,The Indian Face,The Indian Face,Talla,"L, M, S",1,1,
31603,variable,TA-C02-06,,Polera Soul Verde,1,0,visible,,"Polera de manga corta The Indian Face® unisex tanto para hombre como para mujer perfecta para darle un soplo de aire fresco a tu armario. Fabricada en 100% algodón, tiene un tacto perfecto y muy suave para una mejor sensación. Fabricada con los mejores materiales y confeccionada a mano para obtener el mejor resultado durante años.\n\n\n\nCaracterísticas:\n\n\n\n- Polera de Manga corta\n\n\n\n- Composición 100% algodón.\n\n\n\n- Cuello redondo reforzado con tapacosturas personalizado\n\n\n\n- Polera con estampado The Indian Face®\n\n\n\nInformación de lavado:\n\n\n\n- Prenda que acepta la lavadora, pero sin superar los 30 grados\n\n\n\n- Prenda que no resiste la lejía ni ningún otro clorato\n\n\n\n- No secar en secadora\n\n\n\n- Es muy importante no planchar el dibujo para no agrietarlo",2026-03-23 0:00:00,2026-04-16 23:59:59,taxable,,0,,,0,0,,,,,0,,,32990,"Género > Hombre, Género > Mujer, Poleras, Poleras y Camisas, Género > Unisex",,,"https://trendseeker.cl/wp-content/uploads/2025/01/Polera-Soul-Verde.jpg, https://trendseeker.cl/wp-content/uploads/2025/01/Polera-Soul-Verde-1.jpg, https://trendseeker.cl/wp-content/uploads/2025/01/Polera-Soul-Verde.jpg",,,,,,,,,25,,The Indian Face,The Indian Face,Talla,"M, S",1,1,
31594,variable,TA-C01-02,,Polera Original Azul Marino,1,0,visible,,"Polera de manga corta The Indian Face® unisex tanto para hombre como para mujer perfecta para darle un soplo de aire fresco a tu armario. Fabricada en 100% algodón, tiene un tacto perfecto y muy suave para una mejor sensación. Fabricada con los mejores materiales y confeccionada a mano para obtener el mejor resultado durante años.\n\n\n\nCaracterísticas:\n\n\n\n- Polera de Manga corta\n\n\n\n- Composición 100% algodón.\n\n\n\n- Cuello redondo reforzado con tapacosturas personalizado\n\n\n\n- Polera con estampado The Indian Face®\n\n\n\nInformación de lavado:\n\n\n\n- Prenda que acepta la lavadora, pero sin superar los 30 grados\n\n\n\n- Prenda que no resiste la lejía ni ningún otro clorato\n\n\n\n- No secar en secadora\n\n\n\n- Es muy importante no planchar el dibujo para no agrietarlo",2026-03-23 0:00:00,2026-04-16 23:59:59,taxable,,0,,,0,0,,,,,0,,,32990,"Género > Hombre, Género > Mujer, Poleras, Poleras y Camisas, Género > Unisex",,,"https://trendseeker.cl/wp-content/uploads/2025/01/Polera-Original-Azul-Marino-4.jpg, https://trendseeker.cl/wp-content/uploads/2025/01/Polera-Original-Azul-Marino-2.jpg, https://trendseeker.cl/wp-content/uploads/2025/01/Polera-Original-Azul-Marino-4.jpg, https://trendseeker.cl/wp-content/uploads/2025/01/Polera-Original-Azul-Marino-3.jpg, https://trendseeker.cl/wp-content/uploads/2025/01/Polera-Original-Azul-Marino-1.jpg",,,,,,,,,26,,The Indian Face,The Indian Face,Talla,"L, M, S",1,1,
31585,variable,TA-C01-01,,Polera Original Blanca,1,0,visible,,"Polera de manga corta The Indian Face® unisex tanto para hombre como para mujer perfecta para darle un soplo de aire fresco a tu armario. Fabricada en 100% algodón, tiene un tacto perfecto y muy suave para una mejor sensación. Fabricada con los mejores materiales y confeccionada a mano para obtener el mejor resultado durante años.\n\n\n\nCaracterísticas:\n\n\n\n- Polera de Manga corta\n\n\n\n- Composición 100% algodón.\n\n\n\n- Cuello redondo reforzado con tapacosturas personalizado\n\n\n\n- Polera con estampado The Indian Face®\n\n\n\nInformación de lavado:\n\n\n\n- Prenda que acepta la lavadora, pero sin superar los 30 grados\n\n\n\n- Prenda que no resiste la lejía ni ningún otro clorato\n\n\n\n- No secar en secadora\n\n\n\n- Es muy importante no planchar el dibujo para no agrietarlo",2026-03-23 0:00:00,2026-04-16 23:59:59,taxable,,0,,,0,0,,,,,0,,,32990,"Género > Hombre, Género > Mujer, Poleras, Poleras y Camisas, Género > Unisex",,,"https://trendseeker.cl/wp-content/uploads/2025/01/Polera-Original-Blanco.jpg, https://trendseeker.cl/wp-content/uploads/2025/01/Polera-Original-Blanco-2.jpg, https://trendseeker.cl/wp-content/uploads/2025/01/Polera-Original-Blanco-1.jpg, https://trendseeker.cl/wp-content/uploads/2025/01/Polera-Original-Blanco.jpg, https://trendseeker.cl/wp-content/uploads/2025/01/TA-C01-01_04.webp",,,,,,,,,27,,The Indian Face,The Indian Face,Talla,"L, M, S, XL",1,1,
31277,simple,IFA0823M01C07UN,,Mochila Atlas - Light Blue,1,0,visible,,"Mochila The Indian Face unisex para adultos y niños, ideal para llevar tu estilo aventurero a cualquier lugar. Confeccionada con materiales resistentes y diseñada para el uso diario, esta mochila está hecha para soportar las exigencias de la vida urbana y las escapadas a la naturaleza. Su composición de alta calidad garantiza durabilidad y confort en cada aventura.\n\n\n\n<strong>Características:</strong>\n\n<ul>\n\n 	<li>30 Litros de capacidad</li>\n\n 	<li>Modelo unisex para adultos y niños</li>\n\n 	<li>Amplio compartimento principal con bolsillos adicionales para organización</li>\n\n 	<li>Composición: Tejidos resistentes y de alta durabilidad.</li>\n\n 	<li>Tirantes acolchados ajustables para un transporte cómodo</li>\n\n 	<li>Diseño con estampado y logo de The Indian Face</li>\n\n</ul>\n\n<strong>Información de cuidado:</strong>\n\n<ul>\n\n 	<li>Limpieza fácil con un paño húmedo y jabón suave</li>\n\n 	<li>No usar blanqueadores ni cloratos para limpiar</li>\n\n 	<li>No es adecuada para secadora</li>\n\n 	<li>Evitar el contacto directo con el calor o plancha para preservar la integridad del diseño</li>\n\n</ul>\n\nEsta mochila The Indian Face no solo te acompaña en tus viajes sino que también proyecta tu pasión por la vida al aire libre y la aventura, manteniendo el espíritu de la marca.",,,taxable,,1,15,,0,0,,,,,0,,,79990,"Bolsos, Bolsos y Mochilas, Género, Género > Hombre, Tipo de producto > Mochilas, Género > Mujer, Género > Unisex",,,"https://trendseeker.cl/wp-content/uploads/2024/11/Mochila-The-Indian-Face-Atlas-Light-Blue.jpg, https://trendseeker.cl/wp-content/uploads/2024/11/Mochila-The-Indian-Face-Atlas-Light-Blue-1.jpg, https://trendseeker.cl/wp-content/uploads/2024/11/Mochila-The-Indian-Face-Atlas-Light-Blue-2.jpg, https://trendseeker.cl/wp-content/uploads/2024/11/Mochila-The-Indian-Face-Atlas-Light-Blue-3.jpg, https://trendseeker.cl/wp-content/uploads/2024/11/Mochila-The-Indian-Face-Atlas-Blue-5-1.jpg",,,,,,,,,28,8433856083361,The Indian Face,The Indian Face,,,,,
31240,simple,IFA0823M01C06UN,,Mochila Atlas - Yellow,1,0,visible,,"Mochila The Indian Face unisex para adultos y niños, ideal para llevar tu estilo aventurero a cualquier lugar. Confeccionada con materiales resistentes y diseñada para el uso diario, esta mochila está hecha para soportar las exigencias de la vida urbana y las escapadas a la naturaleza. Su composición de alta calidad garantiza durabilidad y confort en cada aventura.\n\n\n\n<strong>Características:</strong>\n\n<ul>\n\n 	<li>30 Litros de capacidad</li>\n\n 	<li>Modelo unisex para adultos y niños</li>\n\n 	<li>Amplio compartimento principal con bolsillos adicionales para organización</li>\n\n 	<li>Composición: Tejidos resistentes y de alta durabilidad.</li>\n\n 	<li>Tirantes acolchados ajustables para un transporte cómodo</li>\n\n 	<li>Diseño con estampado y logo de The Indian Face</li>\n\n</ul>\n\n<strong>Información de cuidado:</strong>\n\n<ul>\n\n 	<li>Limpieza fácil con un paño húmedo y jabón suave</li>\n\n 	<li>No usar blanqueadores ni cloratos para limpiar</li>\n\n 	<li>No es adecuada para secadora</li>\n\n 	<li>Evitar el contacto directo con el calor o plancha para preservar la integridad del diseño</li>\n\n</ul>\n\nEsta mochila The Indian Face no solo te acompaña en tus viajes sino que también proyecta tu pasión por la vida al aire libre y la aventura, manteniendo el espíritu de la marca.",,,taxable,,1,5,,0,0,,,,,0,,,79990,"Bolsos, Bolsos y Mochilas, Género, Género > Hombre, Tipo de producto > Mochilas, Género > Mujer, Tipo de producto, Género > Unisex","Bolsos, Mochilas",,"https://trendseeker.cl/wp-content/uploads/2024/11/Mochila-The-Indian-Face-Atlas-Yellow.jpg, https://trendseeker.cl/wp-content/uploads/2024/11/Mochila-The-Indian-Face-Atlas-Yellow-1.jpg, https://trendseeker.cl/wp-content/uploads/2024/11/Mochila-The-Indian-Face-Atlas-Yellow-2.jpg, https://trendseeker.cl/wp-content/uploads/2024/11/Mochila-The-Indian-Face-Atlas-Yellow-3.jpg, https://trendseeker.cl/wp-content/uploads/2024/11/Mochila-The-Indian-Face-Atlas-Blue-5-1.jpg",,,,,,,,,29,8433856083354,The Indian Face,The Indian Face,,,,,
31242,simple,IFA0823M01C04UN,,Mochila Atlas - Blue,1,0,visible,,"Mochila The Indian Face unisex para adultos y niños, ideal para llevar tu estilo aventurero a cualquier lugar. Confeccionada con materiales resistentes y diseñada para el uso diario, esta mochila está hecha para soportar las exigencias de la vida urbana y las escapadas a la naturaleza. Su composición de alta calidad garantiza durabilidad y confort en cada aventura.\n\n\n\n<strong>Características:</strong>\n\n<ul>\n\n 	<li>30 Litros de capacidad</li>\n\n 	<li>Modelo unisex para adultos y niños</li>\n\n 	<li>Amplio compartimento principal con bolsillos adicionales para organización</li>\n\n 	<li>Composición: Tejidos resistentes y de alta durabilidad.</li>\n\n 	<li>Tirantes acolchados ajustables para un transporte cómodo</li>\n\n 	<li>Diseño con estampado y logo de The Indian Face</li>\n\n</ul>\n\n<strong>Información de cuidado:</strong>\n\n<ul>\n\n 	<li>Limpieza fácil con un paño húmedo y jabón suave</li>\n\n 	<li>No usar blanqueadores ni cloratos para limpiar</li>\n\n 	<li>No es adecuada para secadora</li>\n\n 	<li>Evitar el contacto directo con el calor o plancha para preservar la integridad del diseño</li>\n\n</ul>\n\nEsta mochila The Indian Face no solo te acompaña en tus viajes sino que también proyecta tu pasión por la vida al aire libre y la aventura, manteniendo el espíritu de la marca.",,,taxable,,1,8,,0,0,,,,,0,,,79990,"Bolsos, Bolsos y Mochilas, Género, Género > Hombre, Tipo de producto > Mochilas, Género > Mujer, Tipo de producto, Género > Unisex",,,"https://trendseeker.cl/wp-content/uploads/2024/11/Mochila-The-Indian-Face-Atlas-Blue-2.jpg, https://trendseeker.cl/wp-content/uploads/2024/11/Mochila-The-Indian-Face-Atlas-Blue-2-1.jpg, https://trendseeker.cl/wp-content/uploads/2024/11/Mochila-The-Indian-Face-Atlas-Blue-3.jpg, https://trendseeker.cl/wp-content/uploads/2024/11/Mochila-The-Indian-Face-Atlas-Blue-4.jpg, https://trendseeker.cl/wp-content/uploads/2024/11/Mochila-The-Indian-Face-Atlas-Blue-5-1.jpg",,,,,,,,,30,8433856083330,The Indian Face,The Indian Face,,,,,
29766,variable,IF-R02-23M05C03,,Poleron Hoodie Born to be Free Red,1,0,visible,,"Experimenta la combinación perfecta de calidez y comodidad con los polerones The Indian Face.\n\n\n\nCompuestos por un 80% algodón y un 20% poliéster, estos polerones unisex te abrazan con la suavidad del algodón y la resistencia del poliéster. Ideales para quienes buscan mantenerse cálidos en sus aventuras al aire libre o simplemente relajarse con estilo, nuestros polerones son el equilibrio ideal entre funcionalidad y moda.\n\n\n\n<strong>Características:</strong>\n\n<ul>\n\n 	<li>Mezcla de 80% algodón y 20% poliéster, para un confort duradero y resistencia al desgaste</li>\n\n 	<li>Diseño unisex que se adapta cómodamente a cualquier figura</li>\n\n 	<li>Disponible en una amplia gama de tamaños para adultos y niños</li>\n\n 	<li>Interior cepillado para una sensación extra suave y aislamiento térmico</li>\n\n 	<li>Capucha ajustable y bolsillo canguro para funcionalidad y estilo</li>\n\n 	<li>Acabado con el distintivo logo de The Indian Face, símbolo de aventura y libertad</li>\n\n</ul>\n\n<strong>Información de cuidado:</strong>\n\n<ul>\n\n 	<li>Lavar en máquina con agua fría y colores similares para mantener la integridad de la tela</li>\n\n 	<li>No usar blanqueadores; el poliéster garantiza que el color perdure más tiempo</li>\n\n 	<li>Secar en tendedero para conservar la forma y el tamaño</li>\n\n 	<li>Planchar a temperatura media, evitando la impresión y la capucha para proteger los detalles</li>\n\n</ul>\n\nNuestros polerones The Indian Face son una declaración de estilo de vida activo y consciente de la calidad. Son la prenda que quieres llevar cuando buscas la comodidad sin renunciar al estilo, ya sea en la ciudad o en la ruta de tu próxima escapada.",2026-03-23 0:00:00,2026-04-16 23:59:59,taxable,,0,,,0,0,,,,,0,,,78990,"Género, Género > Hombre, Género > Mujer, Poleron Hoodie, Polerones y Hoodies, Género > Unisex",,,"https://trendseeker.cl/wp-content/uploads/2024/10/poleron-theindianface-borntobefree-red-1.jpg, https://trendseeker.cl/wp-content/uploads/2024/10/poleron-theindianface-borntobefree-red-2.jpg, https://trendseeker.cl/wp-content/uploads/2024/10/poleron-theindianface-borntobefree-red-3.jpg",,,,,,,,,94,,The Indian Face,The Indian Face,Talla,"L, M, S, XL",1,1,
29758,variable,IF-R02-23M05C02,,Poleron Hoodie Born to be Free Green,1,0,visible,,"Experimenta la combinación perfecta de calidez y comodidad con los polerones The Indian Face.\n\n\n\nCompuestos por un 80% algodón y un 20% poliéster, estos polerones unisex te abrazan con la suavidad del algodón y la resistencia del poliéster. Ideales para quienes buscan mantenerse cálidos en sus aventuras al aire libre o simplemente relajarse con estilo, nuestros polerones son el equilibrio ideal entre funcionalidad y moda.\n\n\n\n<strong>Características:</strong>\n\n<ul>\n\n 	<li>Mezcla de 80% algodón y 20% poliéster, para un confort duradero y resistencia al desgaste</li>\n\n 	<li>Diseño unisex que se adapta cómodamente a cualquier figura</li>\n\n 	<li>Disponible en una amplia gama de tamaños para adultos y niños</li>\n\n 	<li>Interior cepillado para una sensación extra suave y aislamiento térmico</li>\n\n 	<li>Capucha ajustable y bolsillo canguro para funcionalidad y estilo</li>\n\n 	<li>Acabado con el distintivo logo de The Indian Face, símbolo de aventura y libertad</li>\n\n</ul>\n\n<strong>Información de cuidado:</strong>\n\n<ul>\n\n 	<li>Lavar en máquina con agua fría y colores similares para mantener la integridad de la tela</li>\n\n 	<li>No usar blanqueadores; el poliéster garantiza que el color perdure más tiempo</li>\n\n 	<li>Secar en tendedero para conservar la forma y el tamaño</li>\n\n 	<li>Planchar a temperatura media, evitando la impresión y la capucha para proteger los detalles</li>\n\n</ul>\n\nNuestros polerones The Indian Face son una declaración de estilo de vida activo y consciente de la calidad. Son la prenda que quieres llevar cuando buscas la comodidad sin renunciar al estilo, ya sea en la ciudad o en la ruta de tu próxima escapada.",2026-03-23 0:00:00,2026-04-16 23:59:59,taxable,,1,,,0,0,,,,,0,,,78990,"Género > Hombre, Género > Mujer, Poleron Hoodie, Polerones y Hoodies, Género > Unisex",,,"https://trendseeker.cl/wp-content/uploads/2024/10/poleron-theindianface-borntobefree-green-1.jpg, https://trendseeker.cl/wp-content/uploads/2024/10/poleron-theindianface-borntobefree-green-2.jpg, https://trendseeker.cl/wp-content/uploads/2024/10/poleron-theindianface-borntobefree-green-3.jpg",,,,,,,,,97,,The Indian Face,The Indian Face,Talla,"L, M, S, XL",1,1,
29750,variable,IF-R02-23M05C01,,Poleron Hoodie Born to be Free White,1,0,visible,,"Experimenta la combinación perfecta de calidez y comodidad con los polerones The Indian Face.\n\n\n\nCompuestos por un 80% algodón y un 20% poliéster, estos polerones unisex te abrazan con la suavidad del algodón y la resistencia del poliéster. Ideales para quienes buscan mantenerse cálidos en sus aventuras al aire libre o simplemente relajarse con estilo, nuestros polerones son el equilibrio ideal entre funcionalidad y moda.\n\n\n\n<strong>Características:</strong>\n\n<ul>\n\n 	<li>Mezcla de 80% algodón y 20% poliéster, para un confort duradero y resistencia al desgaste</li>\n\n 	<li>Diseño unisex que se adapta cómodamente a cualquier figura</li>\n\n 	<li>Disponible en una amplia gama de tamaños para adultos y niños</li>\n\n 	<li>Interior cepillado para una sensación extra suave y aislamiento térmico</li>\n\n 	<li>Capucha ajustable y bolsillo canguro para funcionalidad y estilo</li>\n\n 	<li>Acabado con el distintivo logo de The Indian Face, símbolo de aventura y libertad</li>\n\n</ul>\n\n<strong>Información de cuidado:</strong>\n\n<ul>\n\n 	<li>Lavar en máquina con agua fría y colores similares para mantener la integridad de la tela</li>\n\n 	<li>No usar blanqueadores; el poliéster garantiza que el color perdure más tiempo</li>\n\n 	<li>Secar en tendedero para conservar la forma y el tamaño</li>\n\n 	<li>Planchar a temperatura media, evitando la impresión y la capucha para proteger los detalles</li>\n\n</ul>\n\nNuestros polerones The Indian Face son una declaración de estilo de vida activo y consciente de la calidad. Son la prenda que quieres llevar cuando buscas la comodidad sin renunciar al estilo, ya sea en la ciudad o en la ruta de tu próxima escapada.",2026-03-23 0:00:00,2026-04-16 23:59:59,taxable,,0,,,0,0,,,,,0,,,78990,"Género > Hombre, Género > Mujer, Poleron Hoodie, Polerones y Hoodies, Género > Unisex",,,"https://trendseeker.cl/wp-content/uploads/2024/10/poleron-theindianface-borntobefree-white-1.jpg, https://trendseeker.cl/wp-content/uploads/2024/10/poleron-theindianface-borntobefree-white-2.jpg, https://trendseeker.cl/wp-content/uploads/2024/10/poleron-theindianface-borntobefree-white-3.jpg",,,,,,,,,99,,The Indian Face,The Indian Face,Talla,"L, M, S, XL",1,1,
29741,variable,IF-R02-23M04C02,,Poleron Sweatshirt Nomad Navy Blue,1,0,visible,,"Experimenta la combinación perfecta de calidez y comodidad con los polerones The Indian Face.\n\n\n\nCompuestos por un 80% algodón y un 20% poliéster, estos polerones unisex te abrazan con la suavidad del algodón y la resistencia del poliéster. Ideales para quienes buscan mantenerse cálidos en sus aventuras al aire libre o simplemente relajarse con estilo, nuestros polerones son el equilibrio ideal entre funcionalidad y moda.\n\n\n\n<strong>Características:</strong>\n\n<ul>\n\n 	<li>Mezcla de 80% algodón y 20% poliéster, para un confort duradero y resistencia al desgaste</li>\n\n 	<li>Diseño unisex que se adapta cómodamente a cualquier figura</li>\n\n 	<li>Disponible en una amplia gama de tamaños para adultos y niños</li>\n\n 	<li>Interior cepillado para una sensación extra suave y aislamiento térmico</li>\n\n 	<li>Capucha ajustable y bolsillo canguro para funcionalidad y estilo</li>\n\n 	<li>Acabado con el distintivo logo de The Indian Face, símbolo de aventura y libertad</li>\n\n</ul>\n\n<strong>Información de cuidado:</strong>\n\n<ul>\n\n 	<li>Lavar en máquina con agua fría y colores similares para mantener la integridad de la tela</li>\n\n 	<li>No usar blanqueadores; el poliéster garantiza que el color perdure más tiempo</li>\n\n 	<li>Secar en tendedero para conservar la forma y el tamaño</li>\n\n 	<li>Planchar a temperatura media, evitando la impresión y la capucha para proteger los detalles</li>\n\n</ul>\n\nNuestros polerones The Indian Face son una declaración de estilo de vida activo y consciente de la calidad. Son la prenda que quieres llevar cuando buscas la comodidad sin renunciar al estilo, ya sea en la ciudad o en la ruta de tu próxima escapada.",2026-03-23 0:00:00,2026-04-16 23:59:59,taxable,,0,,,0,0,,,,,0,,,69990,"Género > Hombre, Género > Mujer, Poleron Sweatshirt, Polerones y Hoodies, Género > Unisex",,,"https://trendseeker.cl/wp-content/uploads/2024/10/poleron-theindianface-nomadnavyblue-1.jpg, https://trendseeker.cl/wp-content/uploads/2024/10/poleron-theindianface-nomadnavyblue-2.jpg, https://trendseeker.cl/wp-content/uploads/2024/10/poleron-theindianface-nomadnavyblue-3.jpg",,,,,,,,,101,,The Indian Face,The Indian Face,Talla,"L, M, S, XL",1,1,
29729,variable,IF-R02-23M01C05,,Poleron Sweatshirt Spirit Navy Blue,1,0,visible,,"Experimenta la combinación perfecta de calidez y comodidad con los polerones The Indian Face.\n\n\n\nCompuestos por un 80% algodón y un 20% poliéster, estos polerones unisex te abrazan con la suavidad del algodón y la resistencia del poliéster. Ideales para quienes buscan mantenerse cálidos en sus aventuras al aire libre o simplemente relajarse con estilo, nuestros polerones son el equilibrio ideal entre funcionalidad y moda.\n\n\n\n<strong>Características:</strong>\n\n<ul>\n\n 	<li>Mezcla de 80% algodón y 20% poliéster, para un confort duradero y resistencia al desgaste</li>\n\n 	<li>Diseño unisex que se adapta cómodamente a cualquier figura</li>\n\n 	<li>Disponible en una amplia gama de tamaños para adultos y niños</li>\n\n 	<li>Interior cepillado para una sensación extra suave y aislamiento térmico</li>\n\n 	<li>Capucha ajustable y bolsillo canguro para funcionalidad y estilo</li>\n\n 	<li>Acabado con el distintivo logo de The Indian Face, símbolo de aventura y libertad</li>\n\n</ul>\n\n<strong>Información de cuidado:</strong>\n\n<ul>\n\n 	<li>Lavar en máquina con agua fría y colores similares para mantener la integridad de la tela</li>\n\n 	<li>No usar blanqueadores; el poliéster garantiza que el color perdure más tiempo</li>\n\n 	<li>Secar en tendedero para conservar la forma y el tamaño</li>\n\n 	<li>Planchar a temperatura media, evitando la impresión y la capucha para proteger los detalles</li>\n\n</ul>\n\nNuestros polerones The Indian Face son una declaración de estilo de vida activo y consciente de la calidad. Son la prenda que quieres llevar cuando buscas la comodidad sin renunciar al estilo, ya sea en la ciudad o en la ruta de tu próxima escapada.",2026-03-23 0:00:00,2026-04-16 23:59:59,taxable,,0,,,0,0,,,,,0,,,69990,"Género > Hombre, Género > Mujer, Poleron Sweatshirt, Polerones y Hoodies, Género > Unisex",,,"https://trendseeker.cl/wp-content/uploads/2024/10/poleron-theindianface-spiritnavyblue-1.jpg, https://trendseeker.cl/wp-content/uploads/2024/10/poleron-theindianface-spiritnavyblue-2.jpg, https://trendseeker.cl/wp-content/uploads/2024/10/poleron-theindianface-spiritnavyblue-3.jpg",,,,,,,,,103,,The Indian Face,The Indian Face,Talla,"L, M, S, XL",1,1,
29724,variable,IF-R02-23M01C04,,Poleron Sweatshirt Spirit Blue,1,0,visible,,"Experimenta la combinación perfecta de calidez y comodidad con los polerones The Indian Face.\n\n\n\nCompuestos por un 80% algodón y un 20% poliéster, estos polerones unisex te abrazan con la suavidad del algodón y la resistencia del poliéster. Ideales para quienes buscan mantenerse cálidos en sus aventuras al aire libre o simplemente relajarse con estilo, nuestros polerones son el equilibrio ideal entre funcionalidad y moda.\n\n\n\n<strong>Características:</strong>\n\n<ul>\n\n 	<li>Mezcla de 80% algodón y 20% poliéster, para un confort duradero y resistencia al desgaste</li>\n\n 	<li>Diseño unisex que se adapta cómodamente a cualquier figura</li>\n\n 	<li>Disponible en una amplia gama de tamaños para adultos y niños</li>\n\n 	<li>Interior cepillado para una sensación extra suave y aislamiento térmico</li>\n\n 	<li>Capucha ajustable y bolsillo canguro para funcionalidad y estilo</li>\n\n 	<li>Acabado con el distintivo logo de The Indian Face, símbolo de aventura y libertad</li>\n\n</ul>\n\n<strong>Información de cuidado:</strong>\n\n<ul>\n\n 	<li>Lavar en máquina con agua fría y colores similares para mantener la integridad de la tela</li>\n\n 	<li>No usar blanqueadores; el poliéster garantiza que el color perdure más tiempo</li>\n\n 	<li>Secar en tendedero para conservar la forma y el tamaño</li>\n\n 	<li>Planchar a temperatura media, evitando la impresión y la capucha para proteger los detalles</li>\n\n</ul>\n\nNuestros polerones The Indian Face son una declaración de estilo de vida activo y consciente de la calidad. Son la prenda que quieres llevar cuando buscas la comodidad sin renunciar al estilo, ya sea en la ciudad o en la ruta de tu próxima escapada.",2026-03-23 0:00:00,2026-04-16 23:59:59,taxable,,0,,,0,0,,,,,0,,,69990,"Género > Hombre, Género > Mujer, Poleron Sweatshirt, Polerones y Hoodies, Género > Unisex",,,"https://trendseeker.cl/wp-content/uploads/2024/10/poleron-theindianface-spiritblue-1.jpg, https://trendseeker.cl/wp-content/uploads/2024/10/poleron-theindianface-spiritblue-2.jpg, https://trendseeker.cl/wp-content/uploads/2024/10/poleron-theindianface-spiritblue-3.jpg",,,,,,,,,105,,The Indian Face,The Indian Face,Talla,"L, M, S, XL",1,1,
29716,variable,IF-R02-23M01C01,,Poleron Sweatshirt Spirit White,1,0,visible,,"Experimenta la combinación perfecta de calidez y comodidad con los polerones The Indian Face.\n\n\n\nCompuestos por un 80% algodón y un 20% poliéster, estos polerones unisex te abrazan con la suavidad del algodón y la resistencia del poliéster. Ideales para quienes buscan mantenerse cálidos en sus aventuras al aire libre o simplemente relajarse con estilo, nuestros polerones son el equilibrio ideal entre funcionalidad y moda.\n\n\n\n<strong>Características:</strong>\n\n<ul>\n\n 	<li>Mezcla de 80% algodón y 20% poliéster, para un confort duradero y resistencia al desgaste</li>\n\n 	<li>Diseño unisex que se adapta cómodamente a cualquier figura</li>\n\n 	<li>Disponible en una amplia gama de tamaños para adultos y niños</li>\n\n 	<li>Interior cepillado para una sensación extra suave y aislamiento térmico</li>\n\n 	<li>Capucha ajustable y bolsillo canguro para funcionalidad y estilo</li>\n\n 	<li>Acabado con el distintivo logo de The Indian Face, símbolo de aventura y libertad</li>\n\n</ul>\n\n<strong>Información de cuidado:</strong>\n\n<ul>\n\n 	<li>Lavar en máquina con agua fría y colores similares para mantener la integridad de la tela</li>\n\n 	<li>No usar blanqueadores; el poliéster garantiza que el color perdure más tiempo</li>\n\n 	<li>Secar en tendedero para conservar la forma y el tamaño</li>\n\n 	<li>Planchar a temperatura media, evitando la impresión y la capucha para proteger los detalles</li>\n\n</ul>\n\nNuestros polerones The Indian Face son una declaración de estilo de vida activo y consciente de la calidad. Son la prenda que quieres llevar cuando buscas la comodidad sin renunciar al estilo, ya sea en la ciudad o en la ruta de tu próxima escapada.",2026-03-23 0:00:00,2026-04-16 23:59:59,taxable,,0,,,0,0,,,,,0,,,69990,"Género > Hombre, Género > Mujer, Poleron Sweatshirt, Polerones y Hoodies, Género > Unisex",,,"https://trendseeker.cl/wp-content/uploads/2024/10/poleron-theindianface-spiritwhite-1.jpg, https://trendseeker.cl/wp-content/uploads/2024/10/poleron-theindianface-spiritwhite-2.jpg, https://trendseeker.cl/wp-content/uploads/2024/10/poleron-theindianface-spiritwhite-3.jpg",,,,,,,,,107,,The Indian Face,The Indian Face,Talla,"L, M, S, XL",1,1,
29705,variable,IF-R01-23M04C03,,Polera Born to be Free Red,1,0,visible,,"Siente la esencia pura de la aventura con las poleras 100% algodón de The Indian Face.\n\n\n\nDiseñadas para aquellos que llevan el espíritu libre en cada fibra, estas poleras unisex son la quintaesencia del confort y el estilo relajado. Perfectas para el día a día o para tus escapadas al aire libre, se adaptan a ti y a tu ritmo de vida sin sacrificar la calidad ni la autenticidad.\n\n\n\n<strong>Características:</strong>\n\n<ul>\n\n 	<li>Confeccionadas en algodón 100% para un tacto suave y una durabilidad excepcional</li>\n\n 	<li>Diseño unisex y versátil que se ajusta perfectamente a cualquier silueta</li>\n\n 	<li>Gama de tallas para adultos y niños, para que toda la familia pueda disfrutar del estilo The Indian Face</li>\n\n 	<li>Cuello redondo y manga corta para un look clásico y atemporal</li>\n\n 	<li>Estampados inspiradores y el distintivo logo de The Indian Face que reflejan tu amor por la aventura</li>\n\n</ul>\n\n<strong>Información de cuidado:</strong>\n\n<ul>\n\n 	<li>Lavable a máquina a 30 grados como máximo</li>\n\n 	<li>No utilizar lejía ni cloratos para preservar la integridad del tejido</li>\n\n 	<li>Evitar el uso de secadora para mantener la forma y el tamaño originales</li>\n\n 	<li>Planchar a temperatura baja y no aplicar el calor directamente sobre los estampados</li>\n\n</ul>\n\nLas poleras The Indian Face son más que una prenda, son un símbolo de un estilo de vida activo y consciente, para quienes valoran la calidad y la sostenibilidad. Con cada uso, estas poleras cuentan una historia, tu historia, llena de aventuras y pasión por la vida.",2026-03-23 0:00:00,2026-04-16 23:59:59,taxable,,0,,,0,0,,,,,0,,,32990,"Género > Hombre, Género > Mujer, Poleras, Poleras y Camisas, Género > Unisex",,,"https://trendseeker.cl/wp-content/uploads/2024/10/poleras-theindianface-borntobefree-red-1.jpg, https://trendseeker.cl/wp-content/uploads/2024/10/poleras-theindianface-borntobefree-red-2.jpg, https://trendseeker.cl/wp-content/uploads/2024/10/poleras-theindianface-borntobefree-red-3.jpg, https://trendseeker.cl/wp-content/uploads/2024/10/poleras-theindianface-borntobefree-red-4.jpg, https://trendseeker.cl/wp-content/uploads/2024/10/poleras-theindianface-borntobefree-red-5.jpg, https://trendseeker.cl/wp-content/uploads/2024/10/poleras-theindianface-borntobefree-red-6.jpg",,,,,,,,,109,,The Indian Face,The Indian Face,Talla,"L, M, S, XL",1,1,
29695,variable,IF-R01-23M04C01,,Polera Born to be Free White,1,0,visible,,"Siente la esencia pura de la aventura con las poleras 100% algodón de The Indian Face.\n\n\n\nDiseñadas para aquellos que llevan el espíritu libre en cada fibra, estas poleras unisex son la quintaesencia del confort y el estilo relajado. Perfectas para el día a día o para tus escapadas al aire libre, se adaptan a ti y a tu ritmo de vida sin sacrificar la calidad ni la autenticidad.\n\n\n\n<strong>Características:</strong>\n\n<ul>\n\n 	<li>Confeccionadas en algodón 100% para un tacto suave y una durabilidad excepcional</li>\n\n 	<li>Diseño unisex y versátil que se ajusta perfectamente a cualquier silueta</li>\n\n 	<li>Gama de tallas para adultos y niños, para que toda la familia pueda disfrutar del estilo The Indian Face</li>\n\n 	<li>Cuello redondo y manga corta para un look clásico y atemporal</li>\n\n 	<li>Estampados inspiradores y el distintivo logo de The Indian Face que reflejan tu amor por la aventura</li>\n\n</ul>\n\n<strong>Información de cuidado:</strong>\n\n<ul>\n\n 	<li>Lavable a máquina a 30 grados como máximo</li>\n\n 	<li>No utilizar lejía ni cloratos para preservar la integridad del tejido</li>\n\n 	<li>Evitar el uso de secadora para mantener la forma y el tamaño originales</li>\n\n 	<li>Planchar a temperatura baja y no aplicar el calor directamente sobre los estampados</li>\n\n</ul>\n\nLas poleras The Indian Face son más que una prenda, son un símbolo de un estilo de vida activo y consciente, para quienes valoran la calidad y la sostenibilidad. Con cada uso, estas poleras cuentan una historia, tu historia, llena de aventuras y pasión por la vida.",2026-03-23 0:00:00,2026-04-16 23:59:59,taxable,,0,,,0,0,,,,,0,,,32990,"Género > Hombre, Género > Mujer, Poleras, Poleras y Camisas, Género > Unisex",,,"https://trendseeker.cl/wp-content/uploads/2024/10/poleras-theindianface-borntobefree-white-1.jpg, https://trendseeker.cl/wp-content/uploads/2024/10/poleras-theindianface-borntobefree-white-2.jpg, https://trendseeker.cl/wp-content/uploads/2024/10/poleras-theindianface-borntobefree-white-3.jpg, https://trendseeker.cl/wp-content/uploads/2024/10/poleras-theindianface-borntobefree-white-4.jpg, https://trendseeker.cl/wp-content/uploads/2024/10/poleras-theindianface-borntobefree-white-5.jpg, https://trendseeker.cl/wp-content/uploads/2024/10/poleras-theindianface-borntobefree-white-6.jpg",,,,,,,,,111,,The Indian Face,The Indian Face,Talla,"L, M, XL",1,1,
29683,variable,IF-R01-23M03C03,,Polera Nomad Navy,1,0,visible,,"Siente la esencia pura de la aventura con las poleras 100% algodón de The Indian Face.\n\n\n\nDiseñadas para aquellos que llevan el espíritu libre en cada fibra, estas poleras unisex son la quintaesencia del confort y el estilo relajado. Perfectas para el día a día o para tus escapadas al aire libre, se adaptan a ti y a tu ritmo de vida sin sacrificar la calidad ni la autenticidad.\n\n\n\n<strong>Características:</strong>\n\n<ul>\n\n 	<li>Confeccionadas en algodón 100% para un tacto suave y una durabilidad excepcional</li>\n\n 	<li>Diseño unisex y versátil que se ajusta perfectamente a cualquier silueta</li>\n\n 	<li>Gama de tallas para adultos y niños, para que toda la familia pueda disfrutar del estilo The Indian Face</li>\n\n 	<li>Cuello redondo y manga corta para un look clásico y atemporal</li>\n\n 	<li>Estampados inspiradores y el distintivo logo de The Indian Face que reflejan tu amor por la aventura</li>\n\n</ul>\n\n<strong>Información de cuidado:</strong>\n\n<ul>\n\n 	<li>Lavable a máquina a 30 grados como máximo</li>\n\n 	<li>No utilizar lejía ni cloratos para preservar la integridad del tejido</li>\n\n 	<li>Evitar el uso de secadora para mantener la forma y el tamaño originales</li>\n\n 	<li>Planchar a temperatura baja y no aplicar el calor directamente sobre los estampados</li>\n\n</ul>\n\nLas poleras The Indian Face son más que una prenda, son un símbolo de un estilo de vida activo y consciente, para quienes valoran la calidad y la sostenibilidad. Con cada uso, estas poleras cuentan una historia, tu historia, llena de aventuras y pasión por la vida.",2026-03-23 0:00:00,2026-04-16 23:59:59,taxable,,0,,,0,0,,,,,0,,,32990,"Género > Hombre, Género > Mujer, Poleras, Poleras y Camisas, Género > Unisex",,,"https://trendseeker.cl/wp-content/uploads/2024/10/poleras-theindianface-nomadnavyblue-1.jpg, https://trendseeker.cl/wp-content/uploads/2024/10/poleras-theindianface-nomadnavyblue-2.jpg, https://trendseeker.cl/wp-content/uploads/2024/10/poleras-theindianface-nomadnavyblue-3.jpg, https://trendseeker.cl/wp-content/uploads/2024/10/poleras-theindianface-nomadnavyblue-4.jpg, https://trendseeker.cl/wp-content/uploads/2024/10/poleras-theindianface-nomadnavyblue-5.jpg, https://trendseeker.cl/wp-content/uploads/2024/10/poleras-theindianface-nomadnavyblue-6.jpg, https://trendseeker.cl/wp-content/uploads/2024/10/poleras-theindianface-nomadnavyblue-7.jpg",,,,,,,,,113,,The Indian Face,The Indian Face,Talla,"L, M, S, Talla 3, Talla 4, Talla 5, Talla 6, XL",1,1,
29672,variable,IF-R01-23M03C02,,Polera Nomad Blue,1,0,visible,,"Siente la esencia pura de la aventura con las poleras 100% algodón de The Indian Face.\n\n\n\nDiseñadas para aquellos que llevan el espíritu libre en cada fibra, estas poleras unisex son la quintaesencia del confort y el estilo relajado. Perfectas para el día a día o para tus escapadas al aire libre, se adaptan a ti y a tu ritmo de vida sin sacrificar la calidad ni la autenticidad.\n\n\n\n<strong>Características:</strong>\n\n<ul>\n\n 	<li>Confeccionadas en algodón 100% para un tacto suave y una durabilidad excepcional</li>\n\n 	<li>Diseño unisex y versátil que se ajusta perfectamente a cualquier silueta</li>\n\n 	<li>Gama de tallas para adultos y niños, para que toda la familia pueda disfrutar del estilo The Indian Face</li>\n\n 	<li>Cuello redondo y manga corta para un look clásico y atemporal</li>\n\n 	<li>Estampados inspiradores y el distintivo logo de The Indian Face que reflejan tu amor por la aventura</li>\n\n</ul>\n\n<strong>Información de cuidado:</strong>\n\n<ul>\n\n 	<li>Lavable a máquina a 30 grados como máximo</li>\n\n 	<li>No utilizar lejía ni cloratos para preservar la integridad del tejido</li>\n\n 	<li>Evitar el uso de secadora para mantener la forma y el tamaño originales</li>\n\n 	<li>Planchar a temperatura baja y no aplicar el calor directamente sobre los estampados</li>\n\n</ul>\n\nLas poleras The Indian Face son más que una prenda, son un símbolo de un estilo de vida activo y consciente, para quienes valoran la calidad y la sostenibilidad. Con cada uso, estas poleras cuentan una historia, tu historia, llena de aventuras y pasión por la vida.",2026-03-23 0:00:00,2026-04-16 23:59:59,taxable,,0,,,0,0,,,,,0,,,32990,"Género > Hombre, Género > Mujer, Poleras, Poleras y Camisas, Género > Unisex",,,"https://trendseeker.cl/wp-content/uploads/2024/10/poleras-theindianface-nomadblue-1.jpg, https://trendseeker.cl/wp-content/uploads/2024/10/poleras-theindianface-nomadblue-2.jpg, https://trendseeker.cl/wp-content/uploads/2024/10/poleras-theindianface-nomadblue-3.jpg, https://trendseeker.cl/wp-content/uploads/2024/10/poleras-theindianface-nomadblue-4.jpg, https://trendseeker.cl/wp-content/uploads/2024/10/poleras-theindianface-nomadblue-5.jpg, https://trendseeker.cl/wp-content/uploads/2024/10/poleras-theindianface-nomadblue-6.jpg, https://trendseeker.cl/wp-content/uploads/2024/10/poleras-theindianface-nomadblue-7.jpg",,,,,,,,,115,,The Indian Face,The Indian Face,Talla,"L, M, S, Talla 3, Talla 4, Talla 5, Talla 6, XL",1,1,
29660,variable,IF-R01-23M03C01,,Polera Nomad White,1,0,visible,,"Siente la esencia pura de la aventura con las poleras 100% algodón de The Indian Face.\n\n\n\nDiseñadas para aquellos que llevan el espíritu libre en cada fibra, estas poleras unisex son la quintaesencia del confort y el estilo relajado. Perfectas para el día a día o para tus escapadas al aire libre, se adaptan a ti y a tu ritmo de vida sin sacrificar la calidad ni la autenticidad.\n\n\n\n<strong>Características:</strong>\n\n<ul>\n\n 	<li>Confeccionadas en algodón 100% para un tacto suave y una durabilidad excepcional</li>\n\n 	<li>Diseño unisex y versátil que se ajusta perfectamente a cualquier silueta</li>\n\n 	<li>Gama de tallas para adultos y niños, para que toda la familia pueda disfrutar del estilo The Indian Face</li>\n\n 	<li>Cuello redondo y manga corta para un look clásico y atemporal</li>\n\n 	<li>Estampados inspiradores y el distintivo logo de The Indian Face que reflejan tu amor por la aventura</li>\n\n</ul>\n\n<strong>Información de cuidado:</strong>\n\n<ul>\n\n 	<li>Lavable a máquina a 30 grados como máximo</li>\n\n 	<li>No utilizar lejía ni cloratos para preservar la integridad del tejido</li>\n\n 	<li>Evitar el uso de secadora para mantener la forma y el tamaño originales</li>\n\n 	<li>Planchar a temperatura baja y no aplicar el calor directamente sobre los estampados</li>\n\n</ul>\n\nLas poleras The Indian Face son más que una prenda, son un símbolo de un estilo de vida activo y consciente, para quienes valoran la calidad y la sostenibilidad. Con cada uso, estas poleras cuentan una historia, tu historia, llena de aventuras y pasión por la vida.",2026-03-23 0:00:00,2026-04-16 23:59:59,taxable,,0,,,0,0,,,,,0,,,32990,"Género > Hombre, Género > Mujer, Poleras, Poleras y Camisas, Género > Unisex",,,"https://trendseeker.cl/wp-content/uploads/2024/10/poleras-theindianface-nomadwhite-1.jpg, https://trendseeker.cl/wp-content/uploads/2024/10/poleras-theindianface-nomadwhite-2.jpg, https://trendseeker.cl/wp-content/uploads/2024/10/poleras-theindianface-nomadwhite-6.jpg, https://trendseeker.cl/wp-content/uploads/2024/10/poleras-theindianface-nomadwhite-5.jpg, https://trendseeker.cl/wp-content/uploads/2024/10/poleras-theindianface-nomadwhite-4.jpg, https://trendseeker.cl/wp-content/uploads/2024/10/poleras-theindianface-nomadwhite-3.jpg",,,,,,,,,117,,The Indian Face,The Indian Face,Talla,"L, M, S, Talla 3, Talla 4, Talla 5, Talla 6, XL",1,1,
29648,variable,IF-R01-23M01C05,,Polera Spirit Navy Blue,1,0,visible,,"Siente la esencia pura de la aventura con las poleras 100% algodón de The Indian Face.\n\n\n\nDiseñadas para aquellos que llevan el espíritu libre en cada fibra, estas poleras unisex son la quintaesencia del confort y el estilo relajado. Perfectas para el día a día o para tus escapadas al aire libre, se adaptan a ti y a tu ritmo de vida sin sacrificar la calidad ni la autenticidad.\n\n\n\n<strong>Características:</strong>\n\n<ul>\n\n 	<li>Confeccionadas en algodón 100% para un tacto suave y una durabilidad excepcional</li>\n\n 	<li>Diseño unisex y versátil que se ajusta perfectamente a cualquier silueta</li>\n\n 	<li>Gama de tallas para adultos y niños, para que toda la familia pueda disfrutar del estilo The Indian Face</li>\n\n 	<li>Cuello redondo y manga corta para un look clásico y atemporal</li>\n\n 	<li>Estampados inspiradores y el distintivo logo de The Indian Face que reflejan tu amor por la aventura</li>\n\n</ul>\n\n<strong>Información de cuidado:</strong>\n\n<ul>\n\n 	<li>Lavable a máquina a 30 grados como máximo</li>\n\n 	<li>No utilizar lejía ni cloratos para preservar la integridad del tejido</li>\n\n 	<li>Evitar el uso de secadora para mantener la forma y el tamaño originales</li>\n\n 	<li>Planchar a temperatura baja y no aplicar el calor directamente sobre los estampados</li>\n\n</ul>\n\nLas poleras The Indian Face son más que una prenda, son un símbolo de un estilo de vida activo y consciente, para quienes valoran la calidad y la sostenibilidad. Con cada uso, estas poleras cuentan una historia, tu historia, llena de aventuras y pasión por la vida.",2026-03-23 0:00:00,2026-04-16 23:59:59,taxable,,0,,,0,0,,,,,0,,,32990,"Género > Hombre, Género > Mujer, Poleras, Poleras y Camisas, Género > Unisex",,,"https://trendseeker.cl/wp-content/uploads/2024/10/poleras-theindianface-spiritnavyblue-1.jpg, https://trendseeker.cl/wp-content/uploads/2024/10/poleras-theindianface-spiritnavyblue-2.jpg, https://trendseeker.cl/wp-content/uploads/2024/10/poleras-theindianface-spiritnavyblue-3.jpg, https://trendseeker.cl/wp-content/uploads/2024/10/poleras-theindianface-spiritnavyblue-4.jpg, https://trendseeker.cl/wp-content/uploads/2024/10/poleras-theindianface-spiritnavyblue-5.jpg, https://trendseeker.cl/wp-content/uploads/2024/10/poleras-theindianface-spiritnavyblue-6.jpg, https://trendseeker.cl/wp-content/uploads/2024/10/poleras-theindianface-spiritnavyblue-7.jpg",,,,,,,,,119,,The Indian Face,The Indian Face,Talla,"L, M, S, Talla 3, Talla 4, Talla 5, Talla 6, XL",1,1,
29637,variable,IF-R01-23M01C04,,Polera Spirit Blue,1,0,visible,,"Siente la esencia pura de la aventura con las poleras 100% algodón de The Indian Face.\n\n\n\nDiseñadas para aquellos que llevan el espíritu libre en cada fibra, estas poleras unisex son la quintaesencia del confort y el estilo relajado. Perfectas para el día a día o para tus escapadas al aire libre, se adaptan a ti y a tu ritmo de vida sin sacrificar la calidad ni la autenticidad.\n\n\n\n<strong>Características:</strong>\n\n<ul>\n\n 	<li>Confeccionadas en algodón 100% para un tacto suave y una durabilidad excepcional</li>\n\n 	<li>Diseño unisex y versátil que se ajusta perfectamente a cualquier silueta</li>\n\n 	<li>Gama de tallas para adultos y niños, para que toda la familia pueda disfrutar del estilo The Indian Face</li>\n\n 	<li>Cuello redondo y manga corta para un look clásico y atemporal</li>\n\n 	<li>Estampados inspiradores y el distintivo logo de The Indian Face que reflejan tu amor por la aventura</li>\n\n</ul>\n\n<strong>Información de cuidado:</strong>\n\n<ul>\n\n 	<li>Lavable a máquina a 30 grados como máximo</li>\n\n 	<li>No utilizar lejía ni cloratos para preservar la integridad del tejido</li>\n\n 	<li>Evitar el uso de secadora para mantener la forma y el tamaño originales</li>\n\n 	<li>Planchar a temperatura baja y no aplicar el calor directamente sobre los estampados</li>\n\n</ul>\n\nLas poleras The Indian Face son más que una prenda, son un símbolo de un estilo de vida activo y consciente, para quienes valoran la calidad y la sostenibilidad. Con cada uso, estas poleras cuentan una historia, tu historia, llena de aventuras y pasión por la vida.",2026-03-23 0:00:00,2026-04-16 23:59:59,taxable,,0,,,0,0,,,,,0,,,32990,"Género > Hombre, Género > Mujer, Poleras, Poleras y Camisas, Género > Unisex",,,"https://trendseeker.cl/wp-content/uploads/2024/10/poleras-theindianface-spiritblue-1.jpg, https://trendseeker.cl/wp-content/uploads/2024/10/poleras-theindianface-spiritblue-2.jpg, https://trendseeker.cl/wp-content/uploads/2024/10/poleras-theindianface-spiritblue-6.jpg, https://trendseeker.cl/wp-content/uploads/2024/10/poleras-theindianface-spiritblue-5.jpg, https://trendseeker.cl/wp-content/uploads/2024/10/poleras-theindianface-spiritblue-4.jpg, https://trendseeker.cl/wp-content/uploads/2024/10/poleras-theindianface-spiritblue-3.jpg",,,,,,,,,121,,The Indian Face,The Indian Face,Talla,"L, M, S, Talla 3, Talla 4, Talla 5, Talla 6, XL",1,1,
29603,variable,IF-R01-23M01C03,,Polera Spirit Red,1,0,visible,,"Siente la esencia pura de la aventura con las poleras 100% algodón de The Indian Face.\n\n\n\nDiseñadas para aquellos que llevan el espíritu libre en cada fibra, estas poleras unisex son la quintaesencia del confort y el estilo relajado. Perfectas para el día a día o para tus escapadas al aire libre, se adaptan a ti y a tu ritmo de vida sin sacrificar la calidad ni la autenticidad.\n\n\n\n<strong>Características:</strong>\n\n<ul>\n\n 	<li>Confeccionadas en algodón 100% para un tacto suave y una durabilidad excepcional</li>\n\n 	<li>Diseño unisex y versátil que se ajusta perfectamente a cualquier silueta</li>\n\n 	<li>Gama de tallas para adultos y niños, para que toda la familia pueda disfrutar del estilo The Indian Face</li>\n\n 	<li>Cuello redondo y manga corta para un look clásico y atemporal</li>\n\n 	<li>Estampados inspiradores y el distintivo logo de The Indian Face que reflejan tu amor por la aventura</li>\n\n</ul>\n\n<strong>Información de cuidado:</strong>\n\n<ul>\n\n 	<li>Lavable a máquina a 30 grados como máximo</li>\n\n 	<li>No utilizar lejía ni cloratos para preservar la integridad del tejido</li>\n\n 	<li>Evitar el uso de secadora para mantener la forma y el tamaño originales</li>\n\n 	<li>Planchar a temperatura baja y no aplicar el calor directamente sobre los estampados</li>\n\n</ul>\n\nLas poleras The Indian Face son más que una prenda, son un símbolo de un estilo de vida activo y consciente, para quienes valoran la calidad y la sostenibilidad. Con cada uso, estas poleras cuentan una historia, tu historia, llena de aventuras y pasión por la vida.",2026-03-23 0:00:00,2026-04-16 23:59:59,taxable,,0,,,0,0,,,,,0,,,32990,"Género > Hombre, Género > Mujer, Poleras, Poleras y Camisas, Género > Unisex",,,"https://trendseeker.cl/wp-content/uploads/2024/10/poleras-theindianface-spiritred-1.jpg, https://trendseeker.cl/wp-content/uploads/2024/10/poleras-theindianface-spiritred-2.jpg, https://trendseeker.cl/wp-content/uploads/2024/10/poleras-theindianface-spiritred-3.jpg, https://trendseeker.cl/wp-content/uploads/2024/10/poleras-theindianface-spiritred-4.jpg, https://trendseeker.cl/wp-content/uploads/2024/10/poleras-theindianface-spiritred-5.jpg, https://trendseeker.cl/wp-content/uploads/2024/10/poleras-theindianface-spiritred-6.jpg, https://trendseeker.cl/wp-content/uploads/2024/10/poleras-theindianface-spiritred-7.jpg",,,,,,,,,124,,The Indian Face,The Indian Face,Talla,"L, M, S, Talla 3, Talla 4, Talla 5, Talla 6, XL",1,1,
29591,variable,IF-R01-23M01C01,,Polera Spirit White,1,0,visible,,"Siente la esencia pura de la aventura con las poleras 100% algodón de The Indian Face.\n\n\n\nDiseñadas para aquellos que llevan el espíritu libre en cada fibra, estas poleras unisex son la quintaesencia del confort y el estilo relajado. Perfectas para el día a día o para tus escapadas al aire libre, se adaptan a ti y a tu ritmo de vida sin sacrificar la calidad ni la autenticidad.\n\n\n\n<strong>Características:</strong>\n\n<ul>\n\n 	<li>Confeccionadas en algodón 100% para un tacto suave y una durabilidad excepcional</li>\n\n 	<li>Diseño unisex y versátil que se ajusta perfectamente a cualquier silueta</li>\n\n 	<li>Gama de tallas para adultos y niños, para que toda la familia pueda disfrutar del estilo The Indian Face</li>\n\n 	<li>Cuello redondo y manga corta para un look clásico y atemporal</li>\n\n 	<li>Estampados inspiradores y el distintivo logo de The Indian Face que reflejan tu amor por la aventura</li>\n\n</ul>\n\n<strong>Información de cuidado:</strong>\n\n<ul>\n\n 	<li>Lavable a máquina a 30 grados como máximo</li>\n\n 	<li>No utilizar lejía ni cloratos para preservar la integridad del tejido</li>\n\n 	<li>Evitar el uso de secadora para mantener la forma y el tamaño originales</li>\n\n 	<li>Planchar a temperatura baja y no aplicar el calor directamente sobre los estampados</li>\n\n</ul>\n\nLas poleras The Indian Face son más que una prenda, son un símbolo de un estilo de vida activo y consciente, para quienes valoran la calidad y la sostenibilidad. Con cada uso, estas poleras cuentan una historia, tu historia, llena de aventuras y pasión por la vida.",2026-03-23 0:00:00,2026-04-16 23:59:59,taxable,,0,,,0,0,,,,,0,,,32990,"Género > Hombre, Género > Mujer, Poleras, Poleras y Camisas, Género > Unisex",,,"https://trendseeker.cl/wp-content/uploads/2024/10/poleras-theindianface-spiritwhite-1.jpg, https://trendseeker.cl/wp-content/uploads/2024/10/poleras-theindianface-spiritwhite-2.jpg, https://trendseeker.cl/wp-content/uploads/2024/10/poleras-theindianface-spiritwhite-3.jpg, https://trendseeker.cl/wp-content/uploads/2024/10/poleras-theindianface-spiritwhite-4.jpg, https://trendseeker.cl/wp-content/uploads/2024/10/poleras-theindianface-spiritwhite-5.jpg, https://trendseeker.cl/wp-content/uploads/2024/10/poleras-theindianface-spiritwhite-6.jpg, https://trendseeker.cl/wp-content/uploads/2024/10/poleras-theindianface-spiritwhite-7.jpg",,,,,,,,,127,,The Indian Face,The Indian Face,Talla,"L, M, S, Talla 3, Talla 4, Talla 5, Talla 6, XL",1,1,
29583,simple,IF-A08-23M01C05-UN,8433856083347,Mochila Atlas - Red,1,0,visible,,"Mochila The Indian Face unisex para adultos y niños, ideal para llevar tu estilo aventurero a cualquier lugar. Confeccionada con materiales resistentes y diseñada para el uso diario, esta mochila está hecha para soportar las exigencias de la vida urbana y las escapadas a la naturaleza. Su composición de alta calidad garantiza durabilidad y confort en cada aventura.\n\n\n\n<strong>Características:</strong>\n\n<ul>\n\n 	<li>30 Litros de capacidad</li>\n\n 	<li>Modelo unisex para adultos y niños</li>\n\n 	<li>Amplio compartimento principal con bolsillos adicionales para organización</li>\n\n 	<li>Composición: Tejidos resistentes y de alta durabilidad.</li>\n\n 	<li>Tirantes acolchados ajustables para un transporte cómodo</li>\n\n 	<li>Diseño con estampado y logo de The Indian Face</li>\n\n</ul>\n\n<strong>Información de cuidado:</strong>\n\n<ul>\n\n 	<li>Limpieza fácil con un paño húmedo y jabón suave</li>\n\n 	<li>No usar blanqueadores ni cloratos para limpiar</li>\n\n 	<li>No es adecuada para secadora</li>\n\n 	<li>Evitar el contacto directo con el calor o plancha para preservar la integridad del diseño</li>\n\n</ul>\n\nEsta mochila The Indian Face no solo te acompaña en tus viajes sino que también proyecta tu pasión por la vida al aire libre y la aventura, manteniendo el espíritu de la marca.",,,taxable,,1,14,,0,0,,,,,0,,,79990,"Bolsos, Bolsos y Mochilas, Género, Género > Hombre, Tipo de producto > Mochilas, Género > Mujer, Tipo de producto, Género > Unisex",,,"https://trendseeker.cl/wp-content/uploads/2024/10/mochila-theindianface-atlasred-1.jpg, https://trendseeker.cl/wp-content/uploads/2024/10/mochila-theindianface-atlasred-2.jpg, https://trendseeker.cl/wp-content/uploads/2024/10/mochila-theindianface-atlasred-3.jpg, https://trendseeker.cl/wp-content/uploads/2024/10/mochila-theindianface-atlasred-4.jpg, https://trendseeker.cl/wp-content/uploads/2024/10/mochila-theindianface-atlasred-5.jpg, https://trendseeker.cl/wp-content/uploads/2024/10/mochila-theindianface-atlasred-6.jpg",,,,,,,,,129,8433856083347,The Indian Face,The Indian Face,,,,,
29576,simple,IF-A08-23M01C03-UN,8433856083323,Mochila Atlas - Dark Green,1,0,visible,,"Mochila The Indian Face unisex para adultos y niños, ideal para llevar tu estilo aventurero a cualquier lugar. Confeccionada con materiales resistentes y diseñada para el uso diario, esta mochila está hecha para soportar las exigencias de la vida urbana y las escapadas a la naturaleza. Su composición de alta calidad garantiza durabilidad y confort en cada aventura.\n\n\n\n<strong>Características:</strong>\n\n<ul>\n\n 	<li>30 Litros de capacidad</li>\n\n 	<li>Modelo unisex para adultos y niños</li>\n\n 	<li>Amplio compartimento principal con bolsillos adicionales para organización</li>\n\n 	<li>Composición: Tejidos resistentes y de alta durabilidad.</li>\n\n 	<li>Tirantes acolchados ajustables para un transporte cómodo</li>\n\n 	<li>Diseño con estampado y logo de The Indian Face</li>\n\n</ul>\n\n<strong>Información de cuidado:</strong>\n\n<ul>\n\n 	<li>Limpieza fácil con un paño húmedo y jabón suave</li>\n\n 	<li>No usar blanqueadores ni cloratos para limpiar</li>\n\n 	<li>No es adecuada para secadora</li>\n\n 	<li>Evitar el contacto directo con el calor o plancha para preservar la integridad del diseño</li>\n\n</ul>\n\nEsta mochila The Indian Face no solo te acompaña en tus viajes sino que también proyecta tu pasión por la vida al aire libre y la aventura, manteniendo el espíritu de la marca.",,,taxable,,0,0,,0,0,,,,,0,,,79990,"Bolsos y Mochilas, Género > Hombre, Tipo de producto > Mochilas, Género > Mujer, Género > Unisex",,,"https://trendseeker.cl/wp-content/uploads/2024/10/mochila-theindianface-atlasdarkgreen-1.jpg, https://trendseeker.cl/wp-content/uploads/2024/10/mochila-theindianface-atlasdarkgreen-2.jpg, https://trendseeker.cl/wp-content/uploads/2024/10/mochila-theindianface-atlasdarkgreen-3.jpg, https://trendseeker.cl/wp-content/uploads/2024/10/mochila-theindianface-atlasdarkgreen-4.jpg, https://trendseeker.cl/wp-content/uploads/2024/10/mochila-theindianface-atlasdarkgreen-5.jpg, https://trendseeker.cl/wp-content/uploads/2024/10/mochila-theindianface-atlasdarkgreen-6.jpg",,,,,,,,,131,8433856083323,The Indian Face,The Indian Face,,,,,
29568,simple,IF-A08-23M01C01-UN,8433856083309,Mochila Atlas - Black,1,0,visible,,"Mochila The Indian Face unisex para adultos y niños, ideal para llevar tu estilo aventurero a cualquier lugar. Confeccionada con materiales resistentes y diseñada para el uso diario, esta mochila está hecha para soportar las exigencias de la vida urbana y las escapadas a la naturaleza. Su composición de alta calidad garantiza durabilidad y confort en cada aventura.\n\n\n\n<strong>Características:</strong>\n\n<ul>\n\n 	<li>30 Litros de capacidad</li>\n\n 	<li>Modelo unisex para adultos y niños</li>\n\n 	<li>Amplio compartimento principal con bolsillos adicionales para organización</li>\n\n 	<li>Composición: Tejidos resistentes y de alta durabilidad.</li>\n\n 	<li>Tirantes acolchados ajustables para un transporte cómodo</li>\n\n 	<li>Diseño con estampado y logo de The Indian Face</li>\n\n</ul>\n\n<strong>Información de cuidado:</strong>\n\n<ul>\n\n 	<li>Limpieza fácil con un paño húmedo y jabón suave</li>\n\n 	<li>No usar blanqueadores ni cloratos para limpiar</li>\n\n 	<li>No es adecuada para secadora</li>\n\n 	<li>Evitar el contacto directo con el calor o plancha para preservar la integridad del diseño</li>\n\n</ul>\n\nEsta mochila The Indian Face no solo te acompaña en tus viajes sino que también proyecta tu pasión por la vida al aire libre y la aventura, manteniendo el espíritu de la marca.",,,taxable,,1,9,,0,0,,,,,0,,,79990,"Bolsos, Bolsos y Mochilas, Género, Género > Hombre, Tipo de producto > Mochilas, Género > Mujer, Tipo de producto, Género > Unisex",,,"https://trendseeker.cl/wp-content/uploads/2024/10/mochila-theindianface-atlasblack-1.jpg, https://trendseeker.cl/wp-content/uploads/2024/10/mochila-theindianface-atlasblack-2.jpg, https://trendseeker.cl/wp-content/uploads/2024/10/mochila-theindianface-atlasblack-6.jpg, https://trendseeker.cl/wp-content/uploads/2024/10/mochila-theindianface-atlasblack-5.jpg, https://trendseeker.cl/wp-content/uploads/2024/10/mochila-theindianface-atlasblack-4.jpg, https://trendseeker.cl/wp-content/uploads/2024/10/mochila-theindianface-atlasblack-3.jpg",,,,,,,,,133,8433856083309,The Indian Face,The Indian Face,,,,,
29551,simple,IF-A09-23M01C04-UN,8433856083415,Bolso Latitude - Red,1,0,visible,,"Descubre el bolso de viaje The Indian Face de 70 litros, diseñado para el trotamundos moderno que no conoce límites. Este bolso es unisex, ideal tanto para largas expediciones como para escapadas rápidas, ofrece un espacio amplio y organizado para todos tus imprescindibles de viaje. Elaborado con un material resistente al agua, está preparado para enfrentar cualquier clima y terreno, manteniendo tus pertenencias seguras y secas.\n\n\n\n<strong>Características:</strong>\n\n<ul>\n\n 	<li>Capacidad de 70 litros, perfecta para viajes largos</li>\n\n 	<li>Material resistente al agua para protección en todas las condiciones meteorológicas</li>\n\n 	<li>Compartimentos múltiples para una organización eficiente</li>\n\n 	<li>Sistema de espalda ergonómico y tirantes ajustables para una carga equilibrada y confortable</li>\n\n 	<li>Accesos estratégicos y cierres seguros para mantener tus enseres a mano y protegidos</li>\n\n 	<li>Diseño robusto con el inconfundible logo de The Indian Face</li>\n\n</ul>\n\n<strong>Información de cuidado:</strong>\n\n<ul>\n\n 	<li>Limpieza sencilla con un paño húmedo; evitar el uso de detergentes fuertes</li>\n\n 	<li>No sumergir en agua para conservar la integridad de los materiales resistentes al agua</li>\n\n 	<li>Secar al aire libre en lugar sombreado</li>\n\n 	<li>Evitar la exposición directa a fuentes de calor para no dañar los materiales</li>\n\n</ul>\n\nEste bolso de viaje The Indian Face es el compañero ideal para aquellos que buscan la libertad de explorar, con la seguridad de llevar todo lo necesario en un solo lugar. Con ella, cada destino es un nuevo comienzo y cada jornada, una historia por contar.",,,taxable,,1,8,,0,0,,,,,0,,,109990,"Bolsos, Bolsos y Mochilas, Género, Género > Hombre, Tipo de producto > Mochilas, Género > Mujer, Tipo de producto, Género > Unisex",,,"https://trendseeker.cl/wp-content/uploads/2024/10/bolso-theindianface-latitudered-1.jpg, https://trendseeker.cl/wp-content/uploads/2024/10/bolso-theindianface-latitudered-2.jpg, https://trendseeker.cl/wp-content/uploads/2024/10/bolso-theindianface-latitudered-3.jpg, https://trendseeker.cl/wp-content/uploads/2024/10/bolso-theindianface-latitudered-4.jpg, https://trendseeker.cl/wp-content/uploads/2024/10/bolso-theindianface-latitudered-5.jpg, https://trendseeker.cl/wp-content/uploads/2024/10/bolso-theindianface-latitudered-6.jpg",,,,,,,,,135,8433856083415,The Indian Face,The Indian Face,,,,,
29544,simple,IF-A09-23M01C02-UN,8433856083392,Bolso Latitude - Green,1,0,visible,,"Descubre el bolso de viaje The Indian Face de 70 litros, diseñado para el trotamundos moderno que no conoce límites. Este bolso es unisex, ideal tanto para largas expediciones como para escapadas rápidas, ofrece un espacio amplio y organizado para todos tus imprescindibles de viaje. Elaborado con un material resistente al agua, está preparado para enfrentar cualquier clima y terreno, manteniendo tus pertenencias seguras y secas.\n\n\n\n<strong>Características:</strong>\n\n<ul>\n\n 	<li>Capacidad de 70 litros, perfecta para viajes largos</li>\n\n 	<li>Material resistente al agua para protección en todas las condiciones meteorológicas</li>\n\n 	<li>Compartimentos múltiples para una organización eficiente</li>\n\n 	<li>Sistema de espalda ergonómico y tirantes ajustables para una carga equilibrada y confortable</li>\n\n 	<li>Accesos estratégicos y cierres seguros para mantener tus enseres a mano y protegidos</li>\n\n 	<li>Diseño robusto con el inconfundible logo de The Indian Face</li>\n\n</ul>\n\n<strong>Información de cuidado:</strong>\n\n<ul>\n\n 	<li>Limpieza sencilla con un paño húmedo; evitar el uso de detergentes fuertes</li>\n\n 	<li>No sumergir en agua para conservar la integridad de los materiales resistentes al agua</li>\n\n 	<li>Secar al aire libre en lugar sombreado</li>\n\n 	<li>Evitar la exposición directa a fuentes de calor para no dañar los materiales</li>\n\n</ul>\n\nEste bolso de viaje The Indian Face es el compañero ideal para aquellos que buscan la libertad de explorar, con la seguridad de llevar todo lo necesario en un solo lugar. Con ella, cada destino es un nuevo comienzo y cada jornada, una historia por contar.",,,taxable,,1,9,,0,0,,,,,0,,,109990,"Bolsos, Bolsos y Mochilas, Género, Género > Hombre, Tipo de producto > Mochilas, Género > Mujer, Tipo de producto, Género > Unisex",,,"https://trendseeker.cl/wp-content/uploads/2024/10/bolso-theindianface-latitudegreen-1.jpg, https://trendseeker.cl/wp-content/uploads/2024/10/bolso-theindianface-latitudegreen-2.jpg, https://trendseeker.cl/wp-content/uploads/2024/10/bolso-theindianface-latitudegreen-3.jpg, https://trendseeker.cl/wp-content/uploads/2024/10/bolso-theindianface-latitudegreen-4.jpg, https://trendseeker.cl/wp-content/uploads/2024/10/bolso-theindianface-latitudegreen-5.jpg, https://trendseeker.cl/wp-content/uploads/2024/10/bolso-theindianface-latitudegreen-6.jpg",,,,,,,,,136,8433856083392,The Indian Face,The Indian Face,,,,,
29537,simple,IF-A09-23M01C01-UN,8433856083385,Bolso Latitude - Black,1,0,visible,,"Descubre el bolso de viaje The Indian Face de 70 litros, diseñado para el trotamundos moderno que no conoce límites. Este bolso es unisex, ideal tanto para largas expediciones como para escapadas rápidas, ofrece un espacio amplio y organizado para todos tus imprescindibles de viaje. Elaborado con un material resistente al agua, está preparado para enfrentar cualquier clima y terreno, manteniendo tus pertenencias seguras y secas.\n\n\n\n<strong>Características:</strong>\n\n<ul>\n\n 	<li>Capacidad de 70 litros, perfecta para viajes largos</li>\n\n 	<li>Material resistente al agua para protección en todas las condiciones meteorológicas</li>\n\n 	<li>Compartimentos múltiples para una organización eficiente</li>\n\n 	<li>Sistema de espalda ergonómico y tirantes ajustables para una carga equilibrada y confortable</li>\n\n 	<li>Accesos estratégicos y cierres seguros para mantener tus enseres a mano y protegidos</li>\n\n 	<li>Diseño robusto con el inconfundible logo de The Indian Face</li>\n\n</ul>\n\n<strong>Información de cuidado:</strong>\n\n<ul>\n\n 	<li>Limpieza sencilla con un paño húmedo; evitar el uso de detergentes fuertes</li>\n\n 	<li>No sumergir en agua para conservar la integridad de los materiales resistentes al agua</li>\n\n 	<li>Secar al aire libre en lugar sombreado</li>\n\n 	<li>Evitar la exposición directa a fuentes de calor para no dañar los materiales</li>\n\n</ul>\n\nEste bolso de viaje The Indian Face es el compañero ideal para aquellos que buscan la libertad de explorar, con la seguridad de llevar todo lo necesario en un solo lugar. Con ella, cada destino es un nuevo comienzo y cada jornada, una historia por contar.",,,taxable,,1,16,,0,0,,,,,0,,,109990,"Bolsos, Bolsos y Mochilas, Género, Género > Hombre, Tipo de producto > Mochilas, Género > Mujer, Tipo de producto, Género > Unisex",,,"https://trendseeker.cl/wp-content/uploads/2024/10/bolso-theindianface-latitudeblack-1.jpg, https://trendseeker.cl/wp-content/uploads/2024/10/bolso-theindianface-latitudeblack-2.jpg, https://trendseeker.cl/wp-content/uploads/2024/10/bolso-theindianface-latitudeblack-3.jpg, https://trendseeker.cl/wp-content/uploads/2024/10/bolso-theindianface-latitudeblack-4.jpg, https://trendseeker.cl/wp-content/uploads/2024/10/bolso-theindianface-latitudeblack-5.jpg, https://trendseeker.cl/wp-content/uploads/2024/10/bolso-theindianface-latitudeblack-6.jpg",,,,,,,,,138,8433856083385,The Indian Face,The Indian Face,,,,,
29529,simple,24-030-03-UN,8433856071757,Anteojo Frontier - Black / Blue,1,0,visible,,"Las gafas de sol The Indian Face® son reconocidas y comercializadas en más de 30 países. ¿Crees que es por casualidad? #BORNTOBEFREE\n\n\n\nSon gafas de sol totalmente unisex, es decir, que son gafas con monturas que se adaptan tanto para hombre como para mujer. Gracias a su equilibrio simétrico, conseguimos un efecto estético favorable en ambos perfiles faciales, consiguiendo así, una total polivalencia.\n\n\n\nCuentan con una protección UV400 en categoría 3 siendo así la elección perfecta para practicar deportes acuáticos como de invierno, además de ser perfectas para el uso diario y son aptas para la conducción.\n\n\n\nLentes <strong>TAC FULL HD</strong> de alta definición están fabricadas con materiales que proporcionan un alto contraste y gran nitidez.\n\n\n\n<strong>LENTES POLARIZADAS DE ALTA DEFINICIÓN</strong>\n\n\n\nLentes Polarizadas: desvían los reflejos y el rebote de los rayos solares sobre superficies como la carretera o el mar creándote así, una mayor suavidad visual lo que se traduce en un mayor confort para tus ojos.\n\n\n\nFiltro UV400 que te protege de los rayos UV del sol, incluyendo los rayos UVA y los UVB.\n\n\n\nTransmisión lumínica en Categoría 3 perfecta para los días de sol intenso. Para ir a la playa, practicar deporte o simplemente pasear por el campo o la ciudad.\n\n\n\nLentes <strong>TAC FULL HD</strong> fabricadas con multi capa de Alta Definición para conseguir una mayor nitidez en cualquier condición de luz. Verás todos los colores con mejor contraste y mayor fidelidad.\n\n<ul>\n\n 	<li>Montura Unisex tanto para hombre como para mujer, ultra ligera fabricada en PC.</li>\n\n 	<li>Diseño ergonómico unisex extra confortable para una mejor adaptación tanto en hombre como en mujer.</li>\n\n 	<li>Bisagras de titanio de 5 barras para conseguir una mayor durabilidad al máximo rendimiento. Unas gafas de sol pueden ser abiertas y cerradas miles de veces por lo que es importante contar con unas bisagras de máxima calidad capaces de aguantar el paso del tiempo.</li>\n\n 	<li>Lentes TAC Polarizadas de Alta Definición Protección CAT.3 - UV400.</li>\n\n 	<li>Funda de microfibra incluida con la que podrás guardar tus gafas y además limpiar las lentes.</li>\n\n</ul>",,,taxable,,1,7,,0,0,,,,,0,,,59990,"Tipo de producto > Accesorios, Anteojos, Género > Hombre, Género > Mujer, Tipo de producto, Género > Unisex",,,"https://trendseeker.cl/wp-content/uploads/2024/10/anteojos-theindianface-frontierblue-1.jpg, https://trendseeker.cl/wp-content/uploads/2024/10/anteojos-theindianface-frontierblue-2.jpg, https://trendseeker.cl/wp-content/uploads/2024/10/anteojos-theindianface-frontierblue-3.jpg, https://trendseeker.cl/wp-content/uploads/2024/10/anteojos-theindianface-frontierblue-4.jpg, https://trendseeker.cl/wp-content/uploads/2024/10/anteojos-theindianface-frontierblue-5.jpg, https://trendseeker.cl/wp-content/uploads/2024/10/anteojos-theindianface-frontierblue-6.jpg",,,,,,,,,141,8433856071757,The Indian Face,The Indian Face,,,,,
29522,simple,24-030-02-UN,8433856071740,Anteojo Frontier - Black / Bronze,1,0,visible,,"Las gafas de sol The Indian Face® son reconocidas y comercializadas en más de 30 países. ¿Crees que es por casualidad? #BORNTOBEFREE\n\n\n\nSon gafas de sol totalmente unisex, es decir, que son gafas con monturas que se adaptan tanto para hombre como para mujer. Gracias a su equilibrio simétrico, conseguimos un efecto estético favorable en ambos perfiles faciales, consiguiendo así, una total polivalencia.\n\n\n\nCuentan con una protección UV400 en categoría 3 siendo así la elección perfecta para practicar deportes acuáticos como de invierno, además de ser perfectas para el uso diario y son aptas para la conducción.\n\n\n\nLentes <strong>TAC FULL HD</strong> de alta definición están fabricadas con materiales que proporcionan un alto contraste y gran nitidez.\n\n\n\n<strong>LENTES POLARIZADAS DE ALTA DEFINICIÓN</strong>\n\n\n\nLentes Polarizadas: desvían los reflejos y el rebote de los rayos solares sobre superficies como la carretera o el mar creándote así, una mayor suavidad visual lo que se traduce en un mayor confort para tus ojos.\n\n\n\nFiltro UV400 que te protege de los rayos UV del sol, incluyendo los rayos UVA y los UVB.\n\n\n\nTransmisión lumínica en Categoría 3 perfecta para los días de sol intenso. Para ir a la playa, practicar deporte o simplemente pasear por el campo o la ciudad.\n\n\n\nLentes <strong>TAC FULL HD</strong> fabricadas con multi capa de Alta Definición para conseguir una mayor nitidez en cualquier condición de luz. Verás todos los colores con mejor contraste y mayor fidelidad.\n\n<ul>\n\n 	<li>Montura Unisex tanto para hombre como para mujer, ultra ligera fabricada en PC.</li>\n\n 	<li>Diseño ergonómico unisex extra confortable para una mejor adaptación tanto en hombre como en mujer.</li>\n\n 	<li>Bisagras de titanio de 5 barras para conseguir una mayor durabilidad al máximo rendimiento. Unas gafas de sol pueden ser abiertas y cerradas miles de veces por lo que es importante contar con unas bisagras de máxima calidad capaces de aguantar el paso del tiempo.</li>\n\n 	<li>Lentes TAC Polarizadas de Alta Definición Protección CAT.3 - UV400.</li>\n\n 	<li>Funda de microfibra incluida con la que podrás guardar tus gafas y además limpiar las lentes.</li>\n\n</ul>",,,taxable,,1,10,,0,0,,,,,0,,,59990,"Tipo de producto > Accesorios, Anteojos, Género, Género > Hombre, Género > Mujer, Tipo de producto, Género > Unisex",,,"https://trendseeker.cl/wp-content/uploads/2024/10/anteojos-theindianface-frontierbronze-1.jpg, https://trendseeker.cl/wp-content/uploads/2024/10/anteojos-theindianface-frontierbronze-2.jpg, https://trendseeker.cl/wp-content/uploads/2024/10/anteojos-theindianface-frontierbronze-3.jpg, https://trendseeker.cl/wp-content/uploads/2024/10/anteojos-theindianface-frontierbronze-4.jpg, https://trendseeker.cl/wp-content/uploads/2024/10/anteojos-theindianface-frontierbronze-5.jpg, https://trendseeker.cl/wp-content/uploads/2024/10/anteojos-theindianface-frontierbronze-6.jpg",,,,,,,,,143,8433856071740,The Indian Face,The Indian Face,,,,,
29515,simple,24-030-01-UN,8433856071733,Anteojo Frontier - Black / Black,1,0,visible,,"Las gafas de sol The Indian Face® son reconocidas y comercializadas en más de 30 países. ¿Crees que es por casualidad? #BORNTOBEFREE\n\n\n\nSon gafas de sol totalmente unisex, es decir, que son gafas con monturas que se adaptan tanto para hombre como para mujer. Gracias a su equilibrio simétrico, conseguimos un efecto estético favorable en ambos perfiles faciales, consiguiendo así, una total polivalencia.\n\n\n\nCuentan con una protección UV400 en categoría 3 siendo así la elección perfecta para practicar deportes acuáticos como de invierno, además de ser perfectas para el uso diario y son aptas para la conducción.\n\n\n\nLentes <strong>TAC FULL HD</strong> de alta definición están fabricadas con materiales que proporcionan un alto contraste y gran nitidez.\n\n\n\n<strong>LENTES POLARIZADAS DE ALTA DEFINICIÓN</strong>\n\n\n\nLentes Polarizadas: desvían los reflejos y el rebote de los rayos solares sobre superficies como la carretera o el mar creándote así, una mayor suavidad visual lo que se traduce en un mayor confort para tus ojos.\n\n\n\nFiltro UV400 que te protege de los rayos UV del sol, incluyendo los rayos UVA y los UVB.\n\n\n\nTransmisión lumínica en Categoría 3 perfecta para los días de sol intenso. Para ir a la playa, practicar deporte o simplemente pasear por el campo o la ciudad.\n\n\n\nLentes <strong>TAC FULL HD</strong> fabricadas con multi capa de Alta Definición para conseguir una mayor nitidez en cualquier condición de luz. Verás todos los colores con mejor contraste y mayor fidelidad.\n\n<ul>\n\n 	<li>Montura Unisex tanto para hombre como para mujer, ultra ligera fabricada en PC.</li>\n\n 	<li>Diseño ergonómico unisex extra confortable para una mejor adaptación tanto en hombre como en mujer.</li>\n\n 	<li>Bisagras de titanio de 5 barras para conseguir una mayor durabilidad al máximo rendimiento. Unas gafas de sol pueden ser abiertas y cerradas miles de veces por lo que es importante contar con unas bisagras de máxima calidad capaces de aguantar el paso del tiempo.</li>\n\n 	<li>Lentes TAC Polarizadas de Alta Definición Protección CAT.3 - UV400.</li>\n\n 	<li>Funda de microfibra incluida con la que podrás guardar tus gafas y además limpiar las lentes.</li>\n\n</ul>",,,taxable,,1,8,,0,0,,,,,0,,,59990,"Tipo de producto > Accesorios, Anteojos, Género > Hombre, Género > Mujer, Tipo de producto, Género > Unisex",,,"https://trendseeker.cl/wp-content/uploads/2024/10/anteojos-theindianface-frontierblack-1.jpg, https://trendseeker.cl/wp-content/uploads/2024/10/anteojos-theindianface-frontierblack-2.jpg, https://trendseeker.cl/wp-content/uploads/2024/10/anteojos-theindianface-frontierblack-3.jpg, https://trendseeker.cl/wp-content/uploads/2024/10/anteojos-theindianface-frontierblack-4.jpg, https://trendseeker.cl/wp-content/uploads/2024/10/anteojos-theindianface-frontierblack-5.jpg, https://trendseeker.cl/wp-content/uploads/2024/10/anteojos-theindianface-frontierblack-6.jpg",,,,,,,,,145,8433856071733,The Indian Face,The Indian Face,,,,,
29514,simple,24-028-02-UN,8433856071580,Anteojo Kahoa - Black / Bronze,1,0,visible,,"Las gafas de sol The Indian Face® son reconocidas y comercializadas en más de 30 países. ¿Crees que es por casualidad? #BORNTOBEFREE\n\n\n\nSon gafas de sol totalmente unisex, es decir, que son gafas con monturas que se adaptan tanto para hombre como para mujer. Gracias a su equilibrio simétrico, conseguimos un efecto estético favorable en ambos perfiles faciales, consiguiendo así, una total polivalencia.\n\n\n\nCuentan con una protección UV400 en categoría 3 siendo así la elección perfecta para practicar deportes acuáticos como de invierno, además de ser perfectas para el uso diario y son aptas para la conducción.\n\n\n\nLentes <strong>TAC FULL HD</strong> de alta definición están fabricadas con materiales que proporcionan un alto contraste y gran nitidez.\n\n\n\n<strong>LENTES POLARIZADAS DE ALTA DEFINICIÓN</strong>\n\n\n\nLentes Polarizadas: desvían los reflejos y el rebote de los rayos solares sobre superficies como la carretera o el mar creándote así, una mayor suavidad visual lo que se traduce en un mayor confort para tus ojos.\n\n\n\nFiltro UV400 que te protege de los rayos UV del sol, incluyendo los rayos UVA y los UVB.\n\n\n\nTransmisión lumínica en Categoría 3 perfecta para los días de sol intenso. Para ir a la playa, practicar deporte o simplemente pasear por el campo o la ciudad.\n\n\n\nLentes <strong>TAC FULL HD</strong> fabricadas con multi capa de Alta Definición para conseguir una mayor nitidez en cualquier condición de luz. Verás todos los colores con mejor contraste y mayor fidelidad.\n\n<ul>\n\n 	<li>Montura Unisex tanto para hombre como para mujer, ultra ligera fabricada en PC.</li>\n\n 	<li>Diseño ergonómico unisex extra confortable para una mejor adaptación tanto en hombre como en mujer.</li>\n\n 	<li>Bisagras de titanio de 5 barras para conseguir una mayor durabilidad al máximo rendimiento. Unas gafas de sol pueden ser abiertas y cerradas miles de veces por lo que es importante contar con unas bisagras de máxima calidad capaces de aguantar el paso del tiempo.</li>\n\n 	<li>Lentes TAC Polarizadas de Alta Definición Protección CAT.3 - UV400.</li>\n\n 	<li>Funda de microfibra incluida con la que podrás guardar tus gafas y además limpiar las lentes.</li>\n\n</ul>",,,taxable,,1,8,,0,0,,,,,0,,,59990,"Tipo de producto > Accesorios, Anteojos, Género > Hombre, Género > Mujer, Tipo de producto, Género > Unisex",,,"https://trendseeker.cl/wp-content/uploads/2024/10/Anteojo-The-Indian-Face-Kahoa-Black-Bronze-1.jpg, https://trendseeker.cl/wp-content/uploads/2024/10/Anteojo-The-Indian-Face-Kahoa-Black-Bronze.jpg",,,,,,,,,147,8433856071580,The Indian Face,The Indian Face,,,,,
29507,simple,24-025-02-UN,8433856071351,Anteojo Polar - Black / Brown,1,0,visible,,"Las gafas de sol The Indian Face® son reconocidas y comercializadas en más de 30 países. ¿Crees que es por casualidad? #BORNTOBEFREE\n\n\n\nSon gafas de sol totalmente unisex, es decir, que son gafas con monturas que se adaptan tanto para hombre como para mujer. Gracias a su equilibrio simétrico, conseguimos un efecto estético favorable en ambos perfiles faciales, consiguiendo así, una total polivalencia.\n\n\n\nCuentan con una protección UV400 en categoría 3 siendo así la elección perfecta para practicar deportes acuáticos como de invierno, además de ser perfectas para el uso diario y son aptas para la conducción.\n\n\n\nLentes <strong>TAC FULL HD</strong> de alta definición están fabricadas con materiales que proporcionan un alto contraste y gran nitidez.\n\n\n\n<strong>LENTES POLARIZADAS DE ALTA DEFINICIÓN</strong>\n\n\n\nLentes Polarizadas: desvían los reflejos y el rebote de los rayos solares sobre superficies como la carretera o el mar creándote así, una mayor suavidad visual lo que se traduce en un mayor confort para tus ojos.\n\n\n\nFiltro UV400 que te protege de los rayos UV del sol, incluyendo los rayos UVA y los UVB.\n\n\n\nTransmisión lumínica en Categoría 3 perfecta para los días de sol intenso. Para ir a la playa, practicar deporte o simplemente pasear por el campo o la ciudad.\n\n\n\nLentes <strong>TAC FULL HD</strong> fabricadas con multi capa de Alta Definición para conseguir una mayor nitidez en cualquier condición de luz. Verás todos los colores con mejor contraste y mayor fidelidad.\n\n<ul>\n\n 	<li>Montura Unisex tanto para hombre como para mujer, ultra ligera fabricada en PC.</li>\n\n 	<li>Diseño ergonómico unisex extra confortable para una mejor adaptación tanto en hombre como en mujer.</li>\n\n 	<li>Bisagras de titanio de 5 barras para conseguir una mayor durabilidad al máximo rendimiento. Unas gafas de sol pueden ser abiertas y cerradas miles de veces por lo que es importante contar con unas bisagras de máxima calidad capaces de aguantar el paso del tiempo.</li>\n\n 	<li>Lentes TAC Polarizadas de Alta Definición Protección CAT.3 - UV400.</li>\n\n 	<li>Funda de microfibra incluida con la que podrás guardar tus gafas y además limpiar las lentes.</li>\n\n</ul>",,,taxable,,1,11,,0,0,,,,,0,,,59990,"Tipo de producto > Accesorios, Anteojos, Género > Hombre, Género > Mujer, Tipo de producto, Género > Unisex",,,"https://trendseeker.cl/wp-content/uploads/2024/10/Anteojos-theindianface-PolarBlackbrown-1.jpg, https://trendseeker.cl/wp-content/uploads/2024/10/Anteojos-theindianface-PolarBlackbrown-2.jpg, https://trendseeker.cl/wp-content/uploads/2024/10/Anteojos-theindianface-PolarBlackbrown-3.jpg, https://trendseeker.cl/wp-content/uploads/2024/10/Anteojos-theindianface-PolarBlackbrown-4.jpg, https://trendseeker.cl/wp-content/uploads/2024/10/Anteojos-theindianface-PolarBlackbrown-5.jpg, https://trendseeker.cl/wp-content/uploads/2024/10/anteojos-theindianface-polarblackbrown-6.jpg",,,,,,,,,149,8433856071351,The Indian Face,The Indian Face,,,,,
29500,simple,24-025-01-UN,8433856071344,Anteojo Polar - Black / Black,1,0,visible,,"Las gafas de sol The Indian Face® son reconocidas y comercializadas en más de 30 países. ¿Crees que es por casualidad? #BORNTOBEFREE\n\n\n\nSon gafas de sol totalmente unisex, es decir, que son gafas con monturas que se adaptan tanto para hombre como para mujer. Gracias a su equilibrio simétrico, conseguimos un efecto estético favorable en ambos perfiles faciales, consiguiendo así, una total polivalencia.\n\n\n\nCuentan con una protección UV400 en categoría 3 siendo así la elección perfecta para practicar deportes acuáticos como de invierno, además de ser perfectas para el uso diario y son aptas para la conducción.\n\n\n\nLentes <strong>TAC FULL HD</strong> de alta definición están fabricadas con materiales que proporcionan un alto contraste y gran nitidez.\n\n\n\n<strong>LENTES POLARIZADAS DE ALTA DEFINICIÓN</strong>\n\n\n\nLentes Polarizadas: desvían los reflejos y el rebote de los rayos solares sobre superficies como la carretera o el mar creándote así, una mayor suavidad visual lo que se traduce en un mayor confort para tus ojos.\n\n\n\nFiltro UV400 que te protege de los rayos UV del sol, incluyendo los rayos UVA y los UVB.\n\n\n\nTransmisión lumínica en Categoría 3 perfecta para los días de sol intenso. Para ir a la playa, practicar deporte o simplemente pasear por el campo o la ciudad.\n\n\n\nLentes <strong>TAC FULL HD</strong> fabricadas con multi capa de Alta Definición para conseguir una mayor nitidez en cualquier condición de luz. Verás todos los colores con mejor contraste y mayor fidelidad.\n\n<ul>\n\n 	<li>Montura Unisex tanto para hombre como para mujer, ultra ligera fabricada en PC.</li>\n\n 	<li>Diseño ergonómico unisex extra confortable para una mejor adaptación tanto en hombre como en mujer.</li>\n\n 	<li>Bisagras de titanio de 5 barras para conseguir una mayor durabilidad al máximo rendimiento. Unas gafas de sol pueden ser abiertas y cerradas miles de veces por lo que es importante contar con unas bisagras de máxima calidad capaces de aguantar el paso del tiempo.</li>\n\n 	<li>Lentes TAC Polarizadas de Alta Definición Protección CAT.3 - UV400.</li>\n\n 	<li>Funda de microfibra incluida con la que podrás guardar tus gafas y además limpiar las lentes.</li>\n\n</ul>",,,taxable,,1,4,,0,0,,,,,0,,,59990,"Tipo de producto > Accesorios, Anteojos, Género > Hombre, Género > Mujer, Tipo de producto, Género > Unisex",,,"https://trendseeker.cl/wp-content/uploads/2024/10/Anteojos-theindianface-PolarBlack-1.jpg, https://trendseeker.cl/wp-content/uploads/2024/10/Anteojos-theindianface-PolarBlack-2.jpg, https://trendseeker.cl/wp-content/uploads/2024/10/Anteojos-theindianface-PolarBlack-3.jpg, https://trendseeker.cl/wp-content/uploads/2024/10/Anteojos-theindianface-PolarBlack-4.jpg, https://trendseeker.cl/wp-content/uploads/2024/10/Anteojos-theindianface-PolarBlack-5.jpg, https://trendseeker.cl/wp-content/uploads/2024/10/anteojos-theindianface-polarblack-6.jpg",,,,,,,,,151,8433856071344,The Indian Face,The Indian Face,,,,,
29493,simple,24-024-03-UN,8433856071245,Anteojo Arrecife - Black / Bronze,1,0,visible,,"Las gafas de sol The Indian Face® son reconocidas y comercializadas en más de 30 países. ¿Crees que es por casualidad? #BORNTOBEFREE\n\n\n\nSon gafas de sol totalmente unisex, es decir, que son gafas con monturas que se adaptan tanto para hombre como para mujer. Gracias a su equilibrio simétrico, conseguimos un efecto estético favorable en ambos perfiles faciales, consiguiendo así, una total polivalencia.\n\n\n\nCuentan con una protección UV400 en categoría 3 siendo así la elección perfecta para practicar deportes acuáticos como de invierno, además de ser perfectas para el uso diario y son aptas para la conducción.\n\n\n\nLentes <strong>TAC FULL HD</strong> de alta definición están fabricadas con materiales que proporcionan un alto contraste y gran nitidez.\n\n\n\n<strong>LENTES POLARIZADAS DE ALTA DEFINICIÓN</strong>\n\n\n\nLentes Polarizadas: desvían los reflejos y el rebote de los rayos solares sobre superficies como la carretera o el mar creándote así, una mayor suavidad visual lo que se traduce en un mayor confort para tus ojos.\n\n\n\nFiltro UV400 que te protege de los rayos UV del sol, incluyendo los rayos UVA y los UVB.\n\n\n\nTransmisión lumínica en Categoría 3 perfecta para los días de sol intenso. Para ir a la playa, practicar deporte o simplemente pasear por el campo o la ciudad.\n\n\n\nLentes <strong>TAC FULL HD</strong> fabricadas con multi capa de Alta Definición para conseguir una mayor nitidez en cualquier condición de luz. Verás todos los colores con mejor contraste y mayor fidelidad.\n\n<ul>\n\n 	<li>Montura Unisex tanto para hombre como para mujer, ultra ligera fabricada en PC.</li>\n\n 	<li>Diseño ergonómico unisex extra confortable para una mejor adaptación tanto en hombre como en mujer.</li>\n\n 	<li>Bisagras de titanio de 5 barras para conseguir una mayor durabilidad al máximo rendimiento. Unas gafas de sol pueden ser abiertas y cerradas miles de veces por lo que es importante contar con unas bisagras de máxima calidad capaces de aguantar el paso del tiempo.</li>\n\n 	<li>Lentes TAC Polarizadas de Alta Definición Protección CAT.3 - UV400.</li>\n\n 	<li>Funda de microfibra incluida con la que podrás guardar tus gafas y además limpiar las lentes.</li>\n\n</ul>",,,taxable,,1,12,,0,0,,,,,0,,,59990,"Tipo de producto > Accesorios, Anteojos, Género > Hombre, Género > Mujer, Tipo de producto, Género > Unisex",,,"https://trendseeker.cl/wp-content/uploads/2024/10/Anteojos-theindianface-Arrecife-BlackBronze-1.jpg, https://trendseeker.cl/wp-content/uploads/2024/10/Anteojos-theindianface-ArrecifeBlackBronze-2.jpg, https://trendseeker.cl/wp-content/uploads/2024/10/Anteojos-theindianface-ArrecifeBlackBronze-3.jpg, https://trendseeker.cl/wp-content/uploads/2024/10/Anteojos-theindianface-ArrecifeBlackBronze-4.jpg, https://trendseeker.cl/wp-content/uploads/2024/10/anteojos-theindianface-arrecifeblack-6-1.jpg, https://trendseeker.cl/wp-content/uploads/2024/10/Anteojos-theindianface-ArrecifeBlackBronze-5.jpg",,,,,,,,,153,8433856071245,The Indian Face,The Indian Face,,,,,
29486,simple,24-024-02-UN,8433856071238,Anteojo Arrecife - Black / Green,1,0,visible,,"Las gafas de sol The Indian Face® son reconocidas y comercializadas en más de 30 países. ¿Crees que es por casualidad? #BORNTOBEFREE\n\n\n\nSon gafas de sol totalmente unisex, es decir, que son gafas con monturas que se adaptan tanto para hombre como para mujer. Gracias a su equilibrio simétrico, conseguimos un efecto estético favorable en ambos perfiles faciales, consiguiendo así, una total polivalencia.\n\n\n\nCuentan con una protección UV400 en categoría 3 siendo así la elección perfecta para practicar deportes acuáticos como de invierno, además de ser perfectas para el uso diario y son aptas para la conducción.\n\n\n\nLentes <strong>TAC FULL HD</strong> de alta definición están fabricadas con materiales que proporcionan un alto contraste y gran nitidez.\n\n\n\n<strong>LENTES POLARIZADAS DE ALTA DEFINICIÓN</strong>\n\n\n\nLentes Polarizadas: desvían los reflejos y el rebote de los rayos solares sobre superficies como la carretera o el mar creándote así, una mayor suavidad visual lo que se traduce en un mayor confort para tus ojos.\n\n\n\nFiltro UV400 que te protege de los rayos UV del sol, incluyendo los rayos UVA y los UVB.\n\n\n\nTransmisión lumínica en Categoría 3 perfecta para los días de sol intenso. Para ir a la playa, practicar deporte o simplemente pasear por el campo o la ciudad.\n\n\n\nLentes <strong>TAC FULL HD</strong> fabricadas con multi capa de Alta Definición para conseguir una mayor nitidez en cualquier condición de luz. Verás todos los colores con mejor contraste y mayor fidelidad.\n\n<ul>\n\n 	<li>Montura Unisex tanto para hombre como para mujer, ultra ligera fabricada en PC.</li>\n\n 	<li>Diseño ergonómico unisex extra confortable para una mejor adaptación tanto en hombre como en mujer.</li>\n\n 	<li>Bisagras de titanio de 5 barras para conseguir una mayor durabilidad al máximo rendimiento. Unas gafas de sol pueden ser abiertas y cerradas miles de veces por lo que es importante contar con unas bisagras de máxima calidad capaces de aguantar el paso del tiempo.</li>\n\n 	<li>Lentes TAC Polarizadas de Alta Definición Protección CAT.3 - UV400.</li>\n\n 	<li>Funda de microfibra incluida con la que podrás guardar tus gafas y además limpiar las lentes.</li>\n\n</ul>",,,taxable,,1,15,,0,0,,,,,0,,,59990,"Tipo de producto > Accesorios, Anteojos, Género > Hombre, Género > Mujer, Tipo de producto, Género > Unisex",,,"https://trendseeker.cl/wp-content/uploads/2024/10/anteojos-theindianface-arrecifeblack-1.jpg, https://trendseeker.cl/wp-content/uploads/2024/10/anteojos-theindianface-arrecifeblack-2.jpg, https://trendseeker.cl/wp-content/uploads/2024/10/anteojos-theindianface-arrecifeblack-3.jpg, https://trendseeker.cl/wp-content/uploads/2024/10/anteojos-theindianface-arrecifeblack-4.jpg, https://trendseeker.cl/wp-content/uploads/2024/10/anteojos-theindianface-arrecifeblack-5.jpg, https://trendseeker.cl/wp-content/uploads/2024/10/anteojos-theindianface-arrecifeblack-6.jpg",,,,,,,,,155,8433856071238,The Indian Face,The Indian Face,,,,,
29479,simple,03-017-04-UN,8433856077681,Gorro Bowl - Navy Blue,1,0,visible,,"Las gorras The Indian Face® son reconocidas y comercializadas en más de 30 países. ¿Crees que es por casualidad? #BORNTOBEFREE\n\n\n\n<strong>TU GORRA HABLA POR TI</strong>\n\n\n\nTu gorra te define como eres y el carácter que llevas dentro. Te presentamos nuestra gorras The Indian Face® inspiradas en los deportes que nos identifican como marca y como filosofía de vida personal. Cierre ajustable para adaptarse a cualquier tamaño de cabeza. Un clásico de siempre. Nuestras gorras están estructuradas con una visera curva. Son perfectas para acompañarte en tus viajes con un estilo único.\n\n<ul>\n\n 	<li>Tamaño Unisex para hombre y mujer</li>\n\n 	<li>Cierre trasero ajustable</li>\n\n 	<li>100% algodón</li>\n\n 	<li>Visera Curva</li>\n\n</ul>\n\n<strong>IMPORTANTE:</strong> No lavar nunca en Lavadora, hay que lavarlas siempre a Mano\n\n\n\n<strong>UN COMPLEMENTO IMPRESCINDIBLE</strong>\n\n\n\nActualmente se han convertido en un distintivo de la moda actual que no solo cumple la función de protegerte del sol sino que además te aporta un toque de identidad. A día de hoy son pocas las celebrities del mundo de la moda y del deporte, que no hayan aparecido con una gorra en ambientes de todo tipo tanto en verano como en invierno.\n\n\n\n<strong>SIENTES EL DEPORTE COMO UNA PARTE DE TI</strong>\n\n\n\nLa necesidad de practicar deporte es algo que cada día se va extendiendo más a más en todos los países y todas las culturas del mundo. La necesidad de sentirse mejor, de desfogarse y de liberarte de los problemas cotidianos del día a día, hacen que la práctica deportiva sea ya un compañero de vida de cada vez mas gente.\n\n\n\n<strong>Y TU, ¿PARA QUE DEPORTE HAS NACIDO?</strong>\n\n\n\nNosotros, en The Indian Face hemos nacido para practicar cualquier deporte que nos haga sentirnos mas vivos, de mejor humor y sobretodo, que nos acerquen un poco más la naturaleza a nuestras vidas. Si algo es mejor que vivir, es poder vivir con emoción, pasión e intensidad.",,,taxable,,1,18,,0,0,,,,,0,,,32990,"Tipo de producto > Accesorios > Gorros, Género > Hombre, Género > Mujer, Género > Unisex",,,"https://trendseeker.cl/wp-content/uploads/2024/10/gorro-theindianface-bowlnavyblue-1.jpg, https://trendseeker.cl/wp-content/uploads/2024/10/gorro-theindianface-bowlnavyblue-2.jpg, https://trendseeker.cl/wp-content/uploads/2024/10/gorro-theindianface-bowlnavyblue-3.jpg, https://trendseeker.cl/wp-content/uploads/2024/10/gorro-theindianface-bowlnavyblue-4.jpg, https://trendseeker.cl/wp-content/uploads/2024/10/gorro-theindianface-bowlnavyblue-5.jpg, https://trendseeker.cl/wp-content/uploads/2024/10/gorro-theindianface-bowlnavyblue-6.jpg",,,,,,,,,157,8433856077681,The Indian Face,The Indian Face,,,,,
29471,simple,03-017-03-UN,8433856077674,Gorro Bowl - Green,1,0,visible,,"Las gorras The Indian Face® son reconocidas y comercializadas en más de 30 países. ¿Crees que es por casualidad? #BORNTOBEFREE\n\n\n\n<strong>TU GORRA HABLA POR TI</strong>\n\n\n\nTu gorra te define como eres y el carácter que llevas dentro. Te presentamos nuestra gorras The Indian Face® inspiradas en los deportes que nos identifican como marca y como filosofía de vida personal. Cierre ajustable para adaptarse a cualquier tamaño de cabeza. Un clásico de siempre. Nuestras gorras están estructuradas con una visera curva. Son perfectas para acompañarte en tus viajes con un estilo único.\n\n<ul>\n\n 	<li>Tamaño Unisex para hombre y mujer</li>\n\n 	<li>Cierre trasero ajustable</li>\n\n 	<li>100% algodón</li>\n\n 	<li>Visera Curva</li>\n\n</ul>\n\n<strong>IMPORTANTE:</strong> No lavar nunca en Lavadora, hay que lavarlas siempre a Mano\n\n\n\n<strong>UN COMPLEMENTO IMPRESCINDIBLE</strong>\n\n\n\nActualmente se han convertido en un distintivo de la moda actual que no solo cumple la función de protegerte del sol sino que además te aporta un toque de identidad. A día de hoy son pocas las celebrities del mundo de la moda y del deporte, que no hayan aparecido con una gorra en ambientes de todo tipo tanto en verano como en invierno.\n\n\n\n<strong>SIENTES EL DEPORTE COMO UNA PARTE DE TI</strong>\n\n\n\nLa necesidad de practicar deporte es algo que cada día se va extendiendo más a más en todos los países y todas las culturas del mundo. La necesidad de sentirse mejor, de desfogarse y de liberarte de los problemas cotidianos del día a día, hacen que la práctica deportiva sea ya un compañero de vida de cada vez mas gente.\n\n\n\n<strong>Y TU, ¿PARA QUE DEPORTE HAS NACIDO?</strong>\n\n\n\nNosotros, en The Indian Face hemos nacido para practicar cualquier deporte que nos haga sentirnos mas vivos, de mejor humor y sobretodo, que nos acerquen un poco más la naturaleza a nuestras vidas. Si algo es mejor que vivir, es poder vivir con emoción, pasión e intensidad.",,,taxable,,1,19,,0,0,,,,,0,,,32990,"Tipo de producto > Accesorios > Gorros, Género > Hombre, Género > Mujer, Género > Unisex",,,"https://trendseeker.cl/wp-content/uploads/2024/10/gorro-theindianface-bowlgreen-1-1.jpg, https://trendseeker.cl/wp-content/uploads/2024/10/gorro-theindianface-bowlgreen-2-1.jpg, https://trendseeker.cl/wp-content/uploads/2024/10/gorro-theindianface-bowlgreen-3-1.jpg, https://trendseeker.cl/wp-content/uploads/2024/10/gorro-theindianface-bowlgreen-4-1.jpg, https://trendseeker.cl/wp-content/uploads/2024/10/gorro-theindianface-bowlgreen-5-1.jpg, https://trendseeker.cl/wp-content/uploads/2024/10/gorro-theindianface-bowlgreen-6-1.jpg, https://trendseeker.cl/wp-content/uploads/2024/10/gorro-theindianface-bowlgreen-7-1.jpg",,,,,,,,,159,8433856077674,The Indian Face,The Indian Face,,,,,
29463,simple,03-017-01-UN,8433856077650,Gorro Bowl - Green / Navy Blue,1,0,visible,,"Las gorras The Indian Face® son reconocidas y comercializadas en más de 30 países. ¿Crees que es por casualidad? #BORNTOBEFREE\n\n\n\n<strong>TU GORRA HABLA POR TI</strong>\n\n\n\nTu gorra te define como eres y el carácter que llevas dentro. Te presentamos nuestra gorras The Indian Face® inspiradas en los deportes que nos identifican como marca y como filosofía de vida personal. Cierre ajustable para adaptarse a cualquier tamaño de cabeza. Un clásico de siempre. Nuestras gorras están estructuradas con una visera curva. Son perfectas para acompañarte en tus viajes con un estilo único.\n\n<ul>\n\n 	<li>Tamaño Unisex para hombre y mujer</li>\n\n 	<li>Cierre trasero ajustable</li>\n\n 	<li>100% algodón</li>\n\n 	<li>Visera Curva</li>\n\n</ul>\n\n<strong>IMPORTANTE:</strong> No lavar nunca en Lavadora, hay que lavarlas siempre a Mano\n\n\n\n<strong>UN COMPLEMENTO IMPRESCINDIBLE</strong>\n\n\n\nActualmente se han convertido en un distintivo de la moda actual que no solo cumple la función de protegerte del sol sino que además te aporta un toque de identidad. A día de hoy son pocas las celebrities del mundo de la moda y del deporte, que no hayan aparecido con una gorra en ambientes de todo tipo tanto en verano como en invierno.\n\n\n\n<strong>SIENTES EL DEPORTE COMO UNA PARTE DE TI</strong>\n\n\n\nLa necesidad de practicar deporte es algo que cada día se va extendiendo más a más en todos los países y todas las culturas del mundo. La necesidad de sentirse mejor, de desfogarse y de liberarte de los problemas cotidianos del día a día, hacen que la práctica deportiva sea ya un compañero de vida de cada vez mas gente.\n\n\n\n<strong>Y TU, ¿PARA QUE DEPORTE HAS NACIDO?</strong>\n\n\n\nNosotros, en The Indian Face hemos nacido para practicar cualquier deporte que nos haga sentirnos mas vivos, de mejor humor y sobretodo, que nos acerquen un poco más la naturaleza a nuestras vidas. Si algo es mejor que vivir, es poder vivir con emoción, pasión e intensidad.",,,taxable,,1,19,,0,0,,,,,0,,,32990,"Tipo de producto > Accesorios > Gorros, Género > Hombre, Género > Mujer, Género > Unisex",,,"https://trendseeker.cl/wp-content/uploads/2024/10/gorro-theindianface-bowlgreen-1.jpg, https://trendseeker.cl/wp-content/uploads/2024/10/gorro-theindianface-bowlgreen-2.jpg, https://trendseeker.cl/wp-content/uploads/2024/10/gorro-theindianface-bowlgreen-3.jpg, https://trendseeker.cl/wp-content/uploads/2024/10/gorro-theindianface-bowlgreen-4.jpg, https://trendseeker.cl/wp-content/uploads/2024/10/gorro-theindianface-bowlgreen-5.jpg, https://trendseeker.cl/wp-content/uploads/2024/10/gorro-theindianface-bowlgreen-6.jpg, https://trendseeker.cl/wp-content/uploads/2024/10/gorro-theindianface-bowlgreen-7.jpg",,,,,,,,,161,8433856077650,The Indian Face,The Indian Face,,,,,
29455,simple,03-016-08-UN,8433856077643,Gorro Action - Blue,1,0,visible,,"Las gorras The Indian Face® son reconocidas y comercializadas en más de 30 países. ¿Crees que es por casualidad? #BORNTOBEFREE\n\n\n\n<strong>TU GORRA HABLA POR TI</strong>\n\n\n\nTu gorra te define como eres y el carácter que llevas dentro. Te presentamos nuestra gorras The Indian Face® inspiradas en los deportes que nos identifican como marca y como filosofía de vida personal. Cierre ajustable para adaptarse a cualquier tamaño de cabeza. Un clásico de siempre. Nuestras gorras están estructuradas con una visera curva. Son perfectas para acompañarte en tus viajes con un estilo único.\n\n<ul>\n\n 	<li>Tamaño Unisex para hombre y mujer</li>\n\n 	<li>Cierre trasero ajustable</li>\n\n 	<li>100% algodón</li>\n\n 	<li>Visera Curva</li>\n\n</ul>\n\n<strong>IMPORTANTE:</strong> No lavar nunca en Lavadora, hay que lavarlas siempre a Mano\n\n\n\n<strong>UN COMPLEMENTO IMPRESCINDIBLE</strong>\n\n\n\nActualmente se han convertido en un distintivo de la moda actual que no solo cumple la función de protegerte del sol sino que además te aporta un toque de identidad. A día de hoy son pocas las celebrities del mundo de la moda y del deporte, que no hayan aparecido con una gorra en ambientes de todo tipo tanto en verano como en invierno.\n\n\n\n<strong>SIENTES EL DEPORTE COMO UNA PARTE DE TI</strong>\n\n\n\nLa necesidad de practicar deporte es algo que cada día se va extendiendo más a más en todos los países y todas las culturas del mundo. La necesidad de sentirse mejor, de desfogarse y de liberarte de los problemas cotidianos del día a día, hacen que la práctica deportiva sea ya un compañero de vida de cada vez mas gente.\n\n\n\n<strong>Y TU, ¿PARA QUE DEPORTE HAS NACIDO?</strong>\n\n\n\nNosotros, en The Indian Face hemos nacido para practicar cualquier deporte que nos haga sentirnos mas vivos, de mejor humor y sobretodo, que nos acerquen un poco más la naturaleza a nuestras vidas. Si algo es mejor que vivir, es poder vivir con emoción, pasión e intensidad.",,,taxable,,1,9,,0,0,,,,,0,,,32990,"Tipo de producto > Accesorios > Gorros, Género > Hombre, Género > Mujer, Género > Unisex",Top 7 regalos para Mamá,,"https://trendseeker.cl/wp-content/uploads/2024/10/gorro-theindianface-Actionblue-1.jpg, https://trendseeker.cl/wp-content/uploads/2024/10/gorro-theindianface-Actionblue-2.jpg, https://trendseeker.cl/wp-content/uploads/2024/10/gorro-theindianface-Actionblue-3.jpg, https://trendseeker.cl/wp-content/uploads/2024/10/gorro-theindianface-Actionblue-4.jpg, https://trendseeker.cl/wp-content/uploads/2024/10/gorro-theindianface-Actionblue-5.jpg, https://trendseeker.cl/wp-content/uploads/2024/10/gorro-theindianface-Actionblue-6.jpg, https://trendseeker.cl/wp-content/uploads/2024/10/gorro-theindianface-Actionblue-7.jpg",,,,,,,,,163,8433856077643,The Indian Face,The Indian Face,,,,,
29374,simple,03-013-11-UN,8433856072990,Gorro Born to Be Free Brown - Grey,1,0,visible,,"Las gorras The Indian Face® son reconocidas y comercializadas en más de 30 países. ¿Crees que es por casualidad? #BORNTOBEFREE\n\n\n\n<strong>TU GORRO HABLA POR TI</strong>\n\n\n\nTu gorro te define como eres y el carácter que llevas dentro. Te presentamos nuestra gorras The Indian Face® inspiradas en los deportes que nos identifican como marca y como filosofía de vida personal. Con frontal de algodón y parte trasera de rejilla. Cierre ajustable tipo Snapback para adaptarse a cualquier tamaño de cabeza. Un clásico inspirado en los años 80 y 90. Nuestras gorras trucker están estructuradas con una visera curva. Son perfectas para acompañarte en tus viajes con un estilo único.\n\n<ul>\n\n 	<li>Tamaño Unisex para hombre y mujer</li>\n\n 	<li>60% algodón / 40% polyester</li>\n\n 	<li>Estilo Trucker</li>\n\n 	<li>5 Paneles</li>\n\n 	<li>Visera Curva</li>\n\n</ul>\n\n<strong>IMPORTANTE:</strong> No lavar nunca en Lavadora, hay que lavarlas siempre a Mano.\n\n\n\n<strong>UN COMPLEMENTO IMPRESCINDIBLE</strong>\n\n\n\nUn gorra trucker también conocida en inglés como “gimme cap” o “feed cap” es una gorra de estilo clásico pero con rejilla en su parte trasera. El estilo de las gorras trucker nació en los años 60 cuando en Estados Unidos los conductores de los camiones que transportaban ganado, empezaron a utilizarlas. Las gorras trucker pasaron a ser, prácticamente, parte del uniforme de trabajo de un camionero. Eran su distintivo, el sello de autenticidad de un transportista profesional.\n\n\n\n<strong>SIENTES EL DEPORTE COMO UNA PARTE DE TI</strong>\n\n\n\nLa necesidad de practicar deporte es algo que cada día se va extendiendo más a más en todos los países y todas las culturas del mundo. La necesidad de sentirse mejor, de desfogarse y de liberarte de los problemas cotidianos del día a día, hacen que la práctica deportiva sea ya un compañero de vida de cada vez mas gente.\n\n\n\n<strong>Y TU, ¿PARA QUE DEPORTE HAS NACIDO?</strong>\n\n\n\nNosotros, en The Indian Face hemos nacido para practicar cualquier deporte que nos haga sentirnos mas vivos, de mejor humor y sobretodo, que nos acerquen un poco más la naturaleza a nuestras vidas. Si algo es mejor que vivir, es poder vivir con emoción, pasión e intensidad.",,,taxable,,0,0,,0,0,,,,,0,,,32990,"Tipo de producto > Accesorios > Gorros, Género > Hombre, Género > Mujer, Género > Unisex",,,"https://trendseeker.cl/wp-content/uploads/2024/10/gorro-theindianface-grey-brown-1.jpg, https://trendseeker.cl/wp-content/uploads/2024/10/gorro-theindianface-grey-brown-2.jpg, https://trendseeker.cl/wp-content/uploads/2024/10/gorro-theindianface-grey-brown-3.jpg, https://trendseeker.cl/wp-content/uploads/2024/10/gorro-theindianface-grey-brown-4.jpg, https://trendseeker.cl/wp-content/uploads/2024/10/gorro-theindianface-grey-brown-5.jpg, https://trendseeker.cl/wp-content/uploads/2024/10/gorro-theindianface-grey-brown-6.jpg",,,,,,,,,179,8433856072990,The Indian Face,The Indian Face,,,,,
29447,simple,03-016-03-UN,8433856077599,Gorro Action - Green,1,0,visible,,"Las gorras The Indian Face® son reconocidas y comercializadas en más de 30 países. ¿Crees que es por casualidad? #BORNTOBEFREE\n\n\n\n<strong>TU GORRA HABLA POR TI</strong>\n\n\n\nTu gorra te define como eres y el carácter que llevas dentro. Te presentamos nuestra gorras The Indian Face® inspiradas en los deportes que nos identifican como marca y como filosofía de vida personal. Cierre ajustable para adaptarse a cualquier tamaño de cabeza. Un clásico de siempre. Nuestras gorras están estructuradas con una visera curva. Son perfectas para acompañarte en tus viajes con un estilo único.\n\n<ul>\n\n 	<li>Tamaño Unisex para hombre y mujer</li>\n\n 	<li>Cierre trasero ajustable</li>\n\n 	<li>100% algodón</li>\n\n 	<li>Visera Curva</li>\n\n</ul>\n\n<strong>IMPORTANTE:</strong> No lavar nunca en Lavadora, hay que lavarlas siempre a Mano\n\n\n\n<strong>UN COMPLEMENTO IMPRESCINDIBLE</strong>\n\n\n\nActualmente se han convertido en un distintivo de la moda actual que no solo cumple la función de protegerte del sol sino que además te aporta un toque de identidad. A día de hoy son pocas las celebrities del mundo de la moda y del deporte, que no hayan aparecido con una gorra en ambientes de todo tipo tanto en verano como en invierno.\n\n\n\n<strong>SIENTES EL DEPORTE COMO UNA PARTE DE TI</strong>\n\n\n\nLa necesidad de practicar deporte es algo que cada día se va extendiendo más a más en todos los países y todas las culturas del mundo. La necesidad de sentirse mejor, de desfogarse y de liberarte de los problemas cotidianos del día a día, hacen que la práctica deportiva sea ya un compañero de vida de cada vez mas gente.\n\n\n\n<strong>Y TU, ¿PARA QUE DEPORTE HAS NACIDO?</strong>\n\n\n\nNosotros, en The Indian Face hemos nacido para practicar cualquier deporte que nos haga sentirnos mas vivos, de mejor humor y sobretodo, que nos acerquen un poco más la naturaleza a nuestras vidas. Si algo es mejor que vivir, es poder vivir con emoción, pasión e intensidad.",,,taxable,,1,4,,0,0,,,,,0,,,32990,"Tipo de producto > Accesorios > Gorros, Género > Hombre, Género > Mujer, Género > Unisex",,,"https://trendseeker.cl/wp-content/uploads/2024/10/gorro-theindianface-Actiongreen-1.jpg, https://trendseeker.cl/wp-content/uploads/2024/10/gorro-theindianface-Actiongreen-2.jpg, https://trendseeker.cl/wp-content/uploads/2024/10/gorro-theindianface-Actiongreen-3.jpg, https://trendseeker.cl/wp-content/uploads/2024/10/gorro-theindianface-Actiongreen-4.jpg, https://trendseeker.cl/wp-content/uploads/2024/10/gorro-theindianface-Actiongreen-5.jpg, https://trendseeker.cl/wp-content/uploads/2024/10/gorro-theindianface-Actiongreen-6.jpg, https://trendseeker.cl/wp-content/uploads/2024/10/gorro-theindianface-Actiongreen-7.jpg",,,,,,,,,165,8433856077599,The Indian Face,The Indian Face,,,,,
29440,simple,03-016-01-UN,8433856077575,Gorro Action - Red Wine,1,0,visible,,"Las gorras The Indian Face® son reconocidas y comercializadas en más de 30 países. ¿Crees que es por casualidad? #BORNTOBEFREE\n\n\n\n<strong>TU GORRA HABLA POR TI</strong>\n\n\n\nTu gorra te define como eres y el carácter que llevas dentro. Te presentamos nuestra gorras The Indian Face® inspiradas en los deportes que nos identifican como marca y como filosofía de vida personal. Cierre ajustable para adaptarse a cualquier tamaño de cabeza. Un clásico de siempre. Nuestras gorras están estructuradas con una visera curva. Son perfectas para acompañarte en tus viajes con un estilo único.\n\n<ul>\n\n 	<li>Tamaño Unisex para hombre y mujer</li>\n\n 	<li>Cierre trasero ajustable</li>\n\n 	<li>100% algodón</li>\n\n 	<li>Visera Curva</li>\n\n</ul>\n\n<strong>IMPORTANTE:</strong> No lavar nunca en Lavadora, hay que lavarlas siempre a Mano\n\n\n\n<strong>UN COMPLEMENTO IMPRESCINDIBLE</strong>\n\n\n\nActualmente se han convertido en un distintivo de la moda actual que no solo cumple la función de protegerte del sol sino que además te aporta un toque de identidad. A día de hoy son pocas las celebrities del mundo de la moda y del deporte, que no hayan aparecido con una gorra en ambientes de todo tipo tanto en verano como en invierno.\n\n\n\n<strong>SIENTES EL DEPORTE COMO UNA PARTE DE TI</strong>\n\n\n\nLa necesidad de practicar deporte es algo que cada día se va extendiendo más a más en todos los países y todas las culturas del mundo. La necesidad de sentirse mejor, de desfogarse y de liberarte de los problemas cotidianos del día a día, hacen que la práctica deportiva sea ya un compañero de vida de cada vez mas gente.\n\n\n\n<strong>Y TU, ¿PARA QUE DEPORTE HAS NACIDO?</strong>\n\n\n\nNosotros, en The Indian Face hemos nacido para practicar cualquier deporte que nos haga sentirnos mas vivos, de mejor humor y sobretodo, que nos acerquen un poco más la naturaleza a nuestras vidas. Si algo es mejor que vivir, es poder vivir con emoción, pasión e intensidad.",,,taxable,,1,6,,0,0,,,,,0,,,32990,"Tipo de producto > Accesorios > Gorros, Género > Hombre, Género > Mujer, Género > Unisex",,,"https://trendseeker.cl/wp-content/uploads/2024/10/gorro-theindianface-Action-Red-Wine-1.jpg, https://trendseeker.cl/wp-content/uploads/2024/10/gorro-theindianface-Action-Red-Wine-2.jpg, https://trendseeker.cl/wp-content/uploads/2024/10/gorro-theindianface-Action-Red-Wine-3.jpg, https://trendseeker.cl/wp-content/uploads/2024/10/gorro-theindianface-Action-Red-Wine-4.jpg, https://trendseeker.cl/wp-content/uploads/2024/10/gorro-theindianface-Action-Red-Wine-5.jpg, https://trendseeker.cl/wp-content/uploads/2024/10/gorro-theindianface-Action-Red-Wine-6.jpg",,,,,,,,,167,8433856077575,The Indian Face,The Indian Face,,,,,
29433,simple,03-015-04-UN,8433856077520,Gorro Latitude - Navy Blue / Beige / Red Wine,1,0,visible,,"Las gorras The Indian Face® son reconocidas y comercializadas en más de 30 países. ¿Crees que es por casualidad? #BORNTOBEFREE\n\n\n\n<strong>TU GORRA HABLA POR TI</strong>\n\n\n\nTu gorra te define como eres y el carácter que llevas dentro. Te presentamos nuestra gorras The Indian Face® inspiradas en los deportes que nos identifican como marca y como filosofía de vida personal. Cierre ajustable para adaptarse a cualquier tamaño de cabeza. Un clásico de siempre. Nuestras gorras están estructuradas con una visera curva. Son perfectas para acompañarte en tus viajes con un estilo único.\n\n<ul>\n\n 	<li>Tamaño Unisex para hombre y mujer</li>\n\n 	<li>Cierre trasero ajustable</li>\n\n 	<li>100% algodón</li>\n\n 	<li>Visera Curva</li>\n\n</ul>\n\n<strong>IMPORTANTE:</strong> No lavar nunca en Lavadora, hay que lavarlas siempre a Mano\n\n\n\n<strong>UN COMPLEMENTO IMPRESCINDIBLE</strong>\n\n\n\nActualmente se han convertido en un distintivo de la moda actual que no solo cumple la función de protegerte del sol sino que además te aporta un toque de identidad. A día de hoy son pocas las celebrities del mundo de la moda y del deporte, que no hayan aparecido con una gorra en ambientes de todo tipo tanto en verano como en invierno.\n\n\n\n<strong>SIENTES EL DEPORTE COMO UNA PARTE DE TI</strong>\n\n\n\nLa necesidad de practicar deporte es algo que cada día se va extendiendo más a más en todos los países y todas las culturas del mundo. La necesidad de sentirse mejor, de desfogarse y de liberarte de los problemas cotidianos del día a día, hacen que la práctica deportiva sea ya un compañero de vida de cada vez mas gente.\n\n\n\n<strong>Y TU, ¿PARA QUE DEPORTE HAS NACIDO?</strong>\n\n\n\nNosotros, en The Indian Face hemos nacido para practicar cualquier deporte que nos haga sentirnos mas vivos, de mejor humor y sobretodo, que nos acerquen un poco más la naturaleza a nuestras vidas. Si algo es mejor que vivir, es poder vivir con emoción, pasión e intensidad.",,,taxable,,1,10,,0,0,,,,,0,,,32990,"Tipo de producto > Accesorios > Gorros, Género > Hombre, Género > Mujer, Género > Unisex",,,"https://trendseeker.cl/wp-content/uploads/2024/10/gorro-theindianface-LatitudeNavyBlue-1.jpg, https://trendseeker.cl/wp-content/uploads/2024/10/gorro-theindianface-LatitudeNavyBlue-2.jpg, https://trendseeker.cl/wp-content/uploads/2024/10/gorro-theindianface-LatitudeNavyBlue-3.jpg, https://trendseeker.cl/wp-content/uploads/2024/10/gorro-theindianface-LatitudeNavyBlue-4.jpg, https://trendseeker.cl/wp-content/uploads/2024/10/gorro-theindianface-LatitudeNavyBlue-5.jpg, https://trendseeker.cl/wp-content/uploads/2024/10/gorro-theindianface-LatitudeNavyBlue-6.jpg",,,,,,,,,169,8433856077520,The Indian Face,The Indian Face,,,,,
29350,simple,03-013-04-UN,8433856072921,Gorro Born to Be Free Blue - White,1,0,visible,,"Las gorras The Indian Face® son reconocidas y comercializadas en más de 30 países. ¿Crees que es por casualidad? #BORNTOBEFREE\n\n\n\n<strong>TU GORRO HABLA POR TI</strong>\n\n\n\nTu gorro te define como eres y el carácter que llevas dentro. Te presentamos nuestra gorras The Indian Face® inspiradas en los deportes que nos identifican como marca y como filosofía de vida personal. Con frontal de algodón y parte trasera de rejilla. Cierre ajustable tipo Snapback para adaptarse a cualquier tamaño de cabeza. Un clásico inspirado en los años 80 y 90. Nuestras gorras trucker están estructuradas con una visera curva. Son perfectas para acompañarte en tus viajes con un estilo único.\n\n<ul>\n\n 	<li>Tamaño Unisex para hombre y mujer</li>\n\n 	<li>60% algodón / 40% polyester</li>\n\n 	<li>Estilo Trucker</li>\n\n 	<li>5 Paneles</li>\n\n 	<li>Visera Curva</li>\n\n</ul>\n\n<strong>IMPORTANTE:</strong> No lavar nunca en Lavadora, hay que lavarlas siempre a Mano.\n\n\n\n<strong>UN COMPLEMENTO IMPRESCINDIBLE</strong>\n\n\n\nUn gorra trucker también conocida en inglés como “gimme cap” o “feed cap” es una gorra de estilo clásico pero con rejilla en su parte trasera. El estilo de las gorras trucker nació en los años 60 cuando en Estados Unidos los conductores de los camiones que transportaban ganado, empezaron a utilizarlas. Las gorras trucker pasaron a ser, prácticamente, parte del uniforme de trabajo de un camionero. Eran su distintivo, el sello de autenticidad de un transportista profesional.\n\n\n\n<strong>SIENTES EL DEPORTE COMO UNA PARTE DE TI</strong>\n\n\n\nLa necesidad de practicar deporte es algo que cada día se va extendiendo más a más en todos los países y todas las culturas del mundo. La necesidad de sentirse mejor, de desfogarse y de liberarte de los problemas cotidianos del día a día, hacen que la práctica deportiva sea ya un compañero de vida de cada vez mas gente.\n\n\n\n<strong>Y TU, ¿PARA QUE DEPORTE HAS NACIDO?</strong>\n\n\n\nNosotros, en The Indian Face hemos nacido para practicar cualquier deporte que nos haga sentirnos mas vivos, de mejor humor y sobretodo, que nos acerquen un poco más la naturaleza a nuestras vidas. Si algo es mejor que vivir, es poder vivir con emoción, pasión e intensidad.",,,taxable,,0,0,,0,0,,,,,0,,,32990,"Tipo de producto > Accesorios > Gorros, Género > Hombre, Género > Mujer, Género > Unisex",,,"https://trendseeker.cl/wp-content/uploads/2024/10/gorro-theindianface-borntobefree-blue-1.jpg, https://trendseeker.cl/wp-content/uploads/2024/10/gorro-theindianface-borntobefree-blue-2.jpg, https://trendseeker.cl/wp-content/uploads/2024/10/gorro-theindianface-borntobefree-blue-3.jpg, https://trendseeker.cl/wp-content/uploads/2024/10/gorro-theindianface-borntobefree-blue-7.jpg, https://trendseeker.cl/wp-content/uploads/2024/10/gorro-theindianface-borntobefree-blue-6.jpg, https://trendseeker.cl/wp-content/uploads/2024/10/gorro-theindianface-borntobefree-blue-5.jpg, https://trendseeker.cl/wp-content/uploads/2024/10/gorro-theindianface-borntobefree-blue-4.jpg",,,,,,,,,185,8433856072921,The Indian Face,The Indian Face,,,,,
29425,simple,03-015-02-UN,8433856077506,Gorro Latitude Beige - Navy / Blue,1,0,visible,,"Las gorras The Indian Face® son reconocidas y comercializadas en más de 30 países. ¿Crees que es por casualidad? #BORNTOBEFREE\n\n\n\n<strong>TU GORRA HABLA POR TI</strong>\n\n\n\nTu gorra te define como eres y el carácter que llevas dentro. Te presentamos nuestra gorras The Indian Face® inspiradas en los deportes que nos identifican como marca y como filosofía de vida personal. Cierre ajustable para adaptarse a cualquier tamaño de cabeza. Un clásico de siempre. Nuestras gorras están estructuradas con una visera curva. Son perfectas para acompañarte en tus viajes con un estilo único.\n\n<ul>\n\n 	<li>Tamaño Unisex para hombre y mujer</li>\n\n 	<li>Cierre trasero ajustable</li>\n\n 	<li>100% algodón</li>\n\n 	<li>Visera Curva</li>\n\n</ul>\n\n<strong>IMPORTANTE:</strong> No lavar nunca en Lavadora, hay que lavarlas siempre a Mano\n\n\n\n<strong>UN COMPLEMENTO IMPRESCINDIBLE</strong>\n\n\n\nActualmente se han convertido en un distintivo de la moda actual que no solo cumple la función de protegerte del sol sino que además te aporta un toque de identidad. A día de hoy son pocas las celebrities del mundo de la moda y del deporte, que no hayan aparecido con una gorra en ambientes de todo tipo tanto en verano como en invierno.\n\n\n\n<strong>SIENTES EL DEPORTE COMO UNA PARTE DE TI</strong>\n\n\n\nLa necesidad de practicar deporte es algo que cada día se va extendiendo más a más en todos los países y todas las culturas del mundo. La necesidad de sentirse mejor, de desfogarse y de liberarte de los problemas cotidianos del día a día, hacen que la práctica deportiva sea ya un compañero de vida de cada vez mas gente.\n\n\n\n<strong>Y TU, ¿PARA QUE DEPORTE HAS NACIDO?</strong>\n\n\n\nNosotros, en The Indian Face hemos nacido para practicar cualquier deporte que nos haga sentirnos mas vivos, de mejor humor y sobretodo, que nos acerquen un poco más la naturaleza a nuestras vidas. Si algo es mejor que vivir, es poder vivir con emoción, pasión e intensidad.",,,taxable,,1,9,,0,0,,,,,0,,,32990,"Tipo de producto > Accesorios > Gorros, Género > Hombre, Género > Mujer, Género > Unisex",,,"https://trendseeker.cl/wp-content/uploads/2024/10/gorro-theindianface-LatitudeBeige-1-.jpg, https://trendseeker.cl/wp-content/uploads/2024/10/gorro-theindianface-LatitudeBeige-2.jpg, https://trendseeker.cl/wp-content/uploads/2024/10/gorro-theindianface-LatitudeBeige-3.jpg, https://trendseeker.cl/wp-content/uploads/2024/10/gorro-theindianface-LatitudeBeige-4.jpg, https://trendseeker.cl/wp-content/uploads/2024/10/gorro-theindianface-LatitudeBeige-5.jpg, https://trendseeker.cl/wp-content/uploads/2024/10/gorro-theindianface-LatitudeBeige-6.jpg, https://trendseeker.cl/wp-content/uploads/2024/10/gorro-theindianface-LatitudeBeige-7.jpg",,,,,,,,,171,8433856077506,The Indian Face,The Indian Face,,,,,
29417,simple,03-014-08-UN,8433856077483,Gorro Nature - Blue,1,0,visible,,"Las gorras The Indian Face® son reconocidas y comercializadas en más de 30 países. ¿Crees que es por casualidad? #BORNTOBEFREE\n\n\n\n<strong>TU GORRO HABLA POR TI</strong>\n\n\n\nTu gorra te define como eres y el carácter que llevas dentro. Te presentamos nuestra gorras The Indian Face® inspiradas en los deportes que nos identifican como marca y como filosofía de vida personal. Cierre ajustable para adaptarse a cualquier tamaño de cabeza. Un clásico de siempre. Nuestras gorras están estructuradas con una visera curva. Son perfectas para acompañarte en tus viajes con un estilo único.\n\n<ul>\n\n 	<li>Tamaño Unisex para hombre y mujer</li>\n\n 	<li>Cierre trasero ajustable</li>\n\n 	<li>100% algodón</li>\n\n 	<li>Visera Curva</li>\n\n</ul>\n\n<strong>IMPORTANTE:</strong> No lavar nunca en Lavadora, hay que lavarlas siempre a Mano\n\n\n\n<strong>UN COMPLEMENTO IMPRESCINDIBLE</strong>\n\n\n\nActualmente se han convertido en un distintivo de la moda actual que no solo cumple la función de protegerte del sol sino que además te aporta un toque de identidad. A día de hoy son pocas las celebrities del mundo de la moda y del deporte, que no hayan aparecido con una gorra en ambientes de todo tipo tanto en verano como en invierno.\n\n\n\n<strong>SIENTES EL DEPORTE COMO UNA PARTE DE TI</strong>\n\n\n\nLa necesidad de practicar deporte es algo que cada día se va extendiendo más a más en todos los países y todas las culturas del mundo. La necesidad de sentirse mejor, de desfogarse y de liberarte de los problemas cotidianos del día a día, hacen que la práctica deportiva sea ya un compañero de vida de cada vez mas gente.\n\n\n\n<strong>Y TU, ¿PARA QUE DEPORTE HAS NACIDO?</strong>\n\n\n\nNosotros, en The Indian Face hemos nacido para practicar cualquier deporte que nos haga sentirnos mas vivos, de mejor humor y sobretodo, que nos acerquen un poco más la naturaleza a nuestras vidas. Si algo es mejor que vivir, es poder vivir con emoción, pasión e intensidad.",,,taxable,,1,10,,0,0,,,,,0,,,32990,"Tipo de producto > Accesorios > Gorros, Género > Hombre, Género > Mujer, Género > Unisex",,,"https://trendseeker.cl/wp-content/uploads/2024/10/gorro-theindianface-nature-blue-1.jpg, https://trendseeker.cl/wp-content/uploads/2024/10/gorro-theindianface-nature-blue-2.jpg, https://trendseeker.cl/wp-content/uploads/2024/10/gorro-theindianface-nature-blue-3.jpg, https://trendseeker.cl/wp-content/uploads/2024/10/gorro-theindianface-nature-blue-4.jpg, https://trendseeker.cl/wp-content/uploads/2024/10/gorro-theindianface-nature-blue-5.jpg, https://trendseeker.cl/wp-content/uploads/2024/10/gorro-theindianface-nature-blue-6.jpg, https://trendseeker.cl/wp-content/uploads/2024/10/gorro-theindianface-nature-blue-7.jpg",,,,,,,,,173,8433856077483,The Indian Face,The Indian Face,,,,,
29409,simple,03-014-06-UN,8433856077469,Gorro Nature - Navy Blue,1,0,visible,,"Las gorras The Indian Face® son reconocidas y comercializadas en más de 30 países. ¿Crees que es por casualidad? #BORNTOBEFREE\n\n\n\n<strong>TU GORRO HABLA POR TI</strong>\n\n\n\nTu gorra te define como eres y el carácter que llevas dentro. Te presentamos nuestra gorras The Indian Face® inspiradas en los deportes que nos identifican como marca y como filosofía de vida personal. Cierre ajustable para adaptarse a cualquier tamaño de cabeza. Un clásico de siempre. Nuestras gorras están estructuradas con una visera curva. Son perfectas para acompañarte en tus viajes con un estilo único.\n\n<ul>\n\n 	<li>Tamaño Unisex para hombre y mujer</li>\n\n 	<li>Cierre trasero ajustable</li>\n\n 	<li>100% algodón</li>\n\n 	<li>Visera Curva</li>\n\n</ul>\n\n<strong>IMPORTANTE:</strong> No lavar nunca en Lavadora, hay que lavarlas siempre a Mano\n\n\n\n<strong>UN COMPLEMENTO IMPRESCINDIBLE</strong>\n\n\n\nActualmente se han convertido en un distintivo de la moda actual que no solo cumple la función de protegerte del sol sino que además te aporta un toque de identidad. A día de hoy son pocas las celebrities del mundo de la moda y del deporte, que no hayan aparecido con una gorra en ambientes de todo tipo tanto en verano como en invierno.\n\n\n\n<strong>SIENTES EL DEPORTE COMO UNA PARTE DE TI</strong>\n\n\n\nLa necesidad de practicar deporte es algo que cada día se va extendiendo más a más en todos los países y todas las culturas del mundo. La necesidad de sentirse mejor, de desfogarse y de liberarte de los problemas cotidianos del día a día, hacen que la práctica deportiva sea ya un compañero de vida de cada vez mas gente.\n\n\n\n<strong>Y TU, ¿PARA QUE DEPORTE HAS NACIDO?</strong>\n\n\n\nNosotros, en The Indian Face hemos nacido para practicar cualquier deporte que nos haga sentirnos mas vivos, de mejor humor y sobretodo, que nos acerquen un poco más la naturaleza a nuestras vidas. Si algo es mejor que vivir, es poder vivir con emoción, pasión e intensidad.",,,taxable,,1,8,,0,0,,,,,0,,,32990,"Tipo de producto > Accesorios > Gorros, Género > Hombre, Género > Mujer, Género > Unisex",,,"https://trendseeker.cl/wp-content/uploads/2024/10/gorro-theindianface-nature-navy-blue-1.jpg, https://trendseeker.cl/wp-content/uploads/2024/10/gorro-theindianface-nature-navy-blue-2.jpg, https://trendseeker.cl/wp-content/uploads/2024/10/gorro-theindianface-nature-navy-blue-3.jpg, https://trendseeker.cl/wp-content/uploads/2024/10/gorro-theindianface-nature-navy-blue-4.jpg, https://trendseeker.cl/wp-content/uploads/2024/10/gorro-theindianface-nature-navy-blue-5.jpg, https://trendseeker.cl/wp-content/uploads/2024/10/gorro-theindianface-nature-navy-blue-6.jpg, https://trendseeker.cl/wp-content/uploads/2024/10/gorro-theindianface-nature-navy-blue-7.jpg",,,,,,,,,175,8433856077469,The Indian Face,The Indian Face,,,,,
29401,simple,03-014-03-UN,8433856077438,Gorro Nature - Green,1,0,visible,,"Las gorras The Indian Face® son reconocidas y comercializadas en más de 30 países. ¿Crees que es por casualidad? #BORNTOBEFREE\n\n\n\n<strong>TU GORRO HABLA POR TI</strong>\n\n\n\nTu gorra te define como eres y el carácter que llevas dentro. Te presentamos nuestra gorras The Indian Face® inspiradas en los deportes que nos identifican como marca y como filosofía de vida personal. Cierre ajustable para adaptarse a cualquier tamaño de cabeza. Un clásico de siempre. Nuestras gorras están estructuradas con una visera curva. Son perfectas para acompañarte en tus viajes con un estilo único.\n\n<ul>\n\n 	<li>Tamaño Unisex para hombre y mujer</li>\n\n 	<li>Cierre trasero ajustable</li>\n\n 	<li>100% algodón</li>\n\n 	<li>Visera Curva</li>\n\n</ul>\n\n<strong>IMPORTANTE:</strong> No lavar nunca en Lavadora, hay que lavarlas siempre a Mano\n\n\n\n<strong>UN COMPLEMENTO IMPRESCINDIBLE</strong>\n\n\n\nActualmente se han convertido en un distintivo de la moda actual que no solo cumple la función de protegerte del sol sino que además te aporta un toque de identidad. A día de hoy son pocas las celebrities del mundo de la moda y del deporte, que no hayan aparecido con una gorra en ambientes de todo tipo tanto en verano como en invierno.\n\n\n\n<strong>SIENTES EL DEPORTE COMO UNA PARTE DE TI</strong>\n\n\n\nLa necesidad de practicar deporte es algo que cada día se va extendiendo más a más en todos los países y todas las culturas del mundo. La necesidad de sentirse mejor, de desfogarse y de liberarte de los problemas cotidianos del día a día, hacen que la práctica deportiva sea ya un compañero de vida de cada vez mas gente.\n\n\n\n<strong>Y TU, ¿PARA QUE DEPORTE HAS NACIDO?</strong>\n\n\n\nNosotros, en The Indian Face hemos nacido para practicar cualquier deporte que nos haga sentirnos mas vivos, de mejor humor y sobretodo, que nos acerquen un poco más la naturaleza a nuestras vidas. Si algo es mejor que vivir, es poder vivir con emoción, pasión e intensidad.",,,taxable,,1,8,,0,0,,,,,0,,,32990,"Tipo de producto > Accesorios > Gorros, Género > Hombre, Género > Mujer, Género > Unisex",,,"https://trendseeker.cl/wp-content/uploads/2024/10/gorro-theindianface-nature-green-1.jpg, https://trendseeker.cl/wp-content/uploads/2024/10/gorro-theindianface-nature-green-2.jpg, https://trendseeker.cl/wp-content/uploads/2024/10/gorro-theindianface-nature-green-3.jpg, https://trendseeker.cl/wp-content/uploads/2024/10/gorro-theindianface-nature-green-4.jpg, https://trendseeker.cl/wp-content/uploads/2024/10/gorro-theindianface-nature-green-5.jpg, https://trendseeker.cl/wp-content/uploads/2024/10/gorro-theindianface-nature-green-6.jpg, https://trendseeker.cl/wp-content/uploads/2024/10/gorro-theindianface-nature-green-7.jpg",,,,,,,,,177,8433856077438,The Indian Face,The Indian Face,,,,,
29394,simple,03-013-15-UN,8433856073034,Gorro Born to Be Free Blue - Brown,1,0,visible,,"Las gorras The Indian Face® son reconocidas y comercializadas en más de 30 países. ¿Crees que es por casualidad? #BORNTOBEFREE\n\n\n\n<strong>TU GORRO HABLA POR TI</strong>\n\n\n\nTu gorro te define como eres y el carácter que llevas dentro. Te presentamos nuestra gorras The Indian Face® inspiradas en los deportes que nos identifican como marca y como filosofía de vida personal. Con frontal de algodón y parte trasera de rejilla. Cierre ajustable tipo Snapback para adaptarse a cualquier tamaño de cabeza. Un clásico inspirado en los años 80 y 90. Nuestras gorras trucker están estructuradas con una visera curva. Son perfectas para acompañarte en tus viajes con un estilo único.\n\n<ul>\n\n 	<li>Tamaño Unisex para hombre y mujer</li>\n\n 	<li>60% algodón / 40% polyester</li>\n\n 	<li>Estilo Trucker</li>\n\n 	<li>5 Paneles</li>\n\n 	<li>Visera Curva</li>\n\n</ul>\n\n<strong>IMPORTANTE:</strong> No lavar nunca en Lavadora, hay que lavarlas siempre a Mano.\n\n\n\n<strong>UN COMPLEMENTO IMPRESCINDIBLE</strong>\n\n\n\nUn gorra trucker también conocida en inglés como “gimme cap” o “feed cap” es una gorra de estilo clásico pero con rejilla en su parte trasera. El estilo de las gorras trucker nació en los años 60 cuando en Estados Unidos los conductores de los camiones que transportaban ganado, empezaron a utilizarlas. Las gorras trucker pasaron a ser, prácticamente, parte del uniforme de trabajo de un camionero. Eran su distintivo, el sello de autenticidad de un transportista profesional.\n\n\n\n<strong>SIENTES EL DEPORTE COMO UNA PARTE DE TI</strong>\n\n\n\nLa necesidad de practicar deporte es algo que cada día se va extendiendo más a más en todos los países y todas las culturas del mundo. La necesidad de sentirse mejor, de desfogarse y de liberarte de los problemas cotidianos del día a día, hacen que la práctica deportiva sea ya un compañero de vida de cada vez mas gente.\n\n\n\n<strong>Y TU, ¿PARA QUE DEPORTE HAS NACIDO?</strong>\n\n\n\nNosotros, en The Indian Face hemos nacido para practicar cualquier deporte que nos haga sentirnos mas vivos, de mejor humor y sobretodo, que nos acerquen un poco más la naturaleza a nuestras vidas. Si algo es mejor que vivir, es poder vivir con emoción, pasión e intensidad.",,,taxable,,0,0,,0,0,,,,,0,,,32990,"Tipo de producto > Accesorios > Gorros, Género > Hombre, Género > Mujer, Género > Unisex",,,"https://trendseeker.cl/wp-content/uploads/2024/10/gorro-theindianface-blue-brown-1.jpg, https://trendseeker.cl/wp-content/uploads/2024/10/gorro-theindianface-blue-brown-2.jpg, https://trendseeker.cl/wp-content/uploads/2024/10/gorro-theindianface-blue-brown-3.jpg, https://trendseeker.cl/wp-content/uploads/2024/10/gorro-theindianface-blue-brown-4.jpg, https://trendseeker.cl/wp-content/uploads/2024/10/gorro-theindianface-blue-brown-5.jpg, https://trendseeker.cl/wp-content/uploads/2024/10/gorro-theindianface-blue-brown-6.jpg",,,,,,,,,179,8433856073034,The Indian Face,The Indian Face,,,,,
29387,simple,03-013-12-UN,8433856073003,Gorro Born to Be Free Green - Brown / Blue,1,0,visible,,"Las gorras The Indian Face® son reconocidas y comercializadas en más de 30 países. ¿Crees que es por casualidad? #BORNTOBEFREE\n\n\n\n<strong>TU GORRO HABLA POR TI</strong>\n\n\n\nTu gorro te define como eres y el carácter que llevas dentro. Te presentamos nuestra gorras The Indian Face® inspiradas en los deportes que nos identifican como marca y como filosofía de vida personal. Con frontal de algodón y parte trasera de rejilla. Cierre ajustable tipo Snapback para adaptarse a cualquier tamaño de cabeza. Un clásico inspirado en los años 80 y 90. Nuestras gorras trucker están estructuradas con una visera curva. Son perfectas para acompañarte en tus viajes con un estilo único.\n\n<ul>\n\n 	<li>Tamaño Unisex para hombre y mujer</li>\n\n 	<li>60% algodón / 40% polyester</li>\n\n 	<li>Estilo Trucker</li>\n\n 	<li>5 Paneles</li>\n\n 	<li>Visera Curva</li>\n\n</ul>\n\n<strong>IMPORTANTE:</strong> No lavar nunca en Lavadora, hay que lavarlas siempre a Mano.\n\n\n\n<strong>UN COMPLEMENTO IMPRESCINDIBLE</strong>\n\n\n\nUn gorra trucker también conocida en inglés como “gimme cap” o “feed cap” es una gorra de estilo clásico pero con rejilla en su parte trasera. El estilo de las gorras trucker nació en los años 60 cuando en Estados Unidos los conductores de los camiones que transportaban ganado, empezaron a utilizarlas. Las gorras trucker pasaron a ser, prácticamente, parte del uniforme de trabajo de un camionero. Eran su distintivo, el sello de autenticidad de un transportista profesional.\n\n\n\n<strong>SIENTES EL DEPORTE COMO UNA PARTE DE TI</strong>\n\n\n\nLa necesidad de practicar deporte es algo que cada día se va extendiendo más a más en todos los países y todas las culturas del mundo. La necesidad de sentirse mejor, de desfogarse y de liberarte de los problemas cotidianos del día a día, hacen que la práctica deportiva sea ya un compañero de vida de cada vez mas gente.\n\n\n\n<strong>Y TU, ¿PARA QUE DEPORTE HAS NACIDO?</strong>\n\n\n\nNosotros, en The Indian Face hemos nacido para practicar cualquier deporte que nos haga sentirnos mas vivos, de mejor humor y sobretodo, que nos acerquen un poco más la naturaleza a nuestras vidas. Si algo es mejor que vivir, es poder vivir con emoción, pasión e intensidad.",,,taxable,,1,10,,0,0,,,,,0,,,32990,"Tipo de producto > Accesorios > Gorros, Género > Hombre, Género > Mujer, Género > Unisex",,,"https://trendseeker.cl/wp-content/uploads/2024/10/gorro-theindianface-green-brown-1.jpg, https://trendseeker.cl/wp-content/uploads/2024/10/gorro-theindianface-green-brown-2.jpg, https://trendseeker.cl/wp-content/uploads/2024/10/gorro-theindianface-green-brown-6.jpg, https://trendseeker.cl/wp-content/uploads/2024/10/gorro-theindianface-green-brown-5.jpg, https://trendseeker.cl/wp-content/uploads/2024/10/gorro-theindianface-green-brown-4.jpg, https://trendseeker.cl/wp-content/uploads/2024/10/gorro-theindianface-green-brown-3.jpg",,,,,,,,,181,8433856073003,The Indian Face,The Indian Face,,,,,
29365,simple,03-013-07-UN,8433856072952,Gorro Born to Be Free Brown - Grey / Red,1,0,visible,,"Las gorras The Indian Face® son reconocidas y comercializadas en más de 30 países. ¿Crees que es por casualidad? #BORNTOBEFREE\n\n\n\n<strong>TU GORRO HABLA POR TI</strong>\n\n\n\nTu gorro te define como eres y el carácter que llevas dentro. Te presentamos nuestra gorras The Indian Face® inspiradas en los deportes que nos identifican como marca y como filosofía de vida personal. Con frontal de algodón y parte trasera de rejilla. Cierre ajustable tipo Snapback para adaptarse a cualquier tamaño de cabeza. Un clásico inspirado en los años 80 y 90. Nuestras gorras trucker están estructuradas con una visera curva. Son perfectas para acompañarte en tus viajes con un estilo único.\n\n<ul>\n\n 	<li>Tamaño Unisex para hombre y mujer</li>\n\n 	<li>60% algodón / 40% polyester</li>\n\n 	<li>Estilo Trucker</li>\n\n 	<li>5 Paneles</li>\n\n 	<li>Visera Curva</li>\n\n</ul>\n\n<strong>IMPORTANTE:</strong> No lavar nunca en Lavadora, hay que lavarlas siempre a Mano.\n\n\n\n<strong>UN COMPLEMENTO IMPRESCINDIBLE</strong>\n\n\n\nUn gorra trucker también conocida en inglés como “gimme cap” o “feed cap” es una gorra de estilo clásico pero con rejilla en su parte trasera. El estilo de las gorras trucker nació en los años 60 cuando en Estados Unidos los conductores de los camiones que transportaban ganado, empezaron a utilizarlas. Las gorras trucker pasaron a ser, prácticamente, parte del uniforme de trabajo de un camionero. Eran su distintivo, el sello de autenticidad de un transportista profesional.\n\n\n\n<strong>SIENTES EL DEPORTE COMO UNA PARTE DE TI</strong>\n\n\n\nLa necesidad de practicar deporte es algo que cada día se va extendiendo más a más en todos los países y todas las culturas del mundo. La necesidad de sentirse mejor, de desfogarse y de liberarte de los problemas cotidianos del día a día, hacen que la práctica deportiva sea ya un compañero de vida de cada vez mas gente.\n\n\n\n<strong>Y TU, ¿PARA QUE DEPORTE HAS NACIDO?</strong>\n\n\n\nNosotros, en The Indian Face hemos nacido para practicar cualquier deporte que nos haga sentirnos mas vivos, de mejor humor y sobretodo, que nos acerquen un poco más la naturaleza a nuestras vidas. Si algo es mejor que vivir, es poder vivir con emoción, pasión e intensidad.",,,taxable,,1,5,,0,0,,,,,0,,,32990,"Tipo de producto > Accesorios > Gorros, Género > Hombre, Género > Mujer, Género > Unisex",,,"https://trendseeker.cl/wp-content/uploads/2024/10/gorro-theindianface-red-brown-1.jpg, https://trendseeker.cl/wp-content/uploads/2024/10/gorro-theindianface-red-brown-2.jpg, https://trendseeker.cl/wp-content/uploads/2024/10/gorro-theindianface-red-brown-3.jpg, https://trendseeker.cl/wp-content/uploads/2024/10/gorro-theindianface-red-brown-4.jpg, https://trendseeker.cl/wp-content/uploads/2024/10/gorro-theindianface-red-brown-5.jpg, https://trendseeker.cl/wp-content/uploads/2024/10/gorro-theindianface-red-brown-6.jpg",,,,,,,,,183,8433856072952,The Indian Face,The Indian Face,,,,,
29359,simple,03-013-06-UN,8433856072945,Gorro Born to Be Free White - Blue,1,0,visible,,"Las gorras The Indian Face® son reconocidas y comercializadas en más de 30 países. ¿Crees que es por casualidad? #BORNTOBEFREE\n\n\n\n<strong>TU GORRO HABLA POR TI</strong>\n\n\n\nTu gorro te define como eres y el carácter que llevas dentro. Te presentamos nuestra gorras The Indian Face® inspiradas en los deportes que nos identifican como marca y como filosofía de vida personal. Con frontal de algodón y parte trasera de rejilla. Cierre ajustable tipo Snapback para adaptarse a cualquier tamaño de cabeza. Un clásico inspirado en los años 80 y 90. Nuestras gorras trucker están estructuradas con una visera curva. Son perfectas para acompañarte en tus viajes con un estilo único.\n\n<ul>\n\n 	<li>Tamaño Unisex para hombre y mujer</li>\n\n 	<li>60% algodón / 40% polyester</li>\n\n 	<li>Estilo Trucker</li>\n\n 	<li>5 Paneles</li>\n\n 	<li>Visera Curva</li>\n\n</ul>\n\n<strong>IMPORTANTE:</strong> No lavar nunca en Lavadora, hay que lavarlas siempre a Mano.\n\n\n\n<strong>UN COMPLEMENTO IMPRESCINDIBLE</strong>\n\n\n\nUn gorra trucker también conocida en inglés como “gimme cap” o “feed cap” es una gorra de estilo clásico pero con rejilla en su parte trasera. El estilo de las gorras trucker nació en los años 60 cuando en Estados Unidos los conductores de los camiones que transportaban ganado, empezaron a utilizarlas. Las gorras trucker pasaron a ser, prácticamente, parte del uniforme de trabajo de un camionero. Eran su distintivo, el sello de autenticidad de un transportista profesional.\n\n\n\n<strong>SIENTES EL DEPORTE COMO UNA PARTE DE TI</strong>\n\n\n\nLa necesidad de practicar deporte es algo que cada día se va extendiendo más a más en todos los países y todas las culturas del mundo. La necesidad de sentirse mejor, de desfogarse y de liberarte de los problemas cotidianos del día a día, hacen que la práctica deportiva sea ya un compañero de vida de cada vez mas gente.\n\n\n\n<strong>Y TU, ¿PARA QUE DEPORTE HAS NACIDO?</strong>\n\n\n\nNosotros, en The Indian Face hemos nacido para practicar cualquier deporte que nos haga sentirnos mas vivos, de mejor humor y sobretodo, que nos acerquen un poco más la naturaleza a nuestras vidas. Si algo es mejor que vivir, es poder vivir con emoción, pasión e intensidad.",,,taxable,,0,0,,0,0,,,,,0,,,32990,"Tipo de producto > Accesorios > Gorros, Género > Hombre, Género > Mujer, Género > Unisex",,,"https://trendseeker.cl/wp-content/uploads/2024/10/gorro-theindianface-borntobefree-whiteandblue-1.jpg, https://trendseeker.cl/wp-content/uploads/2024/10/gorro-theindianface-borntobefree-whiteandblue-2.jpg, https://trendseeker.cl/wp-content/uploads/2024/10/gorro-theindianface-borntobefree-whiteandblue-3.jpg, https://trendseeker.cl/wp-content/uploads/2024/10/gorro-theindianface-borntobefree-whiteandblue-4.jpg, https://trendseeker.cl/wp-content/uploads/2024/10/gorro-theindianface-borntobefree-whiteandblue-5.jpg, https://trendseeker.cl/wp-content/uploads/2024/10/gorro-theindianface-borntobefree-whiteandblue-6.jpg, https://trendseeker.cl/wp-content/uploads/2024/10/gorro-theindianface-borntobefree-whiteandblue-7.jpg",,,,,,,,,186,8433856072945,The Indian Face,The Indian Face,,,,,
29344,simple,03-012-35-UN,8433856072747,Gorro Born to Surf Brown - Grey,1,0,visible,,"Las gorras The Indian Face® son reconocidas y comercializadas en más de 30 países. ¿Crees que es por casualidad? #BORNTOBEFREE\n\n\n\n<strong>TU GORRO HABLA POR TI</strong>\n\n\n\nTu gorro te define como eres y el carácter que llevas dentro. Te presentamos nuestra gorras The Indian Face® inspiradas en los deportes que nos identifican como marca y como filosofía de vida personal. Con frontal de algodón y parte trasera de rejilla. Cierre ajustable tipo Snapback para adaptarse a cualquier tamaño de cabeza. Un clásico inspirado en los años 80 y 90. Nuestras gorras trucker están estructuradas con una visera curva. Son perfectas para acompañarte en tus viajes con un estilo único.\n\n<ul>\n\n 	<li>Tamaño Unisex para hombre y mujer</li>\n\n 	<li>60% algodón / 40% polyester</li>\n\n 	<li>Estilo Trucker</li>\n\n 	<li>5 Paneles</li>\n\n 	<li>Visera Curva</li>\n\n</ul>\n\n<strong>IMPORTANTE:</strong> No lavar nunca en Lavadora, hay que lavarlas siempre a Mano.\n\n\n\n<strong>UN COMPLEMENTO IMPRESCINDIBLE</strong>\n\n\n\nUn gorra trucker también conocida en inglés como “gimme cap” o “feed cap” es una gorra de estilo clásico pero con rejilla en su parte trasera. El estilo de las gorras trucker nació en los años 60 cuando en Estados Unidos los conductores de los camiones que transportaban ganado, empezaron a utilizarlas. Las gorras trucker pasaron a ser, prácticamente, parte del uniforme de trabajo de un camionero. Eran su distintivo, el sello de autenticidad de un transportista profesional.\n\n\n\n<strong>SIENTES EL DEPORTE COMO UNA PARTE DE TI</strong>\n\n\n\nLa necesidad de practicar deporte es algo que cada día se va extendiendo más a más en todos los países y todas las culturas del mundo. La necesidad de sentirse mejor, de desfogarse y de liberarte de los problemas cotidianos del día a día, hacen que la práctica deportiva sea ya un compañero de vida de cada vez mas gente.\n\n\n\n<strong>Y TU, ¿PARA QUE DEPORTE HAS NACIDO?</strong>\n\n\n\nNosotros, en The Indian Face hemos nacido para practicar cualquier deporte que nos haga sentirnos mas vivos, de mejor humor y sobretodo, que nos acerquen un poco más la naturaleza a nuestras vidas. Si algo es mejor que vivir, es poder vivir con emoción, pasión e intensidad.",,,taxable,,1,4,,0,0,,,,,0,,,32990,"Tipo de producto > Accesorios > Gorros, Género > Hombre, Género > Mujer, Género > Unisex",,,"https://trendseeker.cl/wp-content/uploads/2024/10/Gorro-theindianface-borntosurf-brown.jpg, https://trendseeker.cl/wp-content/uploads/2024/10/Gorro-theindianface-borntosurf-brown-2.jpg, https://trendseeker.cl/wp-content/uploads/2024/10/Gorro-theindianface-borntosurf-brown-3.jpg, https://trendseeker.cl/wp-content/uploads/2024/10/Gorro-theindianface-borntosurf-brown-4.jpg",,,,,,,,,188,8433856072747,The Indian Face,The Indian Face,,,,,
31283,simple,IFA0923M01C03UN,,Bolso Latitude - Blue,1,0,visible,,"Descubre el bolso de viaje The Indian Face de 70 litros, diseñado para el trotamundos moderno que no conoce límites. Este bolso es unisex, ideal tanto para largas expediciones como para escapadas rápidas, ofrece un espacio amplio y organizado para todos tus imprescindibles de viaje. Elaborado con un material resistente al agua, está preparado para enfrentar cualquier clima y terreno, manteniendo tus pertenencias seguras y secas.\n\n\n\n<strong>Características:</strong>\n\n<ul>\n\n 	<li>Capacidad de 70 litros, perfecta para viajes largos</li>\n\n 	<li>Material resistente al agua para protección en todas las condiciones meteorológicas</li>\n\n 	<li>Compartimentos múltiples para una organización eficiente</li>\n\n 	<li>Sistema de espalda ergonómico y tirantes ajustables para una carga equilibrada y confortable</li>\n\n 	<li>Accesos estratégicos y cierres seguros para mantener tus enseres a mano y protegidos</li>\n\n 	<li>Diseño robusto con el inconfundible logo de The Indian Face</li>\n\n</ul>\n\n<strong>Información de cuidado:</strong>\n\n<ul>\n\n 	<li>Limpieza sencilla con un paño húmedo; evitar el uso de detergentes fuertes</li>\n\n 	<li>No sumergir en agua para conservar la integridad de los materiales resistentes al agua</li>\n\n 	<li>Secar al aire libre en lugar sombreado</li>\n\n 	<li>Evitar la exposición directa a fuentes de calor para no dañar los materiales</li>\n\n</ul>\n\nEste bolso de viaje The Indian Face es el compañero ideal para aquellos que buscan la libertad de explorar, con la seguridad de llevar todo lo necesario en un solo lugar. Con ella, cada destino es un nuevo comienzo y cada jornada, una historia por contar.",,,taxable,,1,9,,0,0,,,,,0,,,109990,"Bolsos, Bolsos y Mochilas, Género, Género > Hombre, Tipo de producto > Mochilas, Género > Mujer, Tipo de producto, Género > Unisex",,,https://trendseeker.cl/wp-content/uploads/2024/11/Bolso-The-Indian-Face-Latitude-Blue.jpg,,,,,,,,,240,8433856083408,The Indian Face,The Indian Face,,,,,
31646,variable,UL-R01-23M03C05,,Polera Classic Red,1,0,visible,,"Viste la esencia del deporte con las poleras 100% algodón de Uller. Cada polera está diseñada para reflejar la tenacidad y el espíritu inquebrantable del atleta que desafía los límites. El algodón puro ofrece una sensación de confort natural, perfecta para recuperarse después de una intensa jornada de actividad o para llevar en el día a día con un estilo sencillo pero audaz.\n\n\n\nCaracterísticas:\n\n\n\n- Confeccionadas con algodón 100% de alta calidad para una suavidad y respirabilidad insuperables\n\n\n\n- Corte ergonómico unisex que se adapta perfectamente al cuerpo de deportistas activos\n\n\n\n- Disponibles en una amplia gama de tallas, desde ajustes más ceñidos hasta estilos más holgados\n\n\n\n- Diseño minimalista con logos de Uller que simbolizan la pasión por los retos extremos\n\n\n\n- Durabilidad que soporta el uso frecuente y las exigencias de un estilo de vida activo\n\n\n\nInformación de cuidado:\n\n\n\n- Lavar en agua fría con colores similares para mantener la integridad del tejido y evitar encogimiento\n\n\n\n- No usar lejía para preservar la intensidad del color\n\n\n\n- Secar al aire o en un ciclo suave de la secadora para mantener la forma y el tamaño\n\n\n\n- Planchar a temperatura baja si es necesario, evitando el área de los estampados para proteger los detalles\n\n\n\nLas poleras de Uller no son solo una prenda, son un tributo a la pasión y el compromiso con los deportes al aire libre. Representan la calidad y resistencia que todo deportista requiere, ya sea en la montaña, en la ola o en la rampa.",2026-03-23 0:00:00,2026-04-16 23:59:59,taxable,,0,,,0,0,,,,,0,,,32990,"Género > Hombre, Género > Mujer, Poleras, Poleras y Camisas, Género > Unisex",,,"https://trendseeker.cl/wp-content/uploads/2025/01/Polera-Classic-Red.jpg, https://trendseeker.cl/wp-content/uploads/2025/01/Polera-Classic-Red-3.jpg, https://trendseeker.cl/wp-content/uploads/2025/01/Polera-Classic-Red-2.jpg, https://trendseeker.cl/wp-content/uploads/2025/01/Polera-Classic-Red-1.jpg, https://trendseeker.cl/wp-content/uploads/2025/01/Polera-Classic-Red.jpg",,,,,,,,,372,,The Indian Face,The Indian Face,Talla,"L, M, S",1,1,
